case_id,display_name,source_id,template_id,seed,method,status,runtime_s,norm_cd,coverage,iou,uniformity,hausdorff,bidirectional_nn,approx_emd,occupancy_divergence,components_error,holes_error,skeleton_error,pairwise_hist_divergence,density_divergence,curvature_divergence,summary_entropy_gap,validation_loss,acceptance_rate
angular__diamond_ring__s00,angular-derived budget -> diamond ring (seed 0),angular,diamond_ring,0,anchor-aware-refiner,ok,0.686837099987315,0.1718587194755301,0.163,0.4002384737678855,2.617522414872045,0.6182434722919624,0.085929359737765,0.1314659095895521,0.2960637058740923,0.0,13.0,0.938337801608579,0.0043605210608768,0.5746660741924778,0.5066793186815075,1.3170019104305637,,
angular__diamond_ring__s00,angular-derived budget -> diamond ring (seed 0),angular,diamond_ring,0,blind-sa,ok,41.86009230001946,0.1794917165984308,0.163,0.45426114151681,0.2382230911910633,0.6182434722919629,0.0897458582992154,0.1942878687239159,0.2544041264693836,0.0,26.0,0.9423423423423424,0.0119048394720298,0.0206136221383472,0.0066170049467234,0.0784924134872135,0.0202445421905003,0.9833333333333332
angular__diamond_ring__s00,angular-derived budget -> diamond ring (seed 0),angular,diamond_ring,0,projected-gradient-blind,ok,2.588788699998986,0.1794917165984308,0.163,0.45426114151681,0.2382230911910633,0.6182434722919629,0.0897458582992154,0.1942878687239159,0.2544041264693836,0.0,26.0,0.9423423423423424,0.0119048394720298,0.0206136221383472,0.0066170049467234,0.0784924134872135,0.0119111545598182,
angular__diamond_ring__s00,angular-derived budget -> diamond ring (seed 0),angular,diamond_ring,0,evolutionary-blind,ok,57.98993410001276,0.1794917165984308,0.163,0.45426114151681,0.2382230911910633,0.6182434722919629,0.0897458582992154,0.1942878687239159,0.2544041264693836,0.0,26.0,0.9423423423423424,0.0119048394720298,0.0206136221383472,0.0066170049467234,0.0784924134872135,0.0202445421905003,
angular__diamond_ring__s00,angular-derived budget -> diamond ring (seed 0),angular,diamond_ring,0,best-of-k-restart-blind,ok,3.4316183000046294,0.1794917165984308,0.163,0.45426114151681,0.2382230911910633,0.6182434722919629,0.0897458582992154,0.1942878687239159,0.2544041264693836,0.0,26.0,0.9423423423423424,0.0119048394720298,0.0206136221383472,0.0066170049467234,0.0784924134872135,0.0119111545598182,
angular__diamond_ring__s00,angular-derived budget -> diamond ring (seed 0),angular,diamond_ring,0,entropy-transport-blind,ok,1.2624855999893043,0.1794917165984308,0.163,0.45426114151681,0.2382230911910641,0.6182434722919606,0.0897458582992154,0.1942878687239158,0.2544041264693836,0.0,26.0,0.9423423423423424,0.0119048394720298,0.0206136221383472,0.0066170049467234,0.0784924134872135,0.0202445421905991,
angular__diamond_ring__s00,angular-derived budget -> diamond ring (seed 0),angular,diamond_ring,0,langevin-blind,ok,28.793016599986004,0.1794917165984308,0.163,0.45426114151681,0.2382230911910633,0.6182434722919629,0.0897458582992154,0.1942878687239159,0.2544041264693836,0.0,26.0,0.9423423423423424,0.0119048394720298,0.0206136221383472,0.0066170049467234,0.0784924134872135,0.0119111545598182,
angular__diamond_ring__s01,angular-derived budget -> diamond ring (seed 1),angular,diamond_ring,1,anchor-aware-refiner,ok,0.6956137999950442,0.1707014481633639,0.1645,0.3944664031620553,2.561230494110876,0.6070018564900094,0.0853507240816819,0.1312810466400994,0.3068809991551668,0.0,4.0,0.9352708058124174,0.0045265779562109,0.5740723846630784,0.5083187709335035,1.32220078891923,,
angular__diamond_ring__s01,angular-derived budget -> diamond ring (seed 1),angular,diamond_ring,1,blind-sa,ok,41.3831693000102,0.1802015265748354,0.1645,0.453588143525741,0.2307377360404779,0.6070018564900096,0.0901007632874177,0.1908787333324912,0.2560249759481848,0.0,31.0,0.9620253164556962,0.0120728492316357,0.0319826400212025,0.0063998535655133,0.1901594912660016,0.0199878812644768,0.9666666666666668
angular__diamond_ring__s01,angular-derived budget -> diamond ring (seed 1),angular,diamond_ring,1,projected-gradient-blind,ok,1.3366693999851122,0.1802015265748354,0.1645,0.453588143525741,0.2307377360404779,0.6070018564900096,0.0901007632874177,0.1908787333324912,0.2560249759481848,0.0,31.0,0.9620253164556962,0.0120728492316357,0.0319826400212025,0.0063998535655133,0.1901594912660016,0.011536886802179,
angular__diamond_ring__s01,angular-derived budget -> diamond ring (seed 1),angular,diamond_ring,1,evolutionary-blind,ok,59.01869730002363,0.1802015265748354,0.1645,0.453588143525741,0.2307377360404779,0.6070018564900096,0.0901007632874177,0.1908787333324912,0.2560249759481848,0.0,31.0,0.9620253164556962,0.0120728492316357,0.0319826400212025,0.0063998535655133,0.1901594912660016,0.0199878812644768,
angular__diamond_ring__s01,angular-derived budget -> diamond ring (seed 1),angular,diamond_ring,1,best-of-k-restart-blind,ok,3.205429599998752,0.1802015265748354,0.1645,0.453588143525741,0.2307377360404779,0.6070018564900096,0.0901007632874177,0.1908787333324912,0.2560249759481848,0.0,31.0,0.9620253164556962,0.0120728492316357,0.0319826400212025,0.0063998535655133,0.1901594912660016,0.011536886802179,
angular__diamond_ring__s01,angular-derived budget -> diamond ring (seed 1),angular,diamond_ring,1,entropy-transport-blind,ok,1.3334792999958154,0.1802015265748354,0.1645,0.453588143525741,0.2307377360404776,0.6070018564900092,0.0901007632874177,0.1908787333324912,0.2560249759481848,0.0,31.0,0.9620253164556962,0.0120728492316357,0.0319826400212025,0.0063998535655133,0.1901594912660016,0.0199878812646125,
angular__diamond_ring__s01,angular-derived budget -> diamond ring (seed 1),angular,diamond_ring,1,langevin-blind,ok,31.36025099997641,0.1802015265748354,0.1645,0.453588143525741,0.2307377360404779,0.6070018564900096,0.0901007632874177,0.1908787333324912,0.2560249759481848,0.0,31.0,0.9620253164556962,0.0120728492316357,0.0319826400212025,0.0063998535655133,0.1901594912660016,0.011536886802179,
angular__diamond_ring__s02,angular-derived budget -> diamond ring (seed 2),angular,diamond_ring,2,anchor-aware-refiner,ok,0.9060129999998026,0.1724692195746281,0.163,0.3977812995245642,2.624241254689751,0.6179115257773585,0.086234609787314,0.1317216663443581,0.3050616793945388,0.0,4.0,0.9427083333333334,0.0041919228399633,0.573912309921362,0.5067006210620465,1.3237076979300832,,
angular__diamond_ring__s02,angular-derived budget -> diamond ring (seed 2),angular,diamond_ring,2,blind-sa,ok,40.09907440000097,0.1798229806560102,0.163,0.4519906323185012,0.2281998523981552,0.6179115257773583,0.0899114903280051,0.1928871939910314,0.2544041264693836,0.0,27.0,0.9567474048442908,0.0111477105275124,0.0209129813688976,0.0045987235574858,0.0212529949972828,0.0192133899896005,0.9666666666666668
angular__diamond_ring__s02,angular-derived budget -> diamond ring (seed 2),angular,diamond_ring,2,projected-gradient-blind,ok,1.066625399980694,0.1798229806560102,0.163,0.4519906323185012,0.2281998523981552,0.6179115257773583,0.0899114903280051,0.1928871939910314,0.2544041264693836,0.0,27.0,0.9567474048442908,0.0111477105275124,0.0209129813688976,0.0045987235574858,0.0212529949972828,0.0114099926201269,
angular__diamond_ring__s02,angular-derived budget -> diamond ring (seed 2),angular,diamond_ring,2,evolutionary-blind,ok,60.230475099990144,0.1798229806560102,0.163,0.4519906323185012,0.2281998523981552,0.6179115257773583,0.0899114903280051,0.1928871939910314,0.2544041264693836,0.0,27.0,0.9567474048442908,0.0111477105275124,0.0209129813688976,0.0045987235574858,0.0212529949972828,0.0192133899896005,
angular__diamond_ring__s02,angular-derived budget -> diamond ring (seed 2),angular,diamond_ring,2,best-of-k-restart-blind,ok,3.5744048999913502,0.1798229806560102,0.163,0.4519906323185012,0.2281998523981552,0.6179115257773583,0.0899114903280051,0.1928871939910314,0.2544041264693836,0.0,27.0,0.9567474048442908,0.0111477105275124,0.0209129813688976,0.0045987235574858,0.0212529949972828,0.0114099926201269,
angular__diamond_ring__s02,angular-derived budget -> diamond ring (seed 2),angular,diamond_ring,2,entropy-transport-blind,ok,1.3462593000149354,0.1798229806560101,0.163,0.4519906323185012,0.2281998523981554,0.6179115257773582,0.089911490328005,0.1928871939910314,0.2544041264693836,0.0,27.0,0.9567474048442908,0.0111477105275124,0.0209129813688976,0.0045987235574858,0.0212529949972828,0.0192133899896444,
angular__diamond_ring__s02,angular-derived budget -> diamond ring (seed 2),angular,diamond_ring,2,langevin-blind,ok,29.90325540001504,0.1798229806560102,0.163,0.4519906323185012,0.2281998523981552,0.6179115257773583,0.0899114903280051,0.1928871939910314,0.2544041264693836,0.0,27.0,0.9567474048442908,0.0111477105275124,0.0209129813688976,0.0045987235574858,0.0212529949972828,0.0114099926201269,
angular__diamond_ring__s03,angular-derived budget -> diamond ring (seed 3),angular,diamond_ring,3,anchor-aware-refiner,ok,0.8340940000198316,0.1708501845253594,0.164,0.4032449544914919,2.5141211607901166,0.6135806941455806,0.0854250922626797,0.1309973566420258,0.3067362172736153,0.0,10.0,0.9434229137199436,0.0044248392879433,0.574233242464076,0.4956236314650488,1.3207321393790434,,
angular__diamond_ring__s03,angular-derived budget -> diamond ring (seed 3),angular,diamond_ring,3,blind-sa,ok,45.8800876000023,0.1798618968487352,0.164,0.4510721247563353,0.2388872078127311,0.6135806941455803,0.0899309484243676,0.1920098765114479,0.2536196849295213,0.0,28.0,0.9610619469026548,0.0118791917737692,0.0257074828864526,0.0078454870817788,0.0464186913005635,0.0202597946326533,0.9833333333333332
angular__diamond_ring__s03,angular-derived budget -> diamond ring (seed 3),angular,diamond_ring,3,projected-gradient-blind,ok,1.387098299979698,0.1798618968487352,0.164,0.4510721247563353,0.2388872078127311,0.6135806941455803,0.0899309484243676,0.1920098765114479,0.2536196849295213,0.0,28.0,0.9610619469026548,0.0118791917737692,0.0257074828864526,0.0078454870817788,0.0464186913005635,0.0119443603908283,
angular__diamond_ring__s03,angular-derived budget -> diamond ring (seed 3),angular,diamond_ring,3,evolutionary-blind,ok,60.95284260000335,0.1798618968487352,0.164,0.4510721247563353,0.2388872078127311,0.6135806941455803,0.0899309484243676,0.1920098765114479,0.2536196849295213,0.0,28.0,0.9610619469026548,0.0118791917737692,0.0257074828864526,0.0078454870817788,0.0464186913005635,0.0202597946326533,
angular__diamond_ring__s03,angular-derived budget -> diamond ring (seed 3),angular,diamond_ring,3,best-of-k-restart-blind,ok,3.394411499990383,0.1798618968487352,0.164,0.4510721247563353,0.2388872078127311,0.6135806941455803,0.0899309484243676,0.1920098765114479,0.2536196849295213,0.0,28.0,0.9610619469026548,0.0118791917737692,0.0257074828864526,0.0078454870817788,0.0464186913005635,0.0119443603908283,
angular__diamond_ring__s03,angular-derived budget -> diamond ring (seed 3),angular,diamond_ring,3,entropy-transport-blind,ok,1.2148601999797393,0.1798618968487354,0.164,0.4510721247563353,0.2388872078127308,0.613580694145583,0.0899309484243677,0.1920098765114478,0.2536196849295213,0.0,28.0,0.9610619469026548,0.0118791917737692,0.0257074828864526,0.0078454870817788,0.0464186913005635,0.0202597946327938,
angular__diamond_ring__s03,angular-derived budget -> diamond ring (seed 3),angular,diamond_ring,3,langevin-blind,ok,29.577301800018176,0.1798618968487352,0.164,0.4510721247563353,0.2388872078127311,0.6135806941455803,0.0899309484243676,0.1920098765114479,0.2536196849295213,0.0,28.0,0.9610619469026548,0.0118791917737692,0.0257074828864526,0.0078454870817788,0.0464186913005635,0.0119443603908283,
angular__diamond_ring__s04,angular-derived budget -> diamond ring (seed 4),angular,diamond_ring,4,anchor-aware-refiner,ok,0.8992800999840256,0.1718510902734373,0.159,0.3965244865718799,2.478050317794216,0.6049824709623768,0.0859255451367186,0.131247389616215,0.3085537392553839,0.0,3.0,0.931909212283044,0.0040530665868673,0.5735944843941556,0.4954805299886412,1.3268367797354257,,
angular__diamond_ring__s04,angular-derived budget -> diamond ring (seed 4),angular,diamond_ring,4,blind-sa,ok,45.15946189998067,0.1794175729870344,0.159,0.4463937621832358,0.2313859693976274,0.6049824709623767,0.0897087864935172,0.1915487501745512,0.2617474263738805,0.0,23.0,0.9504132231404958,0.0111006215490404,0.0252937043782213,0.0079259515313815,0.1102766725994868,0.01933973355469,0.9833333333333332
angular__diamond_ring__s04,angular-derived budget -> diamond ring (seed 4),angular,diamond_ring,4,projected-gradient-blind,ok,1.2199762999953236,0.1794175729870344,0.159,0.4463937621832358,0.2313859693976274,0.6049824709623767,0.0897087864935172,0.1915487501745512,0.2617474263738805,0.0,23.0,0.9504132231404958,0.0111006215490404,0.0252937043782213,0.0079259515313815,0.1102766725994868,0.0115692984701237,
angular__diamond_ring__s04,angular-derived budget -> diamond ring (seed 4),angular,diamond_ring,4,evolutionary-blind,ok,63.86870430002455,0.1794175729870344,0.159,0.4463937621832358,0.2313859693976274,0.6049824709623767,0.0897087864935172,0.1915487501745512,0.2617474263738805,0.0,23.0,0.9504132231404958,0.0111006215490404,0.0252937043782213,0.0079259515313815,0.1102766725994868,0.01933973355469,
angular__diamond_ring__s04,angular-derived budget -> diamond ring (seed 4),angular,diamond_ring,4,best-of-k-restart-blind,ok,3.5347477000032086,0.1794175729870344,0.159,0.4463937621832358,0.2313859693976274,0.6049824709623767,0.0897087864935172,0.1915487501745512,0.2617474263738805,0.0,23.0,0.9504132231404958,0.0111006215490404,0.0252937043782213,0.0079259515313815,0.1102766725994868,0.0115692984701237,
angular__diamond_ring__s04,angular-derived budget -> diamond ring (seed 4),angular,diamond_ring,4,entropy-transport-blind,ok,1.263152600004105,0.1794175729870343,0.159,0.4463937621832358,0.2313859693976275,0.6049824709623738,0.0897087864935171,0.1915487501745513,0.2617474263738805,0.0,23.0,0.9504132231404958,0.0111006215490404,0.0252937043782213,0.0079259515313815,0.1102766725994868,0.019339733554618,
angular__diamond_ring__s04,angular-derived budget -> diamond ring (seed 4),angular,diamond_ring,4,langevin-blind,ok,29.05689090001397,0.1794175729870344,0.159,0.4463937621832358,0.2313859693976274,0.6049824709623767,0.0897087864935172,0.1915487501745512,0.2617474263738805,0.0,23.0,0.9504132231404958,0.0111006215490404,0.0252937043782213,0.0079259515313815,0.1102766725994868,0.0115692984701237,
angular__diamond_ring__s05,angular-derived budget -> diamond ring (seed 5),angular,diamond_ring,5,anchor-aware-refiner,ok,0.8163763000047766,0.1711559872971298,0.164,0.3914759273875296,2.520927752110993,0.6162088743555432,0.0855779936485649,0.1311502078247146,0.3077197992236578,0.0,1.0,0.9308005427408412,0.0042928296748834,0.5744219081934421,0.4987287372692601,1.3190669150810437,,
angular__diamond_ring__s05,angular-derived budget -> diamond ring (seed 5),angular,diamond_ring,5,blind-sa,ok,43.47255809998023,0.1794468999880641,0.164,0.4492020241339042,0.2398446320771885,0.616208874355543,0.089723449994032,0.1932738468614406,0.2601114474548882,0.0,26.0,0.9595070422535212,0.0117598295837672,0.0190781835298384,0.0048853769794146,0.029264561655756,0.0202241123128153,0.9833333333333332
angular__diamond_ring__s05,angular-derived budget -> diamond ring (seed 5),angular,diamond_ring,5,projected-gradient-blind,ok,1.2920660999952815,0.1794468999880641,0.164,0.4492020241339042,0.2398446320771885,0.616208874355543,0.089723449994032,0.1932738468614406,0.2601114474548882,0.0,26.0,0.9595070422535212,0.0117598295837672,0.0190781835298384,0.0048853769794146,0.029264561655756,0.0119922316040201,
angular__diamond_ring__s05,angular-derived budget -> diamond ring (seed 5),angular,diamond_ring,5,evolutionary-blind,ok,60.465415699989535,0.1794468999880641,0.164,0.4492020241339042,0.2398446320771885,0.616208874355543,0.089723449994032,0.1932738468614406,0.2601114474548882,0.0,26.0,0.9595070422535212,0.0117598295837672,0.0190781835298384,0.0048853769794146,0.029264561655756,0.0202241123128153,
angular__diamond_ring__s05,angular-derived budget -> diamond ring (seed 5),angular,diamond_ring,5,best-of-k-restart-blind,ok,3.3307357000012416,0.1794468999880641,0.164,0.4492020241339042,0.2398446320771885,0.616208874355543,0.089723449994032,0.1932738468614406,0.2601114474548882,0.0,26.0,0.9595070422535212,0.0117598295837672,0.0190781835298384,0.0048853769794146,0.029264561655756,0.0119922316040201,
angular__diamond_ring__s05,angular-derived budget -> diamond ring (seed 5),angular,diamond_ring,5,entropy-transport-blind,ok,1.128845300001558,0.1794468999880642,0.164,0.4492020241339042,0.2398446320771893,0.6162088743555422,0.0897234499940321,0.1932738468614403,0.2601114474548882,0.0,26.0,0.9595070422535212,0.0117598295837672,0.0190781835298384,0.0048853769794146,0.029264561655756,0.0202241123129533,
angular__diamond_ring__s05,angular-derived budget -> diamond ring (seed 5),angular,diamond_ring,5,langevin-blind,ok,32.281150399998296,0.1794468999880641,0.164,0.4492020241339042,0.2398446320771885,0.616208874355543,0.089723449994032,0.1932738468614406,0.2601114474548882,0.0,26.0,0.9595070422535212,0.0117598295837672,0.0190781835298384,0.0048853769794146,0.029264561655756,0.0119922316040201,
angular__diamond_ring__s06,angular-derived budget -> diamond ring (seed 6),angular,diamond_ring,6,anchor-aware-refiner,ok,0.9237670000002254,0.1700581793904898,0.1685,0.3906003159557662,2.5934406986711327,0.612717618251166,0.0850290896952449,0.1308624709733749,0.3095449038124162,0.0,6.0,0.9355704697986578,0.0046839013794405,0.5743139670194888,0.5040926235723658,1.3200121252850363,,
angular__diamond_ring__s06,angular-derived budget -> diamond ring (seed 6),angular,diamond_ring,6,blind-sa,ok,50.30071159999352,0.1798205511073536,0.1685,0.4501945525291829,0.2243333720736153,0.6127176182511656,0.0899102755536768,0.1906592789534872,0.2609188143824049,0.0,30.0,0.9530685920577616,0.012300397631772,0.0215902303258423,0.0056293164422813,0.0934253746810935,0.019826946946038,0.975
angular__diamond_ring__s06,angular-derived budget -> diamond ring (seed 6),angular,diamond_ring,6,projected-gradient-blind,ok,1.4958321999874895,0.1798205511073537,0.1685,0.4501945525291829,0.2243333720736152,0.6127176182511659,0.0899102755536768,0.1906592789534871,0.2609188143824049,0.0,30.0,0.9530685920577616,0.012300397631772,0.0215902303258423,0.0056293164422813,0.0934253746810935,0.0112166686039171,
angular__diamond_ring__s06,angular-derived budget -> diamond ring (seed 6),angular,diamond_ring,6,evolutionary-blind,ok,62.53116509999381,0.1798205511073537,0.1685,0.4501945525291829,0.2243333720736152,0.6127176182511659,0.0899102755536768,0.1906592789534871,0.2609188143824049,0.0,30.0,0.9530685920577616,0.012300397631772,0.0215902303258423,0.0056293164422813,0.0934253746810935,0.0198269469463867,
angular__diamond_ring__s06,angular-derived budget -> diamond ring (seed 6),angular,diamond_ring,6,best-of-k-restart-blind,ok,3.336944400012726,0.1798205511073537,0.1685,0.4501945525291829,0.2243333720736152,0.6127176182511659,0.0899102755536768,0.1906592789534871,0.2609188143824049,0.0,30.0,0.9530685920577616,0.012300397631772,0.0215902303258423,0.0056293164422813,0.0934253746810935,0.0112166686039171,
angular__diamond_ring__s06,angular-derived budget -> diamond ring (seed 6),angular,diamond_ring,6,entropy-transport-blind,ok,1.3298442999948747,0.1798205511073536,0.1685,0.4501945525291829,0.2243333720736155,0.6127176182511653,0.0899102755536768,0.1906592789534873,0.2609188143824049,0.0,30.0,0.9530685920577616,0.012300397631772,0.0215902303258423,0.0056293164422813,0.0934253746810935,0.0198269469464791,
angular__diamond_ring__s06,angular-derived budget -> diamond ring (seed 6),angular,diamond_ring,6,langevin-blind,ok,35.393470700015314,0.1798205511073537,0.1685,0.4501945525291829,0.2243333720736152,0.6127176182511659,0.0899102755536768,0.1906592789534871,0.2609188143824049,0.0,30.0,0.9530685920577616,0.012300397631772,0.0215902303258423,0.0056293164422813,0.0934253746810935,0.0112166686039171,
angular__diamond_ring__s07,angular-derived budget -> diamond ring (seed 7),angular,diamond_ring,7,anchor-aware-refiner,ok,0.7904112999967765,0.1727149392286974,0.161,0.3961889638745534,2.6242062325708395,0.6265606130183978,0.0863574696143487,0.131611403537398,0.2933550561211698,0.0,10.0,0.9303977272727272,0.0043328465548496,0.573331967512995,0.5037209988482297,1.3295623482771988,,
angular__diamond_ring__s07,angular-derived budget -> diamond ring (seed 7),angular,diamond_ring,7,blind-sa,ok,42.53451950001181,0.179881989567569,0.161,0.4514241123683183,0.2408663661225766,0.6265606130183976,0.0899409947837845,0.1939734286246518,0.2511778655457469,0.0,30.0,0.9568345323741008,0.0116934148671043,0.0214124587235223,0.0060132630890945,0.0374935479365454,0.0202287087133992,0.9833333333333332
angular__diamond_ring__s07,angular-derived budget -> diamond ring (seed 7),angular,diamond_ring,7,projected-gradient-blind,ok,1.5310303999867756,0.179881989567569,0.161,0.4514241123683183,0.2408663661225766,0.6265606130183976,0.0899409947837845,0.1939734286246517,0.2511778655457469,0.0,30.0,0.9568345323741008,0.0116934148671043,0.0214124587235223,0.0060132630890945,0.0374935479365454,0.0120433183062911,
angular__diamond_ring__s07,angular-derived budget -> diamond ring (seed 7),angular,diamond_ring,7,evolutionary-blind,ok,57.40214459999697,0.179881989567569,0.161,0.4514241123683183,0.2408663661225766,0.6265606130183976,0.0899409947837845,0.1939734286246517,0.2511778655457469,0.0,30.0,0.9568345323741008,0.0116934148671043,0.0214124587235223,0.0060132630890945,0.0374935479365454,0.0202287087134241,
angular__diamond_ring__s07,angular-derived budget -> diamond ring (seed 7),angular,diamond_ring,7,best-of-k-restart-blind,ok,3.119900799996685,0.179881989567569,0.161,0.4514241123683183,0.2408663661225766,0.6265606130183976,0.0899409947837845,0.1939734286246517,0.2511778655457469,0.0,30.0,0.9568345323741008,0.0116934148671043,0.0214124587235223,0.0060132630890945,0.0374935479365454,0.0120433183062911,
angular__diamond_ring__s07,angular-derived budget -> diamond ring (seed 7),angular,diamond_ring,7,entropy-transport-blind,ok,1.6029627000098117,0.179881989567569,0.161,0.4514241123683183,0.2408663661225767,0.6265606130183985,0.0899409947837845,0.1939734286246516,0.2511778655457469,0.0,30.0,0.9568345323741008,0.0116934148671043,0.0214124587235223,0.0060132630890945,0.0374935479365454,0.0202287087136787,
angular__diamond_ring__s07,angular-derived budget -> diamond ring (seed 7),angular,diamond_ring,7,langevin-blind,ok,31.06942139999592,0.179881989567569,0.161,0.4514241123683183,0.2408663661225766,0.6265606130183976,0.0899409947837845,0.1939734286246517,0.2511778655457469,0.0,30.0,0.9568345323741008,0.0116934148671043,0.0214124587235223,0.0060132630890945,0.0374935479365454,0.0120433183062911,
angular__dinosaur_outline__s00,angular-derived budget -> dinosaur outline (seed 0),angular,dinosaur_outline,0,anchor-aware-refiner,ok,0.9291436999919824,0.1494312094458386,0.161,0.6282499029879705,2.6039056472416204,0.4767695771352928,0.0747156047229193,0.106018908543572,0.3659685064607467,0.0,1.0,0.8775510204081632,0.0011210243354385,0.5648401052021045,0.4782634846447992,1.5179444467298748,,
angular__dinosaur_outline__s00,angular-derived budget -> dinosaur outline (seed 0),angular,dinosaur_outline,0,blind-sa,ok,44.23696830001427,0.1889057046907133,0.1615,0.6942119944211994,0.4047251100370834,0.6708901439919406,0.0944528523453566,0.2131926087607379,0.344632918892394,0.0,6.0,0.934010152284264,0.0045353657069618,0.1809310703659866,0.0052569797582876,0.1773566119028591,0.0234110114971226,0.9833333333333332
angular__dinosaur_outline__s00,angular-derived budget -> dinosaur outline (seed 0),angular,dinosaur_outline,0,projected-gradient-blind,ok,1.3772789999784436,0.1889057046907133,0.1615,0.6942119944211994,0.4047251100370834,0.6708901439919406,0.0944528523453566,0.2131926087607379,0.344632918892394,0.0,6.0,0.934010152284264,0.0045353657069618,0.1809310703659866,0.0052569797582876,0.1773566119028591,0.020236255502054,
angular__dinosaur_outline__s00,angular-derived budget -> dinosaur outline (seed 0),angular,dinosaur_outline,0,evolutionary-blind,ok,57.7771937000216,0.1889057046907133,0.1615,0.6942119944211994,0.4047251100370834,0.6708901439919406,0.0944528523453566,0.2131926087607379,0.344632918892394,0.0,6.0,0.934010152284264,0.0045353657069618,0.1809310703659866,0.0052569797582876,0.1773566119028591,0.0234110114971226,
angular__dinosaur_outline__s00,angular-derived budget -> dinosaur outline (seed 0),angular,dinosaur_outline,0,best-of-k-restart-blind,ok,3.227596499986248,0.1889057046907133,0.1615,0.6942119944211994,0.4047251100370834,0.6708901439919406,0.0944528523453566,0.2131926087607379,0.344632918892394,0.0,6.0,0.934010152284264,0.0045353657069618,0.1809310703659866,0.0052569797582876,0.1773566119028591,0.020236255502054,
angular__dinosaur_outline__s00,angular-derived budget -> dinosaur outline (seed 0),angular,dinosaur_outline,0,entropy-transport-blind,ok,1.208636600000318,0.1889057046907132,0.1615,0.6942119944211994,0.404725110037083,0.6708901439919385,0.0944528523453566,0.2131926087607378,0.344632918892394,0.0,6.0,0.934010152284264,0.0045353657069618,0.1809310703659866,0.0052569797582876,0.1773566119028591,0.0234110114973301,
angular__dinosaur_outline__s00,angular-derived budget -> dinosaur outline (seed 0),angular,dinosaur_outline,0,langevin-blind,ok,29.439639799995348,0.1889057046907133,0.1615,0.6942119944211994,0.4047251100370834,0.6708901439919406,0.0944528523453566,0.2131926087607379,0.344632918892394,0.0,6.0,0.934010152284264,0.0045353657069618,0.1809310703659866,0.0052569797582876,0.1773566119028591,0.020236255502054,
angular__dinosaur_outline__s01,angular-derived budget -> dinosaur outline (seed 1),angular,dinosaur_outline,1,anchor-aware-refiner,ok,0.809286699979566,0.1477532491577009,0.16,0.6076833527357393,2.5686660434894497,0.4610783823507197,0.0738766245788504,0.1052412318423281,0.3806354466384115,0.0,18.0,0.8795045045045045,0.0011643979292522,0.5637696229495927,0.477977367244393,1.5636850096703236,,
angular__dinosaur_outline__s01,angular-derived budget -> dinosaur outline (seed 1),angular,dinosaur_outline,1,blind-sa,ok,44.02135439999984,0.1860460252269359,0.16,0.6943185779017079,0.4008837213216112,0.6808732205977097,0.0930230126134679,0.2129351028490512,0.3409640901262605,0.0,20.0,0.9316005471956224,0.0047653041884742,0.155765858699934,0.0048835592122084,0.0698188005787971,0.0233798989984347,0.975
angular__dinosaur_outline__s01,angular-derived budget -> dinosaur outline (seed 1),angular,dinosaur_outline,1,projected-gradient-blind,ok,1.3652201000077184,0.1860460252269359,0.16,0.6943185779017079,0.4008837213216114,0.6808732205977099,0.0930230126134679,0.2129351028490512,0.3409640901262605,0.0,20.0,0.9316005471956224,0.0047653041884742,0.155765858699934,0.0048835592122084,0.0698188005787971,0.0200441860663045,
angular__dinosaur_outline__s01,angular-derived budget -> dinosaur outline (seed 1),angular,dinosaur_outline,1,evolutionary-blind,ok,57.02579790001619,0.1860460252269359,0.16,0.6943185779017079,0.4008837213216114,0.6808732205977099,0.0930230126134679,0.2129351028490512,0.3409640901262605,0.0,20.0,0.9316005471956224,0.0047653041884742,0.155765858699934,0.0048835592122084,0.0698188005787971,0.0233798989984585,
angular__dinosaur_outline__s01,angular-derived budget -> dinosaur outline (seed 1),angular,dinosaur_outline,1,best-of-k-restart-blind,ok,3.2390194999752566,0.1860460252269359,0.16,0.6943185779017079,0.4008837213216114,0.6808732205977099,0.0930230126134679,0.2129351028490512,0.3409640901262605,0.0,20.0,0.9316005471956224,0.0047653041884742,0.155765858699934,0.0048835592122084,0.0698188005787971,0.0200441860663045,
angular__dinosaur_outline__s01,angular-derived budget -> dinosaur outline (seed 1),angular,dinosaur_outline,1,entropy-transport-blind,ok,1.259500999993179,0.1860460252269359,0.16,0.6943185779017079,0.4008837213216114,0.6808732205977087,0.0930230126134679,0.2129351028490513,0.3409640901262605,0.0,20.0,0.9316005471956224,0.0047653041884742,0.155765858699934,0.0048835592122084,0.0698188005787971,0.0233798989985678,
angular__dinosaur_outline__s01,angular-derived budget -> dinosaur outline (seed 1),angular,dinosaur_outline,1,langevin-blind,ok,29.397725599992555,0.1860460252269359,0.16,0.6943185779017079,0.4008837213216114,0.6808732205977099,0.0930230126134679,0.2129351028490512,0.3409640901262605,0.0,20.0,0.9316005471956224,0.0047653041884742,0.155765858699934,0.0048835592122084,0.0698188005787971,0.0200441860663045,
angular__dinosaur_outline__s02,angular-derived budget -> dinosaur outline (seed 2),angular,dinosaur_outline,2,anchor-aware-refiner,ok,0.8042674000025727,0.1507656518890653,0.167,0.605705353653771,2.559508111940956,0.4585060148186666,0.0753828259445326,0.105972162993811,0.3659685064607467,0.0,27.0,0.8898582333696837,0.0011482968996731,0.5656359687624306,0.4763958314681408,1.4886087207250318,,
angular__dinosaur_outline__s02,angular-derived budget -> dinosaur outline (seed 2),angular,dinosaur_outline,2,blind-sa,ok,51.59004019998247,0.189539276540981,0.167,0.6924964936886395,0.4160023689291883,0.7336090562875054,0.0947696382704905,0.2168604488925219,0.335896707621514,0.0,3.0,0.9175891758917588,0.0052672850069855,0.1315156480850498,0.0037974438876569,0.1361422683551354,0.0244872179517367,0.95
angular__dinosaur_outline__s02,angular-derived budget -> dinosaur outline (seed 2),angular,dinosaur_outline,2,projected-gradient-blind,ok,1.468549900018843,0.189539276540981,0.167,0.6924964936886395,0.4160023689291883,0.7336090562875054,0.0947696382704905,0.2168604488925219,0.335896707621514,0.0,3.0,0.9175891758917588,0.0052672850069855,0.1315156480850498,0.0037974438876569,0.1361422683551354,0.0208001184466549,
angular__dinosaur_outline__s02,angular-derived budget -> dinosaur outline (seed 2),angular,dinosaur_outline,2,evolutionary-blind,ok,60.29637559998082,0.189539276540981,0.167,0.6924964936886395,0.4160023689291883,0.7336090562875054,0.0947696382704905,0.2168604488925219,0.335896707621514,0.0,3.0,0.9175891758917588,0.0052672850069855,0.1315156480850498,0.0037974438876569,0.1361422683551354,0.0244872179517367,
angular__dinosaur_outline__s02,angular-derived budget -> dinosaur outline (seed 2),angular,dinosaur_outline,2,best-of-k-restart-blind,ok,3.187712700018892,0.189539276540981,0.167,0.6924964936886395,0.4160023689291883,0.7336090562875054,0.0947696382704905,0.2168604488925219,0.335896707621514,0.0,3.0,0.9175891758917588,0.0052672850069855,0.1315156480850498,0.0037974438876569,0.1361422683551354,0.0208001184466549,
angular__dinosaur_outline__s02,angular-derived budget -> dinosaur outline (seed 2),angular,dinosaur_outline,2,entropy-transport-blind,ok,1.2455294000101276,0.189539276540981,0.167,0.6924964936886395,0.4160023689291882,0.7336090562875063,0.0947696382704905,0.2168604488925215,0.335896707621514,0.0,3.0,0.9175891758917588,0.0052672850069855,0.1315156480850498,0.0037974438876569,0.1361422683551354,0.0244872179518788,
angular__dinosaur_outline__s02,angular-derived budget -> dinosaur outline (seed 2),angular,dinosaur_outline,2,langevin-blind,ok,29.43348320000223,0.189539276540981,0.167,0.6924964936886395,0.4160023689291883,0.7336090562875054,0.0947696382704905,0.2168604488925219,0.335896707621514,0.0,3.0,0.9175891758917588,0.0052672850069855,0.1315156480850498,0.0037974438876569,0.1361422683551354,0.0208001184466549,
angular__dinosaur_outline__s03,angular-derived budget -> dinosaur outline (seed 3),angular,dinosaur_outline,3,anchor-aware-refiner,ok,0.9439541999890936,0.1477055779847218,0.1615,0.6181467181467182,2.7047186120141125,0.4703272670495541,0.0738527889923609,0.1055032734293134,0.3690691204839174,0.0,12.0,0.871331828442438,0.0011690910571819,0.5637882805270904,0.4837065813168603,1.5628167278518403,,
angular__dinosaur_outline__s03,angular-derived budget -> dinosaur outline (seed 3),angular,dinosaur_outline,3,blind-sa,ok,45.83471399999689,0.1862462643668886,0.1615,0.7012089810017271,0.3938503559814322,0.6465823668552738,0.0931231321834443,0.2129283281716072,0.352462460583912,0.0,15.0,0.9339752407152684,0.0048027532704238,0.1205826027234014,0.0079205685301729,0.0774190060141775,0.0230544450887647,0.9916666666666668
angular__dinosaur_outline__s03,angular-derived budget -> dinosaur outline (seed 3),angular,dinosaur_outline,3,projected-gradient-blind,ok,1.3336609000107271,0.1862462643668886,0.1615,0.7012089810017271,0.3938503559814321,0.6465823668552739,0.0931231321834443,0.2129283281716074,0.352462460583912,0.0,15.0,0.9339752407152684,0.0048027532704238,0.1205826027234014,0.0079205685301729,0.0774190060141775,0.0196925177992983,
angular__dinosaur_outline__s03,angular-derived budget -> dinosaur outline (seed 3),angular,dinosaur_outline,3,evolutionary-blind,ok,60.60620209999615,0.1862462643668886,0.1615,0.7012089810017271,0.3938503559814321,0.6465823668552739,0.0931231321834443,0.2129283281716074,0.352462460583912,0.0,15.0,0.9339752407152684,0.0048027532704238,0.1205826027234014,0.0079205685301729,0.0774190060141775,0.0230544450888118,
angular__dinosaur_outline__s03,angular-derived budget -> dinosaur outline (seed 3),angular,dinosaur_outline,3,best-of-k-restart-blind,ok,3.30963229999179,0.1862462643668886,0.1615,0.7012089810017271,0.3938503559814321,0.6465823668552739,0.0931231321834443,0.2129283281716074,0.352462460583912,0.0,15.0,0.9339752407152684,0.0048027532704238,0.1205826027234014,0.0079205685301729,0.0774190060141775,0.0196925177992983,
angular__dinosaur_outline__s03,angular-derived budget -> dinosaur outline (seed 3),angular,dinosaur_outline,3,entropy-transport-blind,ok,1.476880800008075,0.1862462643668889,0.1615,0.7012089810017271,0.3938503559814322,0.6465823668552735,0.0931231321834444,0.2129283281716069,0.352462460583912,0.0,15.0,0.9339752407152684,0.0048027532704238,0.1205826027234014,0.0079205685301729,0.0774190060141775,0.0230544450887006,
angular__dinosaur_outline__s03,angular-derived budget -> dinosaur outline (seed 3),angular,dinosaur_outline,3,langevin-blind,ok,30.340263599995524,0.1862462643668886,0.1615,0.7012089810017271,0.3938503559814321,0.6465823668552739,0.0931231321834443,0.2129283281716074,0.352462460583912,0.0,15.0,0.9339752407152684,0.0048027532704238,0.1205826027234014,0.0079205685301729,0.0774190060141775,0.0196925177992983,
angular__dinosaur_outline__s04,angular-derived budget -> dinosaur outline (seed 4),angular,dinosaur_outline,4,anchor-aware-refiner,ok,1.0438526000070851,0.1485356440093013,0.1715,0.6125532739248354,2.571281887345515,0.4710263390588345,0.0742678220046506,0.1062709829736714,0.3749534152182,0.0,6.0,0.8758465011286681,0.0011356077026457,0.5649185329725891,0.4750705321941121,1.5148913500895338,,
angular__dinosaur_outline__s04,angular-derived budget -> dinosaur outline (seed 4),angular,dinosaur_outline,4,blind-sa,ok,45.662578299990855,0.1865222782316501,0.1715,0.6963350785340314,0.4123209597468746,0.6778970639055135,0.093261139115825,0.2098369221641395,0.3322737368149383,0.0,13.0,0.9055555555555556,0.0048624166395218,0.1320136870191419,0.0089561397369216,0.0170766590662929,0.0240197396355732,1.0
angular__dinosaur_outline__s04,angular-derived budget -> dinosaur outline (seed 4),angular,dinosaur_outline,4,projected-gradient-blind,ok,1.3904373999976087,0.1865222782316501,0.1715,0.6963350785340314,0.4123209597468746,0.6778970639055135,0.093261139115825,0.2098369221641395,0.3322737368149383,0.0,13.0,0.9055555555555556,0.0048624166395218,0.1320136870191419,0.0089561397369216,0.0170766590662929,0.0206160479876326,
angular__dinosaur_outline__s04,angular-derived budget -> dinosaur outline (seed 4),angular,dinosaur_outline,4,evolutionary-blind,ok,58.41086689999793,0.1865222782316501,0.1715,0.6963350785340314,0.4123209597468746,0.6778970639055135,0.093261139115825,0.2098369221641395,0.3322737368149383,0.0,13.0,0.9055555555555556,0.0048624166395218,0.1320136870191419,0.0089561397369216,0.0170766590662929,0.0240197396355732,
angular__dinosaur_outline__s04,angular-derived budget -> dinosaur outline (seed 4),angular,dinosaur_outline,4,best-of-k-restart-blind,ok,3.2688222999859136,0.1865222782316501,0.1715,0.6963350785340314,0.4123209597468746,0.6778970639055135,0.093261139115825,0.2098369221641395,0.3322737368149383,0.0,13.0,0.9055555555555556,0.0048624166395218,0.1320136870191419,0.0089561397369216,0.0170766590662929,0.0206160479876326,
angular__dinosaur_outline__s04,angular-derived budget -> dinosaur outline (seed 4),angular,dinosaur_outline,4,entropy-transport-blind,ok,1.1999406999966595,0.1865222782316498,0.1715,0.6963350785340314,0.4123209597468747,0.6778970639055166,0.0932611391158249,0.2098369221641398,0.3322737368149383,0.0,13.0,0.9055555555555556,0.0048624166395218,0.1320136870191419,0.0089561397369216,0.0170766590662929,0.0240197396354904,
angular__dinosaur_outline__s04,angular-derived budget -> dinosaur outline (seed 4),angular,dinosaur_outline,4,langevin-blind,ok,30.95409800001653,0.1865222782316501,0.1715,0.6963350785340314,0.4123209597468746,0.6778970639055135,0.093261139115825,0.2098369221641395,0.3322737368149383,0.0,13.0,0.9055555555555556,0.0048624166395218,0.1320136870191419,0.0089561397369216,0.0170766590662929,0.0206160479876326,
angular__dinosaur_outline__s05,angular-derived budget -> dinosaur outline (seed 5),angular,dinosaur_outline,5,anchor-aware-refiner,ok,0.8454629000043496,0.150185945292936,0.168,0.606963249516441,2.618240789574231,0.4564187697553764,0.075092972646468,0.1063899208876382,0.3736625586051624,0.0,4.0,0.8793969849246231,0.001146059188882,0.5633452516046225,0.4798569617234299,1.5842095885391658,,
angular__dinosaur_outline__s05,angular-derived budget -> dinosaur outline (seed 5),angular,dinosaur_outline,5,blind-sa,ok,46.04433959999005,0.1881482492957265,0.168,0.6881084840055632,0.4056546726117544,0.7108592936992125,0.0940741246478632,0.2117380664453804,0.3380274167580349,0.0,7.0,0.9209486166007904,0.0051893438233483,0.1612905176671023,0.0047555243916422,0.1071043624931831,0.0239152743073605,0.9666666666666668
angular__dinosaur_outline__s05,angular-derived budget -> dinosaur outline (seed 5),angular,dinosaur_outline,5,projected-gradient-blind,ok,1.2766730000148527,0.1881482492957265,0.168,0.6881084840055632,0.4056546726117544,0.7108592936992125,0.0940741246478632,0.2117380664453804,0.3380274167580349,0.0,7.0,0.9209486166007904,0.0051893438233483,0.1612905176671023,0.0047555243916422,0.1071043624931831,0.0202827336308035,
angular__dinosaur_outline__s05,angular-derived budget -> dinosaur outline (seed 5),angular,dinosaur_outline,5,evolutionary-blind,ok,61.03115759999491,0.1881482492957265,0.168,0.6881084840055632,0.4056546726117544,0.7108592936992125,0.0940741246478632,0.2117380664453804,0.3380274167580349,0.0,7.0,0.9209486166007904,0.0051893438233483,0.1612905176671023,0.0047555243916422,0.1071043624931831,0.0239152743073605,
angular__dinosaur_outline__s05,angular-derived budget -> dinosaur outline (seed 5),angular,dinosaur_outline,5,best-of-k-restart-blind,ok,3.306351300008828,0.1881482492957265,0.168,0.6881084840055632,0.4056546726117544,0.7108592936992125,0.0940741246478632,0.2117380664453804,0.3380274167580349,0.0,7.0,0.9209486166007904,0.0051893438233483,0.1612905176671023,0.0047555243916422,0.1071043624931831,0.0202827336308035,
angular__dinosaur_outline__s05,angular-derived budget -> dinosaur outline (seed 5),angular,dinosaur_outline,5,entropy-transport-blind,ok,1.2159845999849497,0.1881482492957264,0.168,0.6881084840055632,0.4056546726117545,0.7108592936992131,0.0940741246478632,0.2117380664453805,0.3380274167580349,0.0,7.0,0.9209486166007904,0.0051893438233483,0.1612905176671023,0.0047555243916422,0.1071043624931831,0.0239152743073556,
angular__dinosaur_outline__s05,angular-derived budget -> dinosaur outline (seed 5),angular,dinosaur_outline,5,langevin-blind,ok,30.36308929999359,0.1881482492957265,0.168,0.6881084840055632,0.4056546726117544,0.7108592936992125,0.0940741246478632,0.2117380664453804,0.3380274167580349,0.0,7.0,0.9209486166007904,0.0051893438233483,0.1612905176671023,0.0047555243916422,0.1071043624931831,0.0202827336308035,
angular__dinosaur_outline__s06,angular-derived budget -> dinosaur outline (seed 6),angular,dinosaur_outline,6,anchor-aware-refiner,ok,1.0566931999928784,0.1479583209565323,0.1555,0.6332556332556333,2.6553927981543826,0.4691564877965239,0.0739791604782661,0.1051403556003405,0.3736625586051625,0.0,7.0,0.8926014319809069,0.0011208486708513,0.5646451694396818,0.4803785906243465,1.5256975962179542,,
angular__dinosaur_outline__s06,angular-derived budget -> dinosaur outline (seed 6),angular,dinosaur_outline,6,blind-sa,ok,47.88250189999235,0.1877879779928299,0.1555,0.6962113312478276,0.3954094178507148,0.6830839943665451,0.0938939889964149,0.2138459222961096,0.3406651289334134,0.0,21.0,0.9183098591549296,0.0048433847274996,0.1645076843911533,0.0060834750360517,0.1567863328496699,0.0231608402021934,0.9666666666666668
angular__dinosaur_outline__s06,angular-derived budget -> dinosaur outline (seed 6),angular,dinosaur_outline,6,projected-gradient-blind,ok,1.3599102000007406,0.1878488407626749,0.155,0.6958942240779401,0.4078679772022869,0.6830788938806518,0.0939244203813374,0.2138988514689786,0.3406651289334134,0.0,21.0,0.9171348314606742,0.0048447620794017,0.165182888254505,0.0080515854999554,0.1565815033682849,0.0211875975216335,
angular__dinosaur_outline__s06,angular-derived budget -> dinosaur outline (seed 6),angular,dinosaur_outline,6,evolutionary-blind,ok,60.99776420000126,0.1877879779928299,0.1555,0.6962113312478276,0.3954094178507148,0.6830839943665451,0.0938939889964149,0.2138459222961096,0.3406651289334134,0.0,21.0,0.9183098591549296,0.0048433847274996,0.1645076843911533,0.0060834750360517,0.1567863328496699,0.0231608402021934,
angular__dinosaur_outline__s06,angular-derived budget -> dinosaur outline (seed 6),angular,dinosaur_outline,6,best-of-k-restart-blind,ok,3.556633900007,0.1877879779928299,0.1555,0.6962113312478276,0.3954094178507148,0.6830839943665451,0.0938939889964149,0.2138459222961096,0.3406651289334134,0.0,21.0,0.9183098591549296,0.0048433847274996,0.1645076843911533,0.0060834750360517,0.1567863328496699,0.0197704708927411,
angular__dinosaur_outline__s06,angular-derived budget -> dinosaur outline (seed 6),angular,dinosaur_outline,6,entropy-transport-blind,ok,1.3767540999979246,0.18778797799283,0.1555,0.6962113312478276,0.3954094178507151,0.6830839943665465,0.093893988996415,0.2138459222961099,0.3406651289334134,0.0,21.0,0.9183098591549296,0.0048433847274996,0.1645076843911533,0.0060834750360517,0.1567863328496699,0.0231608402021027,
angular__dinosaur_outline__s06,angular-derived budget -> dinosaur outline (seed 6),angular,dinosaur_outline,6,langevin-blind,ok,31.790931299998192,0.1877879779928299,0.1555,0.6962113312478276,0.3954094178507148,0.6830839943665451,0.0938939889964149,0.2138459222961096,0.3406651289334134,0.0,21.0,0.9183098591549296,0.0048433847274996,0.1645076843911533,0.0060834750360517,0.1567863328496699,0.0197704708927411,
angular__dinosaur_outline__s07,angular-derived budget -> dinosaur outline (seed 7),angular,dinosaur_outline,7,anchor-aware-refiner,ok,0.7833316000178456,0.1486613036628377,0.158,0.6242211838006231,2.625399941997064,0.4780322960303952,0.0743306518314188,0.106265324044511,0.3680079636295193,0.0,8.0,0.8669022379269729,0.0011389370741071,0.5657982209807507,0.4751978584996059,1.4830509686988826,,
angular__dinosaur_outline__s07,angular-derived budget -> dinosaur outline (seed 7),angular,dinosaur_outline,7,blind-sa,ok,47.91103109999676,0.1876770644276151,0.159,0.6888501742160279,0.4173323146737713,0.6722966406588567,0.0938385322138075,0.2154952453390456,0.337717710264148,0.0,3.0,0.909952606635071,0.0045411326778217,0.1219311269145149,0.0090408100449162,0.0655026363086745,0.024045408608537,0.9916666666666668
angular__dinosaur_outline__s07,angular-derived budget -> dinosaur outline (seed 7),angular,dinosaur_outline,7,projected-gradient-blind,ok,1.3931346999888774,0.1876770644276151,0.159,0.6888501742160279,0.4173323146737713,0.6722966406588567,0.0938385322138075,0.2154952453390456,0.337717710264148,0.0,3.0,0.909952606635071,0.0045411326778217,0.1219311269145149,0.0090408100449162,0.0655026363086745,0.020866615733877,
angular__dinosaur_outline__s07,angular-derived budget -> dinosaur outline (seed 7),angular,dinosaur_outline,7,evolutionary-blind,ok,60.41088809998473,0.1876770644276151,0.159,0.6888501742160279,0.4173323146737713,0.6722966406588567,0.0938385322138075,0.2154952453390456,0.337717710264148,0.0,3.0,0.909952606635071,0.0045411326778217,0.1219311269145149,0.0090408100449162,0.0655026363086745,0.024045408608537,
angular__dinosaur_outline__s07,angular-derived budget -> dinosaur outline (seed 7),angular,dinosaur_outline,7,best-of-k-restart-blind,ok,3.4211298000009265,0.1876770644276151,0.159,0.6888501742160279,0.4173323146737713,0.6722966406588567,0.0938385322138075,0.2154952453390456,0.337717710264148,0.0,3.0,0.909952606635071,0.0045411326778217,0.1219311269145149,0.0090408100449162,0.0655026363086745,0.020866615733877,
angular__dinosaur_outline__s07,angular-derived budget -> dinosaur outline (seed 7),angular,dinosaur_outline,7,entropy-transport-blind,ok,1.13668740002322,0.1876770644276151,0.159,0.6888501742160279,0.4173323146737709,0.6722966406588572,0.0938385322138075,0.2154952453390455,0.337717710264148,0.0,3.0,0.909952606635071,0.0045411326778217,0.1219311269145149,0.0090408100449162,0.0655026363086745,0.0240454086087359,
angular__dinosaur_outline__s07,angular-derived budget -> dinosaur outline (seed 7),angular,dinosaur_outline,7,langevin-blind,ok,29.87007020000601,0.1876770644276151,0.159,0.6888501742160279,0.4173323146737713,0.6722966406588567,0.0938385322138075,0.2154952453390456,0.337717710264148,0.0,3.0,0.909952606635071,0.0045411326778217,0.1219311269145149,0.0090408100449162,0.0655026363086745,0.020866615733877,
angular__pickaxe_object__s00,angular-derived budget -> pickaxe object (seed 0),angular,pickaxe_object,0,anchor-aware-refiner,ok,0.8601890999998432,0.3273867224391389,0.0545,0.1387096774193548,2.40423371939247,0.8889789770707425,0.1636933612195694,0.2841065775834159,0.4823456638011901,0.0,28.0,0.94006309148265,0.0089034876739404,0.5720000664525375,0.4634711768332576,1.3454902960617685,,
angular__pickaxe_object__s00,angular-derived budget -> pickaxe object (seed 0),angular,pickaxe_object,0,blind-sa,ok,45.18158159998711,0.3689295586982483,0.0545,0.1228628230616302,0.2760014586505805,0.8889789770707421,0.1844647793491241,0.363441664584709,0.4754394329633208,0.0,34.0,0.9589041095890412,0.0120474239289824,0.3266241294892714,0.0367800625558191,0.8950594808548087,0.0222332696833369,0.95
angular__pickaxe_object__s00,angular-derived budget -> pickaxe object (seed 0),angular,pickaxe_object,0,projected-gradient-blind,ok,1.468829699995695,0.3689322753409813,0.0545,0.1228628230616302,0.3093509028256165,0.8889483255037284,0.1844661376704906,0.363431815672694,0.4754394329633208,0.0,34.0,0.9589041095890412,0.0120472894243397,0.3191147450870447,0.0430479428058132,0.8564965469659349,0.0159225382401223,
angular__pickaxe_object__s00,angular-derived budget -> pickaxe object (seed 0),angular,pickaxe_object,0,evolutionary-blind,ok,60.89661740002339,0.3689295586982483,0.0545,0.1228628230616302,0.2760014586505805,0.8889789770707421,0.1844647793491241,0.363441664584709,0.4754394329633208,0.0,34.0,0.9589041095890412,0.0120474239289824,0.3266241294892714,0.0367800625558191,0.8950594808548087,0.0222332696833369,
angular__pickaxe_object__s00,angular-derived budget -> pickaxe object (seed 0),angular,pickaxe_object,0,best-of-k-restart-blind,ok,3.483341499988456,0.3689322753409813,0.0545,0.1228628230616302,0.3093509028256165,0.8889483255037284,0.1844661376704906,0.363431815672694,0.4754394329633208,0.0,34.0,0.9589041095890412,0.0120472894243397,0.3191147450870447,0.0430479428058132,0.8564965469659349,0.0159225382401223,
angular__pickaxe_object__s00,angular-derived budget -> pickaxe object (seed 0),angular,pickaxe_object,0,entropy-transport-blind,ok,1.4402075000107288,0.3689295586982479,0.0545,0.1228628230616302,0.27600145865058,0.8889789770707424,0.1844647793491239,0.3634416645847089,0.4754394329633208,0.0,34.0,0.9589041095890412,0.0120474239289824,0.3266241294892714,0.0367800625558191,0.8950594808548087,0.0222332696833934,
angular__pickaxe_object__s00,angular-derived budget -> pickaxe object (seed 0),angular,pickaxe_object,0,langevin-blind,ok,31.170139499998182,0.3689295586982483,0.0545,0.1228628230616302,0.2760014586505805,0.8889789770707421,0.1844647793491241,0.363441664584709,0.4754394329633208,0.0,34.0,0.9589041095890412,0.0120474239289824,0.3266241294892714,0.0367800625558191,0.8950594808548087,0.0138000729327916,
angular__pickaxe_object__s01,angular-derived budget -> pickaxe object (seed 1),angular,pickaxe_object,1,anchor-aware-refiner,ok,0.7179163999971934,0.3274659279599619,0.055,0.1389448248086991,2.482302434732349,0.8893323964205239,0.1637329639799809,0.2840651920893774,0.4832389644597219,0.0,27.0,0.9368932038834952,0.0089162632133442,0.5724040671538707,0.4634675814495707,1.340272778691724,,
angular__pickaxe_object__s01,angular-derived budget -> pickaxe object (seed 1),angular,pickaxe_object,1,blind-sa,ok,37.75685900001554,0.3687030176551329,0.055,0.1232604373757455,0.2833528527940196,0.8893323964205234,0.1843515088275664,0.3632678618612046,0.4754394329633208,0.0,34.0,0.9588336192109777,0.0118800952923042,0.3226946339608716,0.0349052127701859,0.8784499650719753,0.022483709344782,0.9333333333333332
angular__pickaxe_object__s01,angular-derived budget -> pickaxe object (seed 1),angular,pickaxe_object,1,projected-gradient-blind,ok,1.149856500007445,0.3686918642191539,0.055,0.1232604373757455,0.3397266436511222,0.8893419421687931,0.1843459321095769,0.3632303522811728,0.4754394329633208,0.0,34.0,0.9588336192109777,0.0118796959937062,0.3083305352158421,0.0451064676008291,0.8234392400569526,0.0177091063642885,
angular__pickaxe_object__s01,angular-derived budget -> pickaxe object (seed 1),angular,pickaxe_object,1,evolutionary-blind,ok,47.84312550001778,0.3687030176551329,0.055,0.1232604373757455,0.2833528527940196,0.8893323964205234,0.1843515088275664,0.3632678618612046,0.4754394329633208,0.0,34.0,0.9588336192109777,0.0118800952923042,0.3226946339608716,0.0349052127701859,0.8784499650719753,0.022483709344782,
angular__pickaxe_object__s01,angular-derived budget -> pickaxe object (seed 1),angular,pickaxe_object,1,best-of-k-restart-blind,ok,2.5388060999976005,0.3687055322907278,0.055,0.1232604373757455,0.2952183689869895,0.8893337919051377,0.1843527661453639,0.3632605129463525,0.4754394329633208,0.0,34.0,0.9588336192109777,0.0118796745341288,0.3125981572541395,0.0363425453888129,0.393064086544107,0.0148273270665175,
angular__pickaxe_object__s01,angular-derived budget -> pickaxe object (seed 1),angular,pickaxe_object,1,entropy-transport-blind,ok,1.0358280999935232,0.3687030176551328,0.055,0.1232604373757455,0.2833528527940209,0.8893323964205215,0.1843515088275664,0.3632678618612044,0.4754394329633208,0.0,34.0,0.9588336192109777,0.0118800952923042,0.3226946339608716,0.0349052127701859,0.8784499650719753,0.0224837093447473,
angular__pickaxe_object__s01,angular-derived budget -> pickaxe object (seed 1),angular,pickaxe_object,1,langevin-blind,ok,33.47996109997621,0.3687030176551329,0.055,0.1232604373757455,0.2833528527940196,0.8893323964205234,0.1843515088275664,0.3632678618612046,0.4754394329633208,0.0,34.0,0.9588336192109777,0.0118800952923042,0.3226946339608716,0.0349052127701859,0.8784499650719753,0.0141676426399398,
angular__pickaxe_object__s02,angular-derived budget -> pickaxe object (seed 2),angular,pickaxe_object,2,anchor-aware-refiner,ok,1.1821160000108648,0.3275292063129018,0.0545,0.1376811594202898,2.5055314896414367,0.8889524914462332,0.1637646031564509,0.2840675049704466,0.4832389644597219,0.0,29.0,0.9366883116883116,0.0089003323659056,0.5725824232928662,0.4672776221871742,1.3380791766264746,,
angular__pickaxe_object__s02,angular-derived budget -> pickaxe object (seed 2),angular,pickaxe_object,2,blind-sa,ok,47.48059970000759,0.3687070909701206,0.0545,0.12241653418124,0.2970491543536889,0.8889524914462337,0.1843535454850603,0.3633158191983244,0.4754394329633208,0.0,34.0,0.9587628865979382,0.0117768180013987,0.3179756172897684,0.0347703306349667,0.8662139590113307,0.0230962303191087,0.975
angular__pickaxe_object__s02,angular-derived budget -> pickaxe object (seed 2),angular,pickaxe_object,2,projected-gradient-blind,ok,1.415087000001222,0.368756708423552,0.0545,0.12241653418124,0.3623997397439528,0.8889446331538866,0.184378354211776,0.3633772140562318,0.4754394329633208,0.0,34.0,0.9588336192109777,0.0117780197172649,0.293230019892472,0.0462073347927141,0.3345730007511867,0.0191921126944958,
angular__pickaxe_object__s02,angular-derived budget -> pickaxe object (seed 2),angular,pickaxe_object,2,evolutionary-blind,ok,62.31371620000573,0.3687070909701206,0.0545,0.12241653418124,0.2970491543536889,0.8889524914462337,0.1843535454850603,0.3633158191983244,0.4754394329633208,0.0,34.0,0.9587628865979382,0.0117768180013987,0.3179756172897684,0.0347703306349667,0.8662139590113307,0.0230962303191087,
angular__pickaxe_object__s02,angular-derived budget -> pickaxe object (seed 2),angular,pickaxe_object,2,best-of-k-restart-blind,ok,3.50885639997432,0.3687282287386274,0.0545,0.1232114467408585,0.339508776777328,0.8889339429935678,0.1843641143693137,0.3633194764058008,0.4754394329633208,0.0,34.0,0.9588336192109777,0.0117739299416289,0.3078229211663855,0.0413256267495182,0.8241750361396936,0.0172639541005342,
angular__pickaxe_object__s02,angular-derived budget -> pickaxe object (seed 2),angular,pickaxe_object,2,entropy-transport-blind,ok,1.4775714999996126,0.3687070909701203,0.0545,0.12241653418124,0.2970491543536877,0.8889524914462408,0.1843535454850601,0.3633158191983242,0.4754394329633208,0.0,34.0,0.9587628865979382,0.0117768180013987,0.3179756172897684,0.0347703306349667,0.8662139590113307,0.0230962303195455,
angular__pickaxe_object__s02,angular-derived budget -> pickaxe object (seed 2),angular,pickaxe_object,2,langevin-blind,ok,33.25035570000182,0.3687070909701206,0.0545,0.12241653418124,0.2970491543536889,0.8889524914462337,0.1843535454850603,0.3633158191983244,0.4754394329633208,0.0,34.0,0.9587628865979382,0.0117768180013987,0.3179756172897684,0.0347703306349667,0.8662139590113307,0.0148524577179093,
angular__pickaxe_object__s03,angular-derived budget -> pickaxe object (seed 3),angular,pickaxe_object,3,anchor-aware-refiner,ok,0.8389076000021305,0.3273192058007652,0.054,0.1354292623941959,2.428535600245908,0.8885121481506792,0.1636596029003826,0.284021472845366,0.4852898378333261,0.0,28.0,0.938610662358643,0.0089177552899825,0.5725313637958993,0.4619275979547521,1.338700414605387,,
angular__pickaxe_object__s03,angular-derived budget -> pickaxe object (seed 3),angular,pickaxe_object,3,blind-sa,ok,45.211973299999954,0.3685457597153923,0.054,0.120079522862823,0.2883037174995204,0.888512148150679,0.1842728798576961,0.3631698343873055,0.4791930147348358,0.0,34.0,0.9606164383561644,0.0117949959080565,0.3248305141314532,0.037240605808875,0.8872004321978662,0.0226716830108955,0.9833333333333332
angular__pickaxe_object__s03,angular-derived budget -> pickaxe object (seed 3),angular,pickaxe_object,3,projected-gradient-blind,ok,1.3258513000037055,0.3685656108016237,0.053,0.1212241653418124,0.4315033751497803,0.8885040040747472,0.1842828054008118,0.3631809402861984,0.4791930147348358,0.0,34.0,0.9606164383561644,0.0117876928529433,0.2938024747448087,0.0639259233845486,0.7610609964509396,0.0221163705677836,
angular__pickaxe_object__s03,angular-derived budget -> pickaxe object (seed 3),angular,pickaxe_object,3,evolutionary-blind,ok,58.98305219999747,0.3685457597153923,0.054,0.120079522862823,0.2883037174995188,0.8885121481506788,0.1842728798576961,0.3631698343873056,0.4791930147348358,0.0,34.0,0.9606164383561644,0.0117949959080565,0.3248305141314532,0.037240605808875,0.8872004321978662,0.022671683010908,
angular__pickaxe_object__s03,angular-derived budget -> pickaxe object (seed 3),angular,pickaxe_object,3,best-of-k-restart-blind,ok,3.181572100002086,0.368561613324219,0.0535,0.120079522862823,0.344387888003215,0.8885371171832418,0.1842808066621095,0.3631724484741906,0.4791930147348358,0.0,34.0,0.9606164383561644,0.0117935551789248,0.3200761569339759,0.0474714362260479,0.8576602480527047,0.0176183712047969,
angular__pickaxe_object__s03,angular-derived budget -> pickaxe object (seed 3),angular,pickaxe_object,3,entropy-transport-blind,ok,1.2203259999805596,0.3685457597153922,0.054,0.120079522862823,0.2883037174995195,0.888512148150679,0.1842728798576961,0.3631698343873063,0.4791930147348358,0.0,34.0,0.9606164383561644,0.0117949959080565,0.3248305141314532,0.037240605808875,0.8872004321978662,0.0226716830111609,
angular__pickaxe_object__s03,angular-derived budget -> pickaxe object (seed 3),angular,pickaxe_object,3,langevin-blind,ok,30.443526599992765,0.3685457597153923,0.054,0.120079522862823,0.2883037174995188,0.8885121481506788,0.1842728798576961,0.3631698343873056,0.4791930147348358,0.0,34.0,0.9606164383561644,0.0117949959080565,0.3248305141314532,0.037240605808875,0.8872004321978662,0.0144151858751245,
angular__pickaxe_object__s04,angular-derived budget -> pickaxe object (seed 4),angular,pickaxe_object,4,anchor-aware-refiner,ok,0.95305399998324,0.3274535432375362,0.0545,0.1374598070739549,2.4785034588888286,0.8893590723621094,0.1637267716187681,0.284128259129794,0.4861784185641797,0.0,29.0,0.9378980891719744,0.0089179167614719,0.571899855534661,0.4688957295223652,1.3468392083237717,,
angular__pickaxe_object__s04,angular-derived budget -> pickaxe object (seed 4),angular,pickaxe_object,4,blind-sa,ok,45.00455030001467,0.3689280337045578,0.055,0.1216699801192842,0.2999926168039256,0.8893590723621098,0.1844640168522789,0.3634292282227612,0.4754394329633208,0.0,34.0,0.9589041095890412,0.0121398515051069,0.3180544070744812,0.0355393803293161,0.8685530464338203,0.0234975268941445,0.9583333333333334
angular__pickaxe_object__s04,angular-derived budget -> pickaxe object (seed 4),angular,pickaxe_object,4,projected-gradient-blind,ok,1.4651059999887366,0.3689171553304093,0.0555,0.1216216216216216,0.3544471128904725,0.8893376936121576,0.1844585776652046,0.3634364238649905,0.4754394329633208,0.0,34.0,0.9589041095890412,0.0121370751757132,0.3072846499012834,0.0429022775410147,0.8139246439948058,0.0181514781414404,
angular__pickaxe_object__s04,angular-derived budget -> pickaxe object (seed 4),angular,pickaxe_object,4,evolutionary-blind,ok,59.505542400002014,0.3689280337045578,0.055,0.1216699801192842,0.2999926168039256,0.8893590723621098,0.1844640168522789,0.3634292282227612,0.4754394329633208,0.0,34.0,0.9589041095890412,0.0121398515051069,0.3180544070744812,0.0355393803293161,0.8685530464338203,0.0234975268941445,
angular__pickaxe_object__s04,angular-derived budget -> pickaxe object (seed 4),angular,pickaxe_object,4,best-of-k-restart-blind,ok,3.34214009999414,0.36894114016448,0.0555,0.1216699801192842,0.3500726576149865,0.8893608214762626,0.18447057008224,0.3634274140767857,0.4754394329633208,0.0,34.0,0.9589041095890412,0.0121364493143001,0.3018459437326815,0.0449918481573989,0.3679239938574541,0.0178709277756103,
angular__pickaxe_object__s04,angular-derived budget -> pickaxe object (seed 4),angular,pickaxe_object,4,entropy-transport-blind,ok,1.2201623999862932,0.3689280337045581,0.055,0.1216699801192842,0.2999926168039262,0.8893590723621076,0.184464016852279,0.3634292282227612,0.4754394329633208,0.0,34.0,0.9589041095890412,0.0121398515051069,0.3180544070744812,0.0355393803293161,0.8685530464338203,0.0234975268942,
angular__pickaxe_object__s04,angular-derived budget -> pickaxe object (seed 4),angular,pickaxe_object,4,langevin-blind,ok,30.38652980001644,0.3689280337045578,0.055,0.1216699801192842,0.2999926168039256,0.8893590723621098,0.1844640168522789,0.3634292282227612,0.4754394329633208,0.0,34.0,0.9589041095890412,0.0121398515051069,0.3180544070744812,0.0355393803293161,0.8685530464338203,0.0149996308403849,
angular__pickaxe_object__s05,angular-derived budget -> pickaxe object (seed 5),angular,pickaxe_object,5,anchor-aware-refiner,ok,0.8273505999823101,0.3277643368754325,0.0545,0.1380281690140845,2.460201850963101,0.8885523867871612,0.1638821684377162,0.2844503809577597,0.4861784185641797,0.0,31.0,0.9404186795491144,0.0088570443175288,0.5727360872720527,0.462092182034039,1.3362418133185323,,
angular__pickaxe_object__s05,angular-derived budget -> pickaxe object (seed 5),angular,pickaxe_object,5,blind-sa,ok,45.97007260000101,0.369340536159417,0.0545,0.1200317965023847,0.2817020804270834,0.8885523867871608,0.1846702680797085,0.3645240057614959,0.4783131226002673,0.0,34.0,0.9606164383561644,0.0118902185034266,0.322836145987761,0.0338586138830823,0.403002407228288,0.0224082569742369,0.9583333333333334
angular__pickaxe_object__s05,angular-derived budget -> pickaxe object (seed 5),angular,pickaxe_object,5,projected-gradient-blind,ok,1.4499975999933667,0.3693816366872182,0.0545,0.1200317965023847,0.3935478749194673,0.8885504988167996,0.1846908183436091,0.3644847773621537,0.4812068016072954,0.0,34.0,0.9606164383561644,0.0118916680345988,0.2992099767198899,0.0562349276721713,0.3426959173818558,0.0206323414337588,
angular__pickaxe_object__s05,angular-derived budget -> pickaxe object (seed 5),angular,pickaxe_object,5,evolutionary-blind,ok,57.97888750000857,0.369340536159417,0.0545,0.1200317965023847,0.2817020804270834,0.8885523867871608,0.1846702680797085,0.3645240057614959,0.4783131226002673,0.0,34.0,0.9606164383561644,0.0118902185034266,0.322836145987761,0.0338586138830823,0.403002407228288,0.0224082569742369,
angular__pickaxe_object__s05,angular-derived budget -> pickaxe object (seed 5),angular,pickaxe_object,5,best-of-k-restart-blind,ok,3.433590100001311,0.3693952523073306,0.0545,0.1200317965023847,0.3418934981313817,0.888567968960946,0.1846976261536653,0.3645522158204182,0.4783131226002673,0.0,34.0,0.9606164383561644,0.0118878182996002,0.3054457038611414,0.0418878629777607,0.3550079033936033,0.0177688645102542,
angular__pickaxe_object__s05,angular-derived budget -> pickaxe object (seed 5),angular,pickaxe_object,5,entropy-transport-blind,ok,1.308397299988428,0.3693405361594169,0.0545,0.1200317965023847,0.2817020804270843,0.8885523867871592,0.1846702680797084,0.3645240057614956,0.4783131226002673,0.0,34.0,0.9606164383561644,0.0118902185034266,0.322836145987761,0.0338586138830823,0.403002407228288,0.0224082569740492,
angular__pickaxe_object__s05,angular-derived budget -> pickaxe object (seed 5),angular,pickaxe_object,5,langevin-blind,ok,31.754998599994,0.369340536159417,0.0545,0.1200317965023847,0.2817020804270834,0.8885523867871608,0.1846702680797085,0.3645240057614959,0.4783131226002673,0.0,34.0,0.9606164383561644,0.0118902185034266,0.322836145987761,0.0338586138830823,0.403002407228288,0.0140851040216002,
angular__pickaxe_object__s06,angular-derived budget -> pickaxe object (seed 6),angular,pickaxe_object,6,anchor-aware-refiner,ok,0.9086073999933432,0.3275456393059532,0.054,0.138430583501006,2.5231491266485944,0.8883004583103463,0.1637728196529766,0.2841409589599142,0.4861784185641797,0.0,31.0,0.9353796445880452,0.0088994164617286,0.5725058642772659,0.4634357764608209,1.3390126837658909,,
angular__pickaxe_object__s06,angular-derived budget -> pickaxe object (seed 6),angular,pickaxe_object,6,blind-sa,ok,44.88930949999485,0.3690296699618351,0.054,0.1200317965023847,0.30478500325626,0.8883004583103465,0.1845148349809175,0.363627495538972,0.4791930147348358,0.0,34.0,0.9605488850771868,0.0119993819852874,0.3219556766426673,0.0366837635817394,0.8821797231196997,0.0236388175528728,0.975
angular__pickaxe_object__s06,angular-derived budget -> pickaxe object (seed 6),angular,pickaxe_object,6,projected-gradient-blind,ok,1.4676353000104427,0.3690532458122813,0.054,0.1196343402225755,0.4315589120917934,0.8883078623276288,0.1845266229061406,0.363370916629347,0.4791930147348358,0.0,34.0,0.9606164383561644,0.0119915905593174,0.2943868184564297,0.0602900626622292,0.7669576267774243,0.0251872788021089,
angular__pickaxe_object__s06,angular-derived budget -> pickaxe object (seed 6),angular,pickaxe_object,6,evolutionary-blind,ok,59.13285149997682,0.3690296699618351,0.054,0.1200317965023847,0.30478500325626,0.8883004583103465,0.1845148349809175,0.363627495538972,0.4791930147348358,0.0,34.0,0.9605488850771868,0.0119993819852874,0.3219556766426673,0.0366837635817394,0.8821797231196997,0.0236388175528728,
angular__pickaxe_object__s06,angular-derived budget -> pickaxe object (seed 6),angular,pickaxe_object,6,best-of-k-restart-blind,ok,3.2048940999957267,0.3690368636659275,0.054,0.1200317965023847,0.3311860487515458,0.8882971492858952,0.1845184318329637,0.3636282398548187,0.4791930147348358,0.0,34.0,0.9605488850771868,0.0119993579416748,0.3132619167386085,0.0407541541289173,0.8441777820131671,0.0166311177165113,
angular__pickaxe_object__s06,angular-derived budget -> pickaxe object (seed 6),angular,pickaxe_object,6,entropy-transport-blind,ok,1.3080592000042088,0.3690296699618351,0.054,0.1200317965023847,0.3047850032562601,0.8883004583103457,0.1845148349809175,0.3636274955389726,0.4791930147348358,0.0,34.0,0.9605488850771868,0.0119993819852874,0.3219556766426673,0.0366837635817394,0.8821797231196997,0.023638817552862,
angular__pickaxe_object__s06,angular-derived budget -> pickaxe object (seed 6),angular,pickaxe_object,6,langevin-blind,ok,29.35641380000743,0.3690296699618351,0.054,0.1200317965023847,0.30478500325626,0.8883004583103465,0.1845148349809175,0.363627495538972,0.4791930147348358,0.0,34.0,0.9605488850771868,0.0119993819852874,0.3219556766426673,0.0366837635817394,0.8821797231196997,0.015239250162994,
angular__pickaxe_object__s07,angular-derived budget -> pickaxe object (seed 7),angular,pickaxe_object,7,anchor-aware-refiner,ok,0.8207770000153687,0.3270161978768519,0.0545,0.139516129032258,2.4127526935676387,0.8894575912527135,0.1635080989384259,0.2837891962997495,0.4794224515270856,0.0,26.0,0.9366883116883116,0.0089057628563811,0.5719499218143543,0.4592980670040909,1.3461625159918529,,
angular__pickaxe_object__s07,angular-derived budget -> pickaxe object (seed 7),angular,pickaxe_object,7,blind-sa,ok,43.40166709999903,0.3679003493683178,0.0545,0.1232604373757455,0.3100352505091662,0.8894575912527145,0.1839501746841589,0.3624035568428129,0.4754394329633208,0.0,34.0,0.958974358974359,0.0117069197405757,0.328711640568022,0.0371483360379282,0.8978634440410278,0.0236966063444354,0.9833333333333332
angular__pickaxe_object__s07,angular-derived budget -> pickaxe object (seed 7),angular,pickaxe_object,7,projected-gradient-blind,ok,1.3994171999802347,0.3678992744609896,0.0545,0.1232604373757455,0.3267337731775995,0.8894442159822009,0.1839496372304948,0.3624034395119299,0.4754394329633208,0.0,34.0,0.958974358974359,0.0117054621592599,0.3238908705686493,0.0399716605451583,0.8728519923290974,0.016519802004068,
angular__pickaxe_object__s07,angular-derived budget -> pickaxe object (seed 7),angular,pickaxe_object,7,evolutionary-blind,ok,62.35759459997644,0.3679003493683178,0.0545,0.1232604373757455,0.3100352505091662,0.8894575912527145,0.1839501746841589,0.3624035568428129,0.4754394329633208,0.0,34.0,0.958974358974359,0.0117069197405757,0.328711640568022,0.0371483360379282,0.8978634440410278,0.0236966063444354,
angular__pickaxe_object__s07,angular-derived budget -> pickaxe object (seed 7),angular,pickaxe_object,7,best-of-k-restart-blind,ok,3.357413000019733,0.3678992744609896,0.0545,0.1232604373757455,0.3267337731775995,0.8894442159822009,0.1839496372304948,0.3624034395119299,0.4754394329633208,0.0,34.0,0.958974358974359,0.0117054621592599,0.3238908705686493,0.0399716605451583,0.8728519923290974,0.016519802004068,
angular__pickaxe_object__s07,angular-derived budget -> pickaxe object (seed 7),angular,pickaxe_object,7,entropy-transport-blind,ok,1.3421812000160571,0.3679003493683176,0.0545,0.1232604373757455,0.3100352505091668,0.8894575912527158,0.1839501746841588,0.3624035568428132,0.4754394329633208,0.0,34.0,0.958974358974359,0.0117069197405757,0.328711640568022,0.0371483360379282,0.8978634440410278,0.0236966063444023,
angular__pickaxe_object__s07,angular-derived budget -> pickaxe object (seed 7),angular,pickaxe_object,7,langevin-blind,ok,28.168125500000315,0.3679003493683178,0.0545,0.1232604373757455,0.3100352505091662,0.8894575912527145,0.1839501746841589,0.3624035568428129,0.4754394329633208,0.0,34.0,0.958974358974359,0.0117069197405757,0.328711640568022,0.0371483360379282,0.8978634440410278,0.0155017625257499,
angular__rope_knot__s00,angular-derived budget -> rope knot (seed 0),angular,rope_knot,0,anchor-aware-refiner,ok,0.6859583000186831,0.2959191479898279,0.031,0.0427618673989799,1.830248863027032,0.77363392833594,0.1479595739949139,0.2478488361031766,0.588473793883494,0.0,38.0,0.995114006514658,0.0355742926667887,0.5624903983258802,0.4616474637357424,1.6307283780277202,,
angular__rope_knot__s00,angular-derived budget -> rope knot (seed 0),angular,rope_knot,0,blind-sa,ok,47.58559480000986,0.2985077481521686,0.031,0.0458104933437744,0.7190230314808002,0.773632809409852,0.1492538740760843,0.3175927840442306,0.5888954997946478,0.0,38.0,0.9967479674796748,0.0593556309787034,0.2744349661752765,0.3215601584552144,0.3301008004546124,0.0775489558143148,0.9833333333333332
angular__rope_knot__s00,angular-derived budget -> rope knot (seed 0),angular,rope_knot,0,projected-gradient-blind,ok,1.411552900011884,0.2984863848165213,0.031,0.0458284371327849,0.9767815527725382,0.7735589872623239,0.1492431924082606,0.3175809007862435,0.5888954997946478,0.0,38.0,0.9967479674796748,0.0593328730033065,0.2466286852165646,0.3605559543975696,0.1775580729593648,0.0522077779821425,
angular__rope_knot__s00,angular-derived budget -> rope knot (seed 0),angular,rope_knot,0,evolutionary-blind,ok,65.29606540000532,0.2985074375029583,0.031,0.0458104933437744,0.6470568913293633,0.77363392833594,0.1492537187514791,0.3175936160733292,0.5888954997946478,0.0,38.0,0.9967479674796748,0.0593554970557583,0.3029795837209944,0.3143486235215427,0.351577080351972,0.0739016925059275,
angular__rope_knot__s00,angular-derived budget -> rope knot (seed 0),angular,rope_knot,0,best-of-k-restart-blind,ok,3.442396499973256,0.2985225627971279,0.03,0.0458284371327849,0.927345076674798,0.7736658332704786,0.1492612813985639,0.3175865223575849,0.5888954997946478,0.0,38.0,0.9967479674796748,0.0593684969993213,0.250950940884039,0.354297857001764,0.215231826009024,0.0470127231676886,
angular__rope_knot__s00,angular-derived budget -> rope knot (seed 0),angular,rope_knot,0,entropy-transport-blind,ok,1.304555099981371,0.2985074375029585,0.031,0.0458104933437744,0.6470568913293588,0.7736339283359426,0.1492537187514792,0.3175936160733296,0.5888954997946478,0.0,38.0,0.9967479674796748,0.0593554970557583,0.3029795837209944,0.3143486235215427,0.351577080351972,0.0739016925059739,
angular__rope_knot__s00,angular-derived budget -> rope knot (seed 0),angular,rope_knot,0,langevin-blind,ok,29.31137009998201,0.2985074375029583,0.031,0.0458104933437744,0.6470568913293633,0.77363392833594,0.1492537187514791,0.3175936160733292,0.5888954997946478,0.0,38.0,0.9967479674796748,0.0593554970557583,0.3029795837209944,0.3143486235215427,0.351577080351972,0.0323528445666835,
angular__rope_knot__s01,angular-derived budget -> rope knot (seed 1),angular,rope_knot,1,anchor-aware-refiner,ok,0.8818264000001363,0.291926284331315,0.032,0.0540964327714621,1.7027314117932553,0.7298368334307826,0.1459631421656575,0.2417905119652211,0.5851722256555477,0.0,38.0,0.9935064935064936,0.0309692802221686,0.5625251370807558,0.4527359036595516,1.6286827972684697,,
angular__rope_knot__s01,angular-derived budget -> rope knot (seed 1),angular,rope_knot,1,blind-sa,ok,42.94122919999063,0.2956859123329832,0.032,0.0485512920908379,0.6790294633530721,0.7298367687748442,0.1478429561664916,0.3030704986911066,0.5856037231599062,0.0,38.0,0.9951219512195122,0.0595118536340207,0.197426984115963,0.3114198462966224,0.0298407129953863,0.0756538591883996,0.9583333333333334
angular__rope_knot__s01,angular-derived budget -> rope knot (seed 1),angular,rope_knot,1,projected-gradient-blind,ok,1.5390555000049062,0.2957137501665127,0.032,0.0485512920908379,0.882551187888064,0.7298735478401844,0.1478568750832563,0.303079203428005,0.5856037231599062,0.0,38.0,0.9951219512195122,0.0595306551358196,0.1074352688603599,0.3412300693401938,0.0129704658280527,0.0454141846169606,
angular__rope_knot__s01,angular-derived budget -> rope knot (seed 1),angular,rope_knot,1,evolutionary-blind,ok,53.79071830000612,0.2956864972426483,0.032,0.0485512920908379,0.6171111127100166,0.7298368334307826,0.1478432486213241,0.3030694371663362,0.5856037231599062,0.0,38.0,0.9951219512195122,0.0595133270052382,0.2611291868911077,0.3060685583282011,0.1781791287455023,0.0725148845395991,
angular__rope_knot__s01,angular-derived budget -> rope knot (seed 1),angular,rope_knot,1,best-of-k-restart-blind,ok,2.6548508999985643,0.2956850969221682,0.032,0.0485512920908379,0.8640723563145848,0.7298371139468416,0.1478425484610841,0.303074929136107,0.5856037231599062,0.0,38.0,0.9951219512195122,0.0595143546689258,0.1103971983517575,0.3403046938075151,0.0161607480888967,0.0433540543112057,
angular__rope_knot__s01,angular-derived budget -> rope knot (seed 1),angular,rope_knot,1,entropy-transport-blind,ok,1.0006223999953363,0.2956864972426483,0.032,0.0485512920908379,0.6171111127100144,0.7298368334307813,0.1478432486213241,0.3030694371663361,0.5856037231599062,0.0,38.0,0.9951219512195122,0.0595133270052382,0.2611291868911077,0.3060685583282011,0.1781791287455023,0.0725148845395882,
angular__rope_knot__s01,angular-derived budget -> rope knot (seed 1),angular,rope_knot,1,langevin-blind,ok,24.584572499996284,0.2956864972426483,0.032,0.0485512920908379,0.6171111127100166,0.7298368334307826,0.1478432486213241,0.3030694371663362,0.5856037231599062,0.0,38.0,0.9951219512195122,0.0595133270052382,0.2611291868911077,0.3060685583282011,0.1781791287455023,0.0308555556357192,
angular__rope_knot__s02,angular-derived budget -> rope knot (seed 2),angular,rope_knot,2,anchor-aware-refiner,ok,0.6598896999785211,0.2935007895280296,0.034,0.0426781519185591,1.6797261733579691,0.7437381435617875,0.1467503947640148,0.2435416567877081,0.588473793883494,0.0,38.0,0.9950980392156864,0.0337062262750994,0.5625425364884994,0.4526029495774895,1.6276636961643465,,
angular__rope_knot__s02,angular-derived budget -> rope knot (seed 2),angular,rope_knot,2,blind-sa,ok,44.19795370000065,0.2954410533699009,0.034,0.043069694596711,0.6516605041824309,0.7437397752412507,0.1477205266849504,0.3060513985023796,0.5888954997946478,0.0,38.0,0.99673735725938,0.0631058240984673,0.2579754211777578,0.3125313874923084,0.3180145909258349,0.0768444548460666,0.9916666666666668
angular__rope_knot__s02,angular-derived budget -> rope knot (seed 2),angular,rope_knot,2,projected-gradient-blind,ok,1.0975431999831926,0.2954480749982576,0.034,0.043069694596711,0.8643833385353524,0.7437440626073963,0.1477240374991288,0.3060554914628173,0.5888954997946478,0.0,38.0,0.99673735725938,0.0631170233210197,0.2252767048186857,0.3462769767806137,0.2136052677598863,0.0440024322071292,
angular__rope_knot__s02,angular-derived budget -> rope knot (seed 2),angular,rope_knot,2,evolutionary-blind,ok,63.56137260000105,0.2954368695141898,0.034,0.043069694596711,0.5815485351779592,0.7437381435617875,0.1477184347570949,0.3060502934710321,0.5888954997946478,0.0,38.0,0.99673735725938,0.0631052201719472,0.301414799437968,0.3057715471812722,0.3214718795100397,0.0732510808795612,
angular__rope_knot__s02,angular-derived budget -> rope knot (seed 2),angular,rope_knot,2,best-of-k-restart-blind,ok,3.649726000003284,0.2954480749982576,0.034,0.043069694596711,0.8643833385353524,0.7437440626073963,0.1477240374991288,0.3060554914628173,0.5888954997946478,0.0,38.0,0.99673735725938,0.0631170233210197,0.2252767048186857,0.3462769767806137,0.2136052677598863,0.0440024322071292,
angular__rope_knot__s02,angular-derived budget -> rope knot (seed 2),angular,rope_knot,2,entropy-transport-blind,ok,1.5256512999767438,0.2954368695141897,0.034,0.043069694596711,0.5815485351779618,0.7437381435617861,0.1477184347570948,0.3060502934710322,0.5888954997946478,0.0,38.0,0.99673735725938,0.0631052201719472,0.301414799437968,0.3057715471812722,0.3214718795100397,0.0732510808797082,
angular__rope_knot__s02,angular-derived budget -> rope knot (seed 2),angular,rope_knot,2,langevin-blind,ok,32.53482920001261,0.2954368695141898,0.034,0.043069694596711,0.5815485351779592,0.7437381435617875,0.1477184347570949,0.3060502934710321,0.5888954997946478,0.0,38.0,0.99673735725938,0.0631052201719472,0.301414799437968,0.3057715471812722,0.3214718795100397,0.0290774267590507,
angular__rope_knot__s03,angular-derived budget -> rope knot (seed 3),angular,rope_knot,3,anchor-aware-refiner,ok,0.7765057999931742,0.2907519055872648,0.03,0.041471048513302,1.7020842440926716,0.7253291528142736,0.1453759527936324,0.2402933259746196,0.5851722256555477,0.0,38.0,0.99510603588907,0.0315786907015439,0.5625773950193673,0.4575261503061141,1.625632826249637,,
angular__rope_knot__s03,angular-derived budget -> rope knot (seed 3),angular,rope_knot,3,blind-sa,ok,45.80164240000886,0.2925233575983935,0.03,0.0414386239249413,0.6142256500819238,0.7253298921526722,0.1462616787991967,0.2972501659592357,0.5856037231599062,0.0,38.0,0.995114006514658,0.0567277577457683,0.1874601877919922,0.3139894671144132,0.3907043233096781,0.0704720706839967,0.9833333333333332
angular__rope_knot__s03,angular-derived budget -> rope knot (seed 3),angular,rope_knot,3,projected-gradient-blind,ok,1.5604755000094883,0.2925150142183112,0.0295,0.0414224306369675,0.8297750756830148,0.7253854513723501,0.1462575071091556,0.2972602666470422,0.5851722256555477,0.0,38.0,0.995114006514658,0.0567341671441436,0.1608288541659694,0.3481727882774137,0.2618447424933177,0.0438494112664206,
angular__rope_knot__s03,angular-derived budget -> rope knot (seed 3),angular,rope_knot,3,evolutionary-blind,ok,63.387128900008975,0.2925237670531318,0.03,0.0414386239249413,0.5379615026204481,0.7253291528142736,0.1462618835265659,0.2972457705761392,0.5856037231599062,0.0,38.0,0.995114006514658,0.0567296275799816,0.232239841190467,0.3061669793929781,0.2855061831440195,0.0666088144375444,
angular__rope_knot__s03,angular-derived budget -> rope knot (seed 3),angular,rope_knot,3,best-of-k-restart-blind,ok,3.153410300001269,0.2925269459247444,0.03,0.0414386239249413,0.7724692456898206,0.725317868313006,0.1462634729623722,0.2972383265575013,0.5888954997946478,0.0,38.0,0.995114006514658,0.0567323906542603,0.1674283777260823,0.3405195236325044,0.2816845818538744,0.0391791382273004,
angular__rope_knot__s03,angular-derived budget -> rope knot (seed 3),angular,rope_knot,3,entropy-transport-blind,ok,1.4654218000068795,0.2925237670531317,0.03,0.0414386239249413,0.5379615026204505,0.7253291528142735,0.1462618835265658,0.2972457705761395,0.5856037231599062,0.0,38.0,0.995114006514658,0.0567296275799816,0.232239841190467,0.3061669793929781,0.2855061831440195,0.0666088144374782,
angular__rope_knot__s03,angular-derived budget -> rope knot (seed 3),angular,rope_knot,3,langevin-blind,ok,30.47198760000174,0.2925237670531318,0.03,0.0414386239249413,0.5379615026204481,0.7253291528142736,0.1462618835265659,0.2972457705761392,0.5856037231599062,0.0,38.0,0.995114006514658,0.0567296275799816,0.232239841190467,0.3061669793929781,0.2855061831440195,0.0268980751312925,
angular__rope_knot__s04,angular-derived budget -> rope knot (seed 4),angular,rope_knot,4,anchor-aware-refiner,ok,0.8630038000119384,0.2959070377168011,0.0255,0.0549450549450549,1.7021344952259547,0.7540448890635487,0.1479535188584005,0.2442485496976846,0.5851722256555477,0.0,38.0,0.9934959349593496,0.0303873901719835,0.5623522547669862,0.4547726358325665,1.6390104787379864,,
angular__rope_knot__s04,angular-derived budget -> rope knot (seed 4),angular,rope_knot,4,blind-sa,ok,49.22247249999782,0.2976821375930697,0.0255,0.0559906029757243,0.6764653476224508,0.7540426267753356,0.1488410687965348,0.3104762534802543,0.5856037231599063,0.0,38.0,0.9935275080906149,0.057062277784372,0.2137348327505659,0.3068403928820447,0.0680033509705446,0.0738448756009492,0.9833333333333332
angular__rope_knot__s04,angular-derived budget -> rope knot (seed 4),angular,rope_knot,4,projected-gradient-blind,ok,1.4184370999864768,0.2976878751032482,0.0255,0.0559906029757243,0.8869857272544405,0.7540738627377435,0.1488439375516241,0.310476122977705,0.5856037231599063,0.0,38.0,0.9935275080906149,0.0570938813273221,0.1883952438755824,0.3467040660904943,0.0884536705344123,0.0450180977115492,
angular__rope_knot__s04,angular-derived budget -> rope knot (seed 4),angular,rope_knot,4,evolutionary-blind,ok,59.57539640000323,0.29768088234688,0.0255,0.0559906029757243,0.6219299511293658,0.7540446856047668,0.14884044117344,0.3104777121564649,0.5856037231599063,0.0,38.0,0.9935275080906149,0.0570643578737844,0.2516707138068778,0.3026987550617711,0.0389815589790452,0.0710415480686244,
angular__rope_knot__s04,angular-derived budget -> rope knot (seed 4),angular,rope_knot,4,best-of-k-restart-blind,ok,3.655703500000527,0.2976878751032482,0.0255,0.0559906029757243,0.8869857272544405,0.7540738627377435,0.1488439375516241,0.310476122977705,0.5856037231599063,0.0,38.0,0.9935275080906149,0.0570938813273221,0.1883952438755824,0.3467040660904943,0.0884536705344123,0.0450180977115492,
angular__rope_knot__s04,angular-derived budget -> rope knot (seed 4),angular,rope_knot,4,entropy-transport-blind,ok,1.759426699980395,0.2976808823468799,0.0255,0.0559906029757243,0.6219299511293642,0.7540446856047655,0.1488404411734399,0.3104777121564649,0.5856037231599063,0.0,38.0,0.9935275080906149,0.0570643578737844,0.2516707138068778,0.3026987550617711,0.0389815589790452,0.0710415480684526,
angular__rope_knot__s04,angular-derived budget -> rope knot (seed 4),angular,rope_knot,4,langevin-blind,ok,27.36881089999224,0.29768088234688,0.0255,0.0559906029757243,0.6219299511293658,0.7540446856047668,0.14884044117344,0.3104777121564649,0.5856037231599063,0.0,38.0,0.9935275080906149,0.0570643578737844,0.2516707138068778,0.3026987550617711,0.0389815589790452,0.031096497556723,
angular__rope_knot__s05,angular-derived budget -> rope knot (seed 5),angular,rope_knot,5,anchor-aware-refiner,ok,1.0448426000075417,0.2897337638542547,0.031,0.0540752351097178,1.664693449697152,0.66338964645606,0.1448668819271273,0.2367403194791615,0.5856037231599062,0.0,38.0,0.9951456310679612,0.0320168398151549,0.562012806405425,0.4520832188421247,1.660442842264863,,
angular__rope_knot__s05,angular-derived budget -> rope knot (seed 5),angular,rope_knot,5,blind-sa,ok,43.01141530001769,0.2926106241591305,0.031,0.054445750097924,0.6283078911261981,0.6633905977354199,0.1463053120795652,0.2843238222073648,0.5856037231599062,0.0,38.0,0.9951377633711508,0.0563929615980558,0.2094635560393989,0.3086817289508228,0.0850625629005166,0.0709714529415404,0.9833333333333332
angular__rope_knot__s05,angular-derived budget -> rope knot (seed 5),angular,rope_knot,5,projected-gradient-blind,ok,1.3525559999980032,0.2926399526451287,0.031,0.0544670846394984,0.8440868755547235,0.6633547560791778,0.1463199763225643,0.2843255418393978,0.5856037231599062,0.0,38.0,0.9951377633711508,0.0563836481879159,0.1164883289563133,0.3405031473522261,0.1194193663189313,0.0433369073902876,
angular__rope_knot__s05,angular-derived budget -> rope knot (seed 5),angular,rope_knot,5,evolutionary-blind,ok,62.23284040001454,0.2926211457619597,0.031,0.054445750097924,0.5734133250083513,0.6633896464560605,0.1463105728809798,0.284321892763913,0.5856037231599062,0.0,38.0,0.9951377633711508,0.0563910799432624,0.2207232896719901,0.3041633447929767,0.045445455342103,0.0681444222110635,
angular__rope_knot__s05,angular-derived budget -> rope knot (seed 5),angular,rope_knot,5,best-of-k-restart-blind,ok,3.1533429000119213,0.2926536922102591,0.0305,0.0517038777908343,0.836885990118169,0.6634051038653265,0.1463268461051295,0.2843326711022655,0.5856037231599062,0.0,38.0,0.99510603588907,0.0563756852500482,0.1233881674974758,0.3460039428331707,0.1315231337242131,0.042638609418018,
angular__rope_knot__s05,angular-derived budget -> rope knot (seed 5),angular,rope_knot,5,entropy-transport-blind,ok,1.38404130001436,0.2926211457619597,0.031,0.054445750097924,0.5734133250083527,0.6633896464560596,0.1463105728809798,0.2843218927639124,0.5856037231599062,0.0,38.0,0.9951377633711508,0.0563910799432624,0.2207232896719901,0.3041633447929767,0.045445455342103,0.0681444222113019,
angular__rope_knot__s05,angular-derived budget -> rope knot (seed 5),angular,rope_knot,5,langevin-blind,ok,35.022644799988484,0.2926211457619597,0.031,0.054445750097924,0.5734133250083513,0.6633896464560605,0.1463105728809798,0.284321892763913,0.5856037231599062,0.0,38.0,0.9951377633711508,0.0563910799432624,0.2207232896719901,0.3041633447929767,0.045445455342103,0.0286706662506003,
angular__rope_knot__s06,angular-derived budget -> rope knot (seed 6),angular,rope_knot,6,anchor-aware-refiner,ok,0.7742687999852933,0.2903585788477223,0.034,0.0498039215686274,1.6713468086160133,0.6688816663063225,0.1451792894238611,0.2376404015267204,0.5851722256555476,0.0,38.0,0.99672131147541,0.0322090027035242,0.5623007911447251,0.4537765536481758,1.64215812779865,,
angular__rope_knot__s06,angular-derived budget -> rope knot (seed 6),angular,rope_knot,6,blind-sa,ok,46.46289650001563,0.2955865003549501,0.034,0.0485512920908379,0.6245343802245927,0.668881991193744,0.147793250177475,0.2872732409404425,0.5856037231599063,0.0,38.0,0.995090016366612,0.0585659470687897,0.2227635535956189,0.3114138393954019,0.1222910593207022,0.0722613787432385,0.975
angular__rope_knot__s06,angular-derived budget -> rope knot (seed 6),angular,rope_knot,6,projected-gradient-blind,ok,1.5330656000005547,0.2956036435488808,0.034,0.04853228962818,0.8122766174733722,0.6689144182411513,0.1478018217744404,0.2872682489925794,0.5856037231599063,0.0,38.0,0.995090016366612,0.0585760389149734,0.1595364004650118,0.3373750764133579,0.1804603013115073,0.0415396348681826,
angular__rope_knot__s06,angular-derived budget -> rope knot (seed 6),angular,rope_knot,6,evolutionary-blind,ok,59.85923629999161,0.29558324220265,0.034,0.0485703094398746,0.5749134825702304,0.6688816663063235,0.147791621101325,0.2872754216430732,0.5856037231599063,0.0,38.0,0.995090016366612,0.0585664896725855,0.2717600208525165,0.306006112766202,0.0033966792406603,0.0697422168997654,
angular__rope_knot__s06,angular-derived budget -> rope knot (seed 6),angular,rope_knot,6,best-of-k-restart-blind,ok,3.3224550999875646,0.2956036435488808,0.034,0.04853228962818,0.8122766174733722,0.6689144182411513,0.1478018217744404,0.2872682489925794,0.5856037231599063,0.0,38.0,0.995090016366612,0.0585760389149734,0.1595364004650118,0.3373750764133579,0.1804603013115073,0.0415396348681826,
angular__rope_knot__s06,angular-derived budget -> rope knot (seed 6),angular,rope_knot,6,entropy-transport-blind,ok,1.174652400019113,0.2955832422026498,0.034,0.0485703094398746,0.5749134825702328,0.6688816663063197,0.1477916211013249,0.2872754216430723,0.5856037231599063,0.0,38.0,0.995090016366612,0.0585664896725855,0.2717600208525165,0.306006112766202,0.0033966792406603,0.0697422168998469,
angular__rope_knot__s06,angular-derived budget -> rope knot (seed 6),angular,rope_knot,6,langevin-blind,ok,30.62219319998985,0.29558324220265,0.034,0.0485703094398746,0.5749134825702304,0.6688816663063235,0.147791621101325,0.2872754216430732,0.5856037231599063,0.0,38.0,0.995090016366612,0.0585664896725855,0.2717600208525165,0.306006112766202,0.0033966792406603,0.028745674128737,
angular__rope_knot__s07,angular-derived budget -> rope knot (seed 7),angular,rope_knot,7,anchor-aware-refiner,ok,0.8539229999878444,0.2953333534127004,0.0285,0.0571315996847911,1.7481905530432855,0.7582481417190724,0.1476666767063502,0.2455147184672996,0.5612315290683279,0.0,38.0,0.9950331125827816,0.029922760780711,0.562130624193743,0.4586534767298814,1.6528199183043184,,
angular__rope_knot__s07,angular-derived budget -> rope knot (seed 7),angular,rope_knot,7,blind-sa,ok,45.56054400000721,0.2986634123399295,0.0285,0.050314465408805,0.7119993496473577,0.7582455123630485,0.1493317061699647,0.3147265052242869,0.551090443234629,0.0,38.0,0.9950738916256158,0.0506193230876043,0.2016181921712386,0.3159839991127082,0.0499824661808219,0.0711472464774737,0.975
angular__rope_knot__s07,angular-derived budget -> rope knot (seed 7),angular,rope_knot,7,projected-gradient-blind,ok,1.3687118000234475,0.298652213770272,0.0285,0.0502946954813359,0.924353415927166,0.7581878408850071,0.149326106885136,0.3147222149158393,0.551090443234629,0.0,38.0,0.9950738916256158,0.0505909095488364,0.1722884782265732,0.3473536911146998,0.1698068417953333,0.0473138536356245,
angular__rope_knot__s07,angular-derived budget -> rope knot (seed 7),angular,rope_knot,7,evolutionary-blind,ok,58.91484919999493,0.298654112250751,0.0285,0.0503342508847817,0.6543541975232879,0.7582481417190724,0.1493270561253755,0.3147268326405458,0.551090443234629,0.0,38.0,0.9950738916256158,0.0506242933630468,0.2017707788359176,0.3106812472491558,0.0631801898433521,0.0681547152307588,
angular__rope_knot__s07,angular-derived budget -> rope knot (seed 7),angular,rope_knot,7,best-of-k-restart-blind,ok,3.44182490001549,0.2987134797646196,0.0285,0.0499410145497443,0.915200125026149,0.7582145138605518,0.1493567398823098,0.3147102457070149,0.551090443234629,0.0,38.0,0.9950738916256158,0.0506562728675291,0.1830731076805014,0.3471871554736555,0.1873336184686329,0.0463876948525311,
angular__rope_knot__s07,angular-derived budget -> rope knot (seed 7),angular,rope_knot,7,entropy-transport-blind,ok,1.3399209000053816,0.2986541122507509,0.0285,0.0503342508847817,0.6543541975232902,0.7582481417190707,0.1493270561253754,0.3147268326405461,0.551090443234629,0.0,38.0,0.9950738916256158,0.0506242933630468,0.2017707788359176,0.3106812472491558,0.0631801898433521,0.0681547152307222,
angular__rope_knot__s07,angular-derived budget -> rope knot (seed 7),angular,rope_knot,7,langevin-blind,ok,31.12184320000233,0.298654112250751,0.0285,0.0503342508847817,0.6543541975232879,0.7582481417190724,0.1493270561253755,0.3147268326405458,0.551090443234629,0.0,38.0,0.9950738916256158,0.0506242933630468,0.2017707788359176,0.3106812472491558,0.0631801898433521,0.0327177098763968,
angular__sleeping_fox__s00,angular-derived budget -> sleeping fox (seed 0),angular,sleeping_fox,0,anchor-aware-refiner,ok,0.9327319000149146,0.144423770739079,0.1655,0.5972386587771203,2.510442347838908,0.441877206009739,0.0722118853695395,0.1090206002335514,0.335179195276719,0.0,0.0,0.8982102908277405,0.0016931990155164,0.5670265558861807,0.4857196882049911,1.4450439833578137,,
angular__sleeping_fox__s00,angular-derived budget -> sleeping fox (seed 0),angular,sleeping_fox,0,blind-sa,ok,44.44704279999132,0.1616686321912783,0.1655,0.6925714285714286,0.4191782917171022,0.4418772060097395,0.0808343160956391,0.157596614702495,0.3105397741378641,0.0,7.0,0.9009779951100244,0.0035396340015405,0.4186120849185858,0.0356838076531787,0.275536601954246,0.0234366583872615,0.9583333333333334
angular__sleeping_fox__s00,angular-derived budget -> sleeping fox (seed 0),angular,sleeping_fox,0,projected-gradient-blind,ok,1.258206500002416,0.1616686321912783,0.1655,0.6925714285714286,0.4191782917171022,0.4418772060097395,0.0808343160956391,0.157596614702495,0.3105397741378641,0.0,7.0,0.9009779951100244,0.0035396340015405,0.4186120849185858,0.0356838076531787,0.275536601954246,0.0209589145860215,
angular__sleeping_fox__s00,angular-derived budget -> sleeping fox (seed 0),angular,sleeping_fox,0,evolutionary-blind,ok,57.98684769999818,0.1616686321912783,0.1655,0.6925714285714286,0.4191782917171022,0.4418772060097395,0.0808343160956391,0.157596614702495,0.3105397741378641,0.0,7.0,0.9009779951100244,0.0035396340015405,0.4186120849185858,0.0356838076531787,0.275536601954246,0.0234366583872615,
angular__sleeping_fox__s00,angular-derived budget -> sleeping fox (seed 0),angular,sleeping_fox,0,best-of-k-restart-blind,ok,3.169875099993078,0.1616686321912783,0.1655,0.6925714285714286,0.4191782917171022,0.4418772060097395,0.0808343160956391,0.157596614702495,0.3105397741378641,0.0,7.0,0.9009779951100244,0.0035396340015405,0.4186120849185858,0.0356838076531787,0.275536601954246,0.0209589145860215,
angular__sleeping_fox__s00,angular-derived budget -> sleeping fox (seed 0),angular,sleeping_fox,0,entropy-transport-blind,ok,1.1489748999883886,0.1616686321912783,0.1655,0.6925714285714286,0.4191782917171018,0.4418772060097414,0.0808343160956391,0.157596614702495,0.3105397741378641,0.0,7.0,0.9009779951100244,0.0035396340015405,0.4186120849185858,0.0356838076531787,0.275536601954246,0.0234366583875522,
angular__sleeping_fox__s00,angular-derived budget -> sleeping fox (seed 0),angular,sleeping_fox,0,langevin-blind,ok,31.001141999993703,0.1616686321912783,0.1655,0.6925714285714286,0.4191782917171022,0.4418772060097395,0.0808343160956391,0.157596614702495,0.3105397741378641,0.0,7.0,0.9009779951100244,0.0035396340015405,0.4186120849185858,0.0356838076531787,0.275536601954246,0.0209589145860215,
angular__sleeping_fox__s01,angular-derived budget -> sleeping fox (seed 1),angular,sleeping_fox,1,anchor-aware-refiner,ok,0.8153182999812998,0.1441853303223847,0.1745,0.5787806809184481,2.4428904631588404,0.4419781542172711,0.0720926651611923,0.1089974005457919,0.3391374532455188,0.0,3.0,0.917743830787309,0.0017209603677003,0.5670265558861807,0.4857616048924563,1.4450439833578137,,
angular__sleeping_fox__s01,angular-derived budget -> sleeping fox (seed 1),angular,sleeping_fox,1,blind-sa,ok,44.726185400009854,0.1611178284067628,0.175,0.6834094368340944,0.4191115978774256,0.4419781542172718,0.0805589142033814,0.157084885326044,0.3113767366085969,0.0,6.0,0.9095127610208816,0.0035110237022295,0.3934898624158974,0.0340119621299625,0.3070440883429923,0.0234132964856857,0.9916666666666668
angular__sleeping_fox__s01,angular-derived budget -> sleeping fox (seed 1),angular,sleeping_fox,1,projected-gradient-blind,ok,1.3209323000046425,0.1611178284067628,0.175,0.6834094368340944,0.4191115978774256,0.4419781542172718,0.0805589142033814,0.157084885326044,0.3113767366085969,0.0,6.0,0.9095127610208816,0.0035110237022295,0.3934898624158974,0.0340119621299625,0.3070440883429923,0.0209555798940007,
angular__sleeping_fox__s01,angular-derived budget -> sleeping fox (seed 1),angular,sleeping_fox,1,evolutionary-blind,ok,61.83408899998176,0.1611178284067628,0.175,0.6834094368340944,0.4191115978774256,0.4419781542172718,0.0805589142033814,0.157084885326044,0.3113767366085969,0.0,6.0,0.9095127610208816,0.0035110237022295,0.3934898624158974,0.0340119621299625,0.3070440883429923,0.0234132964856857,
angular__sleeping_fox__s01,angular-derived budget -> sleeping fox (seed 1),angular,sleeping_fox,1,best-of-k-restart-blind,ok,3.262681799998973,0.1611178284067628,0.175,0.6834094368340944,0.4191115978774256,0.4419781542172718,0.0805589142033814,0.157084885326044,0.3113767366085969,0.0,6.0,0.9095127610208816,0.0035110237022295,0.3934898624158974,0.0340119621299625,0.3070440883429923,0.0209555798940007,
angular__sleeping_fox__s01,angular-derived budget -> sleeping fox (seed 1),angular,sleeping_fox,1,entropy-transport-blind,ok,1.303536499995971,0.1611178284067629,0.175,0.6834094368340944,0.4191115978774258,0.4419781542172736,0.0805589142033814,0.1570848853260441,0.3113767366085969,0.0,6.0,0.9095127610208816,0.0035110237022295,0.3934898624158974,0.0340119621299625,0.3070440883429923,0.0234132964858531,
angular__sleeping_fox__s01,angular-derived budget -> sleeping fox (seed 1),angular,sleeping_fox,1,langevin-blind,ok,31.44780970001011,0.1611178284067628,0.175,0.6834094368340944,0.4191115978774256,0.4419781542172718,0.0805589142033814,0.157084885326044,0.3113767366085969,0.0,6.0,0.9095127610208816,0.0035110237022295,0.3934898624158974,0.0340119621299625,0.3070440883429923,0.0209555798940007,
angular__sleeping_fox__s02,angular-derived budget -> sleeping fox (seed 2),angular,sleeping_fox,2,anchor-aware-refiner,ok,0.7779884999908973,0.1441252237251611,0.1705,0.5838582677165355,2.564237132703619,0.4387300781135069,0.0720626118625805,0.1090797234006744,0.3362825361364415,0.0,9.0,0.9143763213530656,0.001712515074792,0.5683561246209492,0.4910875940934376,1.4109057856203882,,
angular__sleeping_fox__s02,angular-derived budget -> sleeping fox (seed 2),angular,sleeping_fox,2,blind-sa,ok,45.5082671000273,0.1612877849848137,0.1705,0.6797261316089768,0.4146931500216361,0.438730078113506,0.0806438924924068,0.1571166656716201,0.3102072321709739,0.0,0.0,0.9210526315789472,0.0034870010887248,0.3720565632935799,0.034161333978497,0.3706294181203013,0.0231755582636876,0.9833333333333332
angular__sleeping_fox__s02,angular-derived budget -> sleeping fox (seed 2),angular,sleeping_fox,2,projected-gradient-blind,ok,1.323289099993417,0.1612831678394151,0.1705,0.6797261316089768,0.4159191946936574,0.4387350364102696,0.0806415839197075,0.1571156760983633,0.3102072321709739,0.0,0.0,0.9210526315789472,0.0034868883925197,0.3720565632935799,0.034384773867285,0.3706294181203013,0.0208419265797085,
angular__sleeping_fox__s02,angular-derived budget -> sleeping fox (seed 2),angular,sleeping_fox,2,evolutionary-blind,ok,59.97922489998746,0.1612877849848137,0.1705,0.6797261316089768,0.4146931500216361,0.438730078113506,0.0806438924924068,0.1571166656716201,0.3102072321709739,0.0,0.0,0.9210526315789472,0.0034870010887248,0.3720565632935799,0.034161333978497,0.3706294181203013,0.0231755582636876,
angular__sleeping_fox__s02,angular-derived budget -> sleeping fox (seed 2),angular,sleeping_fox,2,best-of-k-restart-blind,ok,3.1345251000020653,0.1612877849848137,0.1705,0.6797261316089768,0.4146931500216361,0.438730078113506,0.0806438924924068,0.1571166656716201,0.3102072321709739,0.0,0.0,0.9210526315789472,0.0034870010887248,0.3720565632935799,0.034161333978497,0.3706294181203013,0.0207346575013368,
angular__sleeping_fox__s02,angular-derived budget -> sleeping fox (seed 2),angular,sleeping_fox,2,entropy-transport-blind,ok,1.178588300012052,0.161287784984814,0.1705,0.6797261316089768,0.414693150021637,0.4387300781135028,0.080643892492407,0.15711666567162,0.3102072321709739,0.0,0.0,0.9210526315789472,0.0034870010887248,0.3720565632935799,0.034161333978497,0.3706294181203013,0.0231755582636769,
angular__sleeping_fox__s02,angular-derived budget -> sleeping fox (seed 2),angular,sleeping_fox,2,langevin-blind,ok,30.203108700021403,0.1612877849848137,0.1705,0.6797261316089768,0.4146931500216361,0.438730078113506,0.0806438924924068,0.1571166656716201,0.3102072321709739,0.0,0.0,0.9210526315789472,0.0034870010887248,0.3720565632935799,0.034161333978497,0.3706294181203013,0.0207346575013368,
angular__sleeping_fox__s03,angular-derived budget -> sleeping fox (seed 3),angular,sleeping_fox,3,anchor-aware-refiner,ok,0.8565628999785986,0.1435426955706329,0.1745,0.5986608901142182,2.3948180532748777,0.4411042770943602,0.0717713477853164,0.108423541481489,0.3336319087322479,0.0,1.0,0.9071274298056156,0.0017532601484519,0.5674557210577555,0.4818096437210248,1.4332959466921402,,
angular__sleeping_fox__s03,angular-derived budget -> sleeping fox (seed 3),angular,sleeping_fox,3,blind-sa,ok,47.79810619997443,0.1601473797839347,0.1745,0.6838514025777104,0.4077791065391478,0.4411042770943604,0.0800736898919673,0.1551681114991366,0.3078641979117144,0.0,8.0,0.90442054958184,0.0033611217001417,0.365601808717433,0.0334592328680151,0.3930392990606262,0.0227417405173749,0.9416666666666668
angular__sleeping_fox__s03,angular-derived budget -> sleeping fox (seed 3),angular,sleeping_fox,3,projected-gradient-blind,ok,1.3250981000019235,0.1601473797839347,0.1745,0.6838514025777104,0.4077791065391479,0.4411042770943602,0.0800736898919673,0.1551681114991366,0.3078641979117144,0.0,8.0,0.90442054958184,0.0033611217001417,0.365601808717433,0.0334592328680151,0.3930392990606262,0.0203889553271193,
angular__sleeping_fox__s03,angular-derived budget -> sleeping fox (seed 3),angular,sleeping_fox,3,evolutionary-blind,ok,59.22541670000646,0.1601473797839347,0.1745,0.6838514025777104,0.4077791065391479,0.4411042770943602,0.0800736898919673,0.1551681114991366,0.3078641979117144,0.0,8.0,0.90442054958184,0.0033611217001417,0.365601808717433,0.0334592328680151,0.3930392990606262,0.0227417405173802,
angular__sleeping_fox__s03,angular-derived budget -> sleeping fox (seed 3),angular,sleeping_fox,3,best-of-k-restart-blind,ok,3.4258259999915026,0.1601473797839347,0.1745,0.6838514025777104,0.4077791065391479,0.4411042770943602,0.0800736898919673,0.1551681114991366,0.3078641979117144,0.0,8.0,0.90442054958184,0.0033611217001417,0.365601808717433,0.0334592328680151,0.3930392990606262,0.0203889553271193,
angular__sleeping_fox__s03,angular-derived budget -> sleeping fox (seed 3),angular,sleeping_fox,3,entropy-transport-blind,ok,1.3392812999954913,0.1601473797839344,0.1745,0.6838514025777104,0.4077791065391484,0.4411042770943604,0.0800736898919672,0.1551681114991367,0.3078641979117144,0.0,8.0,0.90442054958184,0.0033611217001417,0.365601808717433,0.0334592328680151,0.3930392990606262,0.022741740517567,
angular__sleeping_fox__s03,angular-derived budget -> sleeping fox (seed 3),angular,sleeping_fox,3,langevin-blind,ok,30.891952000005404,0.1601473797839347,0.1745,0.6838514025777104,0.4077791065391479,0.4411042770943602,0.0800736898919673,0.1551681114991366,0.3078641979117144,0.0,8.0,0.90442054958184,0.0033611217001417,0.365601808717433,0.0334592328680151,0.3930392990606262,0.0203889553271193,
angular__sleeping_fox__s04,angular-derived budget -> sleeping fox (seed 4),angular,sleeping_fox,4,anchor-aware-refiner,ok,1.0253610000072513,0.1431220275294048,0.1725,0.5510688836104513,2.180338225192146,0.4392135010090385,0.0715610137647024,0.1078336203667138,0.3227712038243739,0.0,8.0,0.9303867403314916,0.0016974910270388,0.5666879069166315,0.4717649996010353,1.454846993948565,,
angular__sleeping_fox__s04,angular-derived budget -> sleeping fox (seed 4),angular,sleeping_fox,4,blind-sa,ok,39.95024909998756,0.1595337571008917,0.173,0.6818526955201215,0.4214709382887228,0.439213501009038,0.0797668785504458,0.1551921118620758,0.3077197992236578,0.0,6.0,0.9001122334455668,0.0034510698986889,0.3765364737724176,0.0354049612904538,0.3479250541716521,0.0234892958439621,0.9916666666666668
angular__sleeping_fox__s04,angular-derived budget -> sleeping fox (seed 4),angular,sleeping_fox,4,projected-gradient-blind,ok,1.0419802999822425,0.1595337571008917,0.173,0.6818526955201215,0.4214709382887228,0.439213501009038,0.0797668785504458,0.1551921118620758,0.3077197992236578,0.0,6.0,0.9001122334455668,0.0034510698986889,0.3765364737724176,0.0354049612904538,0.3479250541716521,0.0210735469146613,
angular__sleeping_fox__s04,angular-derived budget -> sleeping fox (seed 4),angular,sleeping_fox,4,evolutionary-blind,ok,57.51478869997664,0.1595337571008917,0.173,0.6818526955201215,0.4214709382887228,0.439213501009038,0.0797668785504458,0.1551921118620758,0.3077197992236578,0.0,6.0,0.9001122334455668,0.0034510698986889,0.3765364737724176,0.0354049612904538,0.3479250541716521,0.0234892958439621,
angular__sleeping_fox__s04,angular-derived budget -> sleeping fox (seed 4),angular,sleeping_fox,4,best-of-k-restart-blind,ok,3.3742445000098087,0.1595337571008917,0.173,0.6818526955201215,0.4214709382887228,0.439213501009038,0.0797668785504458,0.1551921118620758,0.3077197992236578,0.0,6.0,0.9001122334455668,0.0034510698986889,0.3765364737724176,0.0354049612904538,0.3479250541716521,0.0210735469146613,
angular__sleeping_fox__s04,angular-derived budget -> sleeping fox (seed 4),angular,sleeping_fox,4,entropy-transport-blind,ok,1.3877803000214044,0.1595337571008915,0.173,0.6818526955201215,0.4214709382887225,0.4392135010090383,0.0797668785504457,0.155192111862075,0.3077197992236578,0.0,6.0,0.9001122334455668,0.0034510698986889,0.3765364737724176,0.0354049612904538,0.3479250541716521,0.0234892958441569,
angular__sleeping_fox__s04,angular-derived budget -> sleeping fox (seed 4),angular,sleeping_fox,4,langevin-blind,ok,29.29754400000093,0.1595337571008917,0.173,0.6818526955201215,0.4214709382887228,0.439213501009038,0.0797668785504458,0.1551921118620758,0.3077197992236578,0.0,6.0,0.9001122334455668,0.0034510698986889,0.3765364737724176,0.0354049612904538,0.3479250541716521,0.0210735469146613,
angular__sleeping_fox__s05,angular-derived budget -> sleeping fox (seed 5),angular,sleeping_fox,5,anchor-aware-refiner,ok,0.8880167999886908,0.1427726182039763,0.171,0.5805302730510487,2.307316682783476,0.4419359206886681,0.0713863091019881,0.1077820111241695,0.3227712038243739,0.0,4.0,0.9073660714285714,0.0017131958110144,0.5662083360944825,0.481703887443755,1.4695885263057795,,
angular__sleeping_fox__s05,angular-derived budget -> sleeping fox (seed 5),angular,sleeping_fox,5,blind-sa,ok,52.73659899999621,0.1588310983861363,0.171,0.6871678056188307,0.4196459006818986,0.4419359206886677,0.0794155491930681,0.1544364158060541,0.3075662670520523,0.0,3.0,0.9063583815028902,0.0033479040195405,0.4041699227938581,0.0352100060358447,0.3090195311094916,0.0233258278481209,0.9916666666666668
angular__sleeping_fox__s05,angular-derived budget -> sleeping fox (seed 5),angular,sleeping_fox,5,projected-gradient-blind,ok,1.2867958999995608,0.1588382427339853,0.171,0.6871678056188307,0.4212348213802043,0.4419371136612815,0.0794191213669926,0.154440380149059,0.3075662670520523,0.0,3.0,0.9063583815028902,0.0033486256107379,0.4041699227938581,0.0356344613898654,0.3092087732674176,0.0211307904229751,
angular__sleeping_fox__s05,angular-derived budget -> sleeping fox (seed 5),angular,sleeping_fox,5,evolutionary-blind,ok,60.213249099993845,0.1588310983861363,0.171,0.6871678056188307,0.4196459006818986,0.4419359206886677,0.0794155491930681,0.1544364158060541,0.3075662670520523,0.0,3.0,0.9063583815028902,0.0033479040195405,0.4041699227938581,0.0352100060358447,0.3090195311094916,0.0233258278481209,
angular__sleeping_fox__s05,angular-derived budget -> sleeping fox (seed 5),angular,sleeping_fox,5,best-of-k-restart-blind,ok,3.172793899982935,0.1588310983861363,0.171,0.6871678056188307,0.4196459006818986,0.4419359206886677,0.0794155491930681,0.1544364158060541,0.3075662670520523,0.0,3.0,0.9063583815028902,0.0033479040195405,0.4041699227938581,0.0352100060358447,0.3090195311094916,0.0209822950342703,
angular__sleeping_fox__s05,angular-derived budget -> sleeping fox (seed 5),angular,sleeping_fox,5,entropy-transport-blind,ok,1.1411283999914303,0.158831098386136,0.171,0.6871678056188307,0.4196459006818986,0.4419359206886656,0.079415549193068,0.154436415806054,0.3075662670520523,0.0,3.0,0.9063583815028902,0.0033479040195405,0.4041699227938581,0.0352100060358447,0.3090195311094916,0.0233258278482342,
angular__sleeping_fox__s05,angular-derived budget -> sleeping fox (seed 5),angular,sleeping_fox,5,langevin-blind,ok,30.25836569999228,0.1588310983861363,0.171,0.6871678056188307,0.4196459006818986,0.4419359206886677,0.0794155491930681,0.1544364158060541,0.3075662670520523,0.0,3.0,0.9063583815028902,0.0033479040195405,0.4041699227938581,0.0352100060358447,0.3090195311094916,0.0209822950342703,
angular__sleeping_fox__s06,angular-derived budget -> sleeping fox (seed 6),angular,sleeping_fox,6,anchor-aware-refiner,ok,0.9277115000004414,0.143898796084944,0.166,0.6001574183392365,2.298648005436524,0.4415488286133444,0.071949398042472,0.1087491959355164,0.326656148146402,0.0,7.0,0.906636670416198,0.0017292791258856,0.5670478592690333,0.4842897398032378,1.4444433500478766,,
angular__sleeping_fox__s06,angular-derived budget -> sleeping fox (seed 6),angular,sleeping_fox,6,blind-sa,ok,45.00732319999952,0.1609117114513087,0.166,0.6763027767211868,0.4180209387909713,0.4415488286133446,0.0804558557256543,0.1554887772981747,0.3068809991551668,0.0,3.0,0.9222737819025522,0.0032690571948862,0.3963228520669278,0.0291778870628859,0.3119584208487795,0.0231893869764202,0.95
angular__sleeping_fox__s06,angular-derived budget -> sleeping fox (seed 6),angular,sleeping_fox,6,projected-gradient-blind,ok,1.380595599999651,0.1609117114513087,0.166,0.6763027767211868,0.4180209387909713,0.4415488286133446,0.0804558557256543,0.1554887772981747,0.3068809991551668,0.0,3.0,0.9222737819025522,0.0032690571948862,0.3963228520669278,0.0291778870628859,0.3119584208487795,0.020901046939776,
angular__sleeping_fox__s06,angular-derived budget -> sleeping fox (seed 6),angular,sleeping_fox,6,evolutionary-blind,ok,60.76761890001944,0.1609117114513087,0.166,0.6763027767211868,0.4180209387909713,0.4415488286133446,0.0804558557256543,0.1554887772981747,0.3068809991551668,0.0,3.0,0.9222737819025522,0.0032690571948862,0.3963228520669278,0.0291778870628859,0.3119584208487795,0.0231893869764202,
angular__sleeping_fox__s06,angular-derived budget -> sleeping fox (seed 6),angular,sleeping_fox,6,best-of-k-restart-blind,ok,3.196825999999419,0.1609117114513087,0.166,0.6763027767211868,0.4180209387909713,0.4415488286133446,0.0804558557256543,0.1554887772981747,0.3068809991551668,0.0,3.0,0.9222737819025522,0.0032690571948862,0.3963228520669278,0.0291778870628859,0.3119584208487795,0.020901046939776,
angular__sleeping_fox__s06,angular-derived budget -> sleeping fox (seed 6),angular,sleeping_fox,6,entropy-transport-blind,ok,1.9777594999759456,0.1609117114513086,0.166,0.6763027767211868,0.4180209387909709,0.4415488286133444,0.0804558557256543,0.1554887772981746,0.3068809991551668,0.0,3.0,0.9222737819025522,0.0032690571948862,0.3963228520669278,0.0291778870628859,0.3119584208487795,0.0231893869763262,
angular__sleeping_fox__s06,angular-derived budget -> sleeping fox (seed 6),angular,sleeping_fox,6,langevin-blind,ok,32.15240099999937,0.1609117114513087,0.166,0.6763027767211868,0.4180209387909713,0.4415488286133446,0.0804558557256543,0.1554887772981747,0.3068809991551668,0.0,3.0,0.9222737819025522,0.0032690571948862,0.3963228520669278,0.0291778870628859,0.3119584208487795,0.020901046939776,
angular__sleeping_fox__s07,angular-derived budget -> sleeping fox (seed 7),angular,sleeping_fox,7,anchor-aware-refiner,ok,0.8131588000105694,0.1440692847849311,0.166,0.5911058638331366,2.332935598402937,0.4438245205878413,0.0720346423924655,0.1085289655799282,0.3294971638565075,0.0,8.0,0.9039351851851852,0.0017225964792645,0.5662911287129421,0.477998565012147,1.4669686766968213,,
angular__sleeping_fox__s07,angular-derived budget -> sleeping fox (seed 7),angular,sleeping_fox,7,blind-sa,ok,46.06650710001122,0.1605824554918587,0.166,0.6837899543378996,0.4263747556874355,0.4438245205878404,0.0802912277459293,0.1555311060505075,0.3123793348285035,0.0,4.0,0.9088757396449704,0.0035290069628936,0.392821029191652,0.0329961133540045,0.2835545019473593,0.0237890426588002,0.975
angular__sleeping_fox__s07,angular-derived budget -> sleeping fox (seed 7),angular,sleeping_fox,7,projected-gradient-blind,ok,1.2686855999927502,0.1605865336196297,0.166,0.6837899543378996,0.4277290702829341,0.4438282862051841,0.0802932668098148,0.1555322557098786,0.3123793348285035,0.0,4.0,0.9088757396449704,0.0035292438239074,0.3928296328725428,0.033239887611699,0.2835545019473593,0.0214378740422278,
angular__sleeping_fox__s07,angular-derived budget -> sleeping fox (seed 7),angular,sleeping_fox,7,evolutionary-blind,ok,59.38240200001746,0.1605824554918587,0.166,0.6837899543378996,0.4263747556874355,0.4438245205878404,0.0802912277459293,0.1555311060505075,0.3123793348285035,0.0,4.0,0.9088757396449704,0.0035290069628936,0.392821029191652,0.0329961133540045,0.2835545019473593,0.0237890426588429,
angular__sleeping_fox__s07,angular-derived budget -> sleeping fox (seed 7),angular,sleeping_fox,7,best-of-k-restart-blind,ok,3.2773664999986067,0.1605824554918587,0.166,0.6837899543378996,0.4263747556874355,0.4438245205878404,0.0802912277459293,0.1555311060505075,0.3123793348285035,0.0,4.0,0.9088757396449704,0.0035290069628936,0.392821029191652,0.0329961133540045,0.2835545019473593,0.0213187377845988,
angular__sleeping_fox__s07,angular-derived budget -> sleeping fox (seed 7),angular,sleeping_fox,7,entropy-transport-blind,ok,1.470112799986964,0.1605824554918586,0.166,0.6837899543378996,0.4263747556874354,0.4438245205878416,0.0802912277459293,0.1555311060505078,0.3123793348285035,0.0,4.0,0.9088757396449704,0.0035290069628936,0.392821029191652,0.0329961133540045,0.2835545019473593,0.023789042658818,
angular__sleeping_fox__s07,angular-derived budget -> sleeping fox (seed 7),angular,sleeping_fox,7,langevin-blind,ok,30.37351380000473,0.1605824554918587,0.166,0.6837899543378996,0.4263747556874355,0.4438245205878404,0.0802912277459293,0.1555311060505075,0.3123793348285035,0.0,4.0,0.9088757396449704,0.0035290069628936,0.392821029191652,0.0329961133540045,0.2835545019473593,0.0213187377845988,
angular__thumb_glyph__s00,angular-derived budget -> thumb glyph (seed 0),angular,thumb_glyph,0,anchor-aware-refiner,ok,0.8267660000128672,0.2424865664125468,0.0575,0.1942446043165467,2.057649904870597,0.5699277571476881,0.1212432832062734,0.1951700162603199,0.4366837394549226,0.0,35.0,0.9749552772808586,0.0091865808275542,0.566167036072333,0.4310961110524943,1.4709074353620877,,
angular__thumb_glyph__s00,angular-derived budget -> thumb glyph (seed 0),angular,thumb_glyph,0,blind-sa,ok,42.848376300011296,0.2548467472091086,0.0575,0.1906847133757961,0.3858093344937089,0.569927757147689,0.1274233736045543,0.253847591410646,0.4309137757278657,0.0,35.0,0.9628252788104088,0.0103643207360794,0.0281987725430629,0.1254558169912912,0.0774556793704537,0.0265454912402946,0.9833333333333332
angular__thumb_glyph__s00,angular-derived budget -> thumb glyph (seed 0),angular,thumb_glyph,0,projected-gradient-blind,ok,1.3753817999968303,0.2548627654000468,0.0575,0.1898885350318471,0.456478854902975,0.5699750239949323,0.1274313827000234,0.2538535783043343,0.4309137757278657,0.0,35.0,0.9628252788104088,0.0103634185280698,0.0271658687285749,0.1350129602077245,0.0854919486444396,0.0234105984821944,
angular__thumb_glyph__s00,angular-derived budget -> thumb glyph (seed 0),angular,thumb_glyph,0,evolutionary-blind,ok,56.77323140000226,0.2548467472091086,0.0575,0.1906847133757961,0.3858093344937089,0.569927757147689,0.1274233736045543,0.253847591410646,0.4309137757278657,0.0,35.0,0.9628252788104088,0.0103643207360794,0.0281987725430629,0.1254558169912912,0.0774556793704537,0.0265454912402946,
angular__thumb_glyph__s00,angular-derived budget -> thumb glyph (seed 0),angular,thumb_glyph,0,best-of-k-restart-blind,ok,3.2023655000084545,0.2548520728909111,0.0575,0.1902866242038216,0.4486298456214467,0.5700014321897935,0.1274260364454555,0.2538570324973839,0.4309137757278657,0.0,35.0,0.9628252788104088,0.0103608772083129,0.0127582936222398,0.135494129253033,0.022893639438406,0.0228596334177201,
angular__thumb_glyph__s00,angular-derived budget -> thumb glyph (seed 0),angular,thumb_glyph,0,entropy-transport-blind,ok,1.190926599985687,0.2548467472091077,0.0575,0.1906847133757961,0.3858093344937097,0.5699277571476831,0.1274233736045538,0.2538475914106464,0.4309137757278657,0.0,35.0,0.9628252788104088,0.0103643207360794,0.0281987725430629,0.1254558169912912,0.0774556793704537,0.0265454912403202,
angular__thumb_glyph__s00,angular-derived budget -> thumb glyph (seed 0),angular,thumb_glyph,0,langevin-blind,ok,29.01439150000806,0.2548467472091086,0.0575,0.1906847133757961,0.3858093344937089,0.569927757147689,0.1274233736045543,0.253847591410646,0.4309137757278657,0.0,35.0,0.9628252788104088,0.0103643207360794,0.0281987725430629,0.1254558169912912,0.0774556793704537,0.0192904667248667,
angular__thumb_glyph__s01,angular-derived budget -> thumb glyph (seed 1),angular,thumb_glyph,1,anchor-aware-refiner,ok,0.8343262999842409,0.2434415612638887,0.0495,0.1932270916334661,2.052666824901942,0.5658857139502738,0.1217207806319443,0.1958636482656925,0.435016679309373,0.0,34.0,0.9650959860383944,0.0092317018937909,0.5665201340012813,0.4333749394980554,1.4598864375318314,,
angular__thumb_glyph__s01,angular-derived budget -> thumb glyph (seed 1),angular,thumb_glyph,1,blind-sa,ok,43.24489989998983,0.2588143586433555,0.0495,0.1858898137138327,0.3869709311142307,0.5658857139502738,0.1294071793216777,0.2531769074049461,0.4300864008354714,0.0,38.0,0.9735349716446124,0.0103133538068634,0.0226586868248895,0.1221805973834717,0.0295052483775424,0.0265678942206068,1.0
angular__thumb_glyph__s01,angular-derived budget -> thumb glyph (seed 1),angular,thumb_glyph,1,projected-gradient-blind,ok,1.3923283999902196,0.2588083071276977,0.0495,0.1854934601664684,0.4632015801312046,0.5658042172075248,0.1294041535638488,0.2531770656203133,0.4300864008354714,0.0,38.0,0.9754716981132076,0.010313662154947,0.0215864255394453,0.1340891976490529,0.0259305350294769,0.0237429373073087,
angular__thumb_glyph__s01,angular-derived budget -> thumb glyph (seed 1),angular,thumb_glyph,1,evolutionary-blind,ok,56.4142004000023,0.2588143586433554,0.0495,0.1858898137138327,0.3869709311142308,0.5658857139502738,0.1294071793216777,0.2531769074049461,0.4300864008354714,0.0,38.0,0.9735349716446124,0.0103133538068634,0.0226586868248895,0.1221805973834717,0.0295052483775424,0.0265678942209094,
angular__thumb_glyph__s01,angular-derived budget -> thumb glyph (seed 1),angular,thumb_glyph,1,best-of-k-restart-blind,ok,3.304129199997988,0.2588270147259044,0.0495,0.1858898137138327,0.4363454075921789,0.5660179965274945,0.1294135073629522,0.2531557186561295,0.4300864008354714,0.0,38.0,0.9735349716446124,0.0103065721479911,0.0609189409613018,0.1296821622207692,0.3732495111134206,0.0224285222283795,
angular__thumb_glyph__s01,angular-derived budget -> thumb glyph (seed 1),angular,thumb_glyph,1,entropy-transport-blind,ok,1.236973899998702,0.2588143586433555,0.0495,0.1858898137138327,0.3869709311142297,0.5658857139502741,0.1294071793216777,0.2531769074049458,0.4300864008354714,0.0,38.0,0.9735349716446124,0.0103133538068634,0.0226586868248895,0.1221805973834717,0.0295052483775424,0.0265678942209543,
angular__thumb_glyph__s01,angular-derived budget -> thumb glyph (seed 1),angular,thumb_glyph,1,langevin-blind,ok,28.96514190000016,0.2588143586433554,0.0495,0.1858898137138327,0.3869709311142308,0.5658857139502738,0.1294071793216777,0.2531769074049461,0.4300864008354714,0.0,38.0,0.9735349716446124,0.0103133538068634,0.0226586868248895,0.1221805973834717,0.0295052483775424,0.0193485465559095,
angular__thumb_glyph__s02,angular-derived budget -> thumb glyph (seed 2),angular,thumb_glyph,2,anchor-aware-refiner,ok,0.8250322000239976,0.241936530559631,0.0625,0.1819626539531187,2.1234214973824828,0.5751762197808925,0.1209682652798155,0.1964321706018158,0.4358289094933961,0.0,33.0,0.9745762711864406,0.009215518709886,0.5666248711299188,0.4529646022281522,1.4567258999550892,,
angular__thumb_glyph__s02,angular-derived budget -> thumb glyph (seed 2),angular,thumb_glyph,2,blind-sa,ok,42.92455329999211,0.2566705440114799,0.0625,0.1842000793965859,0.3813705128840886,0.5751762197808927,0.1283352720057399,0.2573473277287989,0.4250997155861957,0.0,35.0,0.9673321234119784,0.0105846147956887,0.008953177881497,0.1268131496180226,0.0139039331251979,0.0264777560015683,0.975
angular__thumb_glyph__s02,angular-derived budget -> thumb glyph (seed 2),angular,thumb_glyph,2,projected-gradient-blind,ok,1.2471879000077024,0.2566612462683466,0.0625,0.1842000793965859,0.4537930109756607,0.575200457164669,0.1283306231341733,0.2573563359097257,0.4250997155861957,0.0,35.0,0.9673321234119784,0.0105797654958201,0.0090424022095816,0.1365978138074098,0.0135925139758918,0.0232593185620701,
angular__thumb_glyph__s02,angular-derived budget -> thumb glyph (seed 2),angular,thumb_glyph,2,evolutionary-blind,ok,56.37239730000147,0.2566705440114799,0.0625,0.1842000793965859,0.3813705128840886,0.5751762197808927,0.1283352720057399,0.2573473277287989,0.4250997155861957,0.0,35.0,0.9673321234119784,0.0105846147956887,0.008953177881497,0.1268131496180226,0.0139039331251979,0.0264777560015683,
angular__thumb_glyph__s02,angular-derived budget -> thumb glyph (seed 2),angular,thumb_glyph,2,best-of-k-restart-blind,ok,3.211459299986018,0.2566958637451423,0.062,0.1842000793965859,0.4025270104194948,0.5751595254195948,0.1283479318725711,0.2573393401550551,0.4250997155861957,0.0,35.0,0.9673321234119784,0.0105833955262001,0.0163725711383736,0.1278203407793168,0.0835817055195642,0.0203795688764963,
angular__thumb_glyph__s02,angular-derived budget -> thumb glyph (seed 2),angular,thumb_glyph,2,entropy-transport-blind,ok,1.1783898000139743,0.2566705440114796,0.0625,0.1842000793965859,0.3813705128840889,0.5751762197808923,0.1283352720057398,0.257347327728799,0.4250997155861957,0.0,35.0,0.9673321234119784,0.0105846147956887,0.008953177881497,0.1268131496180226,0.0139039331251979,0.0264777560016749,
angular__thumb_glyph__s02,angular-derived budget -> thumb glyph (seed 2),angular,thumb_glyph,2,langevin-blind,ok,28.979187799996,0.2566705440114799,0.0625,0.1842000793965859,0.3813705128840886,0.5751762197808927,0.1283352720057399,0.2573473277287989,0.4250997155861957,0.0,35.0,0.9673321234119784,0.0105846147956887,0.008953177881497,0.1268131496180226,0.0139039331251979,0.0190685256443978,
angular__thumb_glyph__s03,angular-derived budget -> thumb glyph (seed 3),angular,thumb_glyph,3,anchor-aware-refiner,ok,0.8165760000119917,0.2422291969288331,0.055,0.1842000793965859,2.163036428251844,0.5662265066961741,0.1211145984644165,0.195269822556684,0.4349657656137248,0.0,32.0,0.9793459552495696,0.0092596199206277,0.5665410491993736,0.4458626698631553,1.459251416249582,,
angular__thumb_glyph__s03,angular-derived budget -> thumb glyph (seed 3),angular,thumb_glyph,3,blind-sa,ok,43.21577859998797,0.2550483221596154,0.055,0.1840539468464894,0.3640932772519635,0.5662265066961745,0.1275241610798077,0.2553397724682002,0.4333615441382632,0.0,37.0,0.9725274725274724,0.0099805339178518,0.0115082710192989,0.12374711789613,0.0099837377249476,0.0251910376055458,0.9583333333333334
angular__thumb_glyph__s03,angular-derived budget -> thumb glyph (seed 3),angular,thumb_glyph,3,projected-gradient-blind,ok,1.507825699984096,0.2551143410708507,0.055,0.1852439508131693,0.4539599389839439,0.5663728133440284,0.1275571705354253,0.25532373763783,0.4317181713824299,0.0,37.0,0.9725776965265084,0.0099796529412313,0.0187408382575891,0.134965690339881,0.1014806090000131,0.0235961442470723,
angular__thumb_glyph__s03,angular-derived budget -> thumb glyph (seed 3),angular,thumb_glyph,3,evolutionary-blind,ok,57.08949479999137,0.2550483221596154,0.055,0.1840539468464894,0.3640932772519635,0.5662265066961745,0.1275241610798077,0.2553397724682002,0.4333615441382632,0.0,37.0,0.9725274725274724,0.0099805339178518,0.0115082710192989,0.12374711789613,0.0099837377249476,0.0251910376055458,
angular__thumb_glyph__s03,angular-derived budget -> thumb glyph (seed 3),angular,thumb_glyph,3,best-of-k-restart-blind,ok,3.275169500004268,0.2550721702887951,0.0545,0.1836572788575962,0.4099913306827207,0.5662484915726125,0.1275360851443975,0.2553409616412181,0.4333615441382632,0.0,37.0,0.9725274725274724,0.0099810384139491,0.0105885650919779,0.1284773226605563,0.0197738335670019,0.0206726215115625,
angular__thumb_glyph__s03,angular-derived budget -> thumb glyph (seed 3),angular,thumb_glyph,3,entropy-transport-blind,ok,1.2991932000149973,0.2550483221596157,0.055,0.1840539468464894,0.3640932772519638,0.5662265066961738,0.1275241610798078,0.2553397724682,0.4333615441382632,0.0,37.0,0.9725274725274724,0.0099805339178518,0.0115082710192989,0.12374711789613,0.0099837377249476,0.0251910376056276,
angular__thumb_glyph__s03,angular-derived budget -> thumb glyph (seed 3),angular,thumb_glyph,3,langevin-blind,ok,30.599815099994885,0.2550483221596154,0.055,0.1840539468464894,0.3640932772519635,0.5662265066961745,0.1275241610798077,0.2553397724682002,0.4333615441382632,0.0,37.0,0.9725274725274724,0.0099805339178518,0.0115082710192989,0.12374711789613,0.0099837377249476,0.0182046638628275,
angular__thumb_glyph__s04,angular-derived budget -> thumb glyph (seed 4),angular,thumb_glyph,4,anchor-aware-refiner,ok,0.8017200999893248,0.2416804333883501,0.0575,0.1891676622859418,2.1888637611861825,0.5742046018260402,0.120840216694175,0.1950508862590869,0.4375027540802637,0.0,33.0,0.9790209790209792,0.0090915316581675,0.566478351912542,0.4453485514301897,1.4611608674716592,,
angular__thumb_glyph__s04,angular-derived budget -> thumb glyph (seed 4),angular,thumb_glyph,4,blind-sa,ok,43.03177199998754,0.2545393943926866,0.0575,0.1891891891891892,0.4036152693849117,0.5742046018260415,0.1272696971963433,0.2506140597029311,0.4309137757278658,0.0,37.0,0.965583173996176,0.0095990830734338,0.0091384746378348,0.1238236634374655,0.0226658110997002,0.0269001216211677,0.9833333333333332
angular__thumb_glyph__s04,angular-derived budget -> thumb glyph (seed 4),angular,thumb_glyph,4,projected-gradient-blind,ok,1.3177203999948688,0.2545380011495121,0.0575,0.1891891891891892,0.4721618690289264,0.5742789001191505,0.127269000574756,0.2506216252153563,0.4309137757278658,0.0,37.0,0.965583173996176,0.0096012888380075,0.0093011421948207,0.1377580273162252,0.0292507104200154,0.024412086777755,
angular__thumb_glyph__s04,angular-derived budget -> thumb glyph (seed 4),angular,thumb_glyph,4,evolutionary-blind,ok,56.43601910001598,0.2545393943926866,0.0575,0.1891891891891892,0.4036152693849117,0.5742046018260415,0.1272696971963433,0.2506140597029311,0.4309137757278658,0.0,37.0,0.965583173996176,0.0095990830734338,0.0091384746378348,0.1238236634374655,0.0226658110997002,0.0269001216211677,
angular__thumb_glyph__s04,angular-derived budget -> thumb glyph (seed 4),angular,thumb_glyph,4,best-of-k-restart-blind,ok,3.1892363999795634,0.2545586800668071,0.0575,0.1891891891891892,0.4521650859685666,0.5741439749091807,0.1272793400334035,0.2505998904273577,0.4309137757278658,0.0,37.0,0.965583173996176,0.0095969988789382,0.007153660712162,0.1339182342545097,0.019791097023714,0.0231311305831461,
angular__thumb_glyph__s04,angular-derived budget -> thumb glyph (seed 4),angular,thumb_glyph,4,entropy-transport-blind,ok,1.162798000004841,0.2545393943926866,0.0575,0.1891891891891892,0.4036152693849124,0.5742046018260399,0.1272696971963433,0.2506140597029315,0.4309137757278658,0.0,37.0,0.965583173996176,0.0095990830734338,0.0091384746378348,0.1238236634374655,0.0226658110997002,0.0269001216213194,
angular__thumb_glyph__s04,angular-derived budget -> thumb glyph (seed 4),angular,thumb_glyph,4,langevin-blind,ok,29.157136800000444,0.2545393943926866,0.0575,0.1891891891891892,0.4036152693849117,0.5742046018260415,0.1272696971963433,0.2506140597029311,0.4309137757278658,0.0,37.0,0.965583173996176,0.0095990830734338,0.0091384746378348,0.1238236634374655,0.0226658110997002,0.0201807634695136,
angular__thumb_glyph__s05,angular-derived budget -> thumb glyph (seed 5),angular,thumb_glyph,5,anchor-aware-refiner,ok,0.8443009000038728,0.2419012896698741,0.0515,0.18854415274463,2.157077600051207,0.5645762512561873,0.120950644834937,0.1943473877134572,0.4375303978360124,0.0,35.0,0.972318339100346,0.0091705017528572,0.5663326213611163,0.4488451127957814,1.4656676950770433,,
angular__thumb_glyph__s05,angular-derived budget -> thumb glyph (seed 5),angular,thumb_glyph,5,blind-sa,ok,43.09472009999445,0.2534185460880138,0.0515,0.1877729257641921,0.3600871957068516,0.5645762512561874,0.1267092730440069,0.2489923126017312,0.4325501937372306,0.0,37.0,0.9623352165725048,0.0094315825017683,0.0158033456524451,0.1197109815383115,0.0762970808384366,0.0246064675369036,0.975
angular__thumb_glyph__s05,angular-derived budget -> thumb glyph (seed 5),angular,thumb_glyph,5,projected-gradient-blind,ok,1.2763516000122763,0.253472816640457,0.0515,0.1877729257641921,0.4265592093633336,0.5645778718418974,0.1267364083202285,0.249012998028247,0.4325501937372306,0.0,37.0,0.9623352165725048,0.0094322944636198,0.0159559327898108,0.130532109779807,0.0577738789038693,0.0215599059104203,
angular__thumb_glyph__s05,angular-derived budget -> thumb glyph (seed 5),angular,thumb_glyph,5,evolutionary-blind,ok,56.49524830002338,0.2534185460880138,0.0515,0.1877729257641921,0.3600871957068508,0.5645762512561874,0.1267092730440069,0.2489923126017312,0.4325501937372306,0.0,37.0,0.9623352165725048,0.0094315825017683,0.0158033456524451,0.1197109815383115,0.0762970808384366,0.0246064675369185,
angular__thumb_glyph__s05,angular-derived budget -> thumb glyph (seed 5),angular,thumb_glyph,5,best-of-k-restart-blind,ok,3.1988839999830816,0.253425781138929,0.0515,0.1877729257641921,0.3732189548983596,0.5645779506678306,0.1267128905694645,0.2489933002838675,0.4325501937372306,0.0,37.0,0.9623352165725048,0.0094306667287843,0.0153909617795722,0.1219682171892064,0.0751781118934666,0.0187247627909142,
angular__thumb_glyph__s05,angular-derived budget -> thumb glyph (seed 5),angular,thumb_glyph,5,entropy-transport-blind,ok,1.2206650000007355,0.2534185460880138,0.0515,0.1877729257641921,0.3600871957068519,0.5645762512561872,0.1267092730440069,0.248992312601731,0.4325501937372306,0.0,37.0,0.9623352165725048,0.0094315825017683,0.0158033456524451,0.1197109815383115,0.0762970808384366,0.0246064675369943,
angular__thumb_glyph__s05,angular-derived budget -> thumb glyph (seed 5),angular,thumb_glyph,5,langevin-blind,ok,29.39140589997988,0.2534185460880138,0.0515,0.1877729257641921,0.3600871957068508,0.5645762512561874,0.1267092730440069,0.2489923126017312,0.4325501937372306,0.0,37.0,0.9623352165725048,0.0094315825017683,0.0158033456524451,0.1197109815383115,0.0762970808384366,0.0180043597855137,
angular__thumb_glyph__s06,angular-derived budget -> thumb glyph (seed 6),angular,thumb_glyph,6,anchor-aware-refiner,ok,0.8057053000084125,0.242663810952323,0.0535,0.1902866242038216,2.0389399475302783,0.5673019155788963,0.1213319054761615,0.1951571869818941,0.4408937764880026,0.0,33.0,0.9763513513513512,0.009246824374073,0.5670905148099064,0.4392589991540374,1.443246296982926,,
angular__thumb_glyph__s06,angular-derived budget -> thumb glyph (seed 6),angular,thumb_glyph,6,blind-sa,ok,43.42751849998604,0.2567627695612262,0.0535,0.1849642004773269,0.3567466003663288,0.5673019155788965,0.1283813847806131,0.2523069971039633,0.4300864008354714,0.0,35.0,0.9733570159857904,0.0103209829613569,0.025550185879621,0.12464783184706,0.0356289789672938,0.0250620180915663,0.9583333333333334
angular__thumb_glyph__s06,angular-derived budget -> thumb glyph (seed 6),angular,thumb_glyph,6,projected-gradient-blind,ok,1.3360791000013703,0.2567825901317311,0.0535,0.1849642004773269,0.4442859043861167,0.5673697073482644,0.1283912950658655,0.2523201729948033,0.4300864008354714,0.0,35.0,0.9733570159857904,0.0103193222571638,0.0113580287051859,0.1366519945813418,0.0554881265518112,0.0226911121182874,
angular__thumb_glyph__s06,angular-derived budget -> thumb glyph (seed 6),angular,thumb_glyph,6,evolutionary-blind,ok,56.124735600024,0.2567627695612262,0.0535,0.1849642004773269,0.3567466003663288,0.5673019155788965,0.1283813847806131,0.2523069971039633,0.4300864008354714,0.0,35.0,0.9733570159857904,0.0103209829613569,0.025550185879621,0.12464783184706,0.0356289789672938,0.0250620180915663,
angular__thumb_glyph__s06,angular-derived budget -> thumb glyph (seed 6),angular,thumb_glyph,6,best-of-k-restart-blind,ok,2.952608300023712,0.2567556446084522,0.0535,0.1849642004773269,0.3967445394246176,0.567324878445023,0.1283778223042261,0.2523087939454322,0.4300864008354714,0.0,35.0,0.9733570159857904,0.0103192737191835,0.0252957859799266,0.1277663465052437,0.0346057430484898,0.0199902748252295,
angular__thumb_glyph__s06,angular-derived budget -> thumb glyph (seed 6),angular,thumb_glyph,6,entropy-transport-blind,ok,1.1554753999807872,0.2567627695612257,0.0535,0.1849642004773269,0.3567466003663285,0.5673019155788983,0.1283813847806128,0.2523069971039636,0.4300864008354714,0.0,35.0,0.9733570159857904,0.0103209829613569,0.025550185879621,0.12464783184706,0.0356289789672938,0.0250620180916898,
angular__thumb_glyph__s06,angular-derived budget -> thumb glyph (seed 6),angular,thumb_glyph,6,langevin-blind,ok,28.70020029999432,0.2567627695612262,0.0535,0.1849642004773269,0.3567466003663288,0.5673019155788965,0.1283813847806131,0.2523069971039633,0.4300864008354714,0.0,35.0,0.9733570159857904,0.0103209829613569,0.025550185879621,0.12464783184706,0.0356289789672938,0.017837330018469,
angular__thumb_glyph__s07,angular-derived budget -> thumb glyph (seed 7),angular,thumb_glyph,7,anchor-aware-refiner,ok,0.8056492999894544,0.2419619417329356,0.0595,0.1891356066613798,2.1583237214652136,0.5654008318989581,0.1209809708664678,0.1952073597550337,0.4392146761501771,0.0,34.0,0.9786856127886324,0.0091923318803034,0.5670478592690333,0.4492046497149425,1.4444433500478766,,
angular__thumb_glyph__s07,angular-derived budget -> thumb glyph (seed 7),angular,thumb_glyph,7,blind-sa,ok,42.42265540000517,0.2560302681868123,0.0595,0.1847437425506555,0.4019848278922882,0.5654008318989583,0.1280151340934061,0.2546547706459321,0.4308784690059465,0.0,36.0,0.9705340699815838,0.0104867933486321,0.0195054908352804,0.1318720188654217,0.0468577918105177,0.0274399967390579,0.9666666666666668
angular__thumb_glyph__s07,angular-derived budget -> thumb glyph (seed 7),angular,thumb_glyph,7,projected-gradient-blind,ok,1.2345007999974769,0.2560603782885208,0.0595,0.1849642004773269,0.4734893132964283,0.5654483184862067,0.1280301891442604,0.254687376091146,0.4308784690059465,0.0,34.0,0.9711711711711712,0.0104905797828863,0.0195458016333611,0.1440071491932428,0.0470157241218642,0.0240768829861467,
angular__thumb_glyph__s07,angular-derived budget -> thumb glyph (seed 7),angular,thumb_glyph,7,evolutionary-blind,ok,55.04780820000451,0.2560302681868123,0.0595,0.1847437425506555,0.4019848278922882,0.5654008318989583,0.1280151340934061,0.2546547706459321,0.4308784690059465,0.0,36.0,0.9705340699815838,0.0104867933486321,0.0195054908352804,0.1318720188654217,0.0468577918105177,0.0274399967390579,
angular__thumb_glyph__s07,angular-derived budget -> thumb glyph (seed 7),angular,thumb_glyph,7,best-of-k-restart-blind,ok,3.23073770001065,0.2560556836274207,0.0595,0.1847437425506555,0.444452658307648,0.5653992132933171,0.1280278418137103,0.254658745146511,0.4308784690059465,0.0,36.0,0.9705340699815838,0.010483811701648,0.0191464178758681,0.1376398691586449,0.052187649124185,0.0225093183810635,
angular__thumb_glyph__s07,angular-derived budget -> thumb glyph (seed 7),angular,thumb_glyph,7,entropy-transport-blind,ok,1.3385445000021718,0.2560302681868127,0.0595,0.1847437425506555,0.4019848278922872,0.5654008318989598,0.1280151340934063,0.2546547706459318,0.4308784690059465,0.0,36.0,0.9705340699815838,0.0104867933486321,0.0195054908352804,0.1318720188654217,0.0468577918105177,0.0274399967392306,
angular__thumb_glyph__s07,angular-derived budget -> thumb glyph (seed 7),angular,thumb_glyph,7,langevin-blind,ok,28.90515070001129,0.2560302681868123,0.0595,0.1847437425506555,0.4019848278922882,0.5654008318989583,0.1280151340934061,0.2546547706459321,0.4308784690059465,0.0,36.0,0.9705340699815838,0.0104867933486321,0.0195054908352804,0.1318720188654217,0.0468577918105177,0.0200992413948182,
animal__diamond_ring__s00,animal-derived budget -> diamond ring (seed 0),animal,diamond_ring,0,anchor-aware-refiner,ok,0.7667598999978509,0.1617525895045792,0.126,0.2510618216139688,5.817931419980729,0.644138245597834,0.0808762947522896,0.1289422255518986,0.2875433290745492,0.0,28.0,0.9198564593301436,0.0039813252932467,0.6832525844052665,0.5915310740454257,0.9370445487526324,,
animal__diamond_ring__s00,animal-derived budget -> diamond ring (seed 0),animal,diamond_ring,0,blind-sa,ok,46.00280100002419,0.2396595513726463,0.126,0.3931518151815181,0.2382230911910627,0.6441382455978344,0.1198297756863231,0.2535488084953551,0.3161497594603829,0.0,26.0,0.9533073929961088,0.0157921241367045,0.3461211617753519,0.0324764027324668,0.4347512849473771,0.0229656414556837,0.9666666666666668
animal__diamond_ring__s00,animal-derived budget -> diamond ring (seed 0),animal,diamond_ring,0,projected-gradient-blind,ok,1.247536000009859,0.2396595513726463,0.126,0.3931518151815181,0.2382230911910627,0.6441382455978344,0.1198297756863231,0.2535488084953551,0.3161497594603829,0.0,26.0,0.9533073929961088,0.0157921241367045,0.3461211617753519,0.0324764027324668,0.4347512849473771,0.0119111545597756,
animal__diamond_ring__s00,animal-derived budget -> diamond ring (seed 0),animal,diamond_ring,0,evolutionary-blind,ok,61.04055609999341,0.2396595513726463,0.126,0.3931518151815181,0.2382230911910627,0.6441382455978344,0.1198297756863231,0.2535488084953551,0.3161497594603829,0.0,26.0,0.9533073929961088,0.0157921241367045,0.3461211617753519,0.0324764027324668,0.4347512849473771,0.0229656414556837,
animal__diamond_ring__s00,animal-derived budget -> diamond ring (seed 0),animal,diamond_ring,0,best-of-k-restart-blind,ok,3.25471780000953,0.2396595513726463,0.126,0.3931518151815181,0.2382230911910627,0.6441382455978344,0.1198297756863231,0.2535488084953551,0.3161497594603829,0.0,26.0,0.9533073929961088,0.0157921241367045,0.3461211617753519,0.0324764027324668,0.4347512849473771,0.0119111545597756,
animal__diamond_ring__s00,animal-derived budget -> diamond ring (seed 0),animal,diamond_ring,0,entropy-transport-blind,ok,1.31795999998576,0.2396595513726447,0.126,0.3931518151815181,0.2382230911910627,0.6441382455978325,0.1198297756863223,0.2535488084953549,0.3161497594603829,0.0,26.0,0.9533073929961088,0.0157921241367045,0.3461211617753519,0.0324764027324668,0.4347512849473771,0.0229656414557271,
animal__diamond_ring__s00,animal-derived budget -> diamond ring (seed 0),animal,diamond_ring,0,langevin-blind,ok,31.31184450001456,0.2396595513726463,0.126,0.3931518151815181,0.2382230911910627,0.6441382455978344,0.1198297756863231,0.2535488084953551,0.3161497594603829,0.0,26.0,0.9533073929961088,0.0157921241367045,0.3461211617753519,0.0324764027324668,0.4347512849473771,0.0119111545597756,
animal__diamond_ring__s01,animal-derived budget -> diamond ring (seed 1),animal,diamond_ring,1,anchor-aware-refiner,ok,0.812027300009504,0.1671785817485783,0.125,0.2514097744360902,6.15733302035999,0.6485477186953978,0.0835892908742891,0.1311369163755662,0.3103855133224716,0.0,33.0,0.9279811097992916,0.0044835778188277,0.6832269677000433,0.575403788063001,0.938642385563266,,
animal__diamond_ring__s01,animal-derived budget -> diamond ring (seed 1),animal,diamond_ring,1,blind-sa,ok,44.72937909999746,0.24486252743876,0.125,0.3948887056883759,0.2307377360404779,0.6485477186953982,0.12243126371938,0.2512385027902871,0.3214538863018758,0.0,31.0,0.9284750337381916,0.0157317813714689,0.459206810525879,0.0269029721607548,0.1660993801941619,0.0225491337623408,0.9666666666666668
animal__diamond_ring__s01,animal-derived budget -> diamond ring (seed 1),animal,diamond_ring,1,projected-gradient-blind,ok,1.418817900004797,0.24486252743876,0.125,0.3948887056883759,0.2307377360404779,0.6485477186953982,0.12243126371938,0.2512385027902871,0.3214538863018758,0.0,31.0,0.9284750337381916,0.0157317813714689,0.459206810525879,0.0269029721607548,0.1660993801941619,0.0115368868021705,
animal__diamond_ring__s01,animal-derived budget -> diamond ring (seed 1),animal,diamond_ring,1,evolutionary-blind,ok,57.84106919998885,0.24486252743876,0.125,0.3948887056883759,0.2307377360404779,0.6485477186953982,0.12243126371938,0.2512385027902871,0.3214538863018758,0.0,31.0,0.9284750337381916,0.0157317813714689,0.459206810525879,0.0269029721607548,0.1660993801941619,0.0225491337623408,
animal__diamond_ring__s01,animal-derived budget -> diamond ring (seed 1),animal,diamond_ring,1,best-of-k-restart-blind,ok,3.2734730999800377,0.24486252743876,0.125,0.3948887056883759,0.2307377360404779,0.6485477186953982,0.12243126371938,0.2512385027902871,0.3214538863018758,0.0,31.0,0.9284750337381916,0.0157317813714689,0.459206810525879,0.0269029721607548,0.1660993801941619,0.0115368868021705,
animal__diamond_ring__s01,animal-derived budget -> diamond ring (seed 1),animal,diamond_ring,1,entropy-transport-blind,ok,1.323007900005905,0.2448625274387612,0.125,0.3948887056883759,0.2307377360404784,0.6485477186953951,0.1224312637193806,0.2512385027902866,0.3214538863018758,0.0,31.0,0.9284750337381916,0.0157317813714689,0.459206810525879,0.0269029721607548,0.1660993801941619,0.0225491337624929,
animal__diamond_ring__s01,animal-derived budget -> diamond ring (seed 1),animal,diamond_ring,1,langevin-blind,ok,30.118192800000543,0.24486252743876,0.125,0.3948887056883759,0.2307377360404779,0.6485477186953982,0.12243126371938,0.2512385027902871,0.3214538863018758,0.0,31.0,0.9284750337381916,0.0157317813714689,0.459206810525879,0.0269029721607548,0.1660993801941619,0.0115368868021705,
animal__diamond_ring__s02,animal-derived budget -> diamond ring (seed 2),animal,diamond_ring,2,anchor-aware-refiner,ok,0.8067553000000771,0.1619489624693433,0.1305,0.2436260623229461,5.113221396977846,0.6384854504822326,0.0809744812346716,0.1287212590827664,0.2947963081420093,0.0,32.0,0.9295942720763724,0.003781266423089,0.683246077471064,0.5746250237465348,0.9373702849964888,,
animal__diamond_ring__s02,animal-derived budget -> diamond ring (seed 2),animal,diamond_ring,2,blind-sa,ok,44.01215890000458,0.2381906964472831,0.1305,0.3931518151815181,0.228199852398155,0.6384854504822329,0.1190953482236415,0.2510692481221458,0.3191900612000354,0.0,27.0,0.9325551232166018,0.0148138213914949,0.361321880039817,0.0340380386923442,0.3775118664574464,0.0217796675944732,0.9833333333333332
animal__diamond_ring__s02,animal-derived budget -> diamond ring (seed 2),animal,diamond_ring,2,projected-gradient-blind,ok,1.2955280000169296,0.2381906964472831,0.1305,0.3931518151815181,0.228199852398155,0.6384854504822329,0.1190953482236415,0.2510692481221458,0.3191900612000354,0.0,27.0,0.9325551232166018,0.0148138213914949,0.361321880039817,0.0340380386923442,0.3775118664574464,0.0114099926201727,
animal__diamond_ring__s02,animal-derived budget -> diamond ring (seed 2),animal,diamond_ring,2,evolutionary-blind,ok,56.87513420000323,0.2381906964472831,0.1305,0.3931518151815181,0.228199852398155,0.6384854504822329,0.1190953482236415,0.2510692481221458,0.3191900612000354,0.0,27.0,0.9325551232166018,0.0148138213914949,0.361321880039817,0.0340380386923442,0.3775118664574464,0.0217796675944732,
animal__diamond_ring__s02,animal-derived budget -> diamond ring (seed 2),animal,diamond_ring,2,best-of-k-restart-blind,ok,3.000268800009508,0.2381906964472831,0.1305,0.3931518151815181,0.228199852398155,0.6384854504822329,0.1190953482236415,0.2510692481221458,0.3191900612000354,0.0,27.0,0.9325551232166018,0.0148138213914949,0.361321880039817,0.0340380386923442,0.3775118664574464,0.0114099926201727,
animal__diamond_ring__s02,animal-derived budget -> diamond ring (seed 2),animal,diamond_ring,2,entropy-transport-blind,ok,1.3143752999894789,0.2381906964472828,0.1305,0.3931518151815181,0.2281998523981548,0.6384854504822339,0.1190953482236414,0.2510692481221458,0.3191900612000354,0.0,27.0,0.9325551232166018,0.0148138213914949,0.361321880039817,0.0340380386923442,0.3775118664574464,0.0217796675943233,
animal__diamond_ring__s02,animal-derived budget -> diamond ring (seed 2),animal,diamond_ring,2,langevin-blind,ok,29.58516310001141,0.2381906964472831,0.1305,0.3931518151815181,0.228199852398155,0.6384854504822329,0.1190953482236415,0.2510692481221458,0.3191900612000354,0.0,27.0,0.9325551232166018,0.0148138213914949,0.361321880039817,0.0340380386923442,0.3775118664574464,0.0114099926201727,
animal__diamond_ring__s03,animal-derived budget -> diamond ring (seed 3),animal,diamond_ring,3,anchor-aware-refiner,ok,0.8278285999840591,0.1628869584393616,0.1295,0.2472864558754129,4.964047776458978,0.6540068071321797,0.0814434792196808,0.1283015542700688,0.3061326059539211,0.0,33.0,0.9212410501193318,0.0040598950879045,0.6832341754364228,0.5752426436808167,0.938105578476922,,
animal__diamond_ring__s03,animal-derived budget -> diamond ring (seed 3),animal,diamond_ring,3,blind-sa,ok,44.58690130000468,0.238897742846676,0.1295,0.3928276999175598,0.2388872078127312,0.65400680713218,0.119448871423338,0.2499251054209643,0.3177158042779696,0.0,28.0,0.9268617021276596,0.0155907217147086,0.3451521934689541,0.0270279571934041,0.4026775627607271,0.022857865591163,0.9916666666666668
animal__diamond_ring__s03,animal-derived budget -> diamond ring (seed 3),animal,diamond_ring,3,projected-gradient-blind,ok,1.342997200001264,0.238897742846676,0.1295,0.3928276999175598,0.238887207812731,0.6540068071321797,0.119448871423338,0.2499251054209642,0.3177158042779696,0.0,28.0,0.9268617021276596,0.0155907217147086,0.3451521934689541,0.0270279571934041,0.4026775627607271,0.0119443603908183,
animal__diamond_ring__s03,animal-derived budget -> diamond ring (seed 3),animal,diamond_ring,3,evolutionary-blind,ok,58.24160440001288,0.238897742846676,0.1295,0.3928276999175598,0.238887207812731,0.6540068071321797,0.119448871423338,0.2499251054209642,0.3177158042779696,0.0,28.0,0.9268617021276596,0.0155907217147086,0.3451521934689541,0.0270279571934041,0.4026775627607271,0.0228578655912938,
animal__diamond_ring__s03,animal-derived budget -> diamond ring (seed 3),animal,diamond_ring,3,best-of-k-restart-blind,ok,3.2357013000000734,0.238897742846676,0.1295,0.3928276999175598,0.238887207812731,0.6540068071321797,0.119448871423338,0.2499251054209642,0.3177158042779696,0.0,28.0,0.9268617021276596,0.0155907217147086,0.3451521934689541,0.0270279571934041,0.4026775627607271,0.0119443603908183,
animal__diamond_ring__s03,animal-derived budget -> diamond ring (seed 3),animal,diamond_ring,3,entropy-transport-blind,ok,1.1639143000065817,0.238897742846676,0.1295,0.3928276999175598,0.2388872078127309,0.6540068071321788,0.119448871423338,0.2499251054209643,0.3177158042779696,0.0,28.0,0.9268617021276596,0.0155907217147086,0.3451521934689541,0.0270279571934041,0.4026775627607271,0.0228578655913566,
animal__diamond_ring__s03,animal-derived budget -> diamond ring (seed 3),animal,diamond_ring,3,langevin-blind,ok,29.48073069998645,0.238897742846676,0.1295,0.3928276999175598,0.238887207812731,0.6540068071321797,0.119448871423338,0.2499251054209642,0.3177158042779696,0.0,28.0,0.9268617021276596,0.0155907217147086,0.3451521934689541,0.0270279571934041,0.4026775627607271,0.0119443603908183,
animal__diamond_ring__s04,animal-derived budget -> diamond ring (seed 4),animal,diamond_ring,4,anchor-aware-refiner,ok,0.7863569000037387,0.1630048633190806,0.128,0.2419811320754717,5.429076512699106,0.6499929981709099,0.0815024316595403,0.1296434673824752,0.2962057995220124,0.0,32.0,0.9228070175438596,0.0040718172738606,0.6832516506072867,0.5775716579356411,0.9370880762250888,,
animal__diamond_ring__s04,animal-derived budget -> diamond ring (seed 4),animal,diamond_ring,4,blind-sa,ok,43.77571680000983,0.2408399915635962,0.128,0.3895996698307882,0.2313859693976274,0.6499929981709105,0.1204199957817981,0.2521952537928064,0.3198885864049499,0.0,23.0,0.9258793969849246,0.0145401428914221,0.4099878309924754,0.0295224267777744,0.2459821988606767,0.0217473984944102,1.0
animal__diamond_ring__s04,animal-derived budget -> diamond ring (seed 4),animal,diamond_ring,4,projected-gradient-blind,ok,1.3818935999879614,0.2408399915635962,0.128,0.3895996698307882,0.2313859693976274,0.6499929981709105,0.1204199957817981,0.2521952537928064,0.3198885864049499,0.0,23.0,0.9258793969849246,0.0145401428914221,0.4099878309924754,0.0295224267777744,0.2459821988606767,0.0115692984701536,
animal__diamond_ring__s04,animal-derived budget -> diamond ring (seed 4),animal,diamond_ring,4,evolutionary-blind,ok,59.50832759999321,0.2408399915635962,0.128,0.3895996698307882,0.2313859693976274,0.6499929981709105,0.1204199957817981,0.2521952537928064,0.3198885864049499,0.0,23.0,0.9258793969849246,0.0145401428914221,0.4099878309924754,0.0295224267777744,0.2459821988606767,0.0217473984944102,
animal__diamond_ring__s04,animal-derived budget -> diamond ring (seed 4),animal,diamond_ring,4,best-of-k-restart-blind,ok,3.2598540000035428,0.2408399915635962,0.128,0.3895996698307882,0.2313859693976274,0.6499929981709105,0.1204199957817981,0.2521952537928064,0.3198885864049499,0.0,23.0,0.9258793969849246,0.0145401428914221,0.4099878309924754,0.0295224267777744,0.2459821988606767,0.0115692984701536,
animal__diamond_ring__s04,animal-derived budget -> diamond ring (seed 4),animal,diamond_ring,4,entropy-transport-blind,ok,1.1452246999833733,0.2408399915635954,0.128,0.3895996698307882,0.2313859693976277,0.6499929981709115,0.1204199957817977,0.2521952537928061,0.3198885864049499,0.0,23.0,0.9258793969849246,0.0145401428914221,0.4099878309924754,0.0295224267777744,0.2459821988606767,0.0217473984942702,
animal__diamond_ring__s04,animal-derived budget -> diamond ring (seed 4),animal,diamond_ring,4,langevin-blind,ok,29.850653500005137,0.2408399915635962,0.128,0.3895996698307882,0.2313859693976274,0.6499929981709105,0.1204199957817981,0.2521952537928064,0.3198885864049499,0.0,23.0,0.9258793969849246,0.0145401428914221,0.4099878309924754,0.0295224267777744,0.2459821988606767,0.0115692984701536,
animal__diamond_ring__s05,animal-derived budget -> diamond ring (seed 5),animal,diamond_ring,5,anchor-aware-refiner,ok,0.9116615999955684,0.1606224326551895,0.1355,0.2468205369759774,7.053497447367107,0.6477117031086275,0.0803112163275947,0.1283510516187913,0.2976005313811627,0.0,28.0,0.935064935064935,0.0042858212475667,0.6832715599857164,0.5822570541439902,0.9363842869666564,,
animal__diamond_ring__s05,animal-derived budget -> diamond ring (seed 5),animal,diamond_ring,5,blind-sa,ok,44.594058699993184,0.239091771553548,0.1355,0.3926658426040379,0.2398446320771885,0.6477117031086275,0.119545885776774,0.2527901221108258,0.320673306232223,0.0,26.0,0.9370904325032764,0.0156393231575618,0.3740392910511259,0.0257572142497534,0.3269943098044074,0.022939757814449,0.975
animal__diamond_ring__s05,animal-derived budget -> diamond ring (seed 5),animal,diamond_ring,5,projected-gradient-blind,ok,1.3419814000080803,0.239091771553548,0.1355,0.3926658426040379,0.2398446320771884,0.6477117031086272,0.119545885776774,0.2527901221108258,0.320673306232223,0.0,26.0,0.9370904325032764,0.0156393231575618,0.3740392910511259,0.0257572142497534,0.3269943098044074,0.0119922316040412,
animal__diamond_ring__s05,animal-derived budget -> diamond ring (seed 5),animal,diamond_ring,5,evolutionary-blind,ok,58.013099300005706,0.239091771553548,0.1355,0.3926658426040379,0.2398446320771884,0.6477117031086272,0.119545885776774,0.2527901221108258,0.320673306232223,0.0,26.0,0.9370904325032764,0.0156393231575618,0.3740392910511259,0.0257572142497534,0.3269943098044074,0.0229397578145139,
animal__diamond_ring__s05,animal-derived budget -> diamond ring (seed 5),animal,diamond_ring,5,best-of-k-restart-blind,ok,3.1622979000094347,0.239091771553548,0.1355,0.3926658426040379,0.2398446320771884,0.6477117031086272,0.119545885776774,0.2527901221108258,0.320673306232223,0.0,26.0,0.9370904325032764,0.0156393231575618,0.3740392910511259,0.0257572142497534,0.3269943098044074,0.0119922316040412,
animal__diamond_ring__s05,animal-derived budget -> diamond ring (seed 5),animal,diamond_ring,5,entropy-transport-blind,ok,1.219081899995217,0.2390917715535467,0.1355,0.3926658426040379,0.2398446320771888,0.6477117031086298,0.1195458857767733,0.2527901221108252,0.320673306232223,0.0,26.0,0.9370904325032764,0.0156393231575618,0.3740392910511259,0.0257572142497534,0.3269943098044074,0.0229397578145275,
animal__diamond_ring__s05,animal-derived budget -> diamond ring (seed 5),animal,diamond_ring,5,langevin-blind,ok,29.695759900001576,0.239091771553548,0.1355,0.3926658426040379,0.2398446320771884,0.6477117031086272,0.119545885776774,0.2527901221108258,0.320673306232223,0.0,26.0,0.9370904325032764,0.0156393231575618,0.3740392910511259,0.0257572142497534,0.3269943098044074,0.0119922316040412,
animal__diamond_ring__s06,animal-derived budget -> diamond ring (seed 6),animal,diamond_ring,6,anchor-aware-refiner,ok,0.8059603000001516,0.1665782224729992,0.1255,0.2558906691800188,7.16062213879167,0.6513498628117157,0.0832891112364996,0.1299152980292155,0.2990340833371084,0.0,30.0,0.9199522102747908,0.0045829360170909,0.6832323652182577,0.5831304016924761,0.9382337537133628,,
animal__diamond_ring__s06,animal-derived budget -> diamond ring (seed 6),animal,diamond_ring,6,blind-sa,ok,44.03964070000802,0.2422003618018069,0.1255,0.3937397034596375,0.2243333720736152,0.6513498628117155,0.1211001809009034,0.2504043117549426,0.3190996900346623,0.0,30.0,0.9276139410187668,0.0162283991769813,0.3334665429591522,0.034223907818728,0.4496842461412571,0.0225765480278276,0.95
animal__diamond_ring__s06,animal-derived budget -> diamond ring (seed 6),animal,diamond_ring,6,projected-gradient-blind,ok,1.3138099999923725,0.2422003618018069,0.1255,0.3937397034596375,0.2243333720736152,0.6513498628117154,0.1211001809009034,0.2504043117549426,0.3190996900346623,0.0,30.0,0.9276139410187668,0.0162283991769813,0.3334665429591522,0.034223907818728,0.4496842461412571,0.0112166686038686,
animal__diamond_ring__s06,animal-derived budget -> diamond ring (seed 6),animal,diamond_ring,6,evolutionary-blind,ok,57.56975460000103,0.2422003618018069,0.1255,0.3937397034596375,0.2243333720736152,0.6513498628117154,0.1211001809009034,0.2504043117549426,0.3190996900346623,0.0,30.0,0.9276139410187668,0.0162283991769813,0.3334665429591522,0.034223907818728,0.4496842461412571,0.0225765480279367,
animal__diamond_ring__s06,animal-derived budget -> diamond ring (seed 6),animal,diamond_ring,6,best-of-k-restart-blind,ok,3.29337349999696,0.2422003618018069,0.1255,0.3937397034596375,0.2243333720736152,0.6513498628117154,0.1211001809009034,0.2504043117549426,0.3190996900346623,0.0,30.0,0.9276139410187668,0.0162283991769813,0.3334665429591522,0.034223907818728,0.4496842461412571,0.0112166686038686,
animal__diamond_ring__s06,animal-derived budget -> diamond ring (seed 6),animal,diamond_ring,6,entropy-transport-blind,ok,1.2886805000016466,0.2422003618018073,0.1255,0.3937397034596375,0.2243333720736153,0.6513498628117137,0.1211001809009036,0.2504043117549424,0.3190996900346623,0.0,30.0,0.9276139410187668,0.0162283991769813,0.3334665429591522,0.034223907818728,0.4496842461412571,0.0225765480279832,
animal__diamond_ring__s06,animal-derived budget -> diamond ring (seed 6),animal,diamond_ring,6,langevin-blind,ok,29.693476099986583,0.2422003618018069,0.1255,0.3937397034596375,0.2243333720736152,0.6513498628117154,0.1211001809009034,0.2504043117549426,0.3190996900346623,0.0,30.0,0.9276139410187668,0.0162283991769813,0.3334665429591522,0.034223907818728,0.4496842461412571,0.0112166686038686,
animal__diamond_ring__s07,animal-derived budget -> diamond ring (seed 7),animal,diamond_ring,7,anchor-aware-refiner,ok,0.7928809000004549,0.159791476018774,0.1355,0.2392434988179669,5.418812183254843,0.6469353383547845,0.079895738009387,0.1277793893368382,0.2891209764797184,0.0,28.0,0.9173754556500608,0.0041903866368454,0.6832359911965608,0.5910915018909659,0.9379814191824754,,
animal__diamond_ring__s07,animal-derived budget -> diamond ring (seed 7),animal,diamond_ring,7,blind-sa,ok,43.659352499991655,0.2364838225010865,0.1355,0.3954545454545454,0.2408663661225766,0.6469353383547842,0.1182419112505432,0.2513654515599752,0.3146881319321745,0.0,30.0,0.941798941798942,0.0156210476070692,0.3829985883649219,0.0298997427275249,0.3187653235236181,0.0229780516314969,0.9916666666666668
animal__diamond_ring__s07,animal-derived budget -> diamond ring (seed 7),animal,diamond_ring,7,projected-gradient-blind,ok,1.3452580000157468,0.2364883814855085,0.1355,0.3954545454545454,0.2431820837299796,0.6469405586768112,0.1182441907427542,0.2513673293608643,0.3146881319321745,0.0,30.0,0.941798941798942,0.0156213444082297,0.3831732527701343,0.0289534593708434,0.3186370762122033,0.0122278372146278,
animal__diamond_ring__s07,animal-derived budget -> diamond ring (seed 7),animal,diamond_ring,7,evolutionary-blind,ok,56.052062500006286,0.2364838225010865,0.1355,0.3954545454545454,0.2408663661225762,0.6469353383547842,0.1182419112505432,0.2513654515599752,0.3146881319321745,0.0,30.0,0.941798941798942,0.0156210476070692,0.3829985883649219,0.0298997427275249,0.3187653235236181,0.0229780516315026,
animal__diamond_ring__s07,animal-derived budget -> diamond ring (seed 7),animal,diamond_ring,7,best-of-k-restart-blind,ok,3.036563900008332,0.2364838225010865,0.1355,0.3954545454545454,0.2408663661225762,0.6469353383547842,0.1182419112505432,0.2513654515599752,0.3146881319321745,0.0,30.0,0.941798941798942,0.0156210476070692,0.3829985883649219,0.0298997427275249,0.3187653235236181,0.0120433183063428,
animal__diamond_ring__s07,animal-derived budget -> diamond ring (seed 7),animal,diamond_ring,7,entropy-transport-blind,ok,1.110668400011491,0.2364838225010865,0.1355,0.3954545454545454,0.2408663661225762,0.6469353383547852,0.1182419112505432,0.2513654515599752,0.3146881319321745,0.0,30.0,0.941798941798942,0.0156210476070692,0.3829985883649219,0.0298997427275249,0.3187653235236181,0.0229780516315727,
animal__diamond_ring__s07,animal-derived budget -> diamond ring (seed 7),animal,diamond_ring,7,langevin-blind,ok,29.07418309999048,0.2364838225010865,0.1355,0.3954545454545454,0.2408663661225762,0.6469353383547842,0.1182419112505432,0.2513654515599752,0.3146881319321745,0.0,30.0,0.941798941798942,0.0156210476070692,0.3829985883649219,0.0298997427275249,0.3187653235236181,0.0120433183063428,
animal__dinosaur_outline__s00,animal-derived budget -> dinosaur outline (seed 0),animal,dinosaur_outline,0,anchor-aware-refiner,ok,0.842359000002034,0.1519438612481179,0.1575,0.4579520697167756,4.28452791507907,0.4974256098865497,0.0759719306240589,0.1057562996541599,0.3325286808998261,0.0,23.0,0.8857715430861723,0.0016023894896544,0.6836987897742072,0.5630652177035047,0.9869137821062042,,
animal__dinosaur_outline__s00,animal-derived budget -> dinosaur outline (seed 0),animal,dinosaur_outline,0,blind-sa,ok,44.60660800000187,0.2484998705698105,0.1575,0.5680555555555555,0.404725110037084,0.8325384745609614,0.1242499352849052,0.2613821679128646,0.3985897772458775,0.0,6.0,0.9172625127681308,0.0043728721802729,0.0804228681612435,0.0338317951260471,0.5336154833630227,0.0232972660285295,0.9666666666666668
animal__dinosaur_outline__s00,animal-derived budget -> dinosaur outline (seed 0),animal,dinosaur_outline,0,projected-gradient-blind,ok,1.5021076999837533,0.2484998705698105,0.1575,0.5680555555555555,0.404725110037084,0.8325384745609614,0.1242499352849052,0.2613821679128646,0.3985897772458775,0.0,6.0,0.9172625127681308,0.0043728721802729,0.0804228681612435,0.0338317951260471,0.5336154833630227,0.0202362555021004,
animal__dinosaur_outline__s00,animal-derived budget -> dinosaur outline (seed 0),animal,dinosaur_outline,0,evolutionary-blind,ok,57.162457100028405,0.2484998705698105,0.1575,0.5680555555555555,0.404725110037084,0.8325384745609614,0.1242499352849052,0.2613821679128646,0.3985897772458775,0.0,6.0,0.9172625127681308,0.0043728721802729,0.0804228681612435,0.0338317951260471,0.5336154833630227,0.0232972660285295,
animal__dinosaur_outline__s00,animal-derived budget -> dinosaur outline (seed 0),animal,dinosaur_outline,0,best-of-k-restart-blind,ok,3.205091399984667,0.2484998705698105,0.1575,0.5680555555555555,0.404725110037084,0.8325384745609614,0.1242499352849052,0.2613821679128646,0.3985897772458775,0.0,6.0,0.9172625127681308,0.0043728721802729,0.0804228681612435,0.0338317951260471,0.5336154833630227,0.0202362555021004,
animal__dinosaur_outline__s00,animal-derived budget -> dinosaur outline (seed 0),animal,dinosaur_outline,0,entropy-transport-blind,ok,1.2511891000031028,0.2484998705698105,0.1575,0.5680555555555555,0.4047251100370843,0.8325384745609624,0.1242499352849052,0.2613821679128651,0.3985897772458775,0.0,6.0,0.9172625127681308,0.0043728721802729,0.0804228681612435,0.0338317951260471,0.5336154833630227,0.023297266028399,
animal__dinosaur_outline__s00,animal-derived budget -> dinosaur outline (seed 0),animal,dinosaur_outline,0,langevin-blind,ok,29.32984590000705,0.2484998705698105,0.1575,0.5680555555555555,0.404725110037084,0.8325384745609614,0.1242499352849052,0.2613821679128646,0.3985897772458775,0.0,6.0,0.9172625127681308,0.0043728721802729,0.0804228681612435,0.0338317951260471,0.5336154833630227,0.0202362555021004,
animal__dinosaur_outline__s01,animal-derived budget -> dinosaur outline (seed 1),animal,dinosaur_outline,1,anchor-aware-refiner,ok,0.7540498000162188,0.1516604238825553,0.1425,0.4671661524900837,4.182025451158999,0.4870772868129454,0.0758302119412776,0.1046263500215745,0.334619481165309,0.0,8.0,0.8571428571428572,0.0014956026881803,0.6837490114632341,0.5629875944515625,0.997233247952892,,
animal__dinosaur_outline__s01,animal-derived budget -> dinosaur outline (seed 1),animal,dinosaur_outline,1,blind-sa,ok,45.34704829999828,0.2450098899068093,0.1425,0.5649463110495324,0.4008837213216127,0.8411413299131624,0.1225049449534046,0.2591147509346336,0.3935850562233787,0.0,20.0,0.922497308934338,0.0044360539654466,0.1116709929118874,0.0247178429844562,0.4260776720389607,0.0231494238419914,0.9916666666666668
animal__dinosaur_outline__s01,animal-derived budget -> dinosaur outline (seed 1),animal,dinosaur_outline,1,projected-gradient-blind,ok,1.303135000023758,0.2450098899068092,0.1425,0.5649463110495324,0.4008837213216124,0.8411413299131616,0.1225049449534046,0.2591147509346337,0.3935850562233787,0.0,20.0,0.922497308934338,0.0044360539654466,0.1116709929118874,0.0247178429844562,0.4260776720389607,0.0200441860662272,
animal__dinosaur_outline__s01,animal-derived budget -> dinosaur outline (seed 1),animal,dinosaur_outline,1,evolutionary-blind,ok,56.73949989999528,0.2450098899068092,0.1425,0.5649463110495324,0.4008837213216124,0.8411413299131616,0.1225049449534046,0.2591147509346337,0.3935850562233787,0.0,20.0,0.922497308934338,0.0044360539654466,0.1116709929118874,0.0247178429844562,0.4260776720389607,0.023149423842182,
animal__dinosaur_outline__s01,animal-derived budget -> dinosaur outline (seed 1),animal,dinosaur_outline,1,best-of-k-restart-blind,ok,3.1308628999977373,0.2450098899068092,0.1425,0.5649463110495324,0.4008837213216124,0.8411413299131616,0.1225049449534046,0.2591147509346337,0.3935850562233787,0.0,20.0,0.922497308934338,0.0044360539654466,0.1116709929118874,0.0247178429844562,0.4260776720389607,0.0200441860662272,
animal__dinosaur_outline__s01,animal-derived budget -> dinosaur outline (seed 1),animal,dinosaur_outline,1,entropy-transport-blind,ok,1.1506667000066957,0.2450098899068092,0.1425,0.5649463110495324,0.4008837213216119,0.8411413299131618,0.1225049449534046,0.2591147509346345,0.3935850562233787,0.0,20.0,0.922497308934338,0.0044360539654466,0.1116709929118874,0.0247178429844562,0.4260776720389607,0.0231494238423245,
animal__dinosaur_outline__s01,animal-derived budget -> dinosaur outline (seed 1),animal,dinosaur_outline,1,langevin-blind,ok,29.0965489000082,0.2450098899068092,0.1425,0.5649463110495324,0.4008837213216124,0.8411413299131616,0.1225049449534046,0.2591147509346337,0.3935850562233787,0.0,20.0,0.922497308934338,0.0044360539654466,0.1116709929118874,0.0247178429844562,0.4260776720389607,0.0200441860662272,
animal__dinosaur_outline__s02,animal-derived budget -> dinosaur outline (seed 2),animal,dinosaur_outline,2,anchor-aware-refiner,ok,0.7746724999742582,0.1558167683638295,0.1485,0.4221927497789566,4.148147691879565,0.491424756182314,0.0779083841819147,0.1075999082643969,0.3342102066785752,0.0,15.0,0.8871128871128872,0.0018996289381473,0.6835416638828764,0.5694819583383015,0.958548453954284,,
animal__dinosaur_outline__s02,animal-derived budget -> dinosaur outline (seed 2),animal,dinosaur_outline,2,blind-sa,ok,43.212862299988046,0.2517681103949838,0.149,0.5564040263797293,0.4160023689291882,0.8930297778595291,0.1258840551974919,0.2653355000967249,0.3998916271524397,0.0,3.0,0.8966900702106319,0.0050816218008243,0.1174011442494352,0.0345609589199116,0.492401139815299,0.0243572537073633,0.9833333333333332
animal__dinosaur_outline__s02,animal-derived budget -> dinosaur outline (seed 2),animal,dinosaur_outline,2,projected-gradient-blind,ok,1.2875995000067633,0.2517681103949838,0.149,0.5564040263797293,0.4160023689291882,0.8930297778595291,0.1258840551974919,0.2653355000967249,0.3998916271524397,0.0,3.0,0.8966900702106319,0.0050816218008243,0.1174011442494352,0.0345609589199116,0.492401139815299,0.0208001184466247,
animal__dinosaur_outline__s02,animal-derived budget -> dinosaur outline (seed 2),animal,dinosaur_outline,2,evolutionary-blind,ok,57.28980960001354,0.2517681103949838,0.149,0.5564040263797293,0.4160023689291882,0.8930297778595291,0.1258840551974919,0.2653355000967249,0.3998916271524397,0.0,3.0,0.8966900702106319,0.0050816218008243,0.1174011442494352,0.0345609589199116,0.492401139815299,0.0243572537073633,
animal__dinosaur_outline__s02,animal-derived budget -> dinosaur outline (seed 2),animal,dinosaur_outline,2,best-of-k-restart-blind,ok,3.3243270000093617,0.2517681103949838,0.149,0.5564040263797293,0.4160023689291882,0.8930297778595291,0.1258840551974919,0.2653355000967249,0.3998916271524397,0.0,3.0,0.8966900702106319,0.0050816218008243,0.1174011442494352,0.0345609589199116,0.492401139815299,0.0208001184466247,
animal__dinosaur_outline__s02,animal-derived budget -> dinosaur outline (seed 2),animal,dinosaur_outline,2,entropy-transport-blind,ok,1.1949110999994446,0.2517681103949835,0.149,0.5564040263797293,0.4160023689291882,0.8930297778595311,0.1258840551974917,0.265335500096725,0.3998916271524397,0.0,3.0,0.8966900702106319,0.0050816218008243,0.1174011442494352,0.0345609589199116,0.492401139815299,0.02435725370753,
animal__dinosaur_outline__s02,animal-derived budget -> dinosaur outline (seed 2),animal,dinosaur_outline,2,langevin-blind,ok,30.16616280001472,0.2517681103949838,0.149,0.5564040263797293,0.4160023689291882,0.8930297778595291,0.1258840551974919,0.2653355000967249,0.3998916271524397,0.0,3.0,0.8966900702106319,0.0050816218008243,0.1174011442494352,0.0345609589199116,0.492401139815299,0.0208001184466247,
animal__dinosaur_outline__s03,animal-derived budget -> dinosaur outline (seed 3),animal,dinosaur_outline,3,anchor-aware-refiner,ok,0.8289204000029713,0.1510932481707279,0.1515,0.4429263992948435,4.201605746316609,0.5051719745810165,0.0755466240853639,0.1050184871156554,0.3167915561452442,0.0,15.0,0.887785501489573,0.0014695621131924,0.6837053359911383,0.5651080639634138,0.9882314663196972,,
animal__dinosaur_outline__s03,animal-derived budget -> dinosaur outline (seed 3),animal,dinosaur_outline,3,blind-sa,ok,43.60036859998945,0.2464462593409407,0.1515,0.568104038329911,0.3938503559814325,0.8073359977414223,0.1232231296704703,0.261860790683792,0.4074578954146167,0.0,15.0,0.912568306010929,0.0045477862793113,0.1708564525904857,0.0321621234055166,0.433677877474341,0.0228759681950294,0.975
animal__dinosaur_outline__s03,animal-derived budget -> dinosaur outline (seed 3),animal,dinosaur_outline,3,projected-gradient-blind,ok,1.315328899974702,0.2464462593409407,0.1515,0.568104038329911,0.3938503559814325,0.8073359977414223,0.1232231296704703,0.261860790683792,0.4074578954146167,0.0,15.0,0.912568306010929,0.0045477862793113,0.1708564525904857,0.0321621234055166,0.433677877474341,0.019692517799293,
animal__dinosaur_outline__s03,animal-derived budget -> dinosaur outline (seed 3),animal,dinosaur_outline,3,evolutionary-blind,ok,56.72562929999549,0.2464462593409407,0.1515,0.568104038329911,0.3938503559814325,0.8073359977414223,0.1232231296704703,0.261860790683792,0.4074578954146167,0.0,15.0,0.912568306010929,0.0045477862793113,0.1708564525904857,0.0321621234055166,0.433677877474341,0.0228759681950294,
animal__dinosaur_outline__s03,animal-derived budget -> dinosaur outline (seed 3),animal,dinosaur_outline,3,best-of-k-restart-blind,ok,3.2581162999849766,0.2464462593409407,0.1515,0.568104038329911,0.3938503559814325,0.8073359977414223,0.1232231296704703,0.261860790683792,0.4074578954146167,0.0,15.0,0.912568306010929,0.0045477862793113,0.1708564525904857,0.0321621234055166,0.433677877474341,0.019692517799293,
animal__dinosaur_outline__s03,animal-derived budget -> dinosaur outline (seed 3),animal,dinosaur_outline,3,entropy-transport-blind,ok,1.1826701999816578,0.2464462593409406,0.1515,0.568104038329911,0.3938503559814322,0.807335997741423,0.1232231296704703,0.2618607906837927,0.4074578954146167,0.0,15.0,0.912568306010929,0.0045477862793113,0.1708564525904857,0.0321621234055166,0.433677877474341,0.0228759681950719,
animal__dinosaur_outline__s03,animal-derived budget -> dinosaur outline (seed 3),animal,dinosaur_outline,3,langevin-blind,ok,29.400755899987416,0.2464462593409407,0.1515,0.568104038329911,0.3938503559814325,0.8073359977414223,0.1232231296704703,0.261860790683792,0.4074578954146167,0.0,15.0,0.912568306010929,0.0045477862793113,0.1708564525904857,0.0321621234055166,0.433677877474341,0.019692517799293,
animal__dinosaur_outline__s04,animal-derived budget -> dinosaur outline (seed 4),animal,dinosaur_outline,4,anchor-aware-refiner,ok,0.8036960999888834,0.1516279320884359,0.1515,0.4659893992932862,3.936545688125597,0.4992477930917642,0.0758139660442179,0.1054382969989885,0.3299874187986692,0.0,7.0,0.873046875,0.0014212725148721,0.6837716103318576,0.5528426261548858,1.002021175017352,,
animal__dinosaur_outline__s04,animal-derived budget -> dinosaur outline (seed 4),animal,dinosaur_outline,4,blind-sa,ok,43.47724049998215,0.2464706268131601,0.1515,0.5662274618585298,0.4123209597468741,0.8402665186959763,0.12323531340658,0.2587182392088585,0.3980395675052201,0.0,13.0,0.9043478260869564,0.0047199928981617,0.1350282481555899,0.025307795939097,0.3733355305264565,0.0239200430164103,0.9666666666666668
animal__dinosaur_outline__s04,animal-derived budget -> dinosaur outline (seed 4),animal,dinosaur_outline,4,projected-gradient-blind,ok,1.4075407000200355,0.2464706268131601,0.1515,0.5662274618585298,0.4123209597468741,0.8402665186959763,0.12323531340658,0.2587182392088585,0.3980395675052201,0.0,13.0,0.9043478260869564,0.0047199928981617,0.1350282481555899,0.025307795939097,0.3733355305264565,0.0206160479875247,
animal__dinosaur_outline__s04,animal-derived budget -> dinosaur outline (seed 4),animal,dinosaur_outline,4,evolutionary-blind,ok,56.90408030000981,0.2464706268131601,0.1515,0.5662274618585298,0.4123209597468741,0.8402665186959763,0.12323531340658,0.2587182392088585,0.3980395675052201,0.0,13.0,0.9043478260869564,0.0047199928981617,0.1350282481555899,0.025307795939097,0.3733355305264565,0.0239200430164103,
animal__dinosaur_outline__s04,animal-derived budget -> dinosaur outline (seed 4),animal,dinosaur_outline,4,best-of-k-restart-blind,ok,3.039148199983174,0.2464706268131601,0.1515,0.5662274618585298,0.4123209597468741,0.8402665186959763,0.12323531340658,0.2587182392088585,0.3980395675052201,0.0,13.0,0.9043478260869564,0.0047199928981617,0.1350282481555899,0.025307795939097,0.3733355305264565,0.0206160479875247,
animal__dinosaur_outline__s04,animal-derived budget -> dinosaur outline (seed 4),animal,dinosaur_outline,4,entropy-transport-blind,ok,1.175092300021788,0.2464706268131602,0.1515,0.5662274618585298,0.4123209597468742,0.8402665186959766,0.1232353134065801,0.2587182392088578,0.3980395675052201,0.0,13.0,0.9043478260869564,0.0047199928981617,0.1350282481555899,0.025307795939097,0.3733355305264565,0.0239200430161969,
animal__dinosaur_outline__s04,animal-derived budget -> dinosaur outline (seed 4),animal,dinosaur_outline,4,langevin-blind,ok,28.816895600000866,0.2464706268131601,0.1515,0.5662274618585298,0.4123209597468741,0.8402665186959763,0.12323531340658,0.2587182392088585,0.3980395675052201,0.0,13.0,0.9043478260869564,0.0047199928981617,0.1350282481555899,0.025307795939097,0.3733355305264565,0.0206160479875247,
animal__dinosaur_outline__s05,animal-derived budget -> dinosaur outline (seed 5),animal,dinosaur_outline,5,anchor-aware-refiner,ok,0.8662383000191767,0.1529722021908615,0.159,0.4330218068535825,4.420931023368336,0.4905378043351817,0.0764861010954307,0.1057735630439893,0.3234161628081732,0.0,21.0,0.8672286617492098,0.0015481631898222,0.6837507313629919,0.575125687531306,0.9975947086797728,,
animal__dinosaur_outline__s05,animal-derived budget -> dinosaur outline (seed 5),animal,dinosaur_outline,5,blind-sa,ok,43.34359589999076,0.2476920409985837,0.159,0.5650364203954215,0.4056546726117549,0.8692367918800751,0.1238460204992918,0.2581642118224639,0.3892870456848463,0.0,7.0,0.9040084388185654,0.0047790231528877,0.0935753538131665,0.0291822311134542,0.4633632339533466,0.0236280498379909,0.9666666666666668
animal__dinosaur_outline__s05,animal-derived budget -> dinosaur outline (seed 5),animal,dinosaur_outline,5,projected-gradient-blind,ok,1.3374012999993283,0.2479050469280753,0.1585,0.5650364203954215,0.4116961600599802,0.8691884984474381,0.1239525234640376,0.2581591159921132,0.3892870456848463,0.0,7.0,0.9040084388185654,0.0047758491351072,0.0932118463867765,0.0285330998831786,0.4636544377757019,0.0211841182193403,
animal__dinosaur_outline__s05,animal-derived budget -> dinosaur outline (seed 5),animal,dinosaur_outline,5,evolutionary-blind,ok,59.68197959999088,0.2476920409985837,0.159,0.5650364203954215,0.4056546726117546,0.8692367918800749,0.1238460204992918,0.2581642118224638,0.3892870456848463,0.0,7.0,0.9040084388185654,0.0047790231528877,0.0935753538131665,0.0291822311134542,0.4633632339533466,0.0236280498380229,
animal__dinosaur_outline__s05,animal-derived budget -> dinosaur outline (seed 5),animal,dinosaur_outline,5,best-of-k-restart-blind,ok,3.0923544999968726,0.2476920409985837,0.159,0.5650364203954215,0.4056546726117546,0.8692367918800749,0.1238460204992918,0.2581642118224638,0.3892870456848463,0.0,7.0,0.9040084388185654,0.0047790231528877,0.0935753538131665,0.0291822311134542,0.4633632339533466,0.0202827336307972,
animal__dinosaur_outline__s05,animal-derived budget -> dinosaur outline (seed 5),animal,dinosaur_outline,5,entropy-transport-blind,ok,1.1524553000053857,0.2476920409985841,0.159,0.5650364203954215,0.4056546726117546,0.8692367918800721,0.123846020499292,0.2581642118224631,0.3892870456848463,0.0,7.0,0.9040084388185654,0.0047790231528877,0.0935753538131665,0.0291822311134542,0.4633632339533466,0.023628049837972,
animal__dinosaur_outline__s05,animal-derived budget -> dinosaur outline (seed 5),animal,dinosaur_outline,5,langevin-blind,ok,29.818924099992728,0.2476920409985837,0.159,0.5650364203954215,0.4056546726117546,0.8692367918800749,0.1238460204992918,0.2581642118224638,0.3892870456848463,0.0,7.0,0.9040084388185654,0.0047790231528877,0.0935753538131665,0.0291822311134542,0.4633632339533466,0.0202827336307972,
animal__dinosaur_outline__s06,animal-derived budget -> dinosaur outline (seed 6),animal,dinosaur_outline,6,anchor-aware-refiner,ok,0.8022891999862622,0.1523754444426386,0.135,0.4577620521892968,4.488562531949737,0.4935662483744512,0.0761877222213193,0.1052985801492863,0.3379601019541263,0.0,11.0,0.8746327130264446,0.0015917402989389,0.6837387555673055,0.5563905810076784,0.99508830848855,,
animal__dinosaur_outline__s06,animal-derived budget -> dinosaur outline (seed 6),animal,dinosaur_outline,6,blind-sa,ok,43.341843100002734,0.2478018649790375,0.135,0.5634045485871813,0.3954094178507146,0.8481935760216903,0.1239009324895187,0.260811362808328,0.4068175082583568,0.0,21.0,0.9154774972557628,0.0046364544926015,0.0972052669947832,0.0359110899952461,0.5130452043098335,0.0230159890377446,0.9833333333333332
animal__dinosaur_outline__s06,animal-derived budget -> dinosaur outline (seed 6),animal,dinosaur_outline,6,projected-gradient-blind,ok,1.3065137000230609,0.2478018649790375,0.135,0.5634045485871813,0.3954094178507147,0.8481935760216904,0.1239009324895187,0.260811362808328,0.4068175082583568,0.0,21.0,0.9154774972557628,0.0046364544926015,0.0972052669947832,0.0359110899952461,0.5130452043098335,0.0197704708927353,
animal__dinosaur_outline__s06,animal-derived budget -> dinosaur outline (seed 6),animal,dinosaur_outline,6,evolutionary-blind,ok,57.4558794000186,0.2478018649790375,0.135,0.5634045485871813,0.3954094178507147,0.8481935760216904,0.1239009324895187,0.260811362808328,0.4068175082583568,0.0,21.0,0.9154774972557628,0.0046364544926015,0.0972052669947832,0.0359110899952461,0.5130452043098335,0.0230159890377482,
animal__dinosaur_outline__s06,animal-derived budget -> dinosaur outline (seed 6),animal,dinosaur_outline,6,best-of-k-restart-blind,ok,3.322317799989833,0.2478018649790375,0.135,0.5634045485871813,0.3954094178507147,0.8481935760216904,0.1239009324895187,0.260811362808328,0.4068175082583568,0.0,21.0,0.9154774972557628,0.0046364544926015,0.0972052669947832,0.0359110899952461,0.5130452043098335,0.0197704708927353,
animal__dinosaur_outline__s06,animal-derived budget -> dinosaur outline (seed 6),animal,dinosaur_outline,6,entropy-transport-blind,ok,1.1640763000177683,0.2478018649790373,0.135,0.5634045485871813,0.3954094178507149,0.8481935760216942,0.1239009324895186,0.2608113628083281,0.4068175082583568,0.0,21.0,0.9154774972557628,0.0046364544926015,0.0972052669947832,0.0359110899952461,0.5130452043098335,0.0230159890377521,
animal__dinosaur_outline__s06,animal-derived budget -> dinosaur outline (seed 6),animal,dinosaur_outline,6,langevin-blind,ok,29.15741989997332,0.2478018649790375,0.135,0.5634045485871813,0.3954094178507147,0.8481935760216904,0.1239009324895187,0.260811362808328,0.4068175082583568,0.0,21.0,0.9154774972557628,0.0046364544926015,0.0972052669947832,0.0359110899952461,0.5130452043098335,0.0197704708927353,
animal__dinosaur_outline__s07,animal-derived budget -> dinosaur outline (seed 7),animal,dinosaur_outline,7,anchor-aware-refiner,ok,0.807805799995549,0.1505263638463747,0.1525,0.4265795206971677,3.9875011858306366,0.5024805023502507,0.0752631819231873,0.1050755769213633,0.327056132610431,0.0,20.0,0.8839285714285714,0.0015853656333981,0.6837036952155411,0.5614078601280634,0.9879003761197532,,
animal__dinosaur_outline__s07,animal-derived budget -> dinosaur outline (seed 7),animal,dinosaur_outline,7,blind-sa,ok,43.46853429998737,0.2471966596555329,0.1525,0.5671537926235213,0.4173323146737711,0.8198531232533562,0.1235983298277664,0.263682951202448,0.4024027925718524,0.0,3.0,0.9122137404580152,0.0042954139364852,0.1521484768524546,0.0288291504471989,0.4217615077688381,0.0238734054897422,0.9833333333333332
animal__dinosaur_outline__s07,animal-derived budget -> dinosaur outline (seed 7),animal,dinosaur_outline,7,projected-gradient-blind,ok,1.364720400015358,0.2471966596555329,0.1525,0.5671537926235213,0.4173323146737711,0.8198531232533562,0.1235983298277664,0.263682951202448,0.4024027925718524,0.0,3.0,0.9122137404580152,0.0042954139364852,0.1521484768524546,0.0288291504471989,0.4217615077688381,0.0208666157339468,
animal__dinosaur_outline__s07,animal-derived budget -> dinosaur outline (seed 7),animal,dinosaur_outline,7,evolutionary-blind,ok,56.99572850001277,0.2471966596555329,0.1525,0.5671537926235213,0.4173323146737711,0.8198531232533562,0.1235983298277664,0.263682951202448,0.4024027925718524,0.0,3.0,0.9122137404580152,0.0042954139364852,0.1521484768524546,0.0288291504471989,0.4217615077688381,0.0238734054897422,
animal__dinosaur_outline__s07,animal-derived budget -> dinosaur outline (seed 7),animal,dinosaur_outline,7,best-of-k-restart-blind,ok,2.987905799993314,0.2471966596555329,0.1525,0.5671537926235213,0.4173323146737711,0.8198531232533562,0.1235983298277664,0.263682951202448,0.4024027925718524,0.0,3.0,0.9122137404580152,0.0042954139364852,0.1521484768524546,0.0288291504471989,0.4217615077688381,0.0208666157339468,
animal__dinosaur_outline__s07,animal-derived budget -> dinosaur outline (seed 7),animal,dinosaur_outline,7,entropy-transport-blind,ok,1.1253770999901462,0.2471966596555328,0.1525,0.5671537926235213,0.4173323146737713,0.8198531232533586,0.1235983298277664,0.2636829512024481,0.4024027925718524,0.0,3.0,0.9122137404580152,0.0042954139364852,0.1521484768524546,0.0288291504471989,0.4217615077688381,0.0238734054897514,
animal__dinosaur_outline__s07,animal-derived budget -> dinosaur outline (seed 7),animal,dinosaur_outline,7,langevin-blind,ok,29.82667959999526,0.2471966596555329,0.1525,0.5671537926235213,0.4173323146737711,0.8198531232533562,0.1235983298277664,0.263682951202448,0.4024027925718524,0.0,3.0,0.9122137404580152,0.0042954139364852,0.1521484768524546,0.0288291504471989,0.4217615077688381,0.0208666157339468,
animal__pickaxe_object__s00,animal-derived budget -> pickaxe object (seed 0),animal,pickaxe_object,0,anchor-aware-refiner,ok,1.0493942000030074,0.3626285371852989,0.0435,0.1127020785219399,4.192673770053791,0.891780972817394,0.1813142685926494,0.2954542344625012,0.5569620511732927,0.0,33.0,0.9502487562189056,0.0067850643198056,0.6834299361495526,0.5195119743669219,0.943827587604479,,
animal__pickaxe_object__s00,animal-derived budget -> pickaxe object (seed 0),animal,pickaxe_object,0,blind-sa,ok,44.10458270000527,0.4499583981841523,0.0435,0.1417395306028532,0.2760014586505797,0.8917707235913278,0.2249791990920761,0.4082570416447675,0.4688688358298184,0.0,34.0,0.9343629343629344,0.0078049889795269,0.2079256556277566,0.0524988935583288,0.5388006093946451,0.0192635652186172,0.95
animal__pickaxe_object__s00,animal-derived budget -> pickaxe object (seed 0),animal,pickaxe_object,0,projected-gradient-blind,ok,1.4353165999928024,0.4499698317023492,0.043,0.140819144040497,0.3683042009595988,0.8917608643535774,0.2249849158511746,0.408298285439174,0.4688688358298184,0.0,34.0,0.9329896907216496,0.0078098054132914,0.1902153196391559,0.0634874769178719,0.0137127926881823,0.0195547392039724,
animal__pickaxe_object__s00,animal-derived budget -> pickaxe object (seed 0),animal,pickaxe_object,0,evolutionary-blind,ok,57.331110300001455,0.4499583981841523,0.0435,0.1417395306028532,0.2760014586505797,0.8917707235913278,0.2249791990920761,0.4082570416447675,0.4688688358298184,0.0,34.0,0.9343629343629344,0.0078049889795269,0.2079256556277566,0.0524988935583288,0.5388006093946451,0.0192635652186172,
animal__pickaxe_object__s00,animal-derived budget -> pickaxe object (seed 0),animal,pickaxe_object,0,best-of-k-restart-blind,ok,3.293241300008958,0.4499641522416495,0.0435,0.1403589507593189,0.292346635914853,0.8917682274306273,0.2249820761208247,0.4082592798607378,0.4688688358298184,0.0,34.0,0.9343629343629344,0.007804346708582,0.2067959642071689,0.0538234322705794,0.5319530220402362,0.014743568167007,
animal__pickaxe_object__s00,animal-derived budget -> pickaxe object (seed 0),animal,pickaxe_object,0,entropy-transport-blind,ok,1.367860300000757,0.4499583981841519,0.0435,0.1417395306028532,0.2760014586505796,0.8917707235913306,0.2249791990920759,0.408257041644767,0.4688688358298184,0.0,34.0,0.9343629343629344,0.0078049889795269,0.2079256556277566,0.0524988935583288,0.5388006093946451,0.0192635652184801,
animal__pickaxe_object__s00,animal-derived budget -> pickaxe object (seed 0),animal,pickaxe_object,0,langevin-blind,ok,29.52924739997252,0.4499583981841523,0.0435,0.1417395306028532,0.2760014586505797,0.8917707235913278,0.2249791990920761,0.4082570416447675,0.4688688358298184,0.0,34.0,0.9343629343629344,0.0078049889795269,0.2079256556277566,0.0524988935583288,0.5388006093946451,0.0138000729327423,
animal__pickaxe_object__s01,animal-derived budget -> pickaxe object (seed 1),animal,pickaxe_object,1,anchor-aware-refiner,ok,0.79920919999131,0.3627817983376796,0.0445,0.113573407202216,4.176183237297696,0.8921246806440278,0.1813908991688398,0.2953951805167242,0.5569620511732927,0.0,34.0,0.9539800995024876,0.0067888094532937,0.6834897213905455,0.5197694412578022,0.9509855750750504,,
animal__pickaxe_object__s01,animal-derived budget -> pickaxe object (seed 1),animal,pickaxe_object,1,blind-sa,ok,43.61120449998998,0.4495483862077438,0.0445,0.1421997238840313,0.2833528527940213,0.8921246806440267,0.2247741931038719,0.4080242140066662,0.4688688358298184,0.0,34.0,0.934278350515464,0.0077137573829673,0.2069778565073217,0.0491415020991974,0.5221910936118117,0.0195672728080698,0.9666666666666668
animal__pickaxe_object__s01,animal-derived budget -> pickaxe object (seed 1),animal,pickaxe_object,1,projected-gradient-blind,ok,1.4234307000006083,0.4495585899125599,0.0445,0.1421997238840313,0.3104860210265607,0.8921296645250351,0.2247792949562799,0.4080262098044301,0.4688688358298184,0.0,34.0,0.934278350515464,0.0077145112622752,0.2046466078969043,0.0532313035406251,0.5023512397615784,0.0156663956032951,
animal__pickaxe_object__s01,animal-derived budget -> pickaxe object (seed 1),animal,pickaxe_object,1,evolutionary-blind,ok,57.273645300010685,0.4495483862077438,0.0445,0.1421997238840313,0.2833528527940213,0.8921246806440267,0.2247741931038719,0.4080242140066662,0.4688688358298184,0.0,34.0,0.934278350515464,0.0077137573829673,0.2069778565073217,0.0491415020991974,0.5221910936118117,0.0195672728080698,
animal__pickaxe_object__s01,animal-derived budget -> pickaxe object (seed 1),animal,pickaxe_object,1,best-of-k-restart-blind,ok,3.049280600011116,0.4495585899125599,0.0445,0.1421997238840313,0.3104860210265607,0.8921296645250351,0.2247792949562799,0.4080262098044301,0.4688688358298184,0.0,34.0,0.934278350515464,0.0077145112622752,0.2046466078969043,0.0532313035406251,0.5023512397615784,0.0156663956032951,
animal__pickaxe_object__s01,animal-derived budget -> pickaxe object (seed 1),animal,pickaxe_object,1,entropy-transport-blind,ok,1.3171858999994583,0.4495483862077444,0.0445,0.1421997238840313,0.2833528527940193,0.892124680644025,0.2247741931038722,0.4080242140066669,0.4688688358298184,0.0,34.0,0.934278350515464,0.0077137573829673,0.2069778565073217,0.0491415020991974,0.5221910936118117,0.0195672728081624,
animal__pickaxe_object__s01,animal-derived budget -> pickaxe object (seed 1),animal,pickaxe_object,1,langevin-blind,ok,29.63760339998408,0.4495483862077438,0.0445,0.1421997238840313,0.2833528527940213,0.8921246806440267,0.2247741931038719,0.4080242140066662,0.4688688358298184,0.0,34.0,0.934278350515464,0.0077137573829673,0.2069778565073217,0.0491415020991974,0.5221910936118117,0.0141676426398523,
animal__pickaxe_object__s02,animal-derived budget -> pickaxe object (seed 2),animal,pickaxe_object,2,anchor-aware-refiner,ok,0.8165839000139385,0.3627656870617002,0.044,0.1125980618366405,3.115258404205797,0.8917433284770603,0.1813828435308501,0.2954123364548705,0.5569620511732927,0.0,32.0,0.9532019704433498,0.0067703180077038,0.6834680439456915,0.5273309314251864,0.9481808319747695,,
animal__pickaxe_object__s02,animal-derived budget -> pickaxe object (seed 2),animal,pickaxe_object,2,blind-sa,ok,44.046290600002976,0.4494922434708143,0.044,0.1417395306028532,0.29704915435369,0.8917433284770608,0.2247461217354071,0.4080712891973597,0.4688688358298184,0.0,34.0,0.9341935483870968,0.0076201617485828,0.207044755856727,0.0494970292517023,0.5099550875511671,0.020186570942165,0.9583333333333334
animal__pickaxe_object__s02,animal-derived budget -> pickaxe object (seed 2),animal,pickaxe_object,2,projected-gradient-blind,ok,1.453099600010319,0.4494987839964176,0.044,0.1412143514259429,0.3885610371793427,0.8917569947394913,0.2247493919982088,0.4081162114353693,0.4688688358298184,0.0,34.0,0.9329032258064516,0.0076302232855208,0.190307484842991,0.0602432241021998,0.0252659394574603,0.0204927811403584,
animal__pickaxe_object__s02,animal-derived budget -> pickaxe object (seed 2),animal,pickaxe_object,2,evolutionary-blind,ok,58.66488650001702,0.4494922434708143,0.044,0.1417395306028532,0.29704915435369,0.8917433284770608,0.2247461217354071,0.4080712891973597,0.4688688358298184,0.0,34.0,0.9341935483870968,0.0076201617485828,0.207044755856727,0.0494970292517023,0.5099550875511671,0.020186570942165,
animal__pickaxe_object__s02,animal-derived budget -> pickaxe object (seed 2),animal,pickaxe_object,2,best-of-k-restart-blind,ok,3.285000300005777,0.4494987839964176,0.044,0.1412143514259429,0.3885610371793427,0.8917569947394913,0.2247493919982088,0.4081162114353693,0.4688688358298184,0.0,34.0,0.9329032258064516,0.0076302232855208,0.190307484842991,0.0602432241021998,0.0252659394574603,0.0204927811403584,
animal__pickaxe_object__s02,animal-derived budget -> pickaxe object (seed 2),animal,pickaxe_object,2,entropy-transport-blind,ok,1.320628299989039,0.4494922434708137,0.044,0.1417395306028532,0.2970491543536911,0.8917433284770662,0.2247461217354068,0.4080712891973596,0.4688688358298184,0.0,34.0,0.9341935483870968,0.0076201617485828,0.207044755856727,0.0494970292517023,0.5099550875511671,0.0201865709422015,
animal__pickaxe_object__s02,animal-derived budget -> pickaxe object (seed 2),animal,pickaxe_object,2,langevin-blind,ok,29.89315079999505,0.4494922434708143,0.044,0.1417395306028532,0.29704915435369,0.8917433284770608,0.2247461217354071,0.4080712891973597,0.4688688358298184,0.0,34.0,0.9341935483870968,0.0076201617485828,0.207044755856727,0.0494970292517023,0.5099550875511671,0.0148524577179243,
animal__pickaxe_object__s03,animal-derived budget -> pickaxe object (seed 3),animal,pickaxe_object,3,anchor-aware-refiner,ok,0.8485874000180047,0.3627784504262106,0.0435,0.1161825726141078,4.318679013276467,0.8912992707264119,0.1813892252131053,0.2953731080521853,0.5569620511732927,0.0,34.0,0.9540372670807452,0.0067434087775301,0.6834605270630267,0.520931789151071,0.9472617064914286,,
animal__pickaxe_object__s03,animal-derived budget -> pickaxe object (seed 3),animal,pickaxe_object,3,blind-sa,ok,44.14369719999377,0.4495000674649799,0.0435,0.1395670198065407,0.2883037174995195,0.8912992707264119,0.2247500337324899,0.4080423344091061,0.4688688358298184,0.0,34.0,0.934278350515464,0.0076610753149297,0.2054078073264768,0.0516439851373366,0.5309415607377026,0.019777938595749,0.975
animal__pickaxe_object__s03,animal-derived budget -> pickaxe object (seed 3),animal,pickaxe_object,3,projected-gradient-blind,ok,1.4700817999837454,0.4496542383161606,0.0435,0.1395670198065407,0.4283206425615206,0.89129523740636,0.2248271191580803,0.4080646951579139,0.4688688358298184,0.0,34.0,0.934278350515464,0.0076624487240411,0.1880741201658148,0.0728640156060001,0.0125969793139937,0.0218969808451299,
animal__pickaxe_object__s03,animal-derived budget -> pickaxe object (seed 3),animal,pickaxe_object,3,evolutionary-blind,ok,57.468508799996926,0.4495000674649798,0.0435,0.1395670198065407,0.2883037174995192,0.8912992707264119,0.2247500337324899,0.4080423344091061,0.4688688358298184,0.0,34.0,0.934278350515464,0.0076610753149297,0.2054078073264768,0.0516439851373366,0.5309415607377026,0.019777938595842,
animal__pickaxe_object__s03,animal-derived budget -> pickaxe object (seed 3),animal,pickaxe_object,3,best-of-k-restart-blind,ok,3.229761199996574,0.4494993692775405,0.043,0.1404235727440147,0.3665096114061449,0.8912937371796815,0.2247496846387702,0.4079897936366637,0.4688688358298184,0.0,34.0,0.9329032258064516,0.0076550622131897,0.1902217415933373,0.0621769289477196,0.0159165527357227,0.0193548356460416,
animal__pickaxe_object__s03,animal-derived budget -> pickaxe object (seed 3),animal,pickaxe_object,3,entropy-transport-blind,ok,1.2953395000076853,0.4495000674649801,0.0435,0.1395670198065407,0.2883037174995212,0.8912992707264117,0.22475003373249,0.4080423344091063,0.4688688358298184,0.0,34.0,0.934278350515464,0.0076610753149297,0.2054078073264768,0.0516439851373366,0.5309415607377026,0.0197779385958931,
animal__pickaxe_object__s03,animal-derived budget -> pickaxe object (seed 3),animal,pickaxe_object,3,langevin-blind,ok,30.599051500001224,0.4495000674649798,0.0435,0.1395670198065407,0.2883037174995192,0.8912992707264119,0.2247500337324899,0.4080423344091061,0.4688688358298184,0.0,34.0,0.934278350515464,0.0076610753149297,0.2054078073264768,0.0516439851373366,0.5309415607377026,0.0144151858751851,
animal__pickaxe_object__s04,animal-derived budget -> pickaxe object (seed 4),animal,pickaxe_object,4,anchor-aware-refiner,ok,0.8499679999949876,0.3628154206432974,0.0435,0.1131639722863741,4.246605793034187,0.8921533713327202,0.1814077103216487,0.2954590163717067,0.5569620511732927,0.0,34.0,0.9541511771995044,0.0067286956140591,0.6834506111074852,0.5232016741291541,0.946093466247916,,
animal__pickaxe_object__s04,animal-derived budget -> pickaxe object (seed 4),animal,pickaxe_object,4,blind-sa,ok,45.0897356000205,0.4497727756791324,0.0435,0.1408839779005525,0.2999926168039236,0.8921533713327199,0.2248863878395662,0.4081217163486889,0.4688688358298184,0.0,34.0,0.9329896907216496,0.0078986345466783,0.2063806563016232,0.0495254283311626,0.5122941749736567,0.0205286750231423,0.9583333333333334
animal__pickaxe_object__s04,animal-derived budget -> pickaxe object (seed 4),animal,pickaxe_object,4,projected-gradient-blind,ok,1.3966432000161149,0.449783671922508,0.0435,0.1413443830570902,0.3458270155869615,0.8921288911466319,0.224891835961254,0.4081407974836241,0.4688688358298184,0.0,34.0,0.9329896907216496,0.0079019824078363,0.2024086043747534,0.054794743282956,0.4633662256680555,0.0176513411489914,
animal__pickaxe_object__s04,animal-derived budget -> pickaxe object (seed 4),animal,pickaxe_object,4,evolutionary-blind,ok,58.108858099993085,0.4497727756791324,0.0435,0.1408839779005525,0.2999926168039236,0.8921533713327199,0.2248863878395662,0.4081217163486889,0.4688688358298184,0.0,34.0,0.9329896907216496,0.0078986345466783,0.2063806563016232,0.0495254283311626,0.5122941749736567,0.0205286750231423,
animal__pickaxe_object__s04,animal-derived budget -> pickaxe object (seed 4),animal,pickaxe_object,4,best-of-k-restart-blind,ok,3.2408520999888424,0.4497915776152239,0.0435,0.1413443830570902,0.3351476807419547,0.8921390982380167,0.2248957888076119,0.4081310988548896,0.4688688358298184,0.0,34.0,0.9329896907216496,0.0079009872654317,0.202436635770014,0.0535761622783672,0.4808673639083847,0.0170678424412154,
animal__pickaxe_object__s04,animal-derived budget -> pickaxe object (seed 4),animal,pickaxe_object,4,entropy-transport-blind,ok,1.2883372999785934,0.4497727756791329,0.0435,0.1408839779005525,0.2999926168039244,0.8921533713327173,0.2248863878395664,0.4081217163486884,0.4688688358298184,0.0,34.0,0.9329896907216496,0.0078986345466783,0.2063806563016232,0.0495254283311626,0.5122941749736567,0.0205286750233564,
animal__pickaxe_object__s04,animal-derived budget -> pickaxe object (seed 4),animal,pickaxe_object,4,langevin-blind,ok,29.708966900012456,0.4497727756791324,0.0435,0.1408839779005525,0.2999926168039236,0.8921533713327199,0.2248863878395662,0.4081217163486889,0.4688688358298184,0.0,34.0,0.9329896907216496,0.0078986345466783,0.2063806563016232,0.0495254283311626,0.5122941749736567,0.0149996308403342,
animal__pickaxe_object__s05,animal-derived budget -> pickaxe object (seed 5),animal,pickaxe_object,5,anchor-aware-refiner,ok,0.8240410000144038,0.3626280688699984,0.043,0.1143384047948363,4.312268481233758,0.8913413170368563,0.1813140344349992,0.2958204655433644,0.5569620511732927,0.0,35.0,0.9526184538653366,0.0068088831378464,0.6834420332077125,0.5252215992445163,0.9451248266580364,,
animal__pickaxe_object__s05,animal-derived budget -> pickaxe object (seed 5),animal,pickaxe_object,5,blind-sa,ok,45.32486579997931,0.4502764590561726,0.043,0.140027637033625,0.2817020804270847,0.8913413170368556,0.2251382295280863,0.4089630397896457,0.4678412457610135,0.0,34.0,0.934278350515464,0.0076138947700552,0.2065548560877394,0.0450950599948903,0.0467435357681245,0.0194148303604989,0.9833333333333332
animal__pickaxe_object__s05,animal-derived budget -> pickaxe object (seed 5),animal,pickaxe_object,5,projected-gradient-blind,ok,1.4675408999901265,0.4502009835141995,0.0425,0.140027637033625,0.4624433712242037,0.8913867302191535,0.2251004917570997,0.4086727498829372,0.4678412457610135,0.0,34.0,0.934278350515464,0.007589722880366,0.2015175342990368,0.0732451357033346,0.0489352041250441,0.0270224086707836,
animal__pickaxe_object__s05,animal-derived budget -> pickaxe object (seed 5),animal,pickaxe_object,5,evolutionary-blind,ok,59.28911350000999,0.4502764590561727,0.043,0.140027637033625,0.2817020804270864,0.8913413170368554,0.2251382295280863,0.4089630397896458,0.4678412457610135,0.0,34.0,0.934278350515464,0.0076138947700552,0.2065548560877394,0.0450950599948903,0.0467435357681245,0.019414830360611,
animal__pickaxe_object__s05,animal-derived budget -> pickaxe object (seed 5),animal,pickaxe_object,5,best-of-k-restart-blind,ok,3.3472415000142064,0.450271236286385,0.043,0.1400921658986175,0.3310505104085987,0.8913570372064186,0.2251356181431925,0.4089731587713091,0.4678412457610135,0.0,34.0,0.934278350515464,0.0076158077640275,0.2008388049216515,0.0507490173523229,0.0150791226272652,0.0168971850189759,
animal__pickaxe_object__s05,animal-derived budget -> pickaxe object (seed 5),animal,pickaxe_object,5,entropy-transport-blind,ok,1.2877691000176128,0.4502764590561734,0.043,0.140027637033625,0.2817020804270864,0.8913413170368506,0.2251382295280867,0.4089630397896466,0.4678412457610135,0.0,34.0,0.934278350515464,0.0076138947700552,0.2065548560877394,0.0450950599948903,0.0467435357681245,0.0194148303610008,
animal__pickaxe_object__s05,animal-derived budget -> pickaxe object (seed 5),animal,pickaxe_object,5,langevin-blind,ok,30.53213500001584,0.4502764590561727,0.043,0.140027637033625,0.2817020804270864,0.8913413170368554,0.2251382295280863,0.4089630397896458,0.4678412457610135,0.0,34.0,0.934278350515464,0.0076138947700552,0.2065548560877394,0.0450950599948903,0.0467435357681245,0.0140851040214676,
animal__pickaxe_object__s06,animal-derived budget -> pickaxe object (seed 6),animal,pickaxe_object,6,anchor-aware-refiner,ok,0.8346004999766592,0.3628517718911496,0.043,0.1152604887044721,4.208086775753633,0.8910903283579714,0.1814258859455748,0.2955042071863635,0.5577204255131338,0.0,33.0,0.9516728624535316,0.0067454760071418,0.6834506111074852,0.523608230086587,0.946093466247916,,
animal__pickaxe_object__s06,animal-derived budget -> pickaxe object (seed 6),animal,pickaxe_object,6,blind-sa,ok,44.2831581000064,0.4500431505921162,0.043,0.140027637033625,0.3047850032562601,0.8910903283579711,0.2250215752960581,0.4086216674247594,0.4688688358298184,0.0,34.0,0.9355670103092784,0.0077594758123643,0.2050666473144297,0.0495473371143732,0.5259208516595362,0.0206708832318844,0.9833333333333332
animal__pickaxe_object__s06,animal-derived budget -> pickaxe object (seed 6),animal,pickaxe_object,6,projected-gradient-blind,ok,1.4006983000144828,0.450059275274657,0.043,0.140027637033625,0.4567337216273082,0.8910815583881464,0.2250296376373285,0.4086237815471666,0.4688688358298184,0.0,34.0,0.9355670103092784,0.0077574203747232,0.1859963619797596,0.0730498089965728,0.0436948026656183,0.023455018505097,
animal__pickaxe_object__s06,animal-derived budget -> pickaxe object (seed 6),animal,pickaxe_object,6,evolutionary-blind,ok,56.949049499991816,0.4500431505921162,0.043,0.140027637033625,0.3047850032562601,0.8910903283579711,0.2250215752960581,0.4086216674247594,0.4688688358298184,0.0,34.0,0.9355670103092784,0.0077594758123643,0.2050666473144297,0.0495473371143732,0.5259208516595362,0.0206708832318879,
animal__pickaxe_object__s06,animal-derived budget -> pickaxe object (seed 6),animal,pickaxe_object,6,best-of-k-restart-blind,ok,2.630466799979331,0.4500568503106467,0.043,0.140027637033625,0.3689818592431155,0.8910668783485702,0.2250284251553233,0.40861009942353,0.4688688358298184,0.0,34.0,0.9355670103092784,0.007756913170009,0.1995082261597534,0.0599070155054154,0.4666765139636843,0.0190023415804487,
animal__pickaxe_object__s06,animal-derived budget -> pickaxe object (seed 6),animal,pickaxe_object,6,entropy-transport-blind,ok,1.0385438000084832,0.4500431505921151,0.043,0.140027637033625,0.3047850032562595,0.8910903283579746,0.2250215752960575,0.4086216674247593,0.4688688358298184,0.0,34.0,0.9355670103092784,0.0077594758123643,0.2050666473144297,0.0495473371143732,0.5259208516595362,0.0206708832318855,
animal__pickaxe_object__s06,animal-derived budget -> pickaxe object (seed 6),animal,pickaxe_object,6,langevin-blind,ok,30.535064600000624,0.4500431505921162,0.043,0.140027637033625,0.3047850032562601,0.8910903283579711,0.2250215752960581,0.4086216674247594,0.4688688358298184,0.0,34.0,0.9355670103092784,0.0077594758123643,0.2050666473144297,0.0495473371143732,0.5259208516595362,0.0152392501630251,
animal__pickaxe_object__s07,animal-derived budget -> pickaxe object (seed 7),animal,pickaxe_object,7,anchor-aware-refiner,ok,0.8311125000182074,0.3625116684394148,0.045,0.1152604887044721,3.00117801279268,0.8922547748659959,0.1812558342197074,0.2950988564578541,0.5468862853871064,0.0,32.0,0.9541511771995044,0.006798398045822,0.6834962059141441,0.5226259263529112,0.9518670983605702,,
animal__pickaxe_object__s07,animal-derived budget -> pickaxe object (seed 7),animal,pickaxe_object,7,blind-sa,ok,46.43492410000181,0.4489570375987143,0.045,0.1427255985267035,0.3100352505091699,0.8922547748659957,0.2244785187993571,0.4073543521106815,0.4688688358298184,0.0,34.0,0.9330759330759332,0.0076790291090949,0.2260350385594894,0.0510911776606292,0.5416045725808643,0.0208770829021905,0.9666666666666668
animal__pickaxe_object__s07,animal-derived budget -> pickaxe object (seed 7),animal,pickaxe_object,7,projected-gradient-blind,ok,2.0897773999895435,0.4489491566596149,0.045,0.1427255985267035,0.3428074776147641,0.8922710347677268,0.2244745783298074,0.407359340060303,0.4688688358298184,0.0,34.0,0.9330759330759332,0.007680938264289,0.2207675654042477,0.0551571426702857,0.5012148751594137,0.0173537595395065,
animal__pickaxe_object__s07,animal-derived budget -> pickaxe object (seed 7),animal,pickaxe_object,7,evolutionary-blind,ok,62.80232899999828,0.4489570375987143,0.045,0.1427255985267035,0.3100352505091699,0.8922547748659957,0.2244785187993571,0.4073543521106815,0.4688688358298184,0.0,34.0,0.9330759330759332,0.0076790291090949,0.2260350385594894,0.0510911776606292,0.5416045725808643,0.0208770829021905,
animal__pickaxe_object__s07,animal-derived budget -> pickaxe object (seed 7),animal,pickaxe_object,7,best-of-k-restart-blind,ok,3.383978199999546,0.4489557950327125,0.045,0.1427255985267035,0.3355825333620759,0.8922438739796088,0.2244778975163562,0.407356696964827,0.4688688358298184,0.0,34.0,0.9330759330759332,0.0076803768051946,0.2218619756056433,0.0548559637193048,0.5168035014256456,0.0169250006390367,
animal__pickaxe_object__s07,animal-derived budget -> pickaxe object (seed 7),animal,pickaxe_object,7,entropy-transport-blind,ok,1.3406858000089414,0.4489570375987144,0.045,0.1427255985267035,0.3100352505091686,0.8922547748659958,0.2244785187993572,0.4073543521106809,0.4688688358298184,0.0,34.0,0.9330759330759332,0.0076790291090949,0.2260350385594894,0.0510911776606292,0.5416045725808643,0.0208770829022568,
animal__pickaxe_object__s07,animal-derived budget -> pickaxe object (seed 7),animal,pickaxe_object,7,langevin-blind,ok,30.9288588000054,0.4489570375987143,0.045,0.1427255985267035,0.3100352505091699,0.8922547748659957,0.2244785187993571,0.4073543521106815,0.4688688358298184,0.0,34.0,0.9330759330759332,0.0076790291090949,0.2260350385594894,0.0510911776606292,0.5416045725808643,0.0155017625256428,
animal__rope_knot__s00,animal-derived budget -> rope knot (seed 0),animal,rope_knot,0,anchor-aware-refiner,ok,0.8829272000002675,0.344779320315929,0.0285,0.0399092970521541,1.750747406975571,0.6833283807501742,0.1723896601579645,0.2597919081791577,0.5596721917456132,0.0,38.0,0.986469864698647,0.0323601570155072,0.6844519492909542,0.4749808013876522,1.1601556171715632,,
animal__rope_knot__s00,animal-derived budget -> rope knot (seed 0),animal,rope_knot,0,blind-sa,ok,46.28726909999386,0.3800223791117602,0.0285,0.0505415162454873,0.7173699936762029,0.6833271410794872,0.1900111895558801,0.3617600880941408,0.5578570532573331,0.0,38.0,0.986682808716707,0.058297249422114,0.4714832689697341,0.3367413609365078,0.0193292993294682,0.0767232867982072,0.9666666666666668
animal__rope_knot__s00,animal-derived budget -> rope knot (seed 0),animal,rope_knot,0,projected-gradient-blind,ok,1.4110580999986269,0.3800341372800192,0.029,0.0505643340857787,0.959117147918416,0.6832433306070144,0.1900170686400096,0.3617046095803238,0.5578570532573331,0.0,38.0,0.986682808716707,0.058289747856497,0.4196093642632627,0.3710447464890187,0.1526716558322873,0.0513108981729427,
animal__rope_knot__s00,animal-derived budget -> rope knot (seed 0),animal,rope_knot,0,evolutionary-blind,ok,60.71035219999612,0.3800184445631209,0.0285,0.0505415162454873,0.6470568913293662,0.6833268583297432,0.1900092222815604,0.3617611366289371,0.5578570532573331,0.0,38.0,0.986682808716707,0.0582984517430115,0.5316944930496046,0.3324439145539779,0.0046817911081915,0.0731617607870573,
animal__rope_knot__s00,animal-derived budget -> rope knot (seed 0),animal,rope_knot,0,best-of-k-restart-blind,ok,3.6687893999915104,0.3800301263564479,0.0285,0.0505643340857787,0.9151735413852776,0.6833759043904704,0.1900150631782239,0.3617881435356242,0.5578570532573331,0.0,38.0,0.986682808716707,0.0583160860221765,0.4249090478785211,0.3667916564807335,0.1450240657086698,0.0463838312992586,
animal__rope_knot__s00,animal-derived budget -> rope knot (seed 0),animal,rope_knot,0,entropy-transport-blind,ok,1.2845474999921862,0.3800184445631218,0.0285,0.0505415162454873,0.6470568913293645,0.683326858329744,0.1900092222815609,0.3617611366289375,0.5578570532573331,0.0,38.0,0.986682808716707,0.0582984517430115,0.5316944930496046,0.3324439145539779,0.0046817911081915,0.0731617607870261,
animal__rope_knot__s00,animal-derived budget -> rope knot (seed 0),animal,rope_knot,0,langevin-blind,ok,31.339821100002155,0.3800184445631209,0.0285,0.0505415162454873,0.6470568913293662,0.6833268583297432,0.1900092222815604,0.3617611366289371,0.5578570532573331,0.0,38.0,0.986682808716707,0.0582984517430115,0.5316944930496046,0.3324439145539779,0.0046817911081915,0.0323528445667165,
animal__rope_knot__s01,animal-derived budget -> rope knot (seed 1),animal,rope_knot,1,anchor-aware-refiner,ok,0.968512199993711,0.3352272704928092,0.0275,0.0407424173834314,1.791891442852526,0.6391103545210409,0.1676136352464046,0.2496120968713887,0.5602913364259292,0.0,38.0,0.986469864698647,0.0280230948982167,0.684671239220453,0.4842975931492803,1.2091686058520257,,
animal__rope_knot__s01,animal-derived budget -> rope knot (seed 1),animal,rope_knot,1,blind-sa,ok,47.33364799999981,0.3783064235054305,0.0275,0.0537003610108303,0.6815101145397995,0.639111064450114,0.1891532117527152,0.3468649278008185,0.558459045419367,0.0,38.0,0.9842424242424244,0.0564094291539746,0.3335918173203624,0.3277821031639963,0.5788041085588103,0.0736164195425429,1.0
animal__rope_knot__s01,animal-derived budget -> rope knot (seed 1),animal,rope_knot,1,projected-gradient-blind,ok,1.6314538999868091,0.3783222266570212,0.0275,0.0537003610108303,0.9058716233125508,0.6391400426209746,0.1891611133285106,0.3468914511403669,0.558459045419367,0.0,38.0,0.9842424242424244,0.0564203220673561,0.2483050595012184,0.3627175807005121,0.3666327675267848,0.0461157842038453,
animal__rope_knot__s01,animal-derived budget -> rope knot (seed 1),animal,rope_knot,1,evolutionary-blind,ok,61.60056059999624,0.3782997181653887,0.0275,0.0537003610108303,0.6171111127100142,0.6391103545210414,0.1891498590826943,0.3468641848551496,0.558459045419367,0.0,38.0,0.9842424242424244,0.0564090810204509,0.354634773603189,0.325448801124102,0.5344380002056659,0.0703419123503549,
animal__rope_knot__s01,animal-derived budget -> rope knot (seed 1),animal,rope_knot,1,best-of-k-restart-blind,ok,3.470050599979004,0.3783359839275972,0.0275,0.0536761389264772,0.8860482108307641,0.6390550656770285,0.1891679919637986,0.3468396727080203,0.558459045419367,0.0,38.0,0.9842424242424244,0.0564051478130323,0.2492431454773402,0.3635187615795583,0.3529941919040444,0.0454511042836747,
animal__rope_knot__s01,animal-derived budget -> rope knot (seed 1),animal,rope_knot,1,entropy-transport-blind,ok,1.3940368000185115,0.3782997181653891,0.0275,0.0537003610108303,0.6171111127100144,0.639110354521039,0.1891498590826945,0.3468641848551498,0.558459045419367,0.0,38.0,0.9842424242424244,0.0564090810204509,0.354634773603189,0.325448801124102,0.5344380002056659,0.0703419123501955,
animal__rope_knot__s01,animal-derived budget -> rope knot (seed 1),animal,rope_knot,1,langevin-blind,ok,31.4944053000072,0.3782997181653887,0.0275,0.0537003610108303,0.6171111127100142,0.6391103545210414,0.1891498590826943,0.3468641848551496,0.558459045419367,0.0,38.0,0.9842424242424244,0.0564090810204509,0.354634773603189,0.325448801124102,0.5344380002056659,0.0308555556357728,
animal__rope_knot__s02,animal-derived budget -> rope knot (seed 2),animal,rope_knot,2,anchor-aware-refiner,ok,0.8893956000101753,0.3355625030412388,0.0285,0.0398550724637681,1.7681759028505477,0.653754524211009,0.1677812515206194,0.2514959763988323,0.5596721917456132,0.0,38.0,0.986469864698647,0.0315328871143704,0.6845346917136539,0.4748845884249665,1.1789740750105318,,
animal__rope_knot__s02,animal-derived budget -> rope knot (seed 2),animal,rope_knot,2,blind-sa,ok,46.657703100005165,0.3684834001440239,0.0285,0.0483288166214995,0.6452115735554335,0.6537566399057216,0.1842417000720119,0.3498007892957191,0.5578570532573331,0.0,38.0,0.9841849148418492,0.0605985814373458,0.4780837185377204,0.3288309430971246,0.0294900515647911,0.074766551503901,0.9833333333333332
animal__rope_knot__s02,animal-derived budget -> rope knot (seed 2),animal,rope_knot,2,projected-gradient-blind,ok,1.4500657000171486,0.3685251863865292,0.029,0.0483288166214995,0.8185244788864953,0.6537495730901473,0.1842625931932646,0.3498012348090212,0.5578570532573331,0.0,38.0,0.9841849148418492,0.0605986273417394,0.4345101278380633,0.3520204540533037,0.1319327094666196,0.0415939627529487,
animal__rope_knot__s02,animal-derived budget -> rope knot (seed 2),animal,rope_knot,2,evolutionary-blind,ok,60.97463310000603,0.3684861195538939,0.0285,0.0483288166214995,0.5815485351779557,0.6537545242110099,0.1842430597769469,0.3497993147791163,0.5578570532573331,0.0,38.0,0.9841849148418492,0.0605946291525118,0.4469197940815548,0.3261715053234359,0.0347869919501238,0.0714936671661723,
animal__rope_knot__s02,animal-derived budget -> rope knot (seed 2),animal,rope_knot,2,best-of-k-restart-blind,ok,3.2902487000101246,0.3685251863865292,0.029,0.0483288166214995,0.8185244788864953,0.6537495730901473,0.1842625931932646,0.3498012348090212,0.5578570532573331,0.0,38.0,0.9841849148418492,0.0605986273417394,0.4345101278380633,0.3520204540533037,0.1319327094666196,0.0415939627529487,
animal__rope_knot__s02,animal-derived budget -> rope knot (seed 2),animal,rope_knot,2,entropy-transport-blind,ok,1.2656669999996666,0.3684861195538936,0.0285,0.0483288166214995,0.5815485351779567,0.6537545242110072,0.1842430597769468,0.3497993147791167,0.5578570532573331,0.0,38.0,0.9841849148418492,0.0605946291525118,0.4469197940815548,0.3261715053234359,0.0347869919501238,0.0714936671661234,
animal__rope_knot__s02,animal-derived budget -> rope knot (seed 2),animal,rope_knot,2,langevin-blind,ok,29.964457199996104,0.3684861195538939,0.0285,0.0483288166214995,0.5815485351779557,0.6537545242110099,0.1842430597769469,0.3497993147791163,0.5578570532573331,0.0,38.0,0.9841849148418492,0.0605946291525118,0.4469197940815548,0.3261715053234359,0.0347869919501238,0.0290774267591582,
animal__rope_knot__s03,animal-derived budget -> rope knot (seed 3),animal,rope_knot,3,anchor-aware-refiner,ok,0.7890633000060916,0.3241049553774944,0.0335,0.0384963768115942,1.6960165627069246,0.6354964298535543,0.1620524776887472,0.2435155197028972,0.5553707497424234,0.0,38.0,0.986469864698647,0.0296082013524429,0.6845099308032774,0.4719309035716901,1.1733807311708089,,
animal__rope_knot__s03,animal-derived budget -> rope knot (seed 3),animal,rope_knot,3,blind-sa,ok,44.03806110000005,0.3541534401642473,0.0335,0.0473826714801444,0.6038979544304685,0.6354961779266393,0.1770767200821236,0.3392871310033432,0.5536487550119791,0.0,38.0,0.9842233009708736,0.0539880558564365,0.4457138204315711,0.3271983296507116,0.0438353470569012,0.0680181203657601,0.9583333333333334
animal__rope_knot__s03,animal-derived budget -> rope knot (seed 3),animal,rope_knot,3,projected-gradient-blind,ok,1.4470488000079058,0.3541743728301373,0.0335,0.047361299052774,0.7904507095960865,0.6354979802614283,0.1770871864150686,0.3392870185102276,0.5578570532573331,0.0,38.0,0.9842233009708736,0.0539721810457026,0.4181934887137113,0.3609770457482007,0.0727070507691896,0.0404187566528152,
animal__rope_knot__s03,animal-derived budget -> rope knot (seed 3),animal,rope_knot,3,evolutionary-blind,ok,57.85141949998797,0.3541631413785731,0.0335,0.0473826714801444,0.5379615026204468,0.6354959933691714,0.1770815706892865,0.3392842679178144,0.5536487550119791,0.0,38.0,0.9842233009708736,0.0539868055578584,0.3999425009973191,0.3241781324299824,0.070752688316144,0.0646888390218495,
animal__rope_knot__s03,animal-derived budget -> rope knot (seed 3),animal,rope_knot,3,best-of-k-restart-blind,ok,3.130486399983056,0.3541743728301373,0.0335,0.047361299052774,0.7904507095960865,0.6354979802614283,0.1770871864150686,0.3392870185102276,0.5578570532573331,0.0,38.0,0.9842233009708736,0.0539721810457026,0.4181934887137113,0.3609770457482007,0.0727070507691896,0.0404187566528152,
animal__rope_knot__s03,animal-derived budget -> rope knot (seed 3),animal,rope_knot,3,entropy-transport-blind,ok,1.2837282000109551,0.3541631413785737,0.0335,0.0473826714801444,0.5379615026204468,0.6354959933691683,0.1770815706892868,0.339284267917815,0.5536487550119791,0.0,38.0,0.9842233009708736,0.0539868055578584,0.3999425009973191,0.3241781324299824,0.070752688316144,0.0646888390218667,
animal__rope_knot__s03,animal-derived budget -> rope knot (seed 3),animal,rope_knot,3,langevin-blind,ok,29.489527099998668,0.3541631413785731,0.0335,0.0473826714801444,0.5379615026204468,0.6354959933691714,0.1770815706892865,0.3392842679178144,0.5536487550119791,0.0,38.0,0.9842233009708736,0.0539868055578584,0.3999425009973191,0.3241781324299824,0.070752688316144,0.026898075131187,
animal__rope_knot__s04,animal-derived budget -> rope knot (seed 4),animal,rope_knot,4,anchor-aware-refiner,ok,0.8131227999983821,0.3429959007797035,0.027,0.0433996383363472,1.8287362510973493,0.6632170349030212,0.1714979503898517,0.254348630447444,0.5602913364259292,0.0,38.0,0.986469864698647,0.0266096947512514,0.6845204768750275,0.4815485480282295,1.1757671638693412,,
animal__rope_knot__s04,animal-derived budget -> rope knot (seed 4),animal,rope_knot,4,blind-sa,ok,43.262154900003225,0.3783695573723576,0.027,0.0594059405940594,0.6789692694824738,0.6632155928835972,0.1891847786861788,0.3561316779595,0.5584590454193672,0.0,38.0,0.980629539951574,0.0538371297566274,0.3889732202385633,0.3256232802490897,0.4044479489064132,0.0717082300195467,0.975
animal__rope_knot__s04,animal-derived budget -> rope knot (seed 4),animal,rope_knot,4,projected-gradient-blind,ok,1.334577800007537,0.3783964030516681,0.0265,0.0594059405940594,0.8851030563688425,0.6632217014546405,0.189198201525834,0.3561324142417766,0.5584590454193672,0.0,38.0,0.980629539951574,0.0538675988364414,0.277158445180279,0.3638237126678998,0.2711516928608986,0.0450739009045761,
animal__rope_knot__s04,animal-derived budget -> rope knot (seed 4),animal,rope_knot,4,evolutionary-blind,ok,58.1513535999984,0.3783769730417464,0.027,0.0594059405940594,0.6219299511293696,0.6632170349030216,0.1891884865208732,0.3561329775922076,0.5584590454193672,0.0,38.0,0.980629539951574,0.0538381275325543,0.4140893756227441,0.3241233838920205,0.3172773124811183,0.0687831868297327,
animal__rope_knot__s04,animal-derived budget -> rope knot (seed 4),animal,rope_knot,4,best-of-k-restart-blind,ok,3.293478700012201,0.3783946911988658,0.0265,0.0594059405940594,0.8683822530622761,0.6632988177052809,0.1891973455994329,0.3561442515535581,0.5584590454193672,0.0,38.0,0.980629539951574,0.05383925296833,0.2715260667582121,0.361221350867576,0.4383350673943447,0.0445748621055003,
animal__rope_knot__s04,animal-derived budget -> rope knot (seed 4),animal,rope_knot,4,entropy-transport-blind,ok,1.5573834999813698,0.3783769730417458,0.027,0.0594059405940594,0.6219299511293683,0.663217034903019,0.1891884865208729,0.3561329775922069,0.5584590454193672,0.0,38.0,0.980629539951574,0.0538381275325543,0.4140893756227441,0.3241233838920205,0.3172773124811183,0.0687831868296087,
animal__rope_knot__s04,animal-derived budget -> rope knot (seed 4),animal,rope_knot,4,langevin-blind,ok,29.86746849998599,0.3783769730417464,0.027,0.0594059405940594,0.6219299511293696,0.6632170349030216,0.1891884865208732,0.3561329775922076,0.5584590454193672,0.0,38.0,0.980629539951574,0.0538381275325543,0.4140893756227441,0.3241233838920205,0.3172773124811183,0.031096497556712,
animal__rope_knot__s05,animal-derived budget -> rope knot (seed 5),animal,rope_knot,5,anchor-aware-refiner,ok,0.8017343000101391,0.3280654780217927,0.032,0.0547511312217194,2.1590129334573898,0.5725865585259948,0.1640327390108963,0.240166459455893,0.5602913364259292,0.0,38.0,0.9829683698296836,0.0287489858961029,0.6846355534151176,0.4775657806851345,1.2013891555589415,,
animal__rope_knot__s05,animal-derived budget -> rope knot (seed 5),animal,rope_knot,5,blind-sa,ok,43.57835789999808,0.3700216572842206,0.032,0.0585585585585585,0.6229028602641961,0.5725863699242336,0.1850108286421103,0.3213080111575743,0.558459045419367,0.0,38.0,0.976857490864799,0.0541098850673495,0.2756387796267807,0.3275050332393955,0.4349629491353899,0.0691645023330795,0.9833333333333332
animal__rope_knot__s05,animal-derived budget -> rope knot (seed 5),animal,rope_knot,5,projected-gradient-blind,ok,1.2879253000137396,0.3700123020399463,0.032,0.0585321927059882,0.8051962274316615,0.5725903136760635,0.1850061510199731,0.3213075134532947,0.558459045419367,0.0,38.0,0.976857490864799,0.0540959216023448,0.2089383124056177,0.3510385381633183,0.4547156996500487,0.0408220829463554,
animal__rope_knot__s05,animal-derived budget -> rope knot (seed 5),animal,rope_knot,5,evolutionary-blind,ok,57.32357670000056,0.3700143355580653,0.032,0.0585849481748535,0.573413325008352,0.5725865585259948,0.1850071677790326,0.3213051019306815,0.558459045419367,0.0,38.0,0.976857490864799,0.0541086909039948,0.3044336027727901,0.3274137385040694,0.4017043268022666,0.0665467498835897,
animal__rope_knot__s05,animal-derived budget -> rope knot (seed 5),animal,rope_knot,5,best-of-k-restart-blind,ok,3.387671800010139,0.3700123020399463,0.032,0.0585321927059882,0.8051962274316615,0.5725903136760635,0.1850061510199731,0.3213075134532947,0.558459045419367,0.0,38.0,0.976857490864799,0.0540959216023448,0.2089383124056177,0.3510385381633183,0.4547156996500487,0.0408220829463554,
animal__rope_knot__s05,animal-derived budget -> rope knot (seed 5),animal,rope_knot,5,entropy-transport-blind,ok,1.3892336999997497,0.3700143355580658,0.032,0.0585849481748535,0.573413325008351,0.5725865585259944,0.1850071677790329,0.3213051019306811,0.558459045419367,0.0,38.0,0.976857490864799,0.0541086909039948,0.3044336027727901,0.3274137385040694,0.4017043268022666,0.0665467498836941,
animal__rope_knot__s05,animal-derived budget -> rope knot (seed 5),animal,rope_knot,5,langevin-blind,ok,29.14443859999301,0.3700143355580653,0.032,0.0585849481748535,0.573413325008352,0.5725865585259948,0.1850071677790326,0.3213051019306815,0.558459045419367,0.0,38.0,0.976857490864799,0.0541086909039948,0.3044336027727901,0.3274137385040694,0.4017043268022666,0.0286706662506068,
animal__rope_knot__s06,animal-derived budget -> rope knot (seed 6),animal,rope_knot,6,anchor-aware-refiner,ok,0.8474049999786075,0.3271047902563458,0.0325,0.042611060743427,1.746439078757034,0.5779087576901825,0.1635523951281729,0.2404877653145722,0.5602913364259292,0.0,38.0,0.988929889298893,0.0289139016952008,0.684671239220453,0.4735527870926024,1.2091686058520257,,
animal__rope_knot__s06,animal-derived budget -> rope knot (seed 6),animal,rope_knot,6,blind-sa,ok,45.19209699999192,0.3697728334502174,0.0325,0.0527740189445196,0.6255897330777912,0.5779108904498166,0.1848864167251087,0.3232250210036896,0.5584590454193672,0.0,38.0,0.9890909090909092,0.0559943253317958,0.2207456228202093,0.3293863531225306,0.4723921374286779,0.0705539702929888,0.975
animal__rope_knot__s06,animal-derived budget -> rope knot (seed 6),animal,rope_knot,6,projected-gradient-blind,ok,1.4832704000000376,0.3697851639009901,0.032,0.0527740189445196,0.8564159916108685,0.5778768017006056,0.184892581950495,0.3232160456747991,0.5584590454193672,0.0,38.0,0.9890909090909092,0.0559996984895077,0.2388129626326592,0.3649346536319447,0.5270892199032207,0.0436188953228873,
animal__rope_knot__s06,animal-derived budget -> rope knot (seed 6),animal,rope_knot,6,evolutionary-blind,ok,61.74569320000592,0.3697709070303807,0.0325,0.0527740189445196,0.5749134825702319,0.5779087576901829,0.1848854535151903,0.3232235280717488,0.5584590454193672,0.0,38.0,0.9890909090909092,0.0559941472568302,0.2955249033497896,0.3278204449587593,0.3596555507008239,0.0679415772087103,
animal__rope_knot__s06,animal-derived budget -> rope knot (seed 6),animal,rope_knot,6,best-of-k-restart-blind,ok,3.107572799985064,0.3697402538296391,0.0325,0.0532731376975169,0.8393453714525384,0.5778854078340581,0.1848701269148195,0.3232166285709967,0.5584590454193672,0.0,38.0,0.9890909090909092,0.0559941743284926,0.2120461564584809,0.3617775000609686,0.5495716188685607,0.0427863760679164,
animal__rope_knot__s06,animal-derived budget -> rope knot (seed 6),animal,rope_knot,6,entropy-transport-blind,ok,1.313969100010581,0.3697709070303807,0.0325,0.0527740189445196,0.5749134825702309,0.5779087576901825,0.1848854535151903,0.3232235280717493,0.5584590454193672,0.0,38.0,0.9890909090909092,0.0559941472568302,0.2955249033497896,0.3278204449587593,0.3596555507008239,0.0679415772088605,
animal__rope_knot__s06,animal-derived budget -> rope knot (seed 6),animal,rope_knot,6,langevin-blind,ok,30.381418099976145,0.3697709070303807,0.0325,0.0527740189445196,0.5749134825702319,0.5779087576901829,0.1848854535151903,0.3232235280717488,0.5584590454193672,0.0,38.0,0.9890909090909092,0.0559941472568302,0.2955249033497896,0.3278204449587593,0.3596555507008239,0.0287456741287231,
animal__rope_knot__s07,animal-derived budget -> rope knot (seed 7),animal,rope_knot,7,anchor-aware-refiner,ok,0.84267389998422,0.3420449899069904,0.0305,0.0437556973564266,1.7437552372570069,0.666855169005833,0.1710224949534952,0.2536064390963082,0.5093772049154135,0.0,38.0,0.98636926889715,0.0259333597682099,0.6845563512061438,0.4746072729756235,1.1838385734731072,,
animal__rope_knot__s07,animal-derived budget -> rope knot (seed 7),animal,rope_knot,7,blind-sa,ok,44.52935960001196,0.3696322126798889,0.0305,0.0562613430127041,0.7062437913365833,0.666852935062012,0.1848161063399444,0.3544327053976249,0.5087117719092467,0.0,38.0,0.977886977886978,0.049216638580323,0.3909682194983042,0.331395023037736,0.4732237365242824,0.0698332920814597,0.9666666666666668
animal__rope_knot__s07,animal-derived budget -> rope knot (seed 7),animal,rope_knot,7,projected-gradient-blind,ok,1.3683404000184964,0.369696871106917,0.0305,0.0562613430127041,0.9402589992563332,0.6669150875182537,0.1848484355534585,0.3544706256723177,0.5087117719092467,0.0,38.0,0.977886977886978,0.0492594178303914,0.2501908913283849,0.3698926219559728,0.5510028519657171,0.0481390136959325,
animal__rope_knot__s07,animal-derived budget -> rope knot (seed 7),animal,rope_knot,7,evolutionary-blind,ok,59.6150247999758,0.3696196538771972,0.0305,0.0562613430127041,0.654354197523289,0.6668551690058325,0.1848098269385986,0.3544325114920448,0.5087117719092467,0.0,38.0,0.977886977886978,0.0492153598948726,0.4093259347402408,0.3299973235590911,0.4194390613035157,0.0671684618029099,
animal__rope_knot__s07,animal-derived budget -> rope knot (seed 7),animal,rope_knot,7,best-of-k-restart-blind,ok,3.191500699991593,0.369661344538158,0.0305,0.0562613430127041,0.8995007996298672,0.666803843022742,0.184830672269079,0.354410168832717,0.5087117719092467,0.0,38.0,0.977886977886978,0.0492535021511986,0.2102759816298548,0.3612213607443036,0.2775423481579007,0.0454413847262866,
animal__rope_knot__s07,animal-derived budget -> rope knot (seed 7),animal,rope_knot,7,entropy-transport-blind,ok,1.220080600003712,0.3696196538771974,0.0305,0.0562613430127041,0.6543541975232894,0.6668551690058316,0.1848098269385987,0.3544325114920457,0.5087117719092467,0.0,38.0,0.977886977886978,0.0492153598948726,0.4093259347402408,0.3299973235590911,0.4194390613035157,0.0671684618029813,
animal__rope_knot__s07,animal-derived budget -> rope knot (seed 7),animal,rope_knot,7,langevin-blind,ok,30.523937699996168,0.3696196538771972,0.0305,0.0562613430127041,0.654354197523289,0.6668551690058325,0.1848098269385986,0.3544325114920448,0.5087117719092467,0.0,38.0,0.977886977886978,0.0492153598948726,0.4093259347402408,0.3299973235590911,0.4194390613035157,0.0327177098763339,
animal__sleeping_fox__s00,animal-derived budget -> sleeping fox (seed 0),animal,sleeping_fox,0,anchor-aware-refiner,ok,0.9315351000113878,0.0169205684378293,0.857,0.8904428904428905,1.079487342702926,0.0291716593292148,0.0084602842189146,0.0092428936936544,0.0203145911457565,0.0,9.0,0.6387096774193548,1.4798633642853414e-06,0.0161127998893244,0.1698267521435789,0.0988033510834223,,
animal__sleeping_fox__s00,animal-derived budget -> sleeping fox (seed 0),animal,sleeping_fox,0,blind-sa,ok,44.76897000000463,0.0184498453744982,0.8585,0.8712916476494751,0.4191782917171022,0.0291716593292143,0.0092249226872491,0.0227914921295279,0.0100411688858902,0.0,7.0,0.7240592930444698,6.09660817469072e-06,0.0161455942427056,0.0008679979931601,0.0807222695059175,0.0209631822119391,0.9666666666666668
animal__sleeping_fox__s00,animal-derived budget -> sleeping fox (seed 0),animal,sleeping_fox,0,projected-gradient-blind,ok,1.3185165000031702,0.0184485767028767,0.8585,0.8712916476494751,0.4208194906545575,0.0291694733195682,0.0092242883514383,0.0227858588054694,0.0100411688858902,0.0,7.0,0.7240592930444698,6.1226066914425335e-06,0.0161394945719454,0.000863299980068,0.0810733501413782,0.0211209525860706,
animal__sleeping_fox__s00,animal-derived budget -> sleeping fox (seed 0),animal,sleeping_fox,0,evolutionary-blind,ok,60.03129329998046,0.0184498453744982,0.8585,0.8712916476494751,0.4191782917171022,0.0291716593292143,0.0092249226872491,0.0227914921295279,0.0100411688858902,0.0,7.0,0.7240592930444698,6.09660817469072e-06,0.0161455942427056,0.0008679979931601,0.0807222695059175,0.0209631822119391,
animal__sleeping_fox__s00,animal-derived budget -> sleeping fox (seed 0),animal,sleeping_fox,0,best-of-k-restart-blind,ok,3.0441308000008576,0.0184498453744982,0.8585,0.8712916476494751,0.4191782917171022,0.0291716593292143,0.0092249226872491,0.0227914921295279,0.0100411688858902,0.0,7.0,0.7240592930444698,6.09660817469072e-06,0.0161455942427056,0.0008679979931601,0.0807222695059175,0.0209589145860374,
animal__sleeping_fox__s00,animal-derived budget -> sleeping fox (seed 0),animal,sleeping_fox,0,entropy-transport-blind,ok,1.1034911000169814,0.0184498453744992,0.8585,0.8712916476494751,0.4191782917171024,0.0291716593292155,0.0092249226872496,0.0227914921295282,0.0100411688858902,0.0,7.0,0.7240592930444698,6.09660817469072e-06,0.0161455942427056,0.0008679979931601,0.0807222695059175,0.0209631822119353,
animal__sleeping_fox__s00,animal-derived budget -> sleeping fox (seed 0),animal,sleeping_fox,0,langevin-blind,ok,29.617047199979424,0.0184498453744982,0.8585,0.8712916476494751,0.4191782917171022,0.0291716593292143,0.0092249226872491,0.0227914921295279,0.0100411688858902,0.0,7.0,0.7240592930444698,6.09660817469072e-06,0.0161455942427056,0.0008679979931601,0.0807222695059175,0.0209589145860374,
animal__sleeping_fox__s01,animal-derived budget -> sleeping fox (seed 1),animal,sleeping_fox,1,anchor-aware-refiner,ok,0.7231888999813236,0.0163146643167994,0.9125,0.922602089268756,1.0004000162480815,0.0256366060289438,0.0081573321583997,0.0087124921110342,0.0202470761153409,0.0,4.0,0.5636147443519619,1.0603920843443144e-06,0.0760826919035221,0.1495251018283658,0.0257599206069356,,
animal__sleeping_fox__s01,animal-derived budget -> sleeping fox (seed 1),animal,sleeping_fox,1,blind-sa,ok,44.06124219999765,0.0173020629333224,0.9145,0.8391167192429022,0.4191115978774261,0.0256366060289443,0.0086510314666612,0.0176910415119336,0.0083500628170371,0.0,6.0,0.722466960352423,1.6678013080604774e-05,0.001316229801605,0.0023416311144512,0.0492147831171712,0.020967254503358,0.9916666666666668
animal__sleeping_fox__s01,animal-derived budget -> sleeping fox (seed 1),animal,sleeping_fox,1,projected-gradient-blind,ok,1.1520184999972116,0.0173020629333222,0.9145,0.8391167192429022,0.4191115978774257,0.0256366060289439,0.0086510314666611,0.0176910415119336,0.0083500628170371,0.0,6.0,0.722466960352423,1.6678013080604774e-05,0.001316229801605,0.0023416311144512,0.0492147831171712,0.0209555798941088,
animal__sleeping_fox__s01,animal-derived budget -> sleeping fox (seed 1),animal,sleeping_fox,1,evolutionary-blind,ok,58.80932649999159,0.0173020629333222,0.9145,0.8391167192429022,0.4191115978774257,0.0256366060289439,0.0086510314666611,0.0176910415119336,0.0083500628170371,0.0,6.0,0.722466960352423,1.6678013080604774e-05,0.001316229801605,0.0023416311144512,0.0492147831171712,0.0209672545034997,
animal__sleeping_fox__s01,animal-derived budget -> sleeping fox (seed 1),animal,sleeping_fox,1,best-of-k-restart-blind,ok,2.9119195000093896,0.0173020629333222,0.9145,0.8391167192429022,0.4191115978774257,0.0256366060289439,0.0086510314666611,0.0176910415119336,0.0083500628170371,0.0,6.0,0.722466960352423,1.6678013080604774e-05,0.001316229801605,0.0023416311144512,0.0492147831171712,0.0209555798941088,
animal__sleeping_fox__s01,animal-derived budget -> sleeping fox (seed 1),animal,sleeping_fox,1,entropy-transport-blind,ok,1.088692599994829,0.0173020629333226,0.9145,0.8391167192429022,0.4191115978774263,0.0256366060289431,0.0086510314666613,0.0176910415119339,0.0083500628170371,0.0,6.0,0.722466960352423,1.6678013080604774e-05,0.001316229801605,0.0023416311144512,0.0492147831171712,0.0209672545034629,
animal__sleeping_fox__s01,animal-derived budget -> sleeping fox (seed 1),animal,sleeping_fox,1,langevin-blind,ok,29.67258350001066,0.0173020629333222,0.9145,0.8391167192429022,0.4191115978774257,0.0256366060289439,0.0086510314666611,0.0176910415119336,0.0083500628170371,0.0,6.0,0.722466960352423,1.6678013080604774e-05,0.001316229801605,0.0023416311144512,0.0492147831171712,0.0209555798941088,
animal__sleeping_fox__s02,animal-derived budget -> sleeping fox (seed 2),animal,sleeping_fox,2,anchor-aware-refiner,ok,0.7823602000134997,0.0204731167301004,0.758,0.8782970846830171,1.2194375934080162,0.0301000354633166,0.0102365583650502,0.01118732313333,0.0220483811429865,0.0,2.0,0.7060702875399361,1.025850192395419e-06,0.3018964157756465,0.2042089539298191,0.0629841905816677,,
animal__sleeping_fox__s02,animal-derived budget -> sleeping fox (seed 2),animal,sleeping_fox,2,blind-sa,ok,45.50239949999377,0.0223160048172002,0.758,0.8666361136571953,0.4146931500216365,0.0310240347774531,0.0111580024086001,0.02438578850758,0.0164864013989319,0.0,0.0,0.6365767878077374,1.4624706544414147e-05,0.0148222936264888,0.0025362990058042,0.0143705466601378,0.0207448947960638,0.9666666666666668
animal__sleeping_fox__s02,animal-derived budget -> sleeping fox (seed 2),animal,sleeping_fox,2,projected-gradient-blind,ok,1.214947000000393,0.0223173436376035,0.758,0.8666361136571953,0.4160020110570852,0.0310256363818486,0.0111586718188017,0.0243895942650837,0.0164864013989319,0.0,0.0,0.6365767878077374,1.4642072071476594e-05,0.0146703778639335,0.0025395920910225,0.0135240785603554,0.0208826085558029,
animal__sleeping_fox__s02,animal-derived budget -> sleeping fox (seed 2),animal,sleeping_fox,2,evolutionary-blind,ok,60.37309519998962,0.0223160048172002,0.758,0.8666361136571953,0.4146931500216365,0.0310240347774531,0.0111580024086001,0.02438578850758,0.0164864013989319,0.0,0.0,0.6365767878077374,1.4624706544414147e-05,0.0148222936264888,0.0025362990058042,0.0143705466601378,0.0207448947960638,
animal__sleeping_fox__s02,animal-derived budget -> sleeping fox (seed 2),animal,sleeping_fox,2,best-of-k-restart-blind,ok,3.295400300004985,0.0223160048172002,0.758,0.8666361136571953,0.4146931500216365,0.0310240347774531,0.0111580024086001,0.02438578850758,0.0164864013989319,0.0,0.0,0.6365767878077374,1.4624706544414147e-05,0.0148222936264888,0.0025362990058042,0.0143705466601378,0.0207346575012855,
animal__sleeping_fox__s02,animal-derived budget -> sleeping fox (seed 2),animal,sleeping_fox,2,entropy-transport-blind,ok,1.1830196999944746,0.0223160048172004,0.758,0.8666361136571953,0.4146931500216366,0.0310240347774536,0.0111580024086002,0.02438578850758,0.0164864013989319,0.0,0.0,0.6365767878077374,1.4624706544414147e-05,0.0148222936264888,0.0025362990058042,0.0143705466601378,0.0207448947962045,
animal__sleeping_fox__s02,animal-derived budget -> sleeping fox (seed 2),animal,sleeping_fox,2,langevin-blind,ok,31.00651189999189,0.0223160048172002,0.758,0.8666361136571953,0.4146931500216365,0.0310240347774531,0.0111580024086001,0.02438578850758,0.0164864013989319,0.0,0.0,0.6365767878077374,1.4624706544414147e-05,0.0148222936264888,0.0025362990058042,0.0143705466601378,0.0207346575012855,
animal__sleeping_fox__s03,animal-derived budget -> sleeping fox (seed 3),animal,sleeping_fox,3,anchor-aware-refiner,ok,0.7121314999822062,0.0181347162604879,0.8825,0.8808864265927978,0.9038008885978835,0.0220252043086041,0.0090673581302439,0.0094048100289689,0.0320160338338934,0.0,3.0,0.6404494382022472,9.393108231970272e-07,0.2282912039309757,0.1306479543701514,0.1886922605439049,,
animal__sleeping_fox__s03,animal-derived budget -> sleeping fox (seed 3),animal,sleeping_fox,3,blind-sa,ok,47.78869869999471,0.018712718753773,0.887,0.8794131132508024,0.4077791065391479,0.0293995889285592,0.0093563593768865,0.0209959419973885,0.0167382865990179,0.0,8.0,0.7064846416382253,1.4799393154092308e-05,0.0177780077058775,0.0028796601670605,0.0367804276004626,0.0203993149022896,0.9916666666666668
animal__sleeping_fox__s03,animal-derived budget -> sleeping fox (seed 3),animal,sleeping_fox,3,projected-gradient-blind,ok,2.040366400004132,0.0187048895408306,0.8875,0.8794131132508024,0.4093712043869175,0.0293766369194697,0.0093524447704153,0.0209762542851023,0.0167382865990179,0.0,8.0,0.7064846416382253,1.4456137870821678e-05,0.0180779458951356,0.0031447846926188,0.036985870775523,0.0207376565059996,
animal__sleeping_fox__s03,animal-derived budget -> sleeping fox (seed 3),animal,sleeping_fox,3,evolutionary-blind,ok,65.8235238000052,0.018712718753773,0.887,0.8794131132508024,0.4077791065391479,0.0293995889285592,0.0093563593768865,0.0209959419973885,0.0167382865990179,0.0,8.0,0.7064846416382253,1.4799393154092308e-05,0.0177780077058775,0.0028796601670605,0.0367804276004626,0.0203993149022896,
animal__sleeping_fox__s03,animal-derived budget -> sleeping fox (seed 3),animal,sleeping_fox,3,best-of-k-restart-blind,ok,3.2899723000009544,0.018712718753773,0.887,0.8794131132508024,0.4077791065391479,0.0293995889285592,0.0093563593768865,0.0209959419973885,0.0167382865990179,0.0,8.0,0.7064846416382253,1.4799393154092308e-05,0.0177780077058775,0.0028796601670605,0.0367804276004626,0.0203889553270231,
animal__sleeping_fox__s03,animal-derived budget -> sleeping fox (seed 3),animal,sleeping_fox,3,entropy-transport-blind,ok,1.214758099988103,0.018712718753771,0.887,0.8794131132508024,0.4077791065391481,0.0293995889285563,0.0093563593768855,0.0209959419973878,0.0167382865990179,0.0,8.0,0.7064846416382253,1.4799393154092308e-05,0.0177780077058775,0.0028796601670605,0.0367804276004626,0.0203993149027506,
animal__sleeping_fox__s03,animal-derived budget -> sleeping fox (seed 3),animal,sleeping_fox,3,langevin-blind,ok,31.046606899995822,0.018712718753773,0.887,0.8794131132508024,0.4077791065391479,0.0293995889285592,0.0093563593768865,0.0209959419973885,0.0167382865990179,0.0,8.0,0.7064846416382253,1.4799393154092308e-05,0.0177780077058775,0.0028796601670605,0.0367804276004626,0.0203889553270231,
animal__sleeping_fox__s04,animal-derived budget -> sleeping fox (seed 4),animal,sleeping_fox,4,anchor-aware-refiner,ok,0.8386228999879677,0.0109406616164331,0.997,0.9280983916745508,0.7441004814789861,0.0179639706068306,0.0054703308082165,0.0056854425642875,0.0150310102589627,0.0,7.0,0.5157068062827226,2.883670485328756e-07,0.041447379807486,0.0838672731604637,0.0421728476601832,,
animal__sleeping_fox__s04,animal-derived budget -> sleeping fox (seed 4),animal,sleeping_fox,4,blind-sa,ok,49.0594609999971,0.0113104322026756,0.997,0.8974001857010213,0.4214709382887223,0.020693159428595,0.0056552161013378,0.0146569431275714,0.0149589242036504,0.0,6.0,0.6316989737742303,1.122213144176662e-05,0.0036969461045143,0.0017405629578806,0.0083338172885114,0.0210814024069175,0.9666666666666668
animal__sleeping_fox__s04,animal-derived budget -> sleeping fox (seed 4),animal,sleeping_fox,4,projected-gradient-blind,ok,1.3463850000116508,0.0113104322026756,0.997,0.8974001857010213,0.4214709382887223,0.020693159428595,0.0056552161013378,0.0146569431275714,0.0149589242036504,0.0,6.0,0.6316989737742303,1.122213144176662e-05,0.0036969461045143,0.0017405629578806,0.0083338172885114,0.0210735469146755,
animal__sleeping_fox__s04,animal-derived budget -> sleeping fox (seed 4),animal,sleeping_fox,4,evolutionary-blind,ok,59.36189070000546,0.0113104322026756,0.997,0.8974001857010213,0.4214709382887223,0.020693159428595,0.0056552161013378,0.0146569431275714,0.0149589242036504,0.0,6.0,0.6316989737742303,1.122213144176662e-05,0.0036969461045143,0.0017405629578806,0.0083338172885114,0.0210814024069175,
animal__sleeping_fox__s04,animal-derived budget -> sleeping fox (seed 4),animal,sleeping_fox,4,best-of-k-restart-blind,ok,3.2243944999936502,0.0113104322026756,0.997,0.8974001857010213,0.4214709382887223,0.020693159428595,0.0056552161013378,0.0146569431275714,0.0149589242036504,0.0,6.0,0.6316989737742303,1.122213144176662e-05,0.0036969461045143,0.0017405629578806,0.0083338172885114,0.0210735469146755,
animal__sleeping_fox__s04,animal-derived budget -> sleeping fox (seed 4),animal,sleeping_fox,4,entropy-transport-blind,ok,1.3629902999964545,0.0113104322026758,0.997,0.8974001857010213,0.4214709382887224,0.0206931594285957,0.0056552161013379,0.0146569431275714,0.0149589242036504,0.0,6.0,0.6316989737742303,1.122213144176662e-05,0.0036969461045143,0.0017405629578806,0.0083338172885114,0.0210814024068126,
animal__sleeping_fox__s04,animal-derived budget -> sleeping fox (seed 4),animal,sleeping_fox,4,langevin-blind,ok,31.85290100000566,0.0113104322026756,0.997,0.8974001857010213,0.4214709382887223,0.020693159428595,0.0056552161013378,0.0146569431275714,0.0149589242036504,0.0,6.0,0.6316989737742303,1.122213144176662e-05,0.0036969461045143,0.0017405629578806,0.0083338172885114,0.0210735469146755,
animal__sleeping_fox__s05,animal-derived budget -> sleeping fox (seed 5),animal,sleeping_fox,5,anchor-aware-refiner,ok,0.8667763999837916,0.0178297348003549,0.854,0.8929406264609631,0.916592080598986,0.0289034402003036,0.0089148674001774,0.0093898563163196,0.0318784039549218,0.0,3.0,0.6393831553973903,5.12913326641453e-07,0.4641044460606697,0.131192433225439,0.3047494973472913,,
animal__sleeping_fox__s05,animal-derived budget -> sleeping fox (seed 5),animal,sleeping_fox,5,blind-sa,ok,46.65049619998899,0.0186234688881763,0.858,0.8539783001808319,0.4196459006818989,0.028903440200303,0.0093117344440881,0.020519612315635,0.0131856171347208,0.0,3.0,0.6854565952649381,1.2481250128418796e-05,0.0068055324630506,0.0030435273156027,0.0472393403506719,0.0209910319094564,0.9916666666666668
animal__sleeping_fox__s05,animal-derived budget -> sleeping fox (seed 5),animal,sleeping_fox,5,projected-gradient-blind,ok,1.2701671999820974,0.0186239654897285,0.858,0.8539783001808319,0.4211793158679686,0.0289105049490511,0.0093119827448642,0.0205273134852043,0.0131856171347208,0.0,3.0,0.6854565952649381,1.250509467164222e-05,0.0069665235344945,0.0032100786897406,0.0470500981927459,0.0211292245627306,
animal__sleeping_fox__s05,animal-derived budget -> sleeping fox (seed 5),animal,sleeping_fox,5,evolutionary-blind,ok,60.83027060001041,0.0186234688881763,0.858,0.8539783001808319,0.4196459006818989,0.028903440200303,0.0093117344440881,0.020519612315635,0.0131856171347208,0.0,3.0,0.6854565952649381,1.2481250128418796e-05,0.0068055324630506,0.0030435273156027,0.0472393403506719,0.0209910319094564,
animal__sleeping_fox__s05,animal-derived budget -> sleeping fox (seed 5),animal,sleeping_fox,5,best-of-k-restart-blind,ok,3.235141500015743,0.0186234688881763,0.858,0.8539783001808319,0.4196459006818989,0.028903440200303,0.0093117344440881,0.020519612315635,0.0131856171347208,0.0,3.0,0.6854565952649381,1.2481250128418796e-05,0.0068055324630506,0.0030435273156027,0.0472393403506719,0.0209822950342332,
animal__sleeping_fox__s05,animal-derived budget -> sleeping fox (seed 5),animal,sleeping_fox,5,entropy-transport-blind,ok,1.128004600002896,0.0186234688881777,0.858,0.8539783001808319,0.4196459006818989,0.0289034402003058,0.0093117344440888,0.0205196123156357,0.0131856171347208,0.0,3.0,0.6854565952649381,1.2481250128418796e-05,0.0068055324630506,0.0030435273156027,0.0472393403506719,0.0209910319096881,
animal__sleeping_fox__s05,animal-derived budget -> sleeping fox (seed 5),animal,sleeping_fox,5,langevin-blind,ok,31.3757828999951,0.0186234688881763,0.858,0.8539783001808319,0.4196459006818989,0.028903440200303,0.0093117344440881,0.020519612315635,0.0131856171347208,0.0,3.0,0.6854565952649381,1.2481250128418796e-05,0.0068055324630506,0.0030435273156027,0.0472393403506719,0.0209822950342332,
animal__sleeping_fox__s06,animal-derived budget -> sleeping fox (seed 6),animal,sleeping_fox,6,anchor-aware-refiner,ok,0.7992443999974057,0.0238433866951824,0.6265,0.8319709355131698,1.2928466086241737,0.0352550790826325,0.0119216933475912,0.0131887635625343,0.0272035484017657,0.0,21.0,0.6951710261569417,7.65966654073404e-06,0.2457559494226928,0.2260003853014527,0.1070106132028074,,
animal__sleeping_fox__s06,animal-derived budget -> sleeping fox (seed 6),animal,sleeping_fox,6,blind-sa,ok,47.89332679999643,0.0262162754595442,0.6275,0.8693652253909844,0.4180209387909713,0.0358885064077095,0.0131081377297721,0.0299190417323275,0.0099973150327499,0.0,3.0,0.6838487972508591,2.087313985863116e-05,0.0032376566138054,0.0019262368656828,0.0443004506113839,0.0209156581379881,0.9916666666666668
animal__sleeping_fox__s06,animal-derived budget -> sleeping fox (seed 6),animal,sleeping_fox,6,projected-gradient-blind,ok,1.366426099993987,0.0262182817830665,0.6275,0.8693652253909844,0.4191265879946969,0.0358875594726949,0.0131091408915332,0.029922866227562,0.0099973150327499,0.0,3.0,0.6838487972508591,2.088661739908896e-05,0.0032376566138054,0.0019149102489214,0.0443004506113839,0.0209990238300282,
animal__sleeping_fox__s06,animal-derived budget -> sleeping fox (seed 6),animal,sleeping_fox,6,evolutionary-blind,ok,61.71573220001301,0.0262162754595442,0.6275,0.8693652253909844,0.4180209387909713,0.0358885064077095,0.0131081377297721,0.0299190417323275,0.0099973150327499,0.0,3.0,0.6838487972508591,2.087313985863116e-05,0.0032376566138054,0.0019262368656828,0.0443004506113839,0.0209156581379881,
animal__sleeping_fox__s06,animal-derived budget -> sleeping fox (seed 6),animal,sleeping_fox,6,best-of-k-restart-blind,ok,3.220555300009437,0.0262162754595442,0.6275,0.8693652253909844,0.4180209387909713,0.0358885064077095,0.0131081377297721,0.0299190417323275,0.0099973150327499,0.0,3.0,0.6838487972508591,2.087313985863116e-05,0.0032376566138054,0.0019262368656828,0.0443004506113839,0.0209010469398206,
animal__sleeping_fox__s06,animal-derived budget -> sleeping fox (seed 6),animal,sleeping_fox,6,entropy-transport-blind,ok,1.145072600018466,0.0262162754595444,0.6275,0.8693652253909844,0.4180209387909713,0.0358885064077097,0.0131081377297722,0.0299190417323275,0.0099973150327499,0.0,3.0,0.6838487972508591,2.087313985863116e-05,0.0032376566138054,0.0019262368656828,0.0443004506113839,0.0209156581379378,
animal__sleeping_fox__s06,animal-derived budget -> sleeping fox (seed 6),animal,sleeping_fox,6,langevin-blind,ok,30.85155290001421,0.0262162754595442,0.6275,0.8693652253909844,0.4180209387909713,0.0358885064077095,0.0131081377297721,0.0299190417323275,0.0099973150327499,0.0,3.0,0.6838487972508591,2.087313985863116e-05,0.0032376566138054,0.0019262368656828,0.0443004506113839,0.0209010469398206,
animal__sleeping_fox__s07,animal-derived budget -> sleeping fox (seed 7),animal,sleeping_fox,7,anchor-aware-refiner,ok,0.8486237000033725,0.013270167400464,0.981,0.9470134874759152,0.7971324808727276,0.0197958194052663,0.006635083700232,0.0068885782557408,0.013389727742454,0.0,4.0,0.4098798397863818,3.536665454986256e-06,0.0995620747361863,0.0974527249347601,0.0482456620606004,,
animal__sleeping_fox__s07,animal-derived budget -> sleeping fox (seed 7),animal,sleeping_fox,7,blind-sa,ok,45.21565080000437,0.0136425512507884,0.982,0.9173320807891028,0.4263747556874356,0.0197958194052666,0.0068212756253942,0.0163493612710358,0.0117382383199843,0.0,4.0,0.524547803617571,3.6081157153936005e-05,0.0066721781641069,0.0011732493315909,0.0727043695128042,0.0213439945946894,0.9833333333333332
animal__sleeping_fox__s07,animal-derived budget -> sleeping fox (seed 7),animal,sleeping_fox,7,projected-gradient-blind,ok,1.2953703999810386,0.0136425512507885,0.982,0.9173320807891028,0.4263747556874352,0.0197958194052666,0.0068212756253942,0.0163493612710358,0.0117382383199843,0.0,4.0,0.524547803617571,3.6081157153936005e-05,0.0066721781641069,0.0011732493315909,0.0727043695128042,0.021318737784543,
animal__sleeping_fox__s07,animal-derived budget -> sleeping fox (seed 7),animal,sleeping_fox,7,evolutionary-blind,ok,62.31729700000142,0.0136425512507885,0.982,0.9173320807891028,0.4263747556874352,0.0197958194052666,0.0068212756253942,0.0163493612710358,0.0117382383199843,0.0,4.0,0.524547803617571,3.6081157153936005e-05,0.0066721781641069,0.0011732493315909,0.0727043695128042,0.0213439945947124,
animal__sleeping_fox__s07,animal-derived budget -> sleeping fox (seed 7),animal,sleeping_fox,7,best-of-k-restart-blind,ok,3.08908419997897,0.0136425512507885,0.982,0.9173320807891028,0.4263747556874352,0.0197958194052666,0.0068212756253942,0.0163493612710358,0.0117382383199843,0.0,4.0,0.524547803617571,3.6081157153936005e-05,0.0066721781641069,0.0011732493315909,0.0727043695128042,0.021318737784543,
animal__sleeping_fox__s07,animal-derived budget -> sleeping fox (seed 7),animal,sleeping_fox,7,entropy-transport-blind,ok,1.206821100000525,0.0136425512507884,0.982,0.9173320807891028,0.4263747556874353,0.0197958194052657,0.0068212756253942,0.0163493612710357,0.0117382383199843,0.0,4.0,0.524547803617571,3.6081157153936005e-05,0.0066721781641069,0.0011732493315909,0.0727043695128042,0.0213439945946702,
animal__sleeping_fox__s07,animal-derived budget -> sleeping fox (seed 7),animal,sleeping_fox,7,langevin-blind,ok,30.93274860002566,0.0136425512507885,0.982,0.9173320807891028,0.4263747556874352,0.0197958194052666,0.0068212756253942,0.0163493612710358,0.0117382383199843,0.0,4.0,0.524547803617571,3.6081157153936005e-05,0.0066721781641069,0.0011732493315909,0.0727043695128042,0.021318737784543,
animal__thumb_glyph__s00,animal-derived budget -> thumb glyph (seed 0),animal,thumb_glyph,0,anchor-aware-refiner,ok,0.8583218000130728,0.2480848504969688,0.07,0.1464490516100573,2.6063020447373986,0.5656568503446335,0.1240424252484844,0.1785415875528925,0.476639472005794,0.0,27.0,0.9504337050805453,0.0084622194119284,0.6840128933893594,0.4744706807022011,1.0567336613046463,,
animal__thumb_glyph__s00,animal-derived budget -> thumb glyph (seed 0),animal,thumb_glyph,0,blind-sa,ok,45.94890300001134,0.2956106705372122,0.07,0.1629336846728151,0.3858093344937092,0.5656568503446334,0.1478053352686061,0.2458577400571221,0.4541325921897354,0.0,35.0,0.9695364238410596,0.0028341046970377,0.3277121747183548,0.0785417521075541,0.4337145508306173,0.0212743400128258,0.9583333333333334
animal__thumb_glyph__s00,animal-derived budget -> thumb glyph (seed 0),animal,thumb_glyph,0,projected-gradient-blind,ok,1.3158959999855142,0.2956215858744748,0.07,0.1629336846728151,0.4127905923819783,0.5657073669612114,0.1478107929372374,0.2458624318461645,0.4541325921897354,0.0,35.0,0.9695364238410596,0.0028320597656855,0.3508429297969239,0.0831872019604644,0.4176216227750888,0.0209074110574643,
animal__thumb_glyph__s00,animal-derived budget -> thumb glyph (seed 0),animal,thumb_glyph,0,evolutionary-blind,ok,66.41606719998526,0.2956106705372122,0.07,0.1629336846728151,0.3858093344937092,0.5656568503446334,0.1478053352686061,0.2458577400571221,0.4541325921897354,0.0,35.0,0.9695364238410596,0.0028341046970377,0.3277121747183548,0.0785417521075541,0.4337145508306173,0.0212743400128258,
animal__thumb_glyph__s00,animal-derived budget -> thumb glyph (seed 0),animal,thumb_glyph,0,best-of-k-restart-blind,ok,3.464489100006176,0.2956215858744748,0.07,0.1629336846728151,0.4127905923819783,0.5657073669612114,0.1478107929372374,0.2458624318461645,0.4541325921897354,0.0,35.0,0.9695364238410596,0.0028320597656855,0.3508429297969239,0.0831872019604644,0.4176216227750888,0.0209074110574643,
animal__thumb_glyph__s00,animal-derived budget -> thumb glyph (seed 0),animal,thumb_glyph,0,entropy-transport-blind,ok,1.2569531000044665,0.2956106705372123,0.07,0.1629336846728151,0.3858093344937127,0.5656568503446356,0.1478053352686061,0.2458577400571221,0.4541325921897354,0.0,35.0,0.9695364238410596,0.0028341046970377,0.3277121747183548,0.0785417521075541,0.4337145508306173,0.0212743400131459,
animal__thumb_glyph__s00,animal-derived budget -> thumb glyph (seed 0),animal,thumb_glyph,0,langevin-blind,ok,31.99858059998951,0.2956106705372122,0.07,0.1629336846728151,0.3858093344937092,0.5656568503446334,0.1478053352686061,0.2458577400571221,0.4541325921897354,0.0,35.0,0.9695364238410596,0.0028341046970377,0.3277121747183548,0.0785417521075541,0.4337145508306173,0.0192904667247945,
animal__thumb_glyph__s01,animal-derived budget -> thumb glyph (seed 1),animal,thumb_glyph,1,anchor-aware-refiner,ok,0.8582095000019763,0.254699785821856,0.0645,0.1464270056992547,2.509195777998491,0.5734439794294555,0.127349892910928,0.1799754535966073,0.4813461612398423,0.0,24.0,0.962962962962963,0.0087994654706644,0.6840445579837194,0.4766614570314592,1.0642018987037425,,
animal__thumb_glyph__s01,animal-derived budget -> thumb glyph (seed 1),animal,thumb_glyph,1,blind-sa,ok,48.07011140001123,0.3044676602989306,0.0645,0.1592997811816192,0.3869709311142312,0.5734439794294556,0.1522338301494653,0.2490520916019166,0.4617103096585156,0.0,38.0,0.9633152173913044,0.0028892407370207,0.3682962235834577,0.0777066414693807,0.385764119837706,0.0213710150718991,0.9833333333333332
animal__thumb_glyph__s01,animal-derived budget -> thumb glyph (seed 1),animal,thumb_glyph,1,projected-gradient-blind,ok,1.190702899999451,0.304457905378592,0.0645,0.1592997811816192,0.4310685928918721,0.5734777132541908,0.152228952689296,0.2490518455378811,0.4617103096585156,0.0,38.0,0.9633152173913044,0.0028901342089303,0.3682614791178347,0.0843436366115723,0.3879024837181686,0.0218079232785189,
animal__thumb_glyph__s01,animal-derived budget -> thumb glyph (seed 1),animal,thumb_glyph,1,evolutionary-blind,ok,70.31089699998847,0.3044676602989306,0.0645,0.1592997811816192,0.3869709311142312,0.5734439794294556,0.1522338301494653,0.2490520916019166,0.4617103096585156,0.0,38.0,0.9633152173913044,0.0028892407370207,0.3682962235834577,0.0777066414693807,0.385764119837706,0.0213710150718991,
animal__thumb_glyph__s01,animal-derived budget -> thumb glyph (seed 1),animal,thumb_glyph,1,best-of-k-restart-blind,ok,3.2438602999900468,0.3044769422933562,0.0645,0.1592997811816192,0.4132718669744587,0.5734746699542681,0.1522384711466781,0.2490473987660644,0.4617103096585156,0.0,38.0,0.9633152173913044,0.0028890151993036,0.3688861330544174,0.0815343292754492,0.3879477820099897,0.0209570803955123,
animal__thumb_glyph__s01,animal-derived budget -> thumb glyph (seed 1),animal,thumb_glyph,1,entropy-transport-blind,ok,1.2290592000063043,0.3044676602989303,0.0645,0.1592997811816192,0.3869709311142311,0.5734439794294575,0.1522338301494651,0.2490520916019167,0.4617103096585156,0.0,38.0,0.9633152173913044,0.0028892407370207,0.3682962235834577,0.0777066414693807,0.385764119837706,0.0213710150721838,
animal__thumb_glyph__s01,animal-derived budget -> thumb glyph (seed 1),animal,thumb_glyph,1,langevin-blind,ok,30.311704499996267,0.3044676602989306,0.0645,0.1592997811816192,0.3869709311142312,0.5734439794294556,0.1522338301494653,0.2490520916019166,0.4617103096585156,0.0,38.0,0.9633152173913044,0.0028892407370207,0.3682962235834577,0.0777066414693807,0.385764119837706,0.0193485465558513,
animal__thumb_glyph__s02,animal-derived budget -> thumb glyph (seed 2),animal,thumb_glyph,2,anchor-aware-refiner,ok,0.8727539000101388,0.2516047928476172,0.0655,0.1417943107221006,2.562468878066776,0.5693228408178777,0.1258023964238086,0.1798390540572433,0.4700694607412913,0.0,25.0,0.9696233292831106,0.0081692426769352,0.6840173592379812,0.4677528747890592,1.057784834413484,,
animal__thumb_glyph__s02,animal-derived budget -> thumb glyph (seed 2),animal,thumb_glyph,2,blind-sa,ok,46.241448600019794,0.2967595081164063,0.0655,0.1584028082492321,0.3813705128840882,0.5693228408178777,0.1483797540582031,0.2474442902110818,0.4558317655557731,0.0,35.0,0.9632063074901446,0.0029889538314822,0.3729354054310354,0.0790966381704674,0.3701628045853615,0.0211607933267278,0.9583333333333334
animal__thumb_glyph__s02,animal-derived budget -> thumb glyph (seed 2),animal,thumb_glyph,2,projected-gradient-blind,ok,1.318186099990271,0.2967289698671524,0.0655,0.1584723441615452,0.4448428482344055,0.5693375277814242,0.1483644849335762,0.2473761853925882,0.4558317655557731,0.0,35.0,0.9632063074901446,0.0029904422240183,0.379632777826411,0.0894381746245766,0.350036723904523,0.0235726725754855,
animal__thumb_glyph__s02,animal-derived budget -> thumb glyph (seed 2),animal,thumb_glyph,2,evolutionary-blind,ok,62.57574480000767,0.2967595081164063,0.0655,0.1584028082492321,0.3813705128840882,0.5693228408178777,0.1483797540582031,0.2474442902110818,0.4558317655557731,0.0,35.0,0.9632063074901446,0.0029889538314822,0.3729354054310354,0.0790966381704674,0.3701628045853615,0.0211607933267314,
animal__thumb_glyph__s02,animal-derived budget -> thumb glyph (seed 2),animal,thumb_glyph,2,best-of-k-restart-blind,ok,3.590348600002472,0.2967801892133186,0.065,0.1587719298245614,0.4380407996938036,0.5692915828725941,0.1483900946066593,0.2474524420914144,0.4558317655557731,0.0,35.0,0.9632063074901446,0.0029868778895691,0.3614565449108256,0.0856775149925965,0.3833210557912219,0.0225066818341829,
animal__thumb_glyph__s02,animal-derived budget -> thumb glyph (seed 2),animal,thumb_glyph,2,entropy-transport-blind,ok,1.2498098000069149,0.2967595081164066,0.0655,0.1584028082492321,0.3813705128840896,0.5693228408178783,0.1483797540582033,0.2474442902110817,0.4558317655557731,0.0,35.0,0.9632063074901446,0.0029889538314822,0.3729354054310354,0.0790966381704674,0.3701628045853615,0.0211607933266779,
animal__thumb_glyph__s02,animal-derived budget -> thumb glyph (seed 2),animal,thumb_glyph,2,langevin-blind,ok,32.8798769999994,0.2967595081164063,0.0655,0.1584028082492321,0.3813705128840882,0.5693228408178777,0.1483797540582031,0.2474442902110818,0.4558317655557731,0.0,35.0,0.9632063074901446,0.0029889538314822,0.3729354054310354,0.0790966381704674,0.3701628045853615,0.0190685256444504,
animal__thumb_glyph__s03,animal-derived budget -> thumb glyph (seed 3),animal,thumb_glyph,3,anchor-aware-refiner,ok,0.933047299971804,0.2516710539009302,0.068,0.1443661971830986,2.644436541242424,0.5701227506507871,0.1258355269504651,0.1800275904671996,0.4691328002770905,0.0,26.0,0.9646772228989038,0.0082243930627334,0.6840701176243181,0.4819247104613547,1.070251700897974,,
animal__thumb_glyph__s03,animal-derived budget -> thumb glyph (seed 3),animal,thumb_glyph,3,blind-sa,ok,50.06215430001612,0.296674484143019,0.068,0.1582639193336256,0.3640932772519648,0.570122750650787,0.1483372420715095,0.2462070465813915,0.4626650866429642,0.0,37.0,0.9655629139072848,0.0028477523722985,0.3656501187576496,0.0734560507705141,0.3662426091851112,0.020198090523445,0.9833333333333332
animal__thumb_glyph__s03,animal-derived budget -> thumb glyph (seed 3),animal,thumb_glyph,3,projected-gradient-blind,ok,1.3448083999974187,0.2967325730688916,0.068,0.1585632939115199,0.4469420221782221,0.5701811986381076,0.1483662865344458,0.2462016554823737,0.4643073159459712,0.0,37.0,0.9656084656084656,0.0028483935313913,0.4555717347604703,0.0894891330463543,0.2414548307296145,0.0231662817738234,
animal__thumb_glyph__s03,animal-derived budget -> thumb glyph (seed 3),animal,thumb_glyph,3,evolutionary-blind,ok,60.47647719999077,0.296674484143019,0.068,0.1582639193336256,0.3640932772519648,0.570122750650787,0.1483372420715095,0.2462070465813915,0.4626650866429642,0.0,37.0,0.9655629139072848,0.0028477523722985,0.3656501187576496,0.0734560507705141,0.3662426091851112,0.020198090523445,
animal__thumb_glyph__s03,animal-derived budget -> thumb glyph (seed 3),animal,thumb_glyph,3,best-of-k-restart-blind,ok,3.2218203999800608,0.2966928546678051,0.068,0.1582639193336256,0.3865191169245109,0.5701202543883509,0.1483464273339025,0.2462076871285219,0.4626650866429642,0.0,37.0,0.9655629139072848,0.002848045701158,0.3878657014971096,0.0770333877114196,0.3245744226748039,0.0194538053396288,
animal__thumb_glyph__s03,animal-derived budget -> thumb glyph (seed 3),animal,thumb_glyph,3,entropy-transport-blind,ok,1.430417399998987,0.2966744841430189,0.068,0.1582639193336256,0.3640932772519652,0.5701227506507871,0.1483372420715094,0.2462070465813914,0.4626650866429642,0.0,37.0,0.9655629139072848,0.0028477523722985,0.3656501187576496,0.0734560507705141,0.3662426091851112,0.0201980905233907,
animal__thumb_glyph__s03,animal-derived budget -> thumb glyph (seed 3),animal,thumb_glyph,3,langevin-blind,ok,30.32987039998989,0.296674484143019,0.068,0.1582639193336256,0.3640932772519648,0.570122750650787,0.1483372420715095,0.2462070465813915,0.4626650866429642,0.0,37.0,0.9655629139072848,0.0028477523722985,0.3656501187576496,0.0734560507705141,0.3662426091851112,0.0182046638627188,
animal__thumb_glyph__s04,animal-derived budget -> thumb glyph (seed 4),animal,thumb_glyph,4,anchor-aware-refiner,ok,1.102461599977687,0.2469735398774541,0.0685,0.1440528634361233,2.7279346828239346,0.5697595924775479,0.123486769938727,0.1778871742311375,0.4833513314777741,0.0,24.0,0.957983193277311,0.008311282185983,0.6839756806144308,0.4816539457290907,1.0480075122144537,,
animal__thumb_glyph__s04,animal-derived budget -> thumb glyph (seed 4),animal,thumb_glyph,4,blind-sa,ok,51.79446989999269,0.2921277190195285,0.0685,0.1618421052631579,0.4036152693849116,0.5697595924775483,0.1460638595097642,0.2436317253382219,0.4583258305100772,0.0,37.0,0.9603825136612022,0.0028120743423623,0.3796654168970125,0.0754703448220762,0.3789246825598638,0.0221492155094058,0.9833333333333332
animal__thumb_glyph__s04,animal-derived budget -> thumb glyph (seed 4),animal,thumb_glyph,4,projected-gradient-blind,ok,1.6867271999944933,0.2921803491993353,0.0685,0.1618421052631579,0.4997275698487441,0.5697577336718462,0.1460901745996676,0.2436594163455261,0.4583258305100772,0.0,37.0,0.9603825136612022,0.0028101222134549,0.3807225418998847,0.0953528329751777,0.3738504851804372,0.0255472665423202,
animal__thumb_glyph__s04,animal-derived budget -> thumb glyph (seed 4),animal,thumb_glyph,4,evolutionary-blind,ok,65.07125300000189,0.2921277190195285,0.0685,0.1618421052631579,0.4036152693849116,0.5697595924775483,0.1460638595097642,0.2436317253382219,0.4583258305100772,0.0,37.0,0.9603825136612022,0.0028120743423623,0.3796654168970125,0.0754703448220762,0.3789246825598638,0.0221492155094058,
animal__thumb_glyph__s04,animal-derived budget -> thumb glyph (seed 4),animal,thumb_glyph,4,best-of-k-restart-blind,ok,3.38402739999583,0.2921186051152543,0.0685,0.1618421052631579,0.4245688961373179,0.5697649028002916,0.1460593025576271,0.2436317695894128,0.4583258305100772,0.0,37.0,0.9603825136612022,0.0028117737356742,0.3828603910099545,0.0797279598322436,0.3806777313916325,0.0213244304344008,
animal__thumb_glyph__s04,animal-derived budget -> thumb glyph (seed 4),animal,thumb_glyph,4,entropy-transport-blind,ok,1.277298899978632,0.2921277190195285,0.0685,0.1618421052631579,0.4036152693849115,0.5697595924775453,0.1460638595097642,0.2436317253382219,0.4583258305100772,0.0,37.0,0.9603825136612022,0.0028120743423623,0.3796654168970125,0.0754703448220762,0.3789246825598638,0.0221492155094902,
animal__thumb_glyph__s04,animal-derived budget -> thumb glyph (seed 4),animal,thumb_glyph,4,langevin-blind,ok,30.3680175000045,0.2921277190195285,0.0685,0.1618421052631579,0.4036152693849116,0.5697595924775483,0.1460638595097642,0.2436317253382219,0.4583258305100772,0.0,37.0,0.9603825136612022,0.0028120743423623,0.3796654168970125,0.0754703448220762,0.3789246825598638,0.0201807634695016,
animal__thumb_glyph__s05,animal-derived budget -> thumb glyph (seed 5),animal,thumb_glyph,5,anchor-aware-refiner,ok,0.9032566999958362,0.2485814266860982,0.066,0.146513680494263,2.817782249123258,0.5693802407989655,0.1242907133430491,0.1791212514687005,0.4775585088285193,0.0,22.0,0.95221027479092,0.0084564499397027,0.6840128933893594,0.4838749219179063,1.0567336613046463,,
animal__thumb_glyph__s05,animal-derived budget -> thumb glyph (seed 5),animal,thumb_glyph,5,blind-sa,ok,46.03812399998424,0.2962453079645334,0.066,0.1603153745072273,0.3600871957068515,0.569380240798965,0.1481226539822667,0.2437987099422682,0.4566710551958586,0.0,37.0,0.9595141700404858,0.0026243057650046,0.3356039981176446,0.0751327937717259,0.4325559522986002,0.0198413738213452,0.975
animal__thumb_glyph__s05,animal-derived budget -> thumb glyph (seed 5),animal,thumb_glyph,5,projected-gradient-blind,ok,1.416827299981378,0.2962390806296885,0.066,0.1603153745072273,0.4014008434234124,0.5693720216657238,0.1481195403148442,0.2437892321737671,0.4566710551958586,0.0,37.0,0.9595141700404858,0.0026249561796087,0.4019504304407538,0.0794079769236406,0.3080493244712923,0.0202635411460292,
animal__thumb_glyph__s05,animal-derived budget -> thumb glyph (seed 5),animal,thumb_glyph,5,evolutionary-blind,ok,63.17474769998808,0.2962453079645334,0.066,0.1603153745072273,0.3600871957068512,0.569380240798965,0.1481226539822667,0.2437987099422682,0.4566710551958586,0.0,37.0,0.9595141700404858,0.0026243057650046,0.3356039981176446,0.0751327937717259,0.4325559522986002,0.0198413738213914,
animal__thumb_glyph__s05,animal-derived budget -> thumb glyph (seed 5),animal,thumb_glyph,5,best-of-k-restart-blind,ok,3.401979799993569,0.2962506385898253,0.066,0.1603153745072273,0.3911933422632281,0.5693644201037757,0.1481253192949126,0.2437877340383729,0.4566710551958586,0.0,37.0,0.9595141700404858,0.0026241305399656,0.3352510445014696,0.0811425916162624,0.4315166826125161,0.0197631101930715,
animal__thumb_glyph__s05,animal-derived budget -> thumb glyph (seed 5),animal,thumb_glyph,5,entropy-transport-blind,ok,1.452552900009323,0.2962453079645326,0.066,0.1603153745072273,0.3600871957068511,0.569380240798963,0.1481226539822663,0.2437987099422683,0.4566710551958586,0.0,37.0,0.9595141700404858,0.0026243057650046,0.3356039981176446,0.0751327937717259,0.4325559522986002,0.0198413738211987,
animal__thumb_glyph__s05,animal-derived budget -> thumb glyph (seed 5),animal,thumb_glyph,5,langevin-blind,ok,30.559350900002755,0.2962453079645334,0.066,0.1603153745072273,0.3600871957068512,0.569380240798965,0.1481226539822667,0.2437987099422682,0.4566710551958586,0.0,37.0,0.9595141700404858,0.0026243057650046,0.3356039981176446,0.0751327937717259,0.4325559522986002,0.0180043597856181,
animal__thumb_glyph__s06,animal-derived budget -> thumb glyph (seed 6),animal,thumb_glyph,6,anchor-aware-refiner,ok,1.036340899998322,0.2526849838124625,0.0665,0.1490765171503957,2.5569018915672284,0.5746913074876943,0.1263424919062312,0.1795526256949143,0.4793643655745521,0.0,22.0,0.9691577698695136,0.0085942828551794,0.6840263480225538,0.4633463986429014,1.0599028451371757,,
animal__thumb_glyph__s06,animal-derived budget -> thumb glyph (seed 6),animal,thumb_glyph,6,blind-sa,ok,48.3098689999897,0.302370139884837,0.0665,0.1576635924462011,0.3567466003663291,0.574691307487694,0.1511850699424185,0.2485562311752579,0.4617103096585156,0.0,35.0,0.9595827900912648,0.0029070730482298,0.3675337759926304,0.0796798794816178,0.3918878504274574,0.0198722811523203,0.9916666666666668
animal__thumb_glyph__s06,animal-derived budget -> thumb glyph (seed 6),animal,thumb_glyph,6,projected-gradient-blind,ok,1.846175499988021,0.3023682692094373,0.066,0.1576635924462011,0.3839103611613415,0.5747140422520055,0.1511841346047186,0.2485573964342005,0.4617103096585156,0.0,35.0,0.9595827900912648,0.0029071577596555,0.4835900894239155,0.0834216033511471,0.1934297750153384,0.0194538971367751,
animal__thumb_glyph__s06,animal-derived budget -> thumb glyph (seed 6),animal,thumb_glyph,6,evolutionary-blind,ok,81.26145059999544,0.302370139884837,0.0665,0.1576635924462011,0.3567466003663291,0.574691307487694,0.1511850699424185,0.2485562311752579,0.4617103096585156,0.0,35.0,0.9595827900912648,0.0029070730482298,0.3675337759926304,0.0796798794816178,0.3918878504274574,0.0198722811523203,
animal__thumb_glyph__s06,animal-derived budget -> thumb glyph (seed 6),animal,thumb_glyph,6,best-of-k-restart-blind,ok,3.689323800004786,0.3023745418500933,0.0655,0.1576635924462011,0.3816472566537037,0.5746948160681319,0.1511872709250466,0.2485491561282811,0.4617103096585156,0.0,35.0,0.9595827900912648,0.0029069405652543,0.3670153098254187,0.0831317320727574,0.3942721021850532,0.0193193104072654,
animal__thumb_glyph__s06,animal-derived budget -> thumb glyph (seed 6),animal,thumb_glyph,6,entropy-transport-blind,ok,1.5846898000163492,0.3023701398848372,0.0665,0.1576635924462011,0.3567466003663297,0.5746913074876913,0.1511850699424186,0.2485562311752579,0.4617103096585156,0.0,35.0,0.9595827900912648,0.0029070730482298,0.3675337759926304,0.0796798794816178,0.3918878504274574,0.019872281152391,
animal__thumb_glyph__s06,animal-derived budget -> thumb glyph (seed 6),animal,thumb_glyph,6,langevin-blind,ok,42.76938549999613,0.302370139884837,0.0665,0.1576635924462011,0.3567466003663291,0.574691307487694,0.1511850699424185,0.2485562311752579,0.4617103096585156,0.0,35.0,0.9595827900912648,0.0029070730482298,0.3675337759926304,0.0796798794816178,0.3918878504274574,0.0178373300184404,
animal__thumb_glyph__s07,animal-derived budget -> thumb glyph (seed 7),animal,thumb_glyph,7,anchor-aware-refiner,ok,1.1923322000075132,0.2523909691198149,0.066,0.1402814423922603,2.6909444212044087,0.570196381488384,0.1261954845599074,0.1797333732536221,0.4728717986560699,0.0,22.0,0.9650756693830036,0.0083896601969885,0.6839628563030731,0.4839899258295906,1.0450160163106177,,
animal__thumb_glyph__s07,animal-derived budget -> thumb glyph (seed 7),animal,thumb_glyph,7,blind-sa,ok,63.3489697999903,0.2987078127527083,0.066,0.1584723441615452,0.4019848278922875,0.570196381488384,0.1493539063763541,0.2482965925177951,0.4634901785902948,0.0,36.0,0.9695767195767196,0.0029432076293106,0.3333864475418631,0.0852364061783959,0.4031166632706813,0.0221594867355265,0.9916666666666668
animal__thumb_glyph__s07,animal-derived budget -> thumb glyph (seed 7),animal,thumb_glyph,7,projected-gradient-blind,ok,1.6870927999843843,0.29870355063081,0.066,0.1592105263157894,0.4218359692309344,0.5702309660181333,0.149351775315405,0.2482986614994647,0.4651166309556713,0.0,36.0,0.9695767195767196,0.0029430460658487,0.3536964380124814,0.0882797900870165,0.3840219121504096,0.0214556598818656,
animal__thumb_glyph__s07,animal-derived budget -> thumb glyph (seed 7),animal,thumb_glyph,7,evolutionary-blind,ok,79.46606989999418,0.2987078127527083,0.066,0.1584723441615452,0.4019848278922875,0.570196381488384,0.1493539063763541,0.2482965925177951,0.4634901785902948,0.0,36.0,0.9695767195767196,0.0029432076293106,0.3333864475418631,0.0852364061783959,0.4031166632706813,0.0221594867355265,
animal__thumb_glyph__s07,animal-derived budget -> thumb glyph (seed 7),animal,thumb_glyph,7,best-of-k-restart-blind,ok,3.4466199000016786,0.29870355063081,0.066,0.1592105263157894,0.4218359692309344,0.5702309660181333,0.149351775315405,0.2482986614994647,0.4651166309556713,0.0,36.0,0.9695767195767196,0.0029430460658487,0.3536964380124814,0.0882797900870165,0.3840219121504096,0.0214556598818656,
animal__thumb_glyph__s07,animal-derived budget -> thumb glyph (seed 7),animal,thumb_glyph,7,entropy-transport-blind,ok,1.218086000008043,0.2987078127527087,0.066,0.1584723441615452,0.4019848278922877,0.5701963814883839,0.1493539063763543,0.2482965925177946,0.4634901785902948,0.0,36.0,0.9695767195767196,0.0029432076293106,0.3333864475418631,0.0852364061783959,0.4031166632706813,0.0221594867355601,
animal__thumb_glyph__s07,animal-derived budget -> thumb glyph (seed 7),animal,thumb_glyph,7,langevin-blind,ok,37.77837200000067,0.2987078127527083,0.066,0.1584723441615452,0.4019848278922875,0.570196381488384,0.1493539063763541,0.2482965925177951,0.4634901785902948,0.0,36.0,0.9695767195767196,0.0029432076293106,0.3333864475418631,0.0852364061783959,0.4031166632706813,0.0200992413948136,
base__diamond_ring__s00,base budget -> diamond ring (seed 0),base,diamond_ring,0,anchor-aware-refiner,ok,0.0214877999969758,0.2600314801624191,0.3450704225352112,0.1083883129123468,2.187457722667373,0.6105144912109521,0.1300157400812095,0.1773872183901086,0.5166534013025201,0.0,14.0,0.9220297029702972,0.006116582066515,0.6295204343984564,0.4332428545091889,1.8974150072586968,,
base__diamond_ring__s00,base budget -> diamond ring (seed 0),base,diamond_ring,0,blind-sa,ok,0.4201016000006348,0.3239975233471587,0.3450704225352112,0.1366559485530546,0.1266917014145973,0.6105144912109518,0.1619987616735793,0.2633048071724436,0.474191863125055,0.0,4.0,0.9321663019693656,0.0076840657290463,0.0541906473917793,0.0475622664376778,0.2286311583459632,0.0117134310813441,0.9
base__diamond_ring__s00,base budget -> diamond ring (seed 0),base,diamond_ring,0,projected-gradient-blind,ok,0.1163517999812029,0.3239975233471587,0.3450704225352112,0.1366559485530546,0.1266917014145973,0.6105144912109518,0.1619987616735793,0.2633048071724436,0.474191863125055,0.0,4.0,0.9321663019693656,0.0076840657290463,0.0541906473917793,0.0475622664376778,0.2286311583459632,0.0063345850708731,
base__diamond_ring__s00,base budget -> diamond ring (seed 0),base,diamond_ring,0,evolutionary-blind,ok,0.6239767000079155,0.3239975233471587,0.3450704225352112,0.1366559485530546,0.1266917014145973,0.6105144912109518,0.1619987616735793,0.2633048071724436,0.474191863125055,0.0,4.0,0.9321663019693656,0.0076840657290463,0.0541906473917793,0.0475622664376778,0.2286311583459632,0.0117134310813441,
base__diamond_ring__s00,base budget -> diamond ring (seed 0),base,diamond_ring,0,best-of-k-restart-blind,ok,0.3315334000217262,0.3239975233471587,0.3450704225352112,0.1366559485530546,0.1266917014145973,0.6105144912109518,0.1619987616735793,0.2633048071724436,0.474191863125055,0.0,4.0,0.9321663019693656,0.0076840657290463,0.0541906473917793,0.0475622664376778,0.2286311583459632,0.0063345850708731,
base__diamond_ring__s00,base budget -> diamond ring (seed 0),base,diamond_ring,0,entropy-transport-blind,ok,0.0667013000056613,0.3239975233471587,0.3450704225352112,0.1366559485530546,0.1266917014145974,0.6105144912109515,0.1619987616735793,0.2633048071724436,0.474191863125055,0.0,4.0,0.9321663019693656,0.0076840657290463,0.0541906473917793,0.0475622664376778,0.2286311583459632,0.0117134310815166,
base__diamond_ring__s00,base budget -> diamond ring (seed 0),base,diamond_ring,0,langevin-blind,ok,0.2847916999890003,0.3239975233471587,0.3450704225352112,0.1366559485530546,0.1266917014145973,0.6105144912109518,0.1619987616735793,0.2633048071724436,0.474191863125055,0.0,4.0,0.9321663019693656,0.0076840657290463,0.0541906473917793,0.0475622664376778,0.2286311583459632,0.0063345850708731,
base__diamond_ring__s01,base budget -> diamond ring (seed 1),base,diamond_ring,1,anchor-aware-refiner,ok,0.0219271999958436,0.2579782701303886,0.3661971830985915,0.1092278719397363,2.106239426131662,0.6062580919436945,0.1289891350651943,0.1783888969887405,0.5620497222336602,0.0,14.0,0.923739237392374,0.0066931620151443,0.6245310813223537,0.4329404728304639,1.760597548366369,,
base__diamond_ring__s01,base budget -> diamond ring (seed 1),base,diamond_ring,1,blind-sa,ok,0.3966816999891307,0.3277246138200845,0.3661971830985915,0.1471301535974131,0.1103652131000826,0.6062580919436952,0.1638623069100422,0.2725119070625887,0.477240454281745,0.0,11.0,0.9135667396061268,0.0065489486846299,0.0252669812173834,0.0487810272844129,0.0235648451365206,0.0101025247345435,0.9
base__diamond_ring__s01,base budget -> diamond ring (seed 1),base,diamond_ring,1,projected-gradient-blind,ok,0.0844389999983832,0.3277246138200845,0.3661971830985915,0.1471301535974131,0.1103652131000826,0.6062580919436952,0.1638623069100422,0.2725119070625887,0.477240454281745,0.0,11.0,0.9135667396061268,0.0065489486846299,0.0252669812173834,0.0487810272844129,0.0235648451365206,0.0055182606552102,
base__diamond_ring__s01,base budget -> diamond ring (seed 1),base,diamond_ring,1,evolutionary-blind,ok,0.5285308999882545,0.3277246138200845,0.3661971830985915,0.1471301535974131,0.1103652131000826,0.6062580919436952,0.1638623069100422,0.2725119070625887,0.477240454281745,0.0,11.0,0.9135667396061268,0.0065489486846299,0.0252669812173834,0.0487810272844129,0.0235648451365206,0.0101025247346501,
base__diamond_ring__s01,base budget -> diamond ring (seed 1),base,diamond_ring,1,best-of-k-restart-blind,ok,0.3969733999983873,0.3277246138200845,0.3661971830985915,0.1471301535974131,0.1103652131000826,0.6062580919436952,0.1638623069100422,0.2725119070625887,0.477240454281745,0.0,11.0,0.9135667396061268,0.0065489486846299,0.0252669812173834,0.0487810272844129,0.0235648451365206,0.0055182606552102,
base__diamond_ring__s01,base budget -> diamond ring (seed 1),base,diamond_ring,1,entropy-transport-blind,ok,0.0613750000193249,0.3277246138200845,0.3661971830985915,0.1471301535974131,0.1103652131000828,0.6062580919436951,0.1638623069100422,0.2725119070625886,0.477240454281745,0.0,11.0,0.9135667396061268,0.0065489486846299,0.0252669812173834,0.0487810272844129,0.0235648451365206,0.0101025247345068,
base__diamond_ring__s01,base budget -> diamond ring (seed 1),base,diamond_ring,1,langevin-blind,ok,0.2396681999962311,0.3277246138200845,0.3661971830985915,0.1471301535974131,0.1103652131000826,0.6062580919436952,0.1638623069100422,0.2725119070625887,0.477240454281745,0.0,11.0,0.9135667396061268,0.0065489486846299,0.0252669812173834,0.0487810272844129,0.0235648451365206,0.0055182606552102,
base__diamond_ring__s02,base budget -> diamond ring (seed 2),base,diamond_ring,2,anchor-aware-refiner,ok,0.0238798999926075,0.2653726863097193,0.3732394366197183,0.0795559666975023,2.212626784268428,0.5860811342821287,0.1326863431548596,0.1784126944056935,0.5154224320882503,0.0,16.0,0.9341463414634146,0.005649321449478,0.6295204343984564,0.4471492868867529,1.8974150072586968,,
base__diamond_ring__s02,base budget -> diamond ring (seed 2),base,diamond_ring,2,blind-sa,ok,0.4069297000241931,0.3242895158730293,0.3732394366197183,0.1322115384615384,0.131243324382159,0.586081134282128,0.1621447579365146,0.2702245825926818,0.4780565529547342,0.0,6.0,0.9297124600638976,0.0067892106528286,0.0835932729829098,0.06902172678353,0.0468282087614175,0.0113146136764249,0.9
base__diamond_ring__s02,base budget -> diamond ring (seed 2),base,diamond_ring,2,projected-gradient-blind,ok,0.124700499989558,0.3242895158730293,0.3732394366197183,0.1322115384615384,0.131243324382159,0.586081134282128,0.1621447579365146,0.2702245825926818,0.4780565529547342,0.0,6.0,0.9297124600638976,0.0067892106528286,0.0835932729829098,0.06902172678353,0.0468282087614175,0.0065621662192797,
base__diamond_ring__s02,base budget -> diamond ring (seed 2),base,diamond_ring,2,evolutionary-blind,ok,0.5350794999976642,0.3242895158730293,0.3732394366197183,0.1322115384615384,0.131243324382159,0.586081134282128,0.1621447579365146,0.2702245825926818,0.4780565529547342,0.0,6.0,0.9297124600638976,0.0067892106528286,0.0835932729829098,0.06902172678353,0.0468282087614175,0.0113146136764249,
base__diamond_ring__s02,base budget -> diamond ring (seed 2),base,diamond_ring,2,best-of-k-restart-blind,ok,0.3142396000039298,0.3242895158730293,0.3732394366197183,0.1322115384615384,0.131243324382159,0.586081134282128,0.1621447579365146,0.2702245825926818,0.4780565529547342,0.0,6.0,0.9297124600638976,0.0067892106528286,0.0835932729829098,0.06902172678353,0.0468282087614175,0.0065621662192797,
base__diamond_ring__s02,base budget -> diamond ring (seed 2),base,diamond_ring,2,entropy-transport-blind,ok,0.0628465999907348,0.3242895158730293,0.3732394366197183,0.1322115384615384,0.1312433243821588,0.5860811342821279,0.1621447579365146,0.270224582592682,0.4780565529547342,0.0,6.0,0.9297124600638976,0.0067892106528286,0.0835932729829098,0.06902172678353,0.0468282087614175,0.0113146136764368,
base__diamond_ring__s02,base budget -> diamond ring (seed 2),base,diamond_ring,2,langevin-blind,ok,0.2607697999919764,0.3242895158730293,0.3732394366197183,0.1322115384615384,0.131243324382159,0.586081134282128,0.1621447579365146,0.2702245825926818,0.4780565529547342,0.0,6.0,0.9297124600638976,0.0067892106528286,0.0835932729829098,0.06902172678353,0.0468282087614175,0.0065621662192797,
base__diamond_ring__s03,base budget -> diamond ring (seed 3),base,diamond_ring,3,anchor-aware-refiner,ok,0.0247802000085357,0.2595156361458167,0.3873239436619718,0.1133144475920679,2.2295506754813315,0.600157620118967,0.1297578180729083,0.1759247721327742,0.580832956519788,0.0,15.0,0.9132589838909542,0.0054436620819397,0.6295204343984564,0.4325395889993493,1.8974150072586968,,
base__diamond_ring__s03,base budget -> diamond ring (seed 3),base,diamond_ring,3,blind-sa,ok,0.477243700006511,0.3170680110139828,0.3873239436619718,0.1493975903614458,0.1297442117872413,0.600157620118967,0.1585340055069914,0.2670785051781103,0.5001171298145359,0.0,5.0,0.9159388646288208,0.0061599836975816,0.0411768114880107,0.0368559381763891,0.0705679961676555,0.0107991991778147,0.9333333333333332
base__diamond_ring__s03,base budget -> diamond ring (seed 3),base,diamond_ring,3,projected-gradient-blind,ok,0.1007061999989673,0.3170680110139828,0.3873239436619718,0.1493975903614458,0.1297442117872413,0.600157620118967,0.1585340055069914,0.2670785051781103,0.5001171298145359,0.0,5.0,0.9159388646288208,0.0061599836975816,0.0411768114880107,0.0368559381763891,0.0705679961676555,0.0064872105894365,
base__diamond_ring__s03,base budget -> diamond ring (seed 3),base,diamond_ring,3,evolutionary-blind,ok,0.5246928000124171,0.3170680110139828,0.3873239436619718,0.1493975903614458,0.1297442117872413,0.600157620118967,0.1585340055069914,0.2670785051781103,0.5001171298145359,0.0,5.0,0.9159388646288208,0.0061599836975816,0.0411768114880107,0.0368559381763891,0.0705679961676555,0.0107991991778147,
base__diamond_ring__s03,base budget -> diamond ring (seed 3),base,diamond_ring,3,best-of-k-restart-blind,ok,0.3450443999900017,0.3170680110139828,0.3873239436619718,0.1493975903614458,0.1297442117872413,0.600157620118967,0.1585340055069914,0.2670785051781103,0.5001171298145359,0.0,5.0,0.9159388646288208,0.0061599836975816,0.0411768114880107,0.0368559381763891,0.0705679961676555,0.0064872105894365,
base__diamond_ring__s03,base budget -> diamond ring (seed 3),base,diamond_ring,3,entropy-transport-blind,ok,0.0657314000127371,0.3170680110139828,0.3873239436619718,0.1493975903614458,0.1297442117872413,0.600157620118967,0.1585340055069914,0.2670785051781103,0.5001171298145359,0.0,5.0,0.9159388646288208,0.0061599836975816,0.0411768114880107,0.0368559381763891,0.0705679961676555,0.0107991991778147,
base__diamond_ring__s03,base budget -> diamond ring (seed 3),base,diamond_ring,3,langevin-blind,ok,0.2586425000044983,0.3170680110139828,0.3873239436619718,0.1493975903614458,0.1297442117872413,0.600157620118967,0.1585340055069914,0.2670785051781103,0.5001171298145359,0.0,5.0,0.9159388646288208,0.0061599836975816,0.0411768114880107,0.0368559381763891,0.0705679961676555,0.0064872105894365,
base__diamond_ring__s04,base budget -> diamond ring (seed 4),base,diamond_ring,4,anchor-aware-refiner,ok,0.0256120999983977,0.2561633719173229,0.3873239436619718,0.0959548447789275,2.081434756188556,0.6013028620100583,0.1280816859586614,0.1741065807266962,0.5190469223942502,0.0,16.0,0.9292035398230089,0.0071112945730933,0.6309872926997352,0.4135687106126057,1.930989341979813,,
base__diamond_ring__s04,base budget -> diamond ring (seed 4),base,diamond_ring,4,blind-sa,ok,0.4039573000045493,0.3204385077612647,0.3873239436619718,0.1458003169572107,0.1326875645908685,0.6013028620100583,0.1602192538806323,0.2592721022980357,0.4780565529547342,0.0,9.0,0.9151982378854624,0.0079841591357439,0.0452216352397584,0.0500273511713982,0.046226930912995,0.0122232896249189,0.9333333333333332
base__diamond_ring__s04,base budget -> diamond ring (seed 4),base,diamond_ring,4,projected-gradient-blind,ok,0.0853654000093229,0.3204385077612647,0.3873239436619718,0.1458003169572107,0.1326875645908685,0.6013028620100583,0.1602192538806323,0.2592721022980357,0.4780565529547342,0.0,9.0,0.9151982378854624,0.0079841591357439,0.0452216352397584,0.0500273511713982,0.046226930912995,0.0066343782297223,
base__diamond_ring__s04,base budget -> diamond ring (seed 4),base,diamond_ring,4,evolutionary-blind,ok,0.5118740000179969,0.3204385077612647,0.3873239436619718,0.1458003169572107,0.1326875645908685,0.6013028620100583,0.1602192538806323,0.2592721022980357,0.4780565529547342,0.0,9.0,0.9151982378854624,0.0079841591357439,0.0452216352397584,0.0500273511713982,0.046226930912995,0.0122232896249189,
base__diamond_ring__s04,base budget -> diamond ring (seed 4),base,diamond_ring,4,best-of-k-restart-blind,ok,0.3443781000096351,0.3204385077612647,0.3873239436619718,0.1458003169572107,0.1326875645908685,0.6013028620100583,0.1602192538806323,0.2592721022980357,0.4780565529547342,0.0,9.0,0.9151982378854624,0.0079841591357439,0.0452216352397584,0.0500273511713982,0.046226930912995,0.0066343782297223,
base__diamond_ring__s04,base budget -> diamond ring (seed 4),base,diamond_ring,4,entropy-transport-blind,ok,0.0814234999998007,0.3204385077612648,0.3873239436619718,0.1458003169572107,0.1326875645908686,0.6013028620100581,0.1602192538806324,0.2592721022980357,0.4780565529547342,0.0,9.0,0.9151982378854624,0.0079841591357439,0.0452216352397584,0.0500273511713982,0.046226930912995,0.0122232896247245,
base__diamond_ring__s04,base budget -> diamond ring (seed 4),base,diamond_ring,4,langevin-blind,ok,0.2478082999878097,0.3204385077612647,0.3873239436619718,0.1458003169572107,0.1326875645908685,0.6013028620100583,0.1602192538806323,0.2592721022980357,0.4780565529547342,0.0,9.0,0.9151982378854624,0.0079841591357439,0.0452216352397584,0.0500273511713982,0.046226930912995,0.0066343782297223,
base__diamond_ring__s05,base budget -> diamond ring (seed 5),base,diamond_ring,5,anchor-aware-refiner,ok,0.0242942000040784,0.2577854489080313,0.352112676056338,0.1066417212347988,2.2121152810031988,0.5968840712099603,0.1288927244540156,0.1743086632783439,0.5576990127937987,0.0,16.0,0.9255189255189256,0.0061389691599867,0.6309872926997352,0.4219930199731034,1.930989341979813,,
base__diamond_ring__s05,base budget -> diamond ring (seed 5),base,diamond_ring,5,blind-sa,ok,0.3818752999941353,0.3198812856043554,0.352112676056338,0.1572123176661264,0.1393247359015166,0.5968840712099595,0.1599406428021777,0.2586352739699227,0.496819701903698,0.0,11.0,0.9046563192904656,0.0069860282433965,0.0506444380609413,0.0610555192836204,0.0514865907339774,0.0118564565657111,0.85
base__diamond_ring__s05,base budget -> diamond ring (seed 5),base,diamond_ring,5,projected-gradient-blind,ok,0.1040946999855805,0.3198812856043554,0.352112676056338,0.1572123176661264,0.1393247359015164,0.5968840712099596,0.1599406428021777,0.2586352739699226,0.496819701903698,0.0,11.0,0.9046563192904656,0.0069860282433965,0.0506444380609413,0.0610555192836204,0.0514865907339774,0.0069662367952339,
base__diamond_ring__s05,base budget -> diamond ring (seed 5),base,diamond_ring,5,evolutionary-blind,ok,0.5666769000235945,0.3198812856043554,0.352112676056338,0.1572123176661264,0.1393247359015164,0.5968840712099596,0.1599406428021777,0.2586352739699226,0.496819701903698,0.0,11.0,0.9046563192904656,0.0069860282433965,0.0506444380609413,0.0610555192836204,0.0514865907339774,0.0118564565657607,
base__diamond_ring__s05,base budget -> diamond ring (seed 5),base,diamond_ring,5,best-of-k-restart-blind,ok,0.3053307999798562,0.3198812856043554,0.352112676056338,0.1572123176661264,0.1393247359015164,0.5968840712099596,0.1599406428021777,0.2586352739699226,0.496819701903698,0.0,11.0,0.9046563192904656,0.0069860282433965,0.0506444380609413,0.0610555192836204,0.0514865907339774,0.0069662367952339,
base__diamond_ring__s05,base budget -> diamond ring (seed 5),base,diamond_ring,5,entropy-transport-blind,ok,0.0612653999996837,0.3198812856043554,0.352112676056338,0.1572123176661264,0.1393247359015162,0.5968840712099598,0.1599406428021777,0.2586352739699227,0.496819701903698,0.0,11.0,0.9046563192904656,0.0069860282433965,0.0506444380609413,0.0610555192836204,0.0514865907339774,0.0118564565656894,
base__diamond_ring__s05,base budget -> diamond ring (seed 5),base,diamond_ring,5,langevin-blind,ok,0.2404995999822858,0.3198812856043554,0.352112676056338,0.1572123176661264,0.1393247359015164,0.5968840712099596,0.1599406428021777,0.2586352739699226,0.496819701903698,0.0,11.0,0.9046563192904656,0.0069860282433965,0.0506444380609413,0.0610555192836204,0.0514865907339774,0.0069662367952339,
base__diamond_ring__s06,base budget -> diamond ring (seed 6),base,diamond_ring,6,anchor-aware-refiner,ok,0.0232000999967567,0.2636203701778528,0.3661971830985915,0.0928909952606635,2.107191004603309,0.5831967952758715,0.1318101850889264,0.1763413269239228,0.5337963953799467,0.0,16.0,0.9253731343283582,0.0066505921842384,0.6295204343984564,0.3996825557330004,1.8974150072586968,,
base__diamond_ring__s06,base budget -> diamond ring (seed 6),base,diamond_ring,6,blind-sa,ok,0.3704503000190016,0.3218340528205375,0.3661971830985915,0.1445978878960195,0.1157780582003751,0.5831967952758718,0.1609170264102687,0.268639907245242,0.4898537758196165,0.0,9.0,0.9239250275633958,0.0074572891771593,0.0240983628432445,0.0592841537711653,0.0600791848031438,0.0110090053341905,0.8916666666666667
base__diamond_ring__s06,base budget -> diamond ring (seed 6),base,diamond_ring,6,projected-gradient-blind,ok,0.0816688000049907,0.3218340528205375,0.3661971830985915,0.1445978878960195,0.1157780582003751,0.5831967952758718,0.1609170264102687,0.2686399072452419,0.4898537758196165,0.0,9.0,0.9239250275633958,0.0074572891771593,0.0240983628432445,0.0592841537711653,0.0600791848031438,0.005788902910141,
base__diamond_ring__s06,base budget -> diamond ring (seed 6),base,diamond_ring,6,evolutionary-blind,ok,0.5082043999864254,0.3218340528205375,0.3661971830985915,0.1445978878960195,0.1157780582003751,0.5831967952758718,0.1609170264102687,0.2686399072452419,0.4898537758196165,0.0,9.0,0.9239250275633958,0.0074572891771593,0.0240983628432445,0.0592841537711653,0.0600791848031438,0.0110090053342716,
base__diamond_ring__s06,base budget -> diamond ring (seed 6),base,diamond_ring,6,best-of-k-restart-blind,ok,0.3383606999996118,0.3218340528205375,0.3661971830985915,0.1445978878960195,0.1157780582003751,0.5831967952758718,0.1609170264102687,0.2686399072452419,0.4898537758196165,0.0,9.0,0.9239250275633958,0.0074572891771593,0.0240983628432445,0.0592841537711653,0.0600791848031438,0.005788902910141,
base__diamond_ring__s06,base budget -> diamond ring (seed 6),base,diamond_ring,6,entropy-transport-blind,ok,0.106955299997935,0.3218340528205376,0.3661971830985915,0.1445978878960195,0.1157780582003752,0.5831967952758713,0.1609170264102688,0.2686399072452421,0.4898537758196165,0.0,9.0,0.9239250275633958,0.0074572891771593,0.0240983628432445,0.0592841537711653,0.0600791848031438,0.0110090053343002,
base__diamond_ring__s06,base budget -> diamond ring (seed 6),base,diamond_ring,6,langevin-blind,ok,0.2367996999819297,0.3218340528205375,0.3661971830985915,0.1445978878960195,0.1157780582003751,0.5831967952758718,0.1609170264102687,0.2686399072452419,0.4898537758196165,0.0,9.0,0.9239250275633958,0.0074572891771593,0.0240983628432445,0.0592841537711653,0.0600791848031438,0.005788902910141,
base__diamond_ring__s07,base budget -> diamond ring (seed 7),base,diamond_ring,7,anchor-aware-refiner,ok,0.0200007999956142,0.2588461178555495,0.3732394366197183,0.1103835360149672,1.870292719817593,0.6186051612109233,0.1294230589277747,0.1767966940349418,0.5359324031845103,0.0,15.0,0.9346246973365616,0.0081902526169472,0.6318195786113403,0.3913898757154621,1.948792210790839,,
base__diamond_ring__s07,base budget -> diamond ring (seed 7),base,diamond_ring,7,blind-sa,ok,0.4224509999912698,0.3239084791178337,0.3732394366197183,0.1492659053833605,0.1437358192336624,0.6186051612109228,0.1619542395589168,0.2727098803848053,0.4606322448150743,0.0,7.0,0.9130901287553648,0.0075746744196087,0.0498183159587037,0.0549107845557066,0.1178243415473718,0.0124890630556015,0.85
base__diamond_ring__s07,base budget -> diamond ring (seed 7),base,diamond_ring,7,projected-gradient-blind,ok,0.0849241999967489,0.3239084791178337,0.3732394366197183,0.1492659053833605,0.1437358192336625,0.6186051612109227,0.1619542395589168,0.2727098803848054,0.4606322448150743,0.0,7.0,0.9130901287553648,0.0075746744196087,0.0498183159587037,0.0549107845557066,0.1178243415473718,0.0071867909618964,
base__diamond_ring__s07,base budget -> diamond ring (seed 7),base,diamond_ring,7,evolutionary-blind,ok,0.5517462999850977,0.3239084791178337,0.3732394366197183,0.1492659053833605,0.1437358192336625,0.6186051612109227,0.1619542395589168,0.2727098803848054,0.4606322448150743,0.0,7.0,0.9130901287553648,0.0075746744196087,0.0498183159587037,0.0549107845557066,0.1178243415473718,0.0124890630558286,
base__diamond_ring__s07,base budget -> diamond ring (seed 7),base,diamond_ring,7,best-of-k-restart-blind,ok,0.480605499993544,0.3239084791178337,0.3732394366197183,0.1492659053833605,0.1437358192336625,0.6186051612109227,0.1619542395589168,0.2727098803848054,0.4606322448150743,0.0,7.0,0.9130901287553648,0.0075746744196087,0.0498183159587037,0.0549107845557066,0.1178243415473718,0.0071867909618964,
base__diamond_ring__s07,base budget -> diamond ring (seed 7),base,diamond_ring,7,entropy-transport-blind,ok,0.0982026999990921,0.3239084791178331,0.3732394366197183,0.1492659053833605,0.1437358192336626,0.6186051612109217,0.1619542395589165,0.2727098803848051,0.4606322448150743,0.0,7.0,0.9130901287553648,0.0075746744196087,0.0498183159587037,0.0549107845557066,0.1178243415473718,0.0124890630556643,
base__diamond_ring__s07,base budget -> diamond ring (seed 7),base,diamond_ring,7,langevin-blind,ok,0.4859855999820865,0.3239084791178337,0.3732394366197183,0.1492659053833605,0.1437358192336625,0.6186051612109227,0.1619542395589168,0.2727098803848054,0.4606322448150743,0.0,7.0,0.9130901287553648,0.0075746744196087,0.0498183159587037,0.0549107845557066,0.1178243415473718,0.0071867909618964,
base__dinosaur_outline__s00,base budget -> dinosaur outline (seed 0),base,dinosaur_outline,0,anchor-aware-refiner,ok,0.0571286999911535,0.2213888002178399,0.4084507042253521,0.149241819632881,1.7360013015502014,0.5739146751373495,0.1106944001089199,0.1413514727026386,0.5503536294314043,0.0,15.0,0.9030303030303032,0.0024827993483002,0.1216503885117477,0.3552018898521132,0.1175440402820351,,
base__dinosaur_outline__s00,base budget -> dinosaur outline (seed 0),base,dinosaur_outline,0,blind-sa,ok,0.5831478000036441,0.2819375065665188,0.4084507042253521,0.1997600479904019,0.3168899030479607,0.602426742084674,0.1409687532832594,0.2439697180559726,0.5502923546461786,0.0,3.0,0.8624904507257448,0.0014800895482015,0.0794907066016728,0.0231411276728563,0.1258097018694561,0.0168805578363082,0.9
base__dinosaur_outline__s00,base budget -> dinosaur outline (seed 0),base,dinosaur_outline,0,projected-gradient-blind,ok,0.0874693999940063,0.2819375065665188,0.4084507042253521,0.1997600479904019,0.3168899030479607,0.602426742084674,0.1409687532832594,0.2439697180559726,0.5502923546461786,0.0,3.0,0.8624904507257448,0.0014800895482015,0.0794907066016728,0.0231411276728563,0.1258097018694561,0.0158444951524837,
base__dinosaur_outline__s00,base budget -> dinosaur outline (seed 0),base,dinosaur_outline,0,evolutionary-blind,ok,0.4899036000133492,0.2819375065665188,0.4084507042253521,0.1997600479904019,0.3168899030479607,0.602426742084674,0.1409687532832594,0.2439697180559726,0.5502923546461786,0.0,3.0,0.8624904507257448,0.0014800895482015,0.0794907066016728,0.0231411276728563,0.1258097018694561,0.0168805578363082,
base__dinosaur_outline__s00,base budget -> dinosaur outline (seed 0),base,dinosaur_outline,0,best-of-k-restart-blind,ok,0.3796944999776315,0.2819375065665188,0.4084507042253521,0.1997600479904019,0.3168899030479607,0.602426742084674,0.1409687532832594,0.2439697180559726,0.5502923546461786,0.0,3.0,0.8624904507257448,0.0014800895482015,0.0794907066016728,0.0231411276728563,0.1258097018694561,0.0158444951524837,
base__dinosaur_outline__s00,base budget -> dinosaur outline (seed 0),base,dinosaur_outline,0,entropy-transport-blind,ok,0.110717100003967,0.2819375065665186,0.4084507042253521,0.1997600479904019,0.3168899030479605,0.602426742084673,0.1409687532832593,0.2439697180559727,0.5502923546461786,0.0,3.0,0.8624904507257448,0.0014800895482015,0.0794907066016728,0.0231411276728563,0.1258097018694561,0.0168805578364824,
base__dinosaur_outline__s00,base budget -> dinosaur outline (seed 0),base,dinosaur_outline,0,langevin-blind,ok,0.2937895999930333,0.2819375065665188,0.4084507042253521,0.1997600479904019,0.3168899030479607,0.602426742084674,0.1409687532832594,0.2439697180559726,0.5502923546461786,0.0,3.0,0.8624904507257448,0.0014800895482015,0.0794907066016728,0.0231411276728563,0.1258097018694561,0.0158444951524837,
base__dinosaur_outline__s01,base budget -> dinosaur outline (seed 1),base,dinosaur_outline,1,anchor-aware-refiner,ok,0.0374490999965928,0.2319071851820696,0.4084507042253521,0.1338461538461538,1.8322392764005755,0.5790514285861692,0.1159535925910348,0.1466132549726502,0.5578690793581658,0.0,14.0,0.914175506268081,0.0025507137911123,0.2222816638032289,0.3518108072619124,0.3903729320294253,,
base__dinosaur_outline__s01,base budget -> dinosaur outline (seed 1),base,dinosaur_outline,1,blind-sa,ok,0.608493699983228,0.2883627316504481,0.4084507042253521,0.1977501480165778,0.3239566786111348,0.6154095288089794,0.144181365825224,0.24548255180274,0.5612811871600989,0.0,3.0,0.8733031674208145,0.0015218766685043,0.0356446573246166,0.0373145583593612,0.062020899074175,0.0172631475987417,0.8583333333333333
base__dinosaur_outline__s01,base budget -> dinosaur outline (seed 1),base,dinosaur_outline,1,projected-gradient-blind,ok,0.1071558999828994,0.2883627316504481,0.4084507042253521,0.1977501480165778,0.3239566786111348,0.6154095288089794,0.144181365825224,0.24548255180274,0.5612811871600989,0.0,3.0,0.8733031674208145,0.0015218766685043,0.0356446573246166,0.0373145583593612,0.062020899074175,0.016197833930675,
base__dinosaur_outline__s01,base budget -> dinosaur outline (seed 1),base,dinosaur_outline,1,evolutionary-blind,ok,0.5651653000095394,0.2883627316504481,0.4084507042253521,0.1977501480165778,0.3239566786111348,0.6154095288089794,0.144181365825224,0.24548255180274,0.5612811871600989,0.0,3.0,0.8733031674208145,0.0015218766685043,0.0356446573246166,0.0373145583593612,0.062020899074175,0.0172631475987417,
base__dinosaur_outline__s01,base budget -> dinosaur outline (seed 1),base,dinosaur_outline,1,best-of-k-restart-blind,ok,0.3041077999805566,0.2883627316504481,0.4084507042253521,0.1977501480165778,0.3239566786111348,0.6154095288089794,0.144181365825224,0.24548255180274,0.5612811871600989,0.0,3.0,0.8733031674208145,0.0015218766685043,0.0356446573246166,0.0373145583593612,0.062020899074175,0.016197833930675,
base__dinosaur_outline__s01,base budget -> dinosaur outline (seed 1),base,dinosaur_outline,1,entropy-transport-blind,ok,0.0740835000178776,0.288362731650448,0.4084507042253521,0.1977501480165778,0.3239566786111348,0.6154095288089791,0.144181365825224,0.2454825518027402,0.5612811871600989,0.0,3.0,0.8733031674208145,0.0015218766685043,0.0356446573246166,0.0373145583593612,0.062020899074175,0.0172631475989873,
base__dinosaur_outline__s01,base budget -> dinosaur outline (seed 1),base,dinosaur_outline,1,langevin-blind,ok,0.2335948999971151,0.2883627316504481,0.4084507042253521,0.1977501480165778,0.3239566786111348,0.6154095288089794,0.144181365825224,0.24548255180274,0.5612811871600989,0.0,3.0,0.8733031674208145,0.0015218766685043,0.0356446573246166,0.0373145583593612,0.062020899074175,0.016197833930675,
base__dinosaur_outline__s02,base budget -> dinosaur outline (seed 2),base,dinosaur_outline,2,anchor-aware-refiner,ok,0.0374033999978564,0.234633953887025,0.3873239436619718,0.1391509433962264,2.0256195578910856,0.5762053673207553,0.1173169769435125,0.1478725149365704,0.5561691208188384,0.0,11.0,0.8934262948207171,0.003735756757701,0.1913274673771408,0.3751661011998217,0.0767785824833011,,
base__dinosaur_outline__s02,base budget -> dinosaur outline (seed 2),base,dinosaur_outline,2,blind-sa,ok,0.4537303999823052,0.2905013839138536,0.3873239436619718,0.1973067915690866,0.3184341741770538,0.6226001855626353,0.1452506919569268,0.2453448377669856,0.5492093619706505,0.0,7.0,0.8742647058823529,0.0011999431120651,0.0312834506883392,0.0195007923400671,0.0582711985487276,0.0167616688875953,0.8416666666666667
base__dinosaur_outline__s02,base budget -> dinosaur outline (seed 2),base,dinosaur_outline,2,projected-gradient-blind,ok,0.082993299991358,0.2905013839138536,0.3873239436619718,0.1973067915690866,0.3184341741770537,0.6226001855626353,0.1452506919569268,0.2453448377669857,0.5492093619706505,0.0,7.0,0.8742647058823529,0.0011999431120651,0.0312834506883392,0.0195007923400671,0.0582711985487276,0.0159217087090592,
base__dinosaur_outline__s02,base budget -> dinosaur outline (seed 2),base,dinosaur_outline,2,evolutionary-blind,ok,0.4956569999922067,0.2905013839138536,0.3873239436619718,0.1973067915690866,0.3184341741770537,0.6226001855626353,0.1452506919569268,0.2453448377669857,0.5492093619706505,0.0,7.0,0.8742647058823529,0.0011999431120651,0.0312834506883392,0.0195007923400671,0.0582711985487276,0.0167616688877091,
base__dinosaur_outline__s02,base budget -> dinosaur outline (seed 2),base,dinosaur_outline,2,best-of-k-restart-blind,ok,0.3646237000066321,0.2905013839138536,0.3873239436619718,0.1973067915690866,0.3184341741770537,0.6226001855626353,0.1452506919569268,0.2453448377669857,0.5492093619706505,0.0,7.0,0.8742647058823529,0.0011999431120651,0.0312834506883392,0.0195007923400671,0.0582711985487276,0.0159217087090592,
base__dinosaur_outline__s02,base budget -> dinosaur outline (seed 2),base,dinosaur_outline,2,entropy-transport-blind,ok,0.0644134000176563,0.2905013839138536,0.3873239436619718,0.1973067915690866,0.3184341741770538,0.6226001855626347,0.1452506919569268,0.2453448377669856,0.5492093619706505,0.0,7.0,0.8742647058823529,0.0011999431120651,0.0312834506883392,0.0195007923400671,0.0582711985487276,0.016761668887627,
base__dinosaur_outline__s02,base budget -> dinosaur outline (seed 2),base,dinosaur_outline,2,langevin-blind,ok,0.27436789998319,0.2905013839138536,0.3873239436619718,0.1973067915690866,0.3184341741770537,0.6226001855626353,0.1452506919569268,0.2453448377669857,0.5492093619706505,0.0,7.0,0.8742647058823529,0.0011999431120651,0.0312834506883392,0.0195007923400671,0.0582711985487276,0.0159217087090592,
base__dinosaur_outline__s03,base budget -> dinosaur outline (seed 3),base,dinosaur_outline,3,anchor-aware-refiner,ok,0.0371072000125423,0.2254757823534904,0.3943661971830985,0.1674242424242424,1.9630558646406573,0.5717553455323615,0.1127378911767452,0.1447524432328885,0.5645885125986729,0.0,11.0,0.8762088974854932,0.0043716634682394,0.1208712727664466,0.3599804681766739,0.1093932229385181,,
base__dinosaur_outline__s03,base budget -> dinosaur outline (seed 3),base,dinosaur_outline,3,blind-sa,ok,0.5907068999949843,0.2847219235477134,0.3943661971830985,0.2094395280235988,0.2769103000410771,0.5717553455323615,0.1423609617738567,0.2396517521397606,0.5349944887874478,0.0,1.0,0.8468401486988848,0.001938281495643,0.0233992844724302,0.0299233084133654,0.0384474670824404,0.0152023120492905,0.9
base__dinosaur_outline__s03,base budget -> dinosaur outline (seed 3),base,dinosaur_outline,3,projected-gradient-blind,ok,0.1377322000043932,0.2847219235477134,0.3943661971830985,0.2094395280235988,0.2769103000410771,0.5717553455323615,0.1423609617738567,0.2396517521397606,0.5349944887874478,0.0,1.0,0.8468401486988848,0.001938281495643,0.0233992844724302,0.0299233084133654,0.0384474670824404,0.0138455150021982,
base__dinosaur_outline__s03,base budget -> dinosaur outline (seed 3),base,dinosaur_outline,3,evolutionary-blind,ok,0.5994057999923825,0.2847219235477134,0.3943661971830985,0.2094395280235988,0.2769103000410771,0.5717553455323615,0.1423609617738567,0.2396517521397606,0.5349944887874478,0.0,1.0,0.8468401486988848,0.001938281495643,0.0233992844724302,0.0299233084133654,0.0384474670824404,0.0152023120492905,
base__dinosaur_outline__s03,base budget -> dinosaur outline (seed 3),base,dinosaur_outline,3,best-of-k-restart-blind,ok,0.3548200000077486,0.2847219235477134,0.3943661971830985,0.2094395280235988,0.2769103000410771,0.5717553455323615,0.1423609617738567,0.2396517521397606,0.5349944887874478,0.0,1.0,0.8468401486988848,0.001938281495643,0.0233992844724302,0.0299233084133654,0.0384474670824404,0.0138455150021982,
base__dinosaur_outline__s03,base budget -> dinosaur outline (seed 3),base,dinosaur_outline,3,entropy-transport-blind,ok,0.0541082000127062,0.2847219235477136,0.3943661971830985,0.2094395280235988,0.2769103000410769,0.5717553455323621,0.1423609617738568,0.2396517521397606,0.5349944887874478,0.0,1.0,0.8468401486988848,0.001938281495643,0.0233992844724302,0.0299233084133654,0.0384474670824404,0.0152023120493769,
base__dinosaur_outline__s03,base budget -> dinosaur outline (seed 3),base,dinosaur_outline,3,langevin-blind,ok,0.2927022999792825,0.2847219235477134,0.3943661971830985,0.2094395280235988,0.2769103000410771,0.5717553455323615,0.1423609617738567,0.2396517521397606,0.5349944887874478,0.0,1.0,0.8468401486988848,0.001938281495643,0.0233992844724302,0.0299233084133654,0.0384474670824404,0.0138455150021982,
base__dinosaur_outline__s04,base budget -> dinosaur outline (seed 4),base,dinosaur_outline,4,anchor-aware-refiner,ok,0.0218529000121634,0.2200796352932915,0.4084507042253521,0.1460076045627376,1.809917874918296,0.5434420191392849,0.1100398176466457,0.1415784377041065,0.540898107755624,0.0,13.0,0.8938656280428432,0.0030470506611762,0.0888663615442755,0.3434637168498206,0.0269580887881644,,
base__dinosaur_outline__s04,base budget -> dinosaur outline (seed 4),base,dinosaur_outline,4,blind-sa,ok,0.3785144999856129,0.2744838021397813,0.4084507042253521,0.1946745562130177,0.3404898166179159,0.5777640275201814,0.1372419010698906,0.2370904089799598,0.5508262230920573,0.0,3.0,0.8645357686453576,0.0019463735344453,0.0695849795441082,0.0316938340160251,0.1126870145227068,0.018386952305166,0.9416666666666668
base__dinosaur_outline__s04,base budget -> dinosaur outline (seed 4),base,dinosaur_outline,4,projected-gradient-blind,ok,0.0933069000020623,0.2744838021397813,0.4084507042253521,0.1946745562130177,0.3404898166179159,0.5777640275201814,0.1372419010698906,0.2370904089799598,0.5508262230920573,0.0,3.0,0.8645357686453576,0.0019463735344453,0.0695849795441082,0.0316938340160251,0.1126870145227068,0.0170244908309761,
base__dinosaur_outline__s04,base budget -> dinosaur outline (seed 4),base,dinosaur_outline,4,evolutionary-blind,ok,0.5579518000013195,0.2744838021397813,0.4084507042253521,0.1946745562130177,0.3404898166179159,0.5777640275201814,0.1372419010698906,0.2370904089799598,0.5508262230920573,0.0,3.0,0.8645357686453576,0.0019463735344453,0.0695849795441082,0.0316938340160251,0.1126870145227068,0.018386952305166,
base__dinosaur_outline__s04,base budget -> dinosaur outline (seed 4),base,dinosaur_outline,4,best-of-k-restart-blind,ok,0.4195416999864392,0.2744838021397813,0.4084507042253521,0.1946745562130177,0.3404898166179159,0.5777640275201814,0.1372419010698906,0.2370904089799598,0.5508262230920573,0.0,3.0,0.8645357686453576,0.0019463735344453,0.0695849795441082,0.0316938340160251,0.1126870145227068,0.0170244908309761,
base__dinosaur_outline__s04,base budget -> dinosaur outline (seed 4),base,dinosaur_outline,4,entropy-transport-blind,ok,0.0952801000094041,0.2744838021397813,0.4084507042253521,0.1946745562130177,0.3404898166179155,0.5777640275201812,0.1372419010698906,0.2370904089799599,0.5508262230920573,0.0,3.0,0.8645357686453576,0.0019463735344453,0.0695849795441082,0.0316938340160251,0.1126870145227068,0.0183869523051496,
base__dinosaur_outline__s04,base budget -> dinosaur outline (seed 4),base,dinosaur_outline,4,langevin-blind,ok,0.2926380999851972,0.2744838021397813,0.4084507042253521,0.1946745562130177,0.3404898166179159,0.5777640275201814,0.1372419010698906,0.2370904089799598,0.5508262230920573,0.0,3.0,0.8645357686453576,0.0019463735344453,0.0695849795441082,0.0316938340160251,0.1126870145227068,0.0170244908309761,
base__dinosaur_outline__s05,base budget -> dinosaur outline (seed 5),base,dinosaur_outline,5,anchor-aware-refiner,ok,0.0426437999994959,0.2227840244994535,0.4295774647887324,0.1419939577039275,2.0634279536492577,0.555062646581706,0.1113920122497267,0.1440137076553397,0.5362898629868696,0.0,13.0,0.8899803536345776,0.0032676145926388,0.0884669011820555,0.3522696927116987,0.0471078448461024,,
base__dinosaur_outline__s05,base budget -> dinosaur outline (seed 5),base,dinosaur_outline,5,blind-sa,ok,0.5314336000010371,0.2794606079039635,0.4295774647887324,0.2080820265379976,0.3118931209435852,0.604886562204664,0.1397303039519817,0.2392271855033699,0.5607837161789907,0.0,4.0,0.8606811145510835,0.0019758037210856,0.0467848010091963,0.0339229051880706,0.0270789358119487,0.0169777186521475,0.9166666666666666
base__dinosaur_outline__s05,base budget -> dinosaur outline (seed 5),base,dinosaur_outline,5,projected-gradient-blind,ok,0.1159375999995973,0.2794606079039635,0.4295774647887324,0.2080820265379976,0.3118931209435852,0.604886562204664,0.1397303039519817,0.2392271855033699,0.5607837161789907,0.0,4.0,0.8606811145510835,0.0019758037210856,0.0467848010091963,0.0339229051880706,0.0270789358119487,0.0155946560472845,
base__dinosaur_outline__s05,base budget -> dinosaur outline (seed 5),base,dinosaur_outline,5,evolutionary-blind,ok,0.5257332000182942,0.2794606079039635,0.4295774647887324,0.2080820265379976,0.3118931209435852,0.604886562204664,0.1397303039519817,0.2392271855033699,0.5607837161789907,0.0,4.0,0.8606811145510835,0.0019758037210856,0.0467848010091963,0.0339229051880706,0.0270789358119487,0.0169777186521475,
base__dinosaur_outline__s05,base budget -> dinosaur outline (seed 5),base,dinosaur_outline,5,best-of-k-restart-blind,ok,0.3286901999963447,0.2794606079039635,0.4295774647887324,0.2080820265379976,0.3118931209435852,0.604886562204664,0.1397303039519817,0.2392271855033699,0.5607837161789907,0.0,4.0,0.8606811145510835,0.0019758037210856,0.0467848010091963,0.0339229051880706,0.0270789358119487,0.0155946560472845,
base__dinosaur_outline__s05,base budget -> dinosaur outline (seed 5),base,dinosaur_outline,5,entropy-transport-blind,ok,0.06423590000486,0.2794606079039636,0.4295774647887324,0.2080820265379976,0.3118931209435852,0.6048865622046651,0.1397303039519818,0.2392271855033698,0.5607837161789907,0.0,4.0,0.8606811145510835,0.0019758037210856,0.0467848010091963,0.0339229051880706,0.0270789358119487,0.0169777186521584,
base__dinosaur_outline__s05,base budget -> dinosaur outline (seed 5),base,dinosaur_outline,5,langevin-blind,ok,0.2668704999960027,0.2794606079039635,0.4295774647887324,0.2080820265379976,0.3118931209435852,0.604886562204664,0.1397303039519817,0.2392271855033699,0.5607837161789907,0.0,4.0,0.8606811145510835,0.0019758037210856,0.0467848010091963,0.0339229051880706,0.0270789358119487,0.0155946560472845,
base__dinosaur_outline__s06,base budget -> dinosaur outline (seed 6),base,dinosaur_outline,6,anchor-aware-refiner,ok,0.0443089999898802,0.2281978267009664,0.3943661971830985,0.1667918858001502,1.821723031726811,0.5769127329194569,0.1140989133504832,0.1445791335778431,0.5684412129333198,0.0,11.0,0.8776091081593927,0.0030361909279477,0.1435908403706438,0.3655775796963595,0.2459760864524629,,
base__dinosaur_outline__s06,base budget -> dinosaur outline (seed 6),base,dinosaur_outline,6,blind-sa,ok,0.3997544000158086,0.2878020688561419,0.3943661971830985,0.2025089605734767,0.3111871606244076,0.6141911697482834,0.1439010344280709,0.2423721717392128,0.5349944887874479,0.0,4.0,0.8628485305199698,0.0014114400648148,0.0347720432329528,0.0372901869789926,0.0266734272373461,0.0165473660768355,0.8416666666666667
base__dinosaur_outline__s06,base budget -> dinosaur outline (seed 6),base,dinosaur_outline,6,projected-gradient-blind,ok,0.0830081999883987,0.2878020688561418,0.3943661971830985,0.2025089605734767,0.3111871606244074,0.6141911697482834,0.1439010344280709,0.2423721717392128,0.5349944887874479,0.0,4.0,0.8628485305199698,0.0014114400648148,0.0347720432329528,0.0372901869789926,0.0266734272373461,0.0155593580314174,
base__dinosaur_outline__s06,base budget -> dinosaur outline (seed 6),base,dinosaur_outline,6,evolutionary-blind,ok,0.4945063999912236,0.2878020688561418,0.3943661971830985,0.2025089605734767,0.3111871606244074,0.6141911697482834,0.1439010344280709,0.2423721717392128,0.5349944887874479,0.0,4.0,0.8628485305199698,0.0014114400648148,0.0347720432329528,0.0372901869789926,0.0266734272373461,0.0165473660769814,
base__dinosaur_outline__s06,base budget -> dinosaur outline (seed 6),base,dinosaur_outline,6,best-of-k-restart-blind,ok,0.2956181000045035,0.2878020688561418,0.3943661971830985,0.2025089605734767,0.3111871606244074,0.6141911697482834,0.1439010344280709,0.2423721717392128,0.5349944887874479,0.0,4.0,0.8628485305199698,0.0014114400648148,0.0347720432329528,0.0372901869789926,0.0266734272373461,0.0155593580314174,
base__dinosaur_outline__s06,base budget -> dinosaur outline (seed 6),base,dinosaur_outline,6,entropy-transport-blind,ok,0.0651446999981999,0.2878020688561418,0.3943661971830985,0.2025089605734767,0.3111871606244075,0.6141911697482826,0.1439010344280709,0.242372171739213,0.5349944887874479,0.0,4.0,0.8628485305199698,0.0014114400648148,0.0347720432329528,0.0372901869789926,0.0266734272373461,0.0165473660769104,
base__dinosaur_outline__s06,base budget -> dinosaur outline (seed 6),base,dinosaur_outline,6,langevin-blind,ok,0.3204370999883394,0.2878020688561418,0.3943661971830985,0.2025089605734767,0.3111871606244074,0.6141911697482834,0.1439010344280709,0.2423721717392128,0.5349944887874479,0.0,4.0,0.8628485305199698,0.0014114400648148,0.0347720432329528,0.0372901869789926,0.0266734272373461,0.0155593580314174,
base__dinosaur_outline__s07,base budget -> dinosaur outline (seed 7),base,dinosaur_outline,7,anchor-aware-refiner,ok,0.0309165000217035,0.2258205391651561,0.4014084507042254,0.1537848605577689,1.9003350666913457,0.565630959364326,0.112910269582578,0.1419501151686611,0.585930608856553,0.0,14.0,0.891170431211499,0.0026227764311274,0.1044562980992897,0.3908109590755072,0.1177255215377806,,
base__dinosaur_outline__s07,base budget -> dinosaur outline (seed 7),base,dinosaur_outline,7,blind-sa,ok,0.513013099989621,0.2833357864563752,0.4014084507042254,0.1879743140688849,0.3766132895211005,0.6208941708790422,0.1416678932281876,0.2445649242916497,0.5387231393191889,0.0,5.0,0.8774474256707759,0.0014662471030193,0.0351626306569814,0.0216581563915669,0.0991282959407899,0.0198570374484159,0.8916666666666667
base__dinosaur_outline__s07,base budget -> dinosaur outline (seed 7),base,dinosaur_outline,7,projected-gradient-blind,ok,0.1098405999946408,0.2833357864563752,0.4014084507042254,0.1879743140688849,0.3766132895211004,0.6208941708790421,0.1416678932281876,0.2445649242916497,0.5387231393191889,0.0,5.0,0.8774474256707759,0.0014662471030193,0.0351626306569814,0.0216581563915669,0.0991282959407899,0.0188306644761845,
base__dinosaur_outline__s07,base budget -> dinosaur outline (seed 7),base,dinosaur_outline,7,evolutionary-blind,ok,0.5998728999984451,0.2833357864563752,0.4014084507042254,0.1879743140688849,0.3766132895211004,0.6208941708790421,0.1416678932281876,0.2445649242916497,0.5387231393191889,0.0,5.0,0.8774474256707759,0.0014662471030193,0.0351626306569814,0.0216581563915669,0.0991282959407899,0.0198570374484241,
base__dinosaur_outline__s07,base budget -> dinosaur outline (seed 7),base,dinosaur_outline,7,best-of-k-restart-blind,ok,0.4096079000155441,0.2833357864563752,0.4014084507042254,0.1879743140688849,0.3766132895211004,0.6208941708790421,0.1416678932281876,0.2445649242916497,0.5387231393191889,0.0,5.0,0.8774474256707759,0.0014662471030193,0.0351626306569814,0.0216581563915669,0.0991282959407899,0.0188306644761845,
base__dinosaur_outline__s07,base budget -> dinosaur outline (seed 7),base,dinosaur_outline,7,entropy-transport-blind,ok,0.0565517999930307,0.2833357864563752,0.4014084507042254,0.1879743140688849,0.3766132895211006,0.6208941708790422,0.1416678932281876,0.2445649242916497,0.5387231393191889,0.0,5.0,0.8774474256707759,0.0014662471030193,0.0351626306569814,0.0216581563915669,0.0991282959407899,0.0198570374484088,
base__dinosaur_outline__s07,base budget -> dinosaur outline (seed 7),base,dinosaur_outline,7,langevin-blind,ok,0.3092270999914035,0.2833357864563752,0.4014084507042254,0.1879743140688849,0.3766132895211004,0.6208941708790421,0.1416678932281876,0.2445649242916497,0.5387231393191889,0.0,5.0,0.8774474256707759,0.0014662471030193,0.0351626306569814,0.0216581563915669,0.0991282959407899,0.0188306644761845,
base__pickaxe_object__s00,base budget -> pickaxe object (seed 0),base,pickaxe_object,0,anchor-aware-refiner,ok,0.0458269999944604,0.371516591482447,0.2887323943661972,0.0762711864406779,1.9722283610467388,0.9788638316733012,0.1857582957412235,0.2834212409414652,0.5636128289529645,0.0,11.0,0.9590062111801242,0.0178246650379509,0.6327338409069692,0.3861135425947778,1.967353834298813,,
base__pickaxe_object__s00,base budget -> pickaxe object (seed 0),base,pickaxe_object,0,blind-sa,ok,0.5735896000114735,0.4382916090750218,0.2887323943661972,0.1245210727969348,0.2301754655096587,0.978863831673302,0.2191458045375109,0.4000786246865196,0.5169754499718094,0.0,9.0,0.9291237113402062,0.0062204676479994,0.0621307707153427,0.0743690128238117,0.0820833973642489,0.0158631006293122,0.925
base__pickaxe_object__s00,base budget -> pickaxe object (seed 0),base,pickaxe_object,0,projected-gradient-blind,ok,0.0831272999930661,0.4382916090750218,0.2887323943661972,0.1245210727969348,0.2301754655096587,0.978863831673302,0.2191458045375109,0.4000786246865196,0.5169754499718094,0.0,9.0,0.9291237113402062,0.0062204676479994,0.0621307707153427,0.0743690128238117,0.0820833973642489,0.0115087732756007,
base__pickaxe_object__s00,base budget -> pickaxe object (seed 0),base,pickaxe_object,0,evolutionary-blind,ok,0.5076095999975223,0.4382916090750218,0.2887323943661972,0.1245210727969348,0.2301754655096587,0.978863831673302,0.2191458045375109,0.4000786246865196,0.5169754499718094,0.0,9.0,0.9291237113402062,0.0062204676479994,0.0621307707153427,0.0743690128238117,0.0820833973642489,0.0158631006293122,
base__pickaxe_object__s00,base budget -> pickaxe object (seed 0),base,pickaxe_object,0,best-of-k-restart-blind,ok,0.3830270999751519,0.4382916090750218,0.2887323943661972,0.1245210727969348,0.2301754655096587,0.978863831673302,0.2191458045375109,0.4000786246865196,0.5169754499718094,0.0,9.0,0.9291237113402062,0.0062204676479994,0.0621307707153427,0.0743690128238117,0.0820833973642489,0.0115087732756007,
base__pickaxe_object__s00,base budget -> pickaxe object (seed 0),base,pickaxe_object,0,entropy-transport-blind,ok,0.0905943999823648,0.4382916090750219,0.2887323943661972,0.1245210727969348,0.2301754655096589,0.9788638316733018,0.2191458045375109,0.4000786246865194,0.5169754499718094,0.0,9.0,0.9291237113402062,0.0062204676479994,0.0621307707153427,0.0743690128238117,0.0820833973642489,0.0158631006292855,
base__pickaxe_object__s00,base budget -> pickaxe object (seed 0),base,pickaxe_object,0,langevin-blind,ok,0.2716729999810923,0.4382916090750218,0.2887323943661972,0.1245210727969348,0.2301754655096587,0.978863831673302,0.2191458045375109,0.4000786246865196,0.5169754499718094,0.0,9.0,0.9291237113402062,0.0062204676479994,0.0621307707153427,0.0743690128238117,0.0820833973642489,0.0115087732756007,
base__pickaxe_object__s01,base budget -> pickaxe object (seed 1),base,pickaxe_object,1,anchor-aware-refiner,ok,0.0433959999936632,0.3714166806125186,0.2746478873239437,0.0856610800744879,1.7413710808820009,1.0455356905880788,0.1857083403062593,0.2806450305767389,0.5581353785443448,0.0,14.0,0.9562575941676792,0.017659380510391,0.1812814791470366,0.3661748689886496,0.1677563707640641,,
base__pickaxe_object__s01,base budget -> pickaxe object (seed 1),base,pickaxe_object,1,blind-sa,ok,0.5477439000096638,0.4364329930387023,0.2746478873239437,0.1347583643122676,0.2329761020887166,1.0455356905880795,0.2182164965193511,0.3755483103670557,0.5230764861215107,0.0,10.0,0.9215189873417722,0.0052176513872442,0.0448781678133154,0.0748210800490344,0.0427893805595767,0.0153011610757969,0.8333333333333334
base__pickaxe_object__s01,base budget -> pickaxe object (seed 1),base,pickaxe_object,1,projected-gradient-blind,ok,0.1577479999978095,0.4364329930387023,0.2746478873239437,0.1347583643122676,0.2329761020887166,1.0455356905880795,0.2182164965193511,0.3755483103670557,0.5230764861215107,0.0,10.0,0.9215189873417722,0.0052176513872442,0.0448781678133154,0.0748210800490344,0.0427893805595767,0.0116488051045949,
base__pickaxe_object__s01,base budget -> pickaxe object (seed 1),base,pickaxe_object,1,evolutionary-blind,ok,0.4816282000101637,0.4364329930387023,0.2746478873239437,0.1347583643122676,0.2329761020887166,1.0455356905880795,0.2182164965193511,0.3755483103670557,0.5230764861215107,0.0,10.0,0.9215189873417722,0.0052176513872442,0.0448781678133154,0.0748210800490344,0.0427893805595767,0.0153011610758168,
base__pickaxe_object__s01,base budget -> pickaxe object (seed 1),base,pickaxe_object,1,best-of-k-restart-blind,ok,0.3165638000064064,0.4364329930387023,0.2746478873239437,0.1347583643122676,0.2329761020887166,1.0455356905880795,0.2182164965193511,0.3755483103670557,0.5230764861215107,0.0,10.0,0.9215189873417722,0.0052176513872442,0.0448781678133154,0.0748210800490344,0.0427893805595767,0.0116488051045949,
base__pickaxe_object__s01,base budget -> pickaxe object (seed 1),base,pickaxe_object,1,entropy-transport-blind,ok,0.0653006999928038,0.4364329930387024,0.2746478873239437,0.1347583643122676,0.2329761020887165,1.0455356905880793,0.2182164965193512,0.3755483103670556,0.5230764861215107,0.0,10.0,0.9215189873417722,0.0052176513872442,0.0448781678133154,0.0748210800490344,0.0427893805595767,0.0153011610756376,
base__pickaxe_object__s01,base budget -> pickaxe object (seed 1),base,pickaxe_object,1,langevin-blind,ok,0.2871019000012893,0.4364329930387023,0.2746478873239437,0.1347583643122676,0.2329761020887166,1.0455356905880795,0.2182164965193511,0.3755483103670557,0.5230764861215107,0.0,10.0,0.9215189873417722,0.0052176513872442,0.0448781678133154,0.0748210800490344,0.0427893805595767,0.0116488051045949,
base__pickaxe_object__s02,base budget -> pickaxe object (seed 2),base,pickaxe_object,2,anchor-aware-refiner,ok,0.0244282000057864,0.3707224194923454,0.2746478873239437,0.0937188434695912,1.9684719836288087,1.0835980503991969,0.1853612097461727,0.2826986954884987,0.5731895262084464,0.0,16.0,0.9332460732984292,0.0163550573444377,0.1652338079805385,0.3907947385969113,0.027825441785326,,
base__pickaxe_object__s02,base budget -> pickaxe object (seed 2),base,pickaxe_object,2,blind-sa,ok,0.4195171999745071,0.4320794667778174,0.2746478873239437,0.1271571298819255,0.2815596216654638,1.083598050399197,0.2160397333889087,0.3729287084130484,0.5283089766347165,0.0,11.0,0.9263420724094882,0.0060858963415909,0.0637102749948888,0.0650882029023327,0.2211239090244823,0.0183381085226593,0.8583333333333333
base__pickaxe_object__s02,base budget -> pickaxe object (seed 2),base,pickaxe_object,2,projected-gradient-blind,ok,0.0842506999906618,0.4320794667778174,0.2746478873239437,0.1271571298819255,0.2815596216654638,1.083598050399197,0.2160397333889087,0.3729287084130484,0.5283089766347165,0.0,11.0,0.9263420724094882,0.0060858963415909,0.0637102749948888,0.0650882029023327,0.2211239090244823,0.0140779810834106,
base__pickaxe_object__s02,base budget -> pickaxe object (seed 2),base,pickaxe_object,2,evolutionary-blind,ok,0.626133400015533,0.4320794667778174,0.2746478873239437,0.1271571298819255,0.2815596216654638,1.083598050399197,0.2160397333889087,0.3729287084130484,0.5283089766347165,0.0,11.0,0.9263420724094882,0.0060858963415909,0.0637102749948888,0.0650882029023327,0.2211239090244823,0.0183381085226593,
base__pickaxe_object__s02,base budget -> pickaxe object (seed 2),base,pickaxe_object,2,best-of-k-restart-blind,ok,0.3863583999918774,0.4320794667778174,0.2746478873239437,0.1271571298819255,0.2815596216654638,1.083598050399197,0.2160397333889087,0.3729287084130484,0.5283089766347165,0.0,11.0,0.9263420724094882,0.0060858963415909,0.0637102749948888,0.0650882029023327,0.2211239090244823,0.0140779810834106,
base__pickaxe_object__s02,base budget -> pickaxe object (seed 2),base,pickaxe_object,2,entropy-transport-blind,ok,0.0614713999966625,0.4320794667778173,0.2746478873239437,0.1271571298819255,0.2815596216654639,1.0835980503991969,0.2160397333889086,0.3729287084130484,0.5283089766347165,0.0,11.0,0.9263420724094882,0.0060858963415909,0.0637102749948888,0.0650882029023327,0.2211239090244823,0.0183381085225359,
base__pickaxe_object__s02,base budget -> pickaxe object (seed 2),base,pickaxe_object,2,langevin-blind,ok,0.2835594000061974,0.4320794667778174,0.2746478873239437,0.1271571298819255,0.2815596216654638,1.083598050399197,0.2160397333889087,0.3729287084130484,0.5283089766347165,0.0,11.0,0.9263420724094882,0.0060858963415909,0.0637102749948888,0.0650882029023327,0.2211239090244823,0.0140779810834106,
base__pickaxe_object__s03,base budget -> pickaxe object (seed 3),base,pickaxe_object,3,anchor-aware-refiner,ok,0.048175900010392,0.3739311249811767,0.2816901408450704,0.0688651794374393,2.000280672959886,0.9777038940086232,0.1869655624905883,0.2836171643915664,0.5474843150567272,0.0,15.0,0.952319587628866,0.0156946472287072,0.6327338409069692,0.3999406217833721,1.967353834298813,,
base__pickaxe_object__s03,base budget -> pickaxe object (seed 3),base,pickaxe_object,3,blind-sa,ok,0.4119831999996677,0.4360170042500741,0.2816901408450704,0.1212121212121212,0.1960158637444428,0.9777038940086232,0.218008502125037,0.3928320418285396,0.5109383197148352,0.0,3.0,0.93,0.0066068372446403,0.0958761884869579,0.0601635429985492,0.0688732365063575,0.014425579258627,0.9
base__pickaxe_object__s03,base budget -> pickaxe object (seed 3),base,pickaxe_object,3,projected-gradient-blind,ok,0.0972868000098969,0.4360170042500741,0.2816901408450704,0.1212121212121212,0.1960158637444426,0.9777038940086236,0.218008502125037,0.3928320418285396,0.5109383197148352,0.0,3.0,0.93,0.0066068372446403,0.0958761884869579,0.0601635429985492,0.0688732365063575,0.009800793187337,
base__pickaxe_object__s03,base budget -> pickaxe object (seed 3),base,pickaxe_object,3,evolutionary-blind,ok,0.4888224999886006,0.4360170042500741,0.2816901408450704,0.1212121212121212,0.1960158637444426,0.9777038940086236,0.218008502125037,0.3928320418285396,0.5109383197148352,0.0,3.0,0.93,0.0066068372446403,0.0958761884869579,0.0601635429985492,0.0688732365063575,0.0144255792586953,
base__pickaxe_object__s03,base budget -> pickaxe object (seed 3),base,pickaxe_object,3,best-of-k-restart-blind,ok,0.3049860000028275,0.4360170042500741,0.2816901408450704,0.1212121212121212,0.1960158637444426,0.9777038940086236,0.218008502125037,0.3928320418285396,0.5109383197148352,0.0,3.0,0.93,0.0066068372446403,0.0958761884869579,0.0601635429985492,0.0688732365063575,0.009800793187337,
base__pickaxe_object__s03,base budget -> pickaxe object (seed 3),base,pickaxe_object,3,entropy-transport-blind,ok,0.0558531999995466,0.4360170042500741,0.2816901408450704,0.1212121212121212,0.1960158637444427,0.9777038940086228,0.218008502125037,0.3928320418285395,0.5109383197148352,0.0,3.0,0.93,0.0066068372446403,0.0958761884869579,0.0601635429985492,0.0688732365063575,0.0144255792586592,
base__pickaxe_object__s03,base budget -> pickaxe object (seed 3),base,pickaxe_object,3,langevin-blind,ok,0.3527670999756083,0.4360170042500741,0.2816901408450704,0.1212121212121212,0.1960158637444426,0.9777038940086236,0.218008502125037,0.3928320418285396,0.5109383197148352,0.0,3.0,0.93,0.0066068372446403,0.0958761884869579,0.0601635429985492,0.0688732365063575,0.009800793187337,
base__pickaxe_object__s04,base budget -> pickaxe object (seed 4),base,pickaxe_object,4,anchor-aware-refiner,ok,0.0211094999976921,0.374148406718624,0.2816901408450704,0.0623255813953488,1.8605190767540687,1.0459865678090747,0.187074203359312,0.2838187000471768,0.5549772056657665,0.0,16.0,0.9533742331288344,0.0155391701920708,0.1754495454465682,0.3910397413400744,0.0908435064207031,,
base__pickaxe_object__s04,base budget -> pickaxe object (seed 4),base,pickaxe_object,4,blind-sa,ok,0.4126230999827385,0.4360343905320454,0.2816901408450704,0.1429872495446266,0.2667187219174011,1.0459865678090747,0.2180171952660227,0.3789862964872301,0.5310691882076264,0.0,10.0,0.9226932668329176,0.0066380287191158,0.1550081078037987,0.0563020405265352,0.5525216438576297,0.0179825561994516,0.9083333333333332
base__pickaxe_object__s04,base budget -> pickaxe object (seed 4),base,pickaxe_object,4,projected-gradient-blind,ok,0.1237675999873317,0.4360343905320454,0.2816901408450704,0.1429872495446266,0.2667187219174011,1.0459865678090747,0.2180171952660227,0.3789862964872301,0.5310691882076264,0.0,10.0,0.9226932668329176,0.0066380287191158,0.1550081078037987,0.0563020405265352,0.5525216438576297,0.013335936095971,
base__pickaxe_object__s04,base budget -> pickaxe object (seed 4),base,pickaxe_object,4,evolutionary-blind,ok,0.4742458999971859,0.4360343905320454,0.2816901408450704,0.1429872495446266,0.2667187219174011,1.0459865678090747,0.2180171952660227,0.3789862964872301,0.5310691882076264,0.0,10.0,0.9226932668329176,0.0066380287191158,0.1550081078037987,0.0563020405265352,0.5525216438576297,0.0179825561994516,
base__pickaxe_object__s04,base budget -> pickaxe object (seed 4),base,pickaxe_object,4,best-of-k-restart-blind,ok,0.328836600005161,0.4360343905320454,0.2816901408450704,0.1429872495446266,0.2667187219174011,1.0459865678090747,0.2180171952660227,0.3789862964872301,0.5310691882076264,0.0,10.0,0.9226932668329176,0.0066380287191158,0.1550081078037987,0.0563020405265352,0.5525216438576297,0.013335936095971,
base__pickaxe_object__s04,base budget -> pickaxe object (seed 4),base,pickaxe_object,4,entropy-transport-blind,ok,0.0600759999942965,0.4360343905320454,0.2816901408450704,0.1429872495446266,0.2667187219174012,1.0459865678090745,0.2180171952660227,0.3789862964872305,0.5310691882076264,0.0,10.0,0.9226932668329176,0.0066380287191158,0.1550081078037987,0.0563020405265352,0.5525216438576297,0.0179825561995078,
base__pickaxe_object__s04,base budget -> pickaxe object (seed 4),base,pickaxe_object,4,langevin-blind,ok,0.259870600013528,0.4360343905320454,0.2816901408450704,0.1429872495446266,0.2667187219174011,1.0459865678090747,0.2180171952660227,0.3789862964872301,0.5310691882076264,0.0,10.0,0.9226932668329176,0.0066380287191158,0.1550081078037987,0.0563020405265352,0.5525216438576297,0.013335936095971,
base__pickaxe_object__s05,base budget -> pickaxe object (seed 5),base,pickaxe_object,5,anchor-aware-refiner,ok,0.018848000006983,0.376130716031427,0.2746478873239437,0.0865842055185537,1.834120413937112,1.0667952958977738,0.1880653580157135,0.2847751492892022,0.5722484522401625,0.0,15.0,0.9464968152866242,0.0162239457182112,0.6327338409069692,0.3790954561340078,1.967353834298813,,
base__pickaxe_object__s05,base budget -> pickaxe object (seed 5),base,pickaxe_object,5,blind-sa,ok,0.4460899999830872,0.4336222428172582,0.2746478873239437,0.1351851851851851,0.2647549572925017,1.066795295897774,0.2168111214086291,0.3748783834118981,0.5417770958337247,0.0,6.0,0.9092055485498108,0.0065565396253755,0.1842075525378029,0.05792189510895,0.572806452622094,0.0178273256025681,0.8583333333333333
base__pickaxe_object__s05,base budget -> pickaxe object (seed 5),base,pickaxe_object,5,projected-gradient-blind,ok,0.0799321999948006,0.4336222428172582,0.2746478873239437,0.1351851851851851,0.2647549572925017,1.066795295897774,0.2168111214086291,0.3748783834118981,0.5417770958337247,0.0,6.0,0.9092055485498108,0.0065565396253755,0.1842075525378029,0.05792189510895,0.572806452622094,0.0132377478647164,
base__pickaxe_object__s05,base budget -> pickaxe object (seed 5),base,pickaxe_object,5,evolutionary-blind,ok,0.5514182000188157,0.4336222428172582,0.2746478873239437,0.1351851851851851,0.2647549572925017,1.066795295897774,0.2168111214086291,0.3748783834118981,0.5417770958337247,0.0,6.0,0.9092055485498108,0.0065565396253755,0.1842075525378029,0.05792189510895,0.572806452622094,0.0178273256025681,
base__pickaxe_object__s05,base budget -> pickaxe object (seed 5),base,pickaxe_object,5,best-of-k-restart-blind,ok,0.3602131999796256,0.4336222428172582,0.2746478873239437,0.1351851851851851,0.2647549572925017,1.066795295897774,0.2168111214086291,0.3748783834118981,0.5417770958337247,0.0,6.0,0.9092055485498108,0.0065565396253755,0.1842075525378029,0.05792189510895,0.572806452622094,0.0132377478647164,
base__pickaxe_object__s05,base budget -> pickaxe object (seed 5),base,pickaxe_object,5,entropy-transport-blind,ok,0.0684051999996882,0.4336222428172581,0.2746478873239437,0.1351851851851851,0.2647549572925019,1.0667952958977744,0.216811121408629,0.3748783834118978,0.5417770958337247,0.0,6.0,0.9092055485498108,0.0065565396253755,0.1842075525378029,0.05792189510895,0.572806452622094,0.0178273256026452,
base__pickaxe_object__s05,base budget -> pickaxe object (seed 5),base,pickaxe_object,5,langevin-blind,ok,0.2619589000241831,0.4336222428172582,0.2746478873239437,0.1351851851851851,0.2647549572925017,1.066795295897774,0.2168111214086291,0.3748783834118981,0.5417770958337247,0.0,6.0,0.9092055485498108,0.0065565396253755,0.1842075525378029,0.05792189510895,0.572806452622094,0.0132377478647164,
base__pickaxe_object__s06,base budget -> pickaxe object (seed 6),base,pickaxe_object,6,anchor-aware-refiner,ok,0.0241726000094786,0.3691829478149419,0.2746478873239437,0.0898661567877629,2.19869178835626,1.0469895124091877,0.1845914739074709,0.2825404242420445,0.5527532704972999,0.0,14.0,0.9336734693877552,0.0156380886179453,0.6327338409069692,0.4266473045752176,1.967353834298813,,
base__pickaxe_object__s06,base budget -> pickaxe object (seed 6),base,pickaxe_object,6,blind-sa,ok,0.4218958000128623,0.4330546412945549,0.2746478873239437,0.1277573529411764,0.2567229643995037,1.0469895124091877,0.2165273206472774,0.3772882508936799,0.5099285808539009,0.0,6.0,0.9210850801479656,0.0070918104105476,0.0691187738646248,0.0563107953860535,0.1512918191269037,0.0178004155075491,0.9
base__pickaxe_object__s06,base budget -> pickaxe object (seed 6),base,pickaxe_object,6,projected-gradient-blind,ok,0.0838674000115133,0.4330546412945549,0.2746478873239437,0.1277573529411764,0.2567229643995037,1.0469895124091877,0.2165273206472774,0.3772882508936799,0.5099285808539009,0.0,6.0,0.9210850801479656,0.0070918104105476,0.0691187738646248,0.0563107953860535,0.1512918191269037,0.0128361482200716,
base__pickaxe_object__s06,base budget -> pickaxe object (seed 6),base,pickaxe_object,6,evolutionary-blind,ok,0.4756876000028569,0.4330546412945549,0.2746478873239437,0.1277573529411764,0.2567229643995037,1.0469895124091877,0.2165273206472774,0.3772882508936799,0.5099285808539009,0.0,6.0,0.9210850801479656,0.0070918104105476,0.0691187738646248,0.0563107953860535,0.1512918191269037,0.0178004155075491,
base__pickaxe_object__s06,base budget -> pickaxe object (seed 6),base,pickaxe_object,6,best-of-k-restart-blind,ok,0.2991276999819092,0.4330546412945549,0.2746478873239437,0.1277573529411764,0.2567229643995037,1.0469895124091877,0.2165273206472774,0.3772882508936799,0.5099285808539009,0.0,6.0,0.9210850801479656,0.0070918104105476,0.0691187738646248,0.0563107953860535,0.1512918191269037,0.0128361482200716,
base__pickaxe_object__s06,base budget -> pickaxe object (seed 6),base,pickaxe_object,6,entropy-transport-blind,ok,0.0563231999985873,0.4330546412945548,0.2746478873239437,0.1277573529411764,0.2567229643995036,1.0469895124091884,0.2165273206472774,0.3772882508936802,0.5099285808539009,0.0,6.0,0.9210850801479656,0.0070918104105476,0.0691187738646248,0.0563107953860535,0.1512918191269037,0.0178004155077368,
base__pickaxe_object__s06,base budget -> pickaxe object (seed 6),base,pickaxe_object,6,langevin-blind,ok,0.2827010000182781,0.4330546412945549,0.2746478873239437,0.1277573529411764,0.2567229643995037,1.0469895124091877,0.2165273206472774,0.3772882508936799,0.5099285808539009,0.0,6.0,0.9210850801479656,0.0070918104105476,0.0691187738646248,0.0563107953860535,0.1512918191269037,0.0128361482200716,
base__pickaxe_object__s07,base budget -> pickaxe object (seed 7),base,pickaxe_object,7,anchor-aware-refiner,ok,0.0288988000247627,0.3727994902702522,0.2676056338028169,0.0718336483931947,1.8530657962136488,1.048779317681295,0.1863997451351261,0.2823811432302299,0.5290703358041725,0.0,16.0,0.9482120838471024,0.0154302602829837,0.1711986494208636,0.392867404770239,0.0798006342502097,,
base__pickaxe_object__s07,base budget -> pickaxe object (seed 7),base,pickaxe_object,7,blind-sa,ok,0.4329337000090163,0.4400655322181478,0.2676056338028169,0.1374321880650994,0.2692653442176492,1.0487793176812952,0.2200327661090739,0.3860350869084969,0.497994000552679,0.0,8.0,0.9245982694684796,0.0069804876053135,0.034373567910498,0.0668550622109891,0.2559150418361602,0.0183496085348204,0.8583333333333333
base__pickaxe_object__s07,base budget -> pickaxe object (seed 7),base,pickaxe_object,7,projected-gradient-blind,ok,0.0814485999871976,0.4400655322181478,0.2676056338028169,0.1374321880650994,0.2692653442176492,1.0487793176812952,0.2200327661090739,0.3860350869084969,0.497994000552679,0.0,8.0,0.9245982694684796,0.0069804876053135,0.034373567910498,0.0668550622109891,0.2559150418361602,0.0134632672109926,
base__pickaxe_object__s07,base budget -> pickaxe object (seed 7),base,pickaxe_object,7,evolutionary-blind,ok,0.5551184000214562,0.4400655322181478,0.2676056338028169,0.1374321880650994,0.2692653442176492,1.0487793176812952,0.2200327661090739,0.3860350869084969,0.497994000552679,0.0,8.0,0.9245982694684796,0.0069804876053135,0.034373567910498,0.0668550622109891,0.2559150418361602,0.0183496085348204,
base__pickaxe_object__s07,base budget -> pickaxe object (seed 7),base,pickaxe_object,7,best-of-k-restart-blind,ok,0.3865144000155851,0.4400655322181478,0.2676056338028169,0.1374321880650994,0.2692653442176492,1.0487793176812952,0.2200327661090739,0.3860350869084969,0.497994000552679,0.0,8.0,0.9245982694684796,0.0069804876053135,0.034373567910498,0.0668550622109891,0.2559150418361602,0.0134632672109926,
base__pickaxe_object__s07,base budget -> pickaxe object (seed 7),base,pickaxe_object,7,entropy-transport-blind,ok,0.0550491999892983,0.4400655322181478,0.2676056338028169,0.1374321880650994,0.269265344217649,1.0487793176812952,0.2200327661090739,0.3860350869084968,0.497994000552679,0.0,8.0,0.9245982694684796,0.0069804876053135,0.034373567910498,0.0668550622109891,0.2559150418361602,0.018349608534831,
base__pickaxe_object__s07,base budget -> pickaxe object (seed 7),base,pickaxe_object,7,langevin-blind,ok,0.2589034000120591,0.4400655322181478,0.2676056338028169,0.1374321880650994,0.2692653442176492,1.0487793176812952,0.2200327661090739,0.3860350869084969,0.497994000552679,0.0,8.0,0.9245982694684796,0.0069804876053135,0.034373567910498,0.0668550622109891,0.2559150418361602,0.0134632672109926,
base__rope_knot__s00,base budget -> rope knot (seed 0),base,rope_knot,0,anchor-aware-refiner,ok,0.0424866999965161,0.3306711090637136,0.2183098591549295,0.0220095693779904,1.4625873943011698,0.6677336823285128,0.1653355545318568,0.2353874528721751,0.6018284732331736,0.0,16.0,0.9796178343949044,0.0346286274728245,0.6327338409069692,0.4019863785200626,1.967353834298813,,
base__rope_knot__s00,base budget -> rope knot (seed 0),base,rope_knot,0,blind-sa,ok,0.5444703999964986,0.3564087920358425,0.2183098591549295,0.019774011299435,0.3931908836421348,0.6677336823285128,0.1782043960179212,0.2922124529763971,0.6035144251769056,0.0,16.0,0.98375,0.0322888496962982,0.1687953080889747,0.3279784844217052,0.295938950028529,0.0422617389698461,0.9166666666666666
base__rope_knot__s00,base budget -> rope knot (seed 0),base,rope_knot,0,projected-gradient-blind,ok,0.0989946000045165,0.3564087920358425,0.2183098591549295,0.019774011299435,0.3931908836421348,0.6677336823285128,0.1782043960179212,0.2922124529763971,0.6035144251769056,0.0,16.0,0.98375,0.0322888496962982,0.1687953080889747,0.3279784844217052,0.295938950028529,0.0196595441822739,
base__rope_knot__s00,base budget -> rope knot (seed 0),base,rope_knot,0,evolutionary-blind,ok,0.5121199999994133,0.3564087920358425,0.2183098591549295,0.019774011299435,0.3931908836421348,0.6677336823285128,0.1782043960179212,0.2922124529763971,0.6035144251769056,0.0,16.0,0.98375,0.0322888496962982,0.1687953080889747,0.3279784844217052,0.295938950028529,0.0422617389698461,
base__rope_knot__s00,base budget -> rope knot (seed 0),base,rope_knot,0,best-of-k-restart-blind,ok,0.2870465000160038,0.3564087920358425,0.2183098591549295,0.019774011299435,0.3931908836421348,0.6677336823285128,0.1782043960179212,0.2922124529763971,0.6035144251769056,0.0,16.0,0.98375,0.0322888496962982,0.1687953080889747,0.3279784844217052,0.295938950028529,0.0196595441822739,
base__rope_knot__s00,base budget -> rope knot (seed 0),base,rope_knot,0,entropy-transport-blind,ok,0.0536150000116322,0.3564087920358427,0.2183098591549295,0.019774011299435,0.3931908836421347,0.6677336823285125,0.1782043960179213,0.292212452976397,0.6035144251769056,0.0,16.0,0.98375,0.0322888496962982,0.1687953080889747,0.3279784844217052,0.295938950028529,0.0422617389698338,
base__rope_knot__s00,base budget -> rope knot (seed 0),base,rope_knot,0,langevin-blind,ok,0.2640569000213872,0.3564087920358425,0.2183098591549295,0.019774011299435,0.3931908836421348,0.6677336823285128,0.1782043960179212,0.2922124529763971,0.6035144251769056,0.0,16.0,0.98375,0.0322888496962982,0.1687953080889747,0.3279784844217052,0.295938950028529,0.0196595441822739,
base__rope_knot__s01,base budget -> rope knot (seed 1),base,rope_knot,1,anchor-aware-refiner,ok,0.0212413999834097,0.3438386468835873,0.1901408450704225,0.0216572504708097,1.3732317859057457,0.718065225268312,0.1719193234417936,0.2476447808184015,0.6165639143469207,0.0,16.0,0.9777503090234858,0.0307364167065376,0.6318195786113403,0.3968364008522951,1.948792210790839,,
base__rope_knot__s01,base budget -> rope knot (seed 1),base,rope_knot,1,blind-sa,ok,0.4236763000080827,0.3604595928506349,0.1901408450704225,0.0252572497661365,0.5769900128283008,0.7180652252683123,0.1802297964253174,0.3216142109034913,0.6238269235251765,0.0,16.0,0.9742962056303548,0.0423836275526286,0.2012993938431353,0.3410453252043524,0.0876623405981935,0.0585180399285427,0.875
base__rope_knot__s01,base budget -> rope knot (seed 1),base,rope_knot,1,projected-gradient-blind,ok,0.078099900012603,0.3604595928506349,0.1901408450704225,0.0252572497661365,0.5769900128283002,0.7180652252683123,0.1802297964253174,0.3216142109034913,0.6238269235251765,0.0,16.0,0.9742962056303548,0.0423836275526286,0.2012993938431353,0.3410453252043524,0.0876623405981935,0.0288495006415999,
base__rope_knot__s01,base budget -> rope knot (seed 1),base,rope_knot,1,evolutionary-blind,ok,0.513092199980747,0.3604595928506349,0.1901408450704225,0.0252572497661365,0.5769900128283002,0.7180652252683123,0.1802297964253174,0.3216142109034913,0.6238269235251765,0.0,16.0,0.9742962056303548,0.0423836275526286,0.2012993938431353,0.3410453252043524,0.0876623405981935,0.0585180399286176,
base__rope_knot__s01,base budget -> rope knot (seed 1),base,rope_knot,1,best-of-k-restart-blind,ok,0.3269050999952014,0.3604595928506349,0.1901408450704225,0.0252572497661365,0.5769900128283002,0.7180652252683123,0.1802297964253174,0.3216142109034913,0.6238269235251765,0.0,16.0,0.9742962056303548,0.0423836275526286,0.2012993938431353,0.3410453252043524,0.0876623405981935,0.0288495006415999,
base__rope_knot__s01,base budget -> rope knot (seed 1),base,rope_knot,1,entropy-transport-blind,ok,0.063885699986713,0.3604595928506349,0.1901408450704225,0.0252572497661365,0.5769900128282999,0.7180652252683114,0.1802297964253174,0.3216142109034915,0.6238269235251765,0.0,16.0,0.9742962056303548,0.0423836275526286,0.2012993938431353,0.3410453252043524,0.0876623405981935,0.0585180399284024,
base__rope_knot__s01,base budget -> rope knot (seed 1),base,rope_knot,1,langevin-blind,ok,0.2804961000219919,0.3604595928506349,0.1901408450704225,0.0252572497661365,0.5769900128283002,0.7180652252683123,0.1802297964253174,0.3216142109034913,0.6238269235251765,0.0,16.0,0.9742962056303548,0.0423836275526286,0.2012993938431353,0.3410453252043524,0.0876623405981935,0.0288495006415999,
base__rope_knot__s02,base budget -> rope knot (seed 2),base,rope_knot,2,anchor-aware-refiner,ok,0.0225756000145338,0.3357789810884998,0.2464788732394366,0.0208926875593542,1.4455275652185695,0.7023682234593552,0.1678894905442499,0.2464990918370906,0.6237787606877361,0.0,16.0,0.9800498753117208,0.0394356226048838,0.6302242324417027,0.4018038484377636,1.9138813209698773,,
base__rope_knot__s02,base budget -> rope knot (seed 2),base,rope_knot,2,blind-sa,ok,0.3969130999757908,0.3595098903737088,0.2464788732394366,0.0223463687150838,0.5937962906656438,0.7023682234593552,0.1797549451868544,0.3284661735958858,0.6181054218951176,0.0,16.0,0.9789864029666254,0.0517879428261124,0.1666778444084783,0.3306084690912763,0.0262231571762487,0.0659413745117766,0.8416666666666667
base__rope_knot__s02,base budget -> rope knot (seed 2),base,rope_knot,2,projected-gradient-blind,ok,0.0900750000146217,0.3595098903737089,0.2464788732394366,0.0223463687150838,0.5937962906656439,0.7023682234593552,0.1797549451868544,0.3284661735958858,0.6181054218951176,0.0,16.0,0.9789864029666254,0.0517879428261124,0.1666778444084783,0.3306084690912763,0.0262231571762487,0.029689814533448,
base__rope_knot__s02,base budget -> rope knot (seed 2),base,rope_knot,2,evolutionary-blind,ok,0.5334689999872353,0.3595098903737089,0.2464788732394366,0.0223463687150838,0.5937962906656439,0.7023682234593552,0.1797549451868544,0.3284661735958858,0.6181054218951176,0.0,16.0,0.9789864029666254,0.0517879428261124,0.1666778444084783,0.3306084690912763,0.0262231571762487,0.0659413745118901,
base__rope_knot__s02,base budget -> rope knot (seed 2),base,rope_knot,2,best-of-k-restart-blind,ok,0.3121082999859936,0.3595098903737089,0.2464788732394366,0.0223463687150838,0.5937962906656439,0.7023682234593552,0.1797549451868544,0.3284661735958858,0.6181054218951176,0.0,16.0,0.9789864029666254,0.0517879428261124,0.1666778444084783,0.3306084690912763,0.0262231571762487,0.029689814533448,
base__rope_knot__s02,base budget -> rope knot (seed 2),base,rope_knot,2,entropy-transport-blind,ok,0.0595683999999892,0.3595098903737088,0.2464788732394366,0.0223463687150838,0.5937962906656439,0.7023682234593552,0.1797549451868544,0.328466173595886,0.6181054218951176,0.0,16.0,0.9789864029666254,0.0517879428261124,0.1666778444084783,0.3306084690912763,0.0262231571762487,0.0659413745118338,
base__rope_knot__s02,base budget -> rope knot (seed 2),base,rope_knot,2,langevin-blind,ok,0.3061330999771599,0.3595098903737089,0.2464788732394366,0.0223463687150838,0.5937962906656439,0.7023682234593552,0.1797549451868544,0.3284661735958858,0.6181054218951176,0.0,16.0,0.9789864029666254,0.0517879428261124,0.1666778444084783,0.3306084690912763,0.0262231571762487,0.029689814533448,
base__rope_knot__s03,base budget -> rope knot (seed 3),base,rope_knot,3,anchor-aware-refiner,ok,0.0195941000129096,0.3364247496852497,0.2394366197183098,0.0219465648854961,1.470648777960983,0.682537458141392,0.1682123748426248,0.2463574972876822,0.617048257371285,0.0,16.0,0.9799749687108886,0.0378613671966252,0.6302242324417027,0.4130789779686734,1.9138813209698773,,
base__rope_knot__s03,base budget -> rope knot (seed 3),base,rope_knot,3,blind-sa,ok,0.4804393000085838,0.3556749786000672,0.2394366197183098,0.0226415094339622,0.5831414748397044,0.6825374581413923,0.1778374893000336,0.3249923289591846,0.6245656909820074,0.0,16.0,0.9775561097256856,0.0514119259006867,0.196421281552744,0.3578029436809611,0.0452868923206697,0.065145421872644,0.95
base__rope_knot__s03,base budget -> rope knot (seed 3),base,rope_knot,3,projected-gradient-blind,ok,0.088895599998068,0.3556749786000672,0.2394366197183098,0.0226415094339622,0.5831414748397044,0.6825374581413923,0.1778374893000336,0.3249923289591846,0.6245656909820074,0.0,16.0,0.9775561097256856,0.0514119259006867,0.196421281552744,0.3578029436809611,0.0452868923206697,0.0291570737420762,
base__rope_knot__s03,base budget -> rope knot (seed 3),base,rope_knot,3,evolutionary-blind,ok,0.5530377000104636,0.3556749786000672,0.2394366197183098,0.0226415094339622,0.5831414748397044,0.6825374581413923,0.1778374893000336,0.3249923289591846,0.6245656909820074,0.0,16.0,0.9775561097256856,0.0514119259006867,0.196421281552744,0.3578029436809611,0.0452868923206697,0.065145421872644,
base__rope_knot__s03,base budget -> rope knot (seed 3),base,rope_knot,3,best-of-k-restart-blind,ok,0.310207000002265,0.3556749786000672,0.2394366197183098,0.0226415094339622,0.5831414748397044,0.6825374581413923,0.1778374893000336,0.3249923289591846,0.6245656909820074,0.0,16.0,0.9775561097256856,0.0514119259006867,0.196421281552744,0.3578029436809611,0.0452868923206697,0.0291570737420762,
base__rope_knot__s03,base budget -> rope knot (seed 3),base,rope_knot,3,entropy-transport-blind,ok,0.0656652000034228,0.3556749786000672,0.2394366197183098,0.0226415094339622,0.5831414748397042,0.6825374581413928,0.1778374893000336,0.3249923289591847,0.6245656909820074,0.0,16.0,0.9775561097256856,0.0514119259006867,0.196421281552744,0.3578029436809611,0.0452868923206697,0.0651454218727803,
base__rope_knot__s03,base budget -> rope knot (seed 3),base,rope_knot,3,langevin-blind,ok,0.2894134000234771,0.3556749786000672,0.2394366197183098,0.0226415094339622,0.5831414748397044,0.6825374581413923,0.1778374893000336,0.3249923289591846,0.6245656909820074,0.0,16.0,0.9775561097256856,0.0514119259006867,0.196421281552744,0.3578029436809611,0.0452868923206697,0.0291570737420762,
base__rope_knot__s04,base budget -> rope knot (seed 4),base,rope_knot,4,anchor-aware-refiner,ok,0.0241227000078652,0.3674024486742061,0.2183098591549295,0.0219885277246653,1.3134008957435792,0.708550370710442,0.183701224337103,0.2579472358661708,0.5994418099779226,0.0,16.0,0.9783989834815756,0.0293408880382271,0.6261859001161183,0.3887686658803977,1.809970461522853,,
base__rope_knot__s04,base budget -> rope knot (seed 4),base,rope_knot,4,blind-sa,ok,0.4451517999987118,0.3886579657215184,0.2183098591549295,0.0227488151658767,0.5987938147350137,0.708550370710442,0.1943289828607592,0.3359981413049157,0.6030308472166811,0.0,16.0,0.9786700125470514,0.0428963273175927,0.2447025307179407,0.3413920705302242,0.1369123700454144,0.0599671198592822,0.925
base__rope_knot__s04,base budget -> rope knot (seed 4),base,rope_knot,4,projected-gradient-blind,ok,0.0806347999896388,0.3886579657215184,0.2183098591549295,0.0227488151658767,0.5987938147350137,0.708550370710442,0.1943289828607592,0.3359981413049157,0.6030308472166811,0.0,16.0,0.9786700125470514,0.0428963273175927,0.2447025307179407,0.3413920705302242,0.1369123700454144,0.0299396907368607,
base__rope_knot__s04,base budget -> rope knot (seed 4),base,rope_knot,4,evolutionary-blind,ok,0.4789958000183105,0.3886579657215184,0.2183098591549295,0.0227488151658767,0.5987938147350137,0.708550370710442,0.1943289828607592,0.3359981413049157,0.6030308472166811,0.0,16.0,0.9786700125470514,0.0428963273175927,0.2447025307179407,0.3413920705302242,0.1369123700454144,0.0599671198592822,
base__rope_knot__s04,base budget -> rope knot (seed 4),base,rope_knot,4,best-of-k-restart-blind,ok,0.349977999983821,0.3886579657215184,0.2183098591549295,0.0227488151658767,0.5987938147350137,0.708550370710442,0.1943289828607592,0.3359981413049157,0.6030308472166811,0.0,16.0,0.9786700125470514,0.0428963273175927,0.2447025307179407,0.3413920705302242,0.1369123700454144,0.0299396907368607,
base__rope_knot__s04,base budget -> rope knot (seed 4),base,rope_knot,4,entropy-transport-blind,ok,0.0923479000048246,0.3886579657215185,0.2183098591549295,0.0227488151658767,0.5987938147350134,0.708550370710443,0.1943289828607592,0.3359981413049155,0.6030308472166811,0.0,16.0,0.9786700125470514,0.0428963273175927,0.2447025307179407,0.3413920705302242,0.1369123700454144,0.0599671198591716,
base__rope_knot__s04,base budget -> rope knot (seed 4),base,rope_knot,4,langevin-blind,ok,0.2722732000111136,0.3886579657215184,0.2183098591549295,0.0227488151658767,0.5987938147350137,0.708550370710442,0.1943289828607592,0.3359981413049157,0.6030308472166811,0.0,16.0,0.9786700125470514,0.0428963273175927,0.2447025307179407,0.3413920705302242,0.1369123700454144,0.0299396907368607,
base__rope_knot__s05,base budget -> rope knot (seed 5),base,rope_knot,5,anchor-aware-refiner,ok,0.0210805000097025,0.3694881119187937,0.2183098591549295,0.0190657769304099,1.4728689361590028,0.7066010755778946,0.1847440559593968,0.2578018084482457,0.5975367084835519,0.0,16.0,0.981012658227848,0.0306159676196446,0.6261859001161183,0.3936068949486857,1.809970461522853,,
base__rope_knot__s05,base budget -> rope knot (seed 5),base,rope_knot,5,blind-sa,ok,0.3753040000156034,0.3874723370271946,0.2183098591549295,0.0246913580246913,0.58247320199943,0.7066010755778951,0.1937361685135973,0.3338162987927128,0.6095101018927025,0.0,16.0,0.9761904761904762,0.0426964281392081,0.2484178008918028,0.3454922616174092,0.1412998610459932,0.0590111597976644,0.9166666666666666
base__rope_knot__s05,base budget -> rope knot (seed 5),base,rope_knot,5,projected-gradient-blind,ok,0.0993353999801911,0.3874723370271946,0.2183098591549295,0.0246913580246913,0.5824732019994301,0.7066010755778946,0.1937361685135973,0.3338162987927127,0.6095101018927025,0.0,16.0,0.9761904761904762,0.0426964281392081,0.2484178008918028,0.3454922616174092,0.1412998610459932,0.0291236601001865,
base__rope_knot__s05,base budget -> rope knot (seed 5),base,rope_knot,5,evolutionary-blind,ok,0.5643412999925204,0.3874723370271946,0.2183098591549295,0.0246913580246913,0.5824732019994301,0.7066010755778946,0.1937361685135973,0.3338162987927127,0.6095101018927025,0.0,16.0,0.9761904761904762,0.0426964281392081,0.2484178008918028,0.3454922616174092,0.1412998610459932,0.0590111597978454,
base__rope_knot__s05,base budget -> rope knot (seed 5),base,rope_knot,5,best-of-k-restart-blind,ok,0.3134984000062104,0.3874723370271946,0.2183098591549295,0.0246913580246913,0.5824732019994301,0.7066010755778946,0.1937361685135973,0.3338162987927127,0.6095101018927025,0.0,16.0,0.9761904761904762,0.0426964281392081,0.2484178008918028,0.3454922616174092,0.1412998610459932,0.0291236601001865,
base__rope_knot__s05,base budget -> rope knot (seed 5),base,rope_knot,5,entropy-transport-blind,ok,0.0625165000092238,0.3874723370271947,0.2183098591549295,0.0246913580246913,0.5824732019994309,0.7066010755778955,0.1937361685135973,0.3338162987927128,0.6095101018927025,0.0,16.0,0.9761904761904762,0.0426964281392081,0.2484178008918028,0.3454922616174092,0.1412998610459932,0.0590111597979703,
base__rope_knot__s05,base budget -> rope knot (seed 5),base,rope_knot,5,langevin-blind,ok,0.2823291000095196,0.3874723370271946,0.2183098591549295,0.0246913580246913,0.5824732019994301,0.7066010755778946,0.1937361685135973,0.3338162987927127,0.6095101018927025,0.0,16.0,0.9761904761904762,0.0426964281392081,0.2484178008918028,0.3454922616174092,0.1412998610459932,0.0291236601001865,
base__rope_knot__s06,base budget -> rope knot (seed 6),base,rope_knot,6,anchor-aware-refiner,ok,0.0326523000258021,0.3461375144823877,0.2253521126760563,0.0228789323164918,1.5442659390565974,0.7154821873999662,0.1730687572411938,0.2476573112730525,0.6072505906552511,0.0,16.0,0.9786967418546366,0.0342809149712779,0.6309872926997352,0.4071464198009922,1.930989341979813,,
base__rope_knot__s06,base budget -> rope knot (seed 6),base,rope_knot,6,blind-sa,ok,0.5507241000013892,0.3662392066882226,0.2253521126760563,0.0187441424554826,0.5229362696443405,0.7154821873999662,0.1831196033441113,0.3228476703869018,0.6181054218951174,0.0,16.0,0.9814814814814816,0.0473262238481266,0.2129881408777294,0.3294571755523723,0.1524954829203912,0.0592751701761749,0.925
base__rope_knot__s06,base budget -> rope knot (seed 6),base,rope_knot,6,projected-gradient-blind,ok,0.1290818999987095,0.3662392066882226,0.2253521126760563,0.0187441424554826,0.5229362696443405,0.7154821873999662,0.1831196033441113,0.3228476703869018,0.6181054218951174,0.0,16.0,0.9814814814814816,0.0473262238481266,0.2129881408777294,0.3294571755523723,0.1524954829203912,0.0261468134823743,
base__rope_knot__s06,base budget -> rope knot (seed 6),base,rope_knot,6,evolutionary-blind,ok,0.5207669999799691,0.3662392066882226,0.2253521126760563,0.0187441424554826,0.5229362696443405,0.7154821873999662,0.1831196033441113,0.3228476703869018,0.6181054218951174,0.0,16.0,0.9814814814814816,0.0473262238481266,0.2129881408777294,0.3294571755523723,0.1524954829203912,0.059275170176214,
base__rope_knot__s06,base budget -> rope knot (seed 6),base,rope_knot,6,best-of-k-restart-blind,ok,0.3907793000107631,0.3662392066882226,0.2253521126760563,0.0187441424554826,0.5229362696443405,0.7154821873999662,0.1831196033441113,0.3228476703869018,0.6181054218951174,0.0,16.0,0.9814814814814816,0.0473262238481266,0.2129881408777294,0.3294571755523723,0.1524954829203912,0.0261468134823743,
base__rope_knot__s06,base budget -> rope knot (seed 6),base,rope_knot,6,entropy-transport-blind,ok,0.0566560000006575,0.3662392066882225,0.2253521126760563,0.0187441424554826,0.5229362696443407,0.7154821873999657,0.1831196033441112,0.3228476703869017,0.6181054218951174,0.0,16.0,0.9814814814814816,0.0473262238481266,0.2129881408777294,0.3294571755523723,0.1524954829203912,0.0592751701762019,
base__rope_knot__s06,base budget -> rope knot (seed 6),base,rope_knot,6,langevin-blind,ok,0.3284754999913275,0.3662392066882226,0.2253521126760563,0.0187441424554826,0.5229362696443405,0.7154821873999662,0.1831196033441113,0.3228476703869018,0.6181054218951174,0.0,16.0,0.9814814814814816,0.0473262238481266,0.2129881408777294,0.3294571755523723,0.1524954829203912,0.0261468134823743,
base__rope_knot__s07,base budget -> rope knot (seed 7),base,rope_knot,7,anchor-aware-refiner,ok,0.023382399987895,0.367790409350145,0.2112676056338028,0.017357762777242,1.5543532249722696,0.6999388040714716,0.1838952046750725,0.2588090538539023,0.6145397906506997,0.0,16.0,0.9835234474017744,0.0394310364602702,0.6257389516965436,0.4087866100552524,1.7970281841538078,,
base__rope_knot__s07,base budget -> rope knot (seed 7),base,rope_knot,7,blind-sa,ok,0.4327289000211749,0.385260033549509,0.2112676056338028,0.0207743153918791,0.5839841465101984,0.6999009201336751,0.1926300167747545,0.3378856002195951,0.6245656909820075,0.0,16.0,0.9814356435643564,0.0499813513085939,0.2112588342407732,0.3363996255290897,0.0901333300805515,0.064186153241663,0.8416666666666667
base__rope_knot__s07,base budget -> rope knot (seed 7),base,rope_knot,7,projected-gradient-blind,ok,0.2027576999971643,0.385260033549509,0.2112676056338028,0.0207743153918791,0.5839841465101988,0.6999009201336751,0.1926300167747545,0.3378856002195952,0.6245656909820075,0.0,16.0,0.9814356435643564,0.0499813513085939,0.2112588342407732,0.3363996255290897,0.0901333300805515,0.0291992073255821,
base__rope_knot__s07,base budget -> rope knot (seed 7),base,rope_knot,7,evolutionary-blind,ok,0.7885157000273466,0.385260033549509,0.2112676056338028,0.0207743153918791,0.5839841465101988,0.6999009201336751,0.1926300167747545,0.3378856002195952,0.6245656909820075,0.0,16.0,0.9814356435643564,0.0499813513085939,0.2112588342407732,0.3363996255290897,0.0901333300805515,0.0641861532416689,
base__rope_knot__s07,base budget -> rope knot (seed 7),base,rope_knot,7,best-of-k-restart-blind,ok,0.4604955999820959,0.385260033549509,0.2112676056338028,0.0207743153918791,0.5839841465101988,0.6999009201336751,0.1926300167747545,0.3378856002195952,0.6245656909820075,0.0,16.0,0.9814356435643564,0.0499813513085939,0.2112588342407732,0.3363996255290897,0.0901333300805515,0.0291992073255821,
base__rope_knot__s07,base budget -> rope knot (seed 7),base,rope_knot,7,entropy-transport-blind,ok,0.0710418999951798,0.3852600335495089,0.2112676056338028,0.0207743153918791,0.5839841465101986,0.6999009201336751,0.1926300167747544,0.3378856002195952,0.6245656909820075,0.0,16.0,0.9814356435643564,0.0499813513085939,0.2112588342407732,0.3363996255290897,0.0901333300805515,0.0641861532417128,
base__rope_knot__s07,base budget -> rope knot (seed 7),base,rope_knot,7,langevin-blind,ok,0.3238558000011835,0.385260033549509,0.2112676056338028,0.0207743153918791,0.5839841465101988,0.6999009201336751,0.1926300167747545,0.3378856002195952,0.6245656909820075,0.0,16.0,0.9814356435643564,0.0499813513085939,0.2112588342407732,0.3363996255290897,0.0901333300805515,0.0291992073255821,
base__sleeping_fox__s00,base budget -> sleeping fox (seed 0),base,sleeping_fox,0,anchor-aware-refiner,ok,0.0322814999963156,0.233591484300789,0.4577464788732394,0.1632316570486397,1.6923683188465064,0.4287105122238122,0.1167957421503945,0.1428824053801586,0.5817858150768398,0.0,13.0,0.8951194184839044,0.0043337893380568,0.1714674244855696,0.3270526785408716,0.2334701763619378,,
base__sleeping_fox__s00,base budget -> sleeping fox (seed 0),base,sleeping_fox,0,blind-sa,ok,0.4480207999877166,0.2609417356613067,0.4577464788732394,0.2212267401791867,0.2682771168802613,0.4287105122238125,0.1304708678306533,0.2010777895206678,0.4851400917712293,0.0,4.0,0.8692170818505338,0.0031920105466752,0.0413307628855317,0.0292389394235353,0.132830787069571,0.0156482632269778,0.8666666666666667
base__sleeping_fox__s00,base budget -> sleeping fox (seed 0),base,sleeping_fox,0,projected-gradient-blind,ok,0.125594600016484,0.2609417356613067,0.4577464788732394,0.2212267401791867,0.2682771168802613,0.4287105122238125,0.1304708678306533,0.2010777895206678,0.4851400917712293,0.0,4.0,0.8692170818505338,0.0031920105466752,0.0413307628855317,0.0292389394235353,0.132830787069571,0.0134138558441612,
base__sleeping_fox__s00,base budget -> sleeping fox (seed 0),base,sleeping_fox,0,evolutionary-blind,ok,0.5633208000217564,0.2609417356613067,0.4577464788732394,0.2212267401791867,0.2682771168802613,0.4287105122238125,0.1304708678306533,0.2010777895206678,0.4851400917712293,0.0,4.0,0.8692170818505338,0.0031920105466752,0.0413307628855317,0.0292389394235353,0.132830787069571,0.0156482632269778,
base__sleeping_fox__s00,base budget -> sleeping fox (seed 0),base,sleeping_fox,0,best-of-k-restart-blind,ok,0.3335365999955684,0.2609417356613067,0.4577464788732394,0.2212267401791867,0.2682771168802613,0.4287105122238125,0.1304708678306533,0.2010777895206678,0.4851400917712293,0.0,4.0,0.8692170818505338,0.0031920105466752,0.0413307628855317,0.0292389394235353,0.132830787069571,0.0134138558441612,
base__sleeping_fox__s00,base budget -> sleeping fox (seed 0),base,sleeping_fox,0,entropy-transport-blind,ok,0.0624843999976292,0.2609417356613068,0.4577464788732394,0.2212267401791867,0.2682771168802612,0.4287105122238119,0.1304708678306534,0.2010777895206679,0.4851400917712293,0.0,4.0,0.8692170818505338,0.0031920105466752,0.0413307628855317,0.0292389394235353,0.132830787069571,0.0156482632268756,
base__sleeping_fox__s00,base budget -> sleeping fox (seed 0),base,sleeping_fox,0,langevin-blind,ok,0.3760292999795638,0.2609417356613067,0.4577464788732394,0.2212267401791867,0.2682771168802613,0.4287105122238125,0.1304708678306533,0.2010777895206678,0.4851400917712293,0.0,4.0,0.8692170818505338,0.0031920105466752,0.0413307628855317,0.0292389394235353,0.132830787069571,0.0134138558441612,
base__sleeping_fox__s01,base budget -> sleeping fox (seed 1),base,sleeping_fox,1,anchor-aware-refiner,ok,0.0532050000037997,0.2344909610764969,0.4084507042253521,0.1806755695208169,1.7869199864495726,0.4187606824521376,0.1172454805382484,0.1404057155167928,0.5446653607631415,0.0,11.0,0.8777555110220441,0.0036563267231602,0.1697718101745959,0.3523033755757815,0.1988534858294186,,
base__sleeping_fox__s01,base budget -> sleeping fox (seed 1),base,sleeping_fox,1,blind-sa,ok,0.4848084000113886,0.2599821620834526,0.4084507042253521,0.2129565816678153,0.2833935164605303,0.4187606824521375,0.1299910810417263,0.2037134494905176,0.4795182786463668,0.0,8.0,0.874113475177305,0.0024528983618913,0.0591610488372842,0.0205085062574399,0.1489321507068841,0.015886704676466,0.8666666666666667
base__sleeping_fox__s01,base budget -> sleeping fox (seed 1),base,sleeping_fox,1,projected-gradient-blind,ok,0.0803375000250525,0.2599821620834526,0.4084507042253521,0.2129565816678153,0.2833935164605302,0.4187606824521378,0.1299910810417263,0.2037134494905176,0.4795182786463668,0.0,8.0,0.874113475177305,0.0024528983618913,0.0591610488372842,0.0205085062574399,0.1489321507068841,0.0141696758231317,
base__sleeping_fox__s01,base budget -> sleeping fox (seed 1),base,sleeping_fox,1,evolutionary-blind,ok,0.5076828000019304,0.2599821620834526,0.4084507042253521,0.2129565816678153,0.2833935164605302,0.4187606824521378,0.1299910810417263,0.2037134494905176,0.4795182786463668,0.0,8.0,0.874113475177305,0.0024528983618913,0.0591610488372842,0.0205085062574399,0.1489321507068841,0.0158867046765587,
base__sleeping_fox__s01,base budget -> sleeping fox (seed 1),base,sleeping_fox,1,best-of-k-restart-blind,ok,0.3963945999857969,0.2599821620834526,0.4084507042253521,0.2129565816678153,0.2833935164605302,0.4187606824521378,0.1299910810417263,0.2037134494905176,0.4795182786463668,0.0,8.0,0.874113475177305,0.0024528983618913,0.0591610488372842,0.0205085062574399,0.1489321507068841,0.0141696758231317,
base__sleeping_fox__s01,base budget -> sleeping fox (seed 1),base,sleeping_fox,1,entropy-transport-blind,ok,0.0607221999962348,0.2599821620834525,0.4084507042253521,0.2129565816678153,0.2833935164605302,0.4187606824521379,0.1299910810417262,0.2037134494905176,0.4795182786463668,0.0,8.0,0.874113475177305,0.0024528983618913,0.0591610488372842,0.0205085062574399,0.1489321507068841,0.0158867046766598,
base__sleeping_fox__s01,base budget -> sleeping fox (seed 1),base,sleeping_fox,1,langevin-blind,ok,0.2645591999753378,0.2599821620834526,0.4084507042253521,0.2129565816678153,0.2833935164605302,0.4187606824521378,0.1299910810417263,0.2037134494905176,0.4795182786463668,0.0,8.0,0.874113475177305,0.0024528983618913,0.0591610488372842,0.0205085062574399,0.1489321507068841,0.0141696758231317,
base__sleeping_fox__s02,base budget -> sleeping fox (seed 2),base,sleeping_fox,2,anchor-aware-refiner,ok,0.0473389000107999,0.2344611192739674,0.4084507042253521,0.1561752988047808,1.7044370579281,0.4134280945043492,0.1172305596369837,0.1405661203077301,0.5512286548956349,0.0,12.0,0.8823529411764706,0.0047418264146196,0.1256837132554797,0.3563188404143326,0.0833931823506066,,
base__sleeping_fox__s02,base budget -> sleeping fox (seed 2),base,sleeping_fox,2,blind-sa,ok,0.5737835000036284,0.2604968514741241,0.4084507042253521,0.2458677685950413,0.301214138962837,0.4134280945043492,0.130248425737062,0.1985444976809718,0.4599244808693262,0.0,5.0,0.8607929515418502,0.0026312154000486,0.0488026991520597,0.0404613618528563,0.1661325189390763,0.016902557728456,0.9
base__sleeping_fox__s02,base budget -> sleeping fox (seed 2),base,sleeping_fox,2,projected-gradient-blind,ok,0.1673590999853331,0.2604968514741241,0.4084507042253521,0.2458677685950413,0.301214138962837,0.4134280945043492,0.130248425737062,0.1985444976809718,0.4599244808693262,0.0,5.0,0.8607929515418502,0.0026312154000486,0.0488026991520597,0.0404613618528563,0.1661325189390763,0.0150607069482834,
base__sleeping_fox__s02,base budget -> sleeping fox (seed 2),base,sleeping_fox,2,evolutionary-blind,ok,0.5993554999877233,0.2604968514741241,0.4084507042253521,0.2458677685950413,0.301214138962837,0.4134280945043492,0.130248425737062,0.1985444976809718,0.4599244808693262,0.0,5.0,0.8607929515418502,0.0026312154000486,0.0488026991520597,0.0404613618528563,0.1661325189390763,0.016902557728456,
base__sleeping_fox__s02,base budget -> sleeping fox (seed 2),base,sleeping_fox,2,best-of-k-restart-blind,ok,0.3282439999748021,0.2604968514741241,0.4084507042253521,0.2458677685950413,0.301214138962837,0.4134280945043492,0.130248425737062,0.1985444976809718,0.4599244808693262,0.0,5.0,0.8607929515418502,0.0026312154000486,0.0488026991520597,0.0404613618528563,0.1661325189390763,0.0150607069482834,
base__sleeping_fox__s02,base budget -> sleeping fox (seed 2),base,sleeping_fox,2,entropy-transport-blind,ok,0.0556719999876804,0.2604968514741239,0.4084507042253521,0.2458677685950413,0.3012141389628371,0.4134280945043498,0.1302484257370619,0.1985444976809718,0.4599244808693262,0.0,5.0,0.8607929515418502,0.0026312154000486,0.0488026991520597,0.0404613618528563,0.1661325189390763,0.016902557728417,
base__sleeping_fox__s02,base budget -> sleeping fox (seed 2),base,sleeping_fox,2,langevin-blind,ok,0.3513655999850016,0.2604968514741241,0.4084507042253521,0.2458677685950413,0.301214138962837,0.4134280945043492,0.130248425737062,0.1985444976809718,0.4599244808693262,0.0,5.0,0.8607929515418502,0.0026312154000486,0.0488026991520597,0.0404613618528563,0.1661325189390763,0.0150607069482834,
base__sleeping_fox__s03,base budget -> sleeping fox (seed 3),base,sleeping_fox,3,anchor-aware-refiner,ok,0.0246601999970152,0.2307256183678094,0.4788732394366197,0.1905882352941176,1.6395338249324989,0.440724887153429,0.1153628091839047,0.1409053845575538,0.5317629879148784,0.0,5.0,0.8875621890547264,0.0042936599803551,0.0985726116958692,0.3084885456953316,0.1158747893980094,,
base__sleeping_fox__s03,base budget -> sleeping fox (seed 3),base,sleeping_fox,3,blind-sa,ok,0.4876206000044476,0.2594398184244655,0.4788732394366197,0.2211858760826116,0.2661901982972849,0.4407248871534283,0.1297199092122327,0.1960653230355418,0.4673961404958896,0.0,5.0,0.8724137931034482,0.0022777508692535,0.0347104323079036,0.0314867071558437,0.0691544185910277,0.0149039355237788,0.9333333333333332
base__sleeping_fox__s03,base budget -> sleeping fox (seed 3),base,sleeping_fox,3,projected-gradient-blind,ok,0.1114765999955125,0.2594398184244655,0.4788732394366197,0.2211858760826116,0.2661901982972849,0.4407248871534283,0.1297199092122327,0.1960653230355418,0.4673961404958896,0.0,5.0,0.8724137931034482,0.0022777508692535,0.0347104323079036,0.0314867071558437,0.0691544185910277,0.0133095099150882,
base__sleeping_fox__s03,base budget -> sleeping fox (seed 3),base,sleeping_fox,3,evolutionary-blind,ok,0.4945043999759946,0.2594398184244655,0.4788732394366197,0.2211858760826116,0.2661901982972849,0.4407248871534283,0.1297199092122327,0.1960653230355418,0.4673961404958896,0.0,5.0,0.8724137931034482,0.0022777508692535,0.0347104323079036,0.0314867071558437,0.0691544185910277,0.0149039355237788,
base__sleeping_fox__s03,base budget -> sleeping fox (seed 3),base,sleeping_fox,3,best-of-k-restart-blind,ok,0.3048463999875821,0.2594398184244655,0.4788732394366197,0.2211858760826116,0.2661901982972849,0.4407248871534283,0.1297199092122327,0.1960653230355418,0.4673961404958896,0.0,5.0,0.8724137931034482,0.0022777508692535,0.0347104323079036,0.0314867071558437,0.0691544185910277,0.0133095099150882,
base__sleeping_fox__s03,base budget -> sleeping fox (seed 3),base,sleeping_fox,3,entropy-transport-blind,ok,0.0603465999884065,0.2594398184244657,0.4788732394366197,0.2211858760826116,0.266190198297285,0.440724887153429,0.1297199092122328,0.1960653230355417,0.4673961404958896,0.0,5.0,0.8724137931034482,0.0022777508692535,0.0347104323079036,0.0314867071558437,0.0691544185910277,0.0149039355235273,
base__sleeping_fox__s03,base budget -> sleeping fox (seed 3),base,sleeping_fox,3,langevin-blind,ok,0.2518616000015754,0.2594398184244655,0.4788732394366197,0.2211858760826116,0.2661901982972849,0.4407248871534283,0.1297199092122327,0.1960653230355418,0.4673961404958896,0.0,5.0,0.8724137931034482,0.0022777508692535,0.0347104323079036,0.0314867071558437,0.0691544185910277,0.0133095099150882,
base__sleeping_fox__s04,base budget -> sleeping fox (seed 4),base,sleeping_fox,4,anchor-aware-refiner,ok,0.024074200016912,0.2317178476591135,0.4647887323943662,0.1393507521773555,1.640815054053616,0.4433036675884979,0.1158589238295567,0.1442741458270501,0.5390986329185666,0.0,14.0,0.9076142131979696,0.0030353161572017,0.2145010495305839,0.34237487725497,0.3446573279362033,,
base__sleeping_fox__s04,base budget -> sleeping fox (seed 4),base,sleeping_fox,4,blind-sa,ok,0.3996718999987934,0.2608066218980881,0.4647887323943662,0.2067773167358229,0.2762311039227079,0.4433036675884983,0.130403310949044,0.1980349504037364,0.4875516980027574,0.0,8.0,0.85650623885918,0.0020307455143283,0.0689410360742471,0.0395759695193285,0.0014929868170305,0.015233077056449,0.9
base__sleeping_fox__s04,base budget -> sleeping fox (seed 4),base,sleeping_fox,4,projected-gradient-blind,ok,0.0949078999983612,0.2608066218980881,0.4647887323943662,0.2067773167358229,0.2762311039227079,0.4433036675884983,0.130403310949044,0.1980349504037364,0.4875516980027574,0.0,8.0,0.85650623885918,0.0020307455143283,0.0689410360742471,0.0395759695193285,0.0014929868170305,0.0138115551962788,
base__sleeping_fox__s04,base budget -> sleeping fox (seed 4),base,sleeping_fox,4,evolutionary-blind,ok,0.5434032999910414,0.2608066218980881,0.4647887323943662,0.2067773167358229,0.2762311039227079,0.4433036675884983,0.130403310949044,0.1980349504037364,0.4875516980027574,0.0,8.0,0.85650623885918,0.0020307455143283,0.0689410360742471,0.0395759695193285,0.0014929868170305,0.015233077056449,
base__sleeping_fox__s04,base budget -> sleeping fox (seed 4),base,sleeping_fox,4,best-of-k-restart-blind,ok,0.3142910999886226,0.2608066218980881,0.4647887323943662,0.2067773167358229,0.2762311039227079,0.4433036675884983,0.130403310949044,0.1980349504037364,0.4875516980027574,0.0,8.0,0.85650623885918,0.0020307455143283,0.0689410360742471,0.0395759695193285,0.0014929868170305,0.0138115551962788,
base__sleeping_fox__s04,base budget -> sleeping fox (seed 4),base,sleeping_fox,4,entropy-transport-blind,ok,0.0632166000141296,0.2608066218980878,0.4647887323943662,0.2067773167358229,0.2762311039227079,0.4433036675884979,0.1304033109490439,0.1980349504037365,0.4875516980027574,0.0,8.0,0.85650623885918,0.0020307455143283,0.0689410360742471,0.0395759695193285,0.0014929868170305,0.0152330770563315,
base__sleeping_fox__s04,base budget -> sleeping fox (seed 4),base,sleeping_fox,4,langevin-blind,ok,0.3426182999974116,0.2608066218980881,0.4647887323943662,0.2067773167358229,0.2762311039227079,0.4433036675884983,0.130403310949044,0.1980349504037364,0.4875516980027574,0.0,8.0,0.85650623885918,0.0020307455143283,0.0689410360742471,0.0395759695193285,0.0014929868170305,0.0138115551962788,
base__sleeping_fox__s05,base budget -> sleeping fox (seed 5),base,sleeping_fox,5,anchor-aware-refiner,ok,0.0278720000060275,0.2344483926991426,0.4436619718309859,0.1936254980079681,1.6311078447560476,0.4252051442387103,0.1172241963495713,0.1426966549487318,0.5811062387131648,0.0,10.0,0.8682328907048008,0.0031817596533681,0.1458650285726239,0.3265289077296376,0.1690804341464549,,
base__sleeping_fox__s05,base budget -> sleeping fox (seed 5),base,sleeping_fox,5,blind-sa,ok,0.40429989999393,0.2605316860455683,0.4436619718309859,0.2002734107997265,0.2695283191751727,0.4252051442387105,0.1302658430227841,0.2012475809359735,0.4738964655215043,0.0,2.0,0.8762243989314337,0.001869841695912,0.0383782772095694,0.0284792760291869,0.1291278833540485,0.0147853051461155,0.8916666666666667
base__sleeping_fox__s05,base budget -> sleeping fox (seed 5),base,sleeping_fox,5,projected-gradient-blind,ok,0.0766494999988935,0.2605316860455682,0.4436619718309859,0.2002734107997265,0.2695283191751729,0.4252051442387101,0.1302658430227841,0.2012475809359735,0.4738964655215043,0.0,2.0,0.8762243989314337,0.001869841695912,0.0383782772095694,0.0284792760291869,0.1291278833540485,0.0134764159588907,
base__sleeping_fox__s05,base budget -> sleeping fox (seed 5),base,sleeping_fox,5,evolutionary-blind,ok,0.5308315999864135,0.2605316860455682,0.4436619718309859,0.2002734107997265,0.2695283191751729,0.4252051442387101,0.1302658430227841,0.2012475809359735,0.4738964655215043,0.0,2.0,0.8762243989314337,0.001869841695912,0.0383782772095694,0.0284792760291869,0.1291278833540485,0.014785305146157,
base__sleeping_fox__s05,base budget -> sleeping fox (seed 5),base,sleeping_fox,5,best-of-k-restart-blind,ok,0.3014283000084106,0.2605316860455682,0.4436619718309859,0.2002734107997265,0.2695283191751729,0.4252051442387101,0.1302658430227841,0.2012475809359735,0.4738964655215043,0.0,2.0,0.8762243989314337,0.001869841695912,0.0383782772095694,0.0284792760291869,0.1291278833540485,0.0134764159588907,
base__sleeping_fox__s05,base budget -> sleeping fox (seed 5),base,sleeping_fox,5,entropy-transport-blind,ok,0.068890199996531,0.2605316860455681,0.4436619718309859,0.2002734107997265,0.2695283191751728,0.4252051442387098,0.130265843022784,0.2012475809359736,0.4738964655215043,0.0,2.0,0.8762243989314337,0.001869841695912,0.0383782772095694,0.0284792760291869,0.1291278833540485,0.0147853051460523,
base__sleeping_fox__s05,base budget -> sleeping fox (seed 5),base,sleeping_fox,5,langevin-blind,ok,0.2636496000050101,0.2605316860455682,0.4436619718309859,0.2002734107997265,0.2695283191751729,0.4252051442387101,0.1302658430227841,0.2012475809359735,0.4738964655215043,0.0,2.0,0.8762243989314337,0.001869841695912,0.0383782772095694,0.0284792760291869,0.1291278833540485,0.0134764159588907,
base__sleeping_fox__s06,base budget -> sleeping fox (seed 6),base,sleeping_fox,6,anchor-aware-refiner,ok,0.0238476000085938,0.2440270441054207,0.352112676056338,0.1501524390243902,1.5480429231023891,0.4343764640741893,0.1220135220527103,0.1450861651373081,0.5046483291321693,0.0,12.0,0.9000951474785919,0.0036005268826469,0.2098157440730009,0.3062673946611526,0.3608404007165395,,
base__sleeping_fox__s06,base budget -> sleeping fox (seed 6),base,sleeping_fox,6,blind-sa,ok,0.5453635999874678,0.2717340037507918,0.352112676056338,0.2333785617367706,0.2737848428298202,0.4343764640741894,0.1358670018753959,0.2046469146903561,0.4606322448150745,0.0,7.0,0.8661417322834646,0.0026602664395321,0.0480489093432683,0.0338091998812183,0.1388839846398921,0.0155514286494219,0.9
base__sleeping_fox__s06,base budget -> sleeping fox (seed 6),base,sleeping_fox,6,projected-gradient-blind,ok,0.1070425999932922,0.2717340037507917,0.352112676056338,0.2333785617367706,0.2737848428298202,0.4343764640741889,0.1358670018753958,0.2046469146903561,0.4606322448150745,0.0,7.0,0.8661417322834646,0.0026602664395321,0.0480489093432683,0.0338091998812183,0.1388839846398921,0.0136892421416313,
base__sleeping_fox__s06,base budget -> sleeping fox (seed 6),base,sleeping_fox,6,evolutionary-blind,ok,0.4654460000165272,0.2717340037507917,0.352112676056338,0.2333785617367706,0.2737848428298202,0.4343764640741889,0.1358670018753958,0.2046469146903561,0.4606322448150745,0.0,7.0,0.8661417322834646,0.0026602664395321,0.0480489093432683,0.0338091998812183,0.1388839846398921,0.0155514286494388,
base__sleeping_fox__s06,base budget -> sleeping fox (seed 6),base,sleeping_fox,6,best-of-k-restart-blind,ok,0.3107276000082493,0.2717340037507917,0.352112676056338,0.2333785617367706,0.2737848428298202,0.4343764640741889,0.1358670018753958,0.2046469146903561,0.4606322448150745,0.0,7.0,0.8661417322834646,0.0026602664395321,0.0480489093432683,0.0338091998812183,0.1388839846398921,0.0136892421416313,
base__sleeping_fox__s06,base budget -> sleeping fox (seed 6),base,sleeping_fox,6,entropy-transport-blind,ok,0.0636646000202745,0.2717340037507915,0.352112676056338,0.2333785617367706,0.2737848428298201,0.4343764640741887,0.1358670018753957,0.2046469146903561,0.4606322448150745,0.0,7.0,0.8661417322834646,0.0026602664395321,0.0480489093432683,0.0338091998812183,0.1388839846398921,0.0155514286494403,
base__sleeping_fox__s06,base budget -> sleeping fox (seed 6),base,sleeping_fox,6,langevin-blind,ok,0.2559547999990172,0.2717340037507917,0.352112676056338,0.2333785617367706,0.2737848428298202,0.4343764640741889,0.1358670018753958,0.2046469146903561,0.4606322448150745,0.0,7.0,0.8661417322834646,0.0026602664395321,0.0480489093432683,0.0338091998812183,0.1388839846398921,0.0136892421416313,
base__sleeping_fox__s07,base budget -> sleeping fox (seed 7),base,sleeping_fox,7,anchor-aware-refiner,ok,0.0269539000000804,0.2193144124925905,0.4577464788732394,0.1710007880220646,1.67230666919,0.4188522625490039,0.1096572062462952,0.1342767171971557,0.5372412699004017,0.0,14.0,0.8825271470878578,0.0030858511843066,0.199155974277382,0.3303840735824275,0.3389957234033345,,
base__sleeping_fox__s07,base budget -> sleeping fox (seed 7),base,sleeping_fox,7,blind-sa,ok,0.4381053999823052,0.2458519319246182,0.4577464788732394,0.2371487320082248,0.3278024606618137,0.4188522625490037,0.1229259659623091,0.1954292749240076,0.4628699608122757,0.0,3.0,0.8399296394019349,0.0035113025720477,0.0589784647268118,0.0370635474668375,0.056012998312179,0.0188480348338192,0.8416666666666667
base__sleeping_fox__s07,base budget -> sleeping fox (seed 7),base,sleeping_fox,7,projected-gradient-blind,ok,0.0830233999877236,0.2458519319246182,0.4577464788732394,0.2371487320082248,0.3278024606618139,0.4188522625490037,0.1229259659623091,0.1954292749240076,0.4628699608122757,0.0,3.0,0.8399296394019349,0.0035113025720477,0.0589784647268118,0.0370635474668375,0.056012998312179,0.0163901230332473,
base__sleeping_fox__s07,base budget -> sleeping fox (seed 7),base,sleeping_fox,7,evolutionary-blind,ok,0.5276215999911074,0.2458519319246182,0.4577464788732394,0.2371487320082248,0.3278024606618139,0.4188522625490037,0.1229259659623091,0.1954292749240076,0.4628699608122757,0.0,3.0,0.8399296394019349,0.0035113025720477,0.0589784647268118,0.0370635474668375,0.056012998312179,0.0188480348338335,
base__sleeping_fox__s07,base budget -> sleeping fox (seed 7),base,sleeping_fox,7,best-of-k-restart-blind,ok,0.3151308999804314,0.2458519319246182,0.4577464788732394,0.2371487320082248,0.3278024606618139,0.4188522625490037,0.1229259659623091,0.1954292749240076,0.4628699608122757,0.0,3.0,0.8399296394019349,0.0035113025720477,0.0589784647268118,0.0370635474668375,0.056012998312179,0.0163901230332473,
base__sleeping_fox__s07,base budget -> sleeping fox (seed 7),base,sleeping_fox,7,entropy-transport-blind,ok,0.0700545000145211,0.2458519319246183,0.4577464788732394,0.2371487320082248,0.327802460661814,0.4188522625490031,0.1229259659623091,0.1954292749240077,0.4628699608122757,0.0,3.0,0.8399296394019349,0.0035113025720477,0.0589784647268118,0.0370635474668375,0.056012998312179,0.0188480348337844,
base__sleeping_fox__s07,base budget -> sleeping fox (seed 7),base,sleeping_fox,7,langevin-blind,ok,0.2756146999890916,0.2458519319246182,0.4577464788732394,0.2371487320082248,0.3278024606618139,0.4188522625490037,0.1229259659623091,0.1954292749240076,0.4628699608122757,0.0,3.0,0.8399296394019349,0.0035113025720477,0.0589784647268118,0.0370635474668375,0.056012998312179,0.0163901230332473,
base__thumb_glyph__s00,base budget -> thumb glyph (seed 0),base,thumb_glyph,0,anchor-aware-refiner,ok,0.0213267999934032,0.2464625717999471,0.3591549295774648,0.0811339198435972,1.9898438948038744,0.5444714602201769,0.1232312858999735,0.1755334741163567,0.5728105121176295,0.0,16.0,0.9427480916030534,0.0067322131122782,0.0834221727456648,0.3951873811760683,0.0402763294358048,,
base__thumb_glyph__s00,base budget -> thumb glyph (seed 0),base,thumb_glyph,0,blind-sa,ok,0.4629290000011679,0.2990559524846897,0.3591549295774648,0.0782761653474054,0.2831623763215775,0.5444714602201769,0.1495279762423448,0.2470352196235413,0.5362826834979331,0.0,2.0,0.942823803967328,0.0088697990090394,0.0652528597589676,0.0863794832930561,0.135269891286156,0.0203669781228354,0.875
base__thumb_glyph__s00,base budget -> thumb glyph (seed 0),base,thumb_glyph,0,projected-gradient-blind,ok,0.1213966999785043,0.2990559524846897,0.3591549295774648,0.0782761653474054,0.2831623763215775,0.5444714602201769,0.1495279762423448,0.2470352196235413,0.5362826834979331,0.0,2.0,0.942823803967328,0.0088697990090394,0.0652528597589676,0.0863794832930561,0.135269891286156,0.0141581188162946,
base__thumb_glyph__s00,base budget -> thumb glyph (seed 0),base,thumb_glyph,0,evolutionary-blind,ok,0.555083499988541,0.2990559524846897,0.3591549295774648,0.0782761653474054,0.2831623763215775,0.5444714602201769,0.1495279762423448,0.2470352196235413,0.5362826834979331,0.0,2.0,0.942823803967328,0.0088697990090394,0.0652528597589676,0.0863794832930561,0.135269891286156,0.0203669781228354,
base__thumb_glyph__s00,base budget -> thumb glyph (seed 0),base,thumb_glyph,0,best-of-k-restart-blind,ok,0.3557014999969397,0.2990559524846897,0.3591549295774648,0.0782761653474054,0.2831623763215775,0.5444714602201769,0.1495279762423448,0.2470352196235413,0.5362826834979331,0.0,2.0,0.942823803967328,0.0088697990090394,0.0652528597589676,0.0863794832930561,0.135269891286156,0.0141581188162946,
base__thumb_glyph__s00,base budget -> thumb glyph (seed 0),base,thumb_glyph,0,entropy-transport-blind,ok,0.0625434999819845,0.2990559524846899,0.3591549295774648,0.0782761653474054,0.2831623763215772,0.5444714602201761,0.1495279762423449,0.2470352196235413,0.5362826834979331,0.0,2.0,0.942823803967328,0.0088697990090394,0.0652528597589676,0.0863794832930561,0.135269891286156,0.0203669781228946,
base__thumb_glyph__s00,base budget -> thumb glyph (seed 0),base,thumb_glyph,0,langevin-blind,ok,0.2693670000007842,0.2990559524846897,0.3591549295774648,0.0782761653474054,0.2831623763215775,0.5444714602201769,0.1495279762423448,0.2470352196235413,0.5362826834979331,0.0,2.0,0.942823803967328,0.0088697990090394,0.0652528597589676,0.0863794832930561,0.135269891286156,0.0141581188162946,
base__thumb_glyph__s01,base budget -> thumb glyph (seed 1),base,thumb_glyph,1,anchor-aware-refiner,ok,0.0289006999810226,0.2565092724380491,0.323943661971831,0.0831739961759082,2.11881163290632,0.5590328155570733,0.1282546362190245,0.178853289215964,0.5673753581709863,0.0,14.0,0.9343246592317224,0.0067648184607265,0.1237361634348252,0.400540724308603,0.0834993696829262,,
base__thumb_glyph__s01,base budget -> thumb glyph (seed 1),base,thumb_glyph,1,blind-sa,ok,0.3677557000191882,0.3071555985374127,0.323943661971831,0.0923344947735191,0.3599204295412086,0.5590328155570736,0.1535777992687063,0.2658031700034952,0.5637532941970765,0.0,1.0,0.9380841121495328,0.0117913591189971,0.0786264727581639,0.0767148978625562,0.1845583061759548,0.0262499728605252,0.9
base__thumb_glyph__s01,base budget -> thumb glyph (seed 1),base,thumb_glyph,1,projected-gradient-blind,ok,0.0883115000033285,0.3071555985374127,0.323943661971831,0.0923344947735191,0.3599204295412086,0.5590328155570736,0.1535777992687063,0.2658031700034952,0.5637532941970765,0.0,1.0,0.9380841121495328,0.0117913591189971,0.0786264727581639,0.0767148978625562,0.1845583061759548,0.0179960214771455,
base__thumb_glyph__s01,base budget -> thumb glyph (seed 1),base,thumb_glyph,1,evolutionary-blind,ok,0.5290049999894109,0.3071555985374127,0.323943661971831,0.0923344947735191,0.3599204295412086,0.5590328155570736,0.1535777992687063,0.2658031700034952,0.5637532941970765,0.0,1.0,0.9380841121495328,0.0117913591189971,0.0786264727581639,0.0767148978625562,0.1845583061759548,0.0262499728605252,
base__thumb_glyph__s01,base budget -> thumb glyph (seed 1),base,thumb_glyph,1,best-of-k-restart-blind,ok,0.3835851999756414,0.3071555985374127,0.323943661971831,0.0923344947735191,0.3599204295412086,0.5590328155570736,0.1535777992687063,0.2658031700034952,0.5637532941970765,0.0,1.0,0.9380841121495328,0.0117913591189971,0.0786264727581639,0.0767148978625562,0.1845583061759548,0.0179960214771455,
base__thumb_glyph__s01,base budget -> thumb glyph (seed 1),base,thumb_glyph,1,entropy-transport-blind,ok,0.1041018999821972,0.3071555985374125,0.323943661971831,0.0923344947735191,0.3599204295412086,0.5590328155570735,0.1535777992687062,0.2658031700034951,0.5637532941970765,0.0,1.0,0.9380841121495328,0.0117913591189971,0.0786264727581639,0.0767148978625562,0.1845583061759548,0.0262499728605188,
base__thumb_glyph__s01,base budget -> thumb glyph (seed 1),base,thumb_glyph,1,langevin-blind,ok,0.3058886000071652,0.3071555985374127,0.323943661971831,0.0923344947735191,0.3599204295412086,0.5590328155570736,0.1535777992687063,0.2658031700034952,0.5637532941970765,0.0,1.0,0.9380841121495328,0.0117913591189971,0.0786264727581639,0.0767148978625562,0.1845583061759548,0.0179960214771455,
base__thumb_glyph__s02,base budget -> thumb glyph (seed 2),base,thumb_glyph,2,anchor-aware-refiner,ok,0.0212238999956753,0.2544659499335828,0.3732394366197183,0.1067193675889328,2.0501476371437084,0.5774209887125584,0.1272329749667914,0.1773494075794315,0.5315792271857787,0.0,11.0,0.9090909090909092,0.0061051737598706,0.2029366895584731,0.3719828507350853,0.2761446896220951,,
base__thumb_glyph__s02,base budget -> thumb glyph (seed 2),base,thumb_glyph,2,blind-sa,ok,0.4597871000005398,0.3048396358140651,0.3732394366197183,0.0920245398773006,0.375073760788124,0.5774209887125585,0.1524198179070325,0.2494841148270811,0.5404707621942837,0.0,4.0,0.9375736160188456,0.0106519800310804,0.1033489563659312,0.0805756338697693,0.1016301135963204,0.0262100740613532,0.9083333333333332
base__thumb_glyph__s02,base budget -> thumb glyph (seed 2),base,thumb_glyph,2,projected-gradient-blind,ok,0.086368099990068,0.3048396358140651,0.3732394366197183,0.0920245398773006,0.375073760788124,0.5774209887125585,0.1524198179070325,0.2494841148270811,0.5404707621942837,0.0,4.0,0.9375736160188456,0.0106519800310804,0.1033489563659312,0.0805756338697693,0.1016301135963204,0.0187536880395028,
base__thumb_glyph__s02,base budget -> thumb glyph (seed 2),base,thumb_glyph,2,evolutionary-blind,ok,0.4867001000093296,0.3048396358140651,0.3732394366197183,0.0920245398773006,0.375073760788124,0.5774209887125585,0.1524198179070325,0.2494841148270811,0.5404707621942837,0.0,4.0,0.9375736160188456,0.0106519800310804,0.1033489563659312,0.0805756338697693,0.1016301135963204,0.0262100740613532,
base__thumb_glyph__s02,base budget -> thumb glyph (seed 2),base,thumb_glyph,2,best-of-k-restart-blind,ok,0.3191130000050179,0.3048396358140651,0.3732394366197183,0.0920245398773006,0.375073760788124,0.5774209887125585,0.1524198179070325,0.2494841148270811,0.5404707621942837,0.0,4.0,0.9375736160188456,0.0106519800310804,0.1033489563659312,0.0805756338697693,0.1016301135963204,0.0187536880395028,
base__thumb_glyph__s02,base budget -> thumb glyph (seed 2),base,thumb_glyph,2,entropy-transport-blind,ok,0.0571526999992784,0.3048396358140649,0.3732394366197183,0.0920245398773006,0.375073760788124,0.5774209887125586,0.1524198179070324,0.2494841148270811,0.5404707621942837,0.0,4.0,0.9375736160188456,0.0106519800310804,0.1033489563659312,0.0805756338697693,0.1016301135963204,0.0262100740613177,
base__thumb_glyph__s02,base budget -> thumb glyph (seed 2),base,thumb_glyph,2,langevin-blind,ok,0.2966550000128336,0.3048396358140651,0.3732394366197183,0.0920245398773006,0.375073760788124,0.5774209887125585,0.1524198179070325,0.2494841148270811,0.5404707621942837,0.0,4.0,0.9375736160188456,0.0106519800310804,0.1033489563659312,0.0805756338697693,0.1016301135963204,0.0187536880395028,
base__thumb_glyph__s03,base budget -> thumb glyph (seed 3),base,thumb_glyph,3,anchor-aware-refiner,ok,0.0274549000023398,0.2579292349273203,0.3661971830985915,0.094541910331384,1.935303661243724,0.5572114452624245,0.1289646174636601,0.1774891139424379,0.5178613171040457,0.0,10.0,0.9343434343434344,0.0061013962061469,0.1755805308918178,0.3819210915482943,0.1234835943771321,,
base__thumb_glyph__s03,base budget -> thumb glyph (seed 3),base,thumb_glyph,3,blind-sa,ok,0.4837512999947648,0.3113765289126811,0.3661971830985915,0.0903508771929824,0.3934124330953291,0.5572114452624245,0.1556882644563405,0.2514151037292602,0.5350609791959247,0.0,8.0,0.9471153846153846,0.010478383047893,0.0480162256605087,0.0771969153911154,0.1164531248989972,0.0270054897885946,0.9416666666666668
base__thumb_glyph__s03,base budget -> thumb glyph (seed 3),base,thumb_glyph,3,projected-gradient-blind,ok,0.098405199998524,0.3113765289126811,0.3661971830985915,0.0903508771929824,0.3934124330953291,0.5572114452624245,0.1556882644563405,0.2514151037292602,0.5350609791959247,0.0,8.0,0.9471153846153846,0.010478383047893,0.0480162256605087,0.0771969153911154,0.1164531248989972,0.0196706216549202,
base__thumb_glyph__s03,base budget -> thumb glyph (seed 3),base,thumb_glyph,3,evolutionary-blind,ok,0.5709377000166569,0.3113765289126811,0.3661971830985915,0.0903508771929824,0.3934124330953291,0.5572114452624245,0.1556882644563405,0.2514151037292602,0.5350609791959247,0.0,8.0,0.9471153846153846,0.010478383047893,0.0480162256605087,0.0771969153911154,0.1164531248989972,0.0270054897885946,
base__thumb_glyph__s03,base budget -> thumb glyph (seed 3),base,thumb_glyph,3,best-of-k-restart-blind,ok,0.3366201000171713,0.3113765289126811,0.3661971830985915,0.0903508771929824,0.3934124330953291,0.5572114452624245,0.1556882644563405,0.2514151037292602,0.5350609791959247,0.0,8.0,0.9471153846153846,0.010478383047893,0.0480162256605087,0.0771969153911154,0.1164531248989972,0.0196706216549202,
base__thumb_glyph__s03,base budget -> thumb glyph (seed 3),base,thumb_glyph,3,entropy-transport-blind,ok,0.0745342999871354,0.3113765289126812,0.3661971830985915,0.0903508771929824,0.3934124330953293,0.5572114452624243,0.1556882644563406,0.2514151037292603,0.5350609791959247,0.0,8.0,0.9471153846153846,0.010478383047893,0.0480162256605087,0.0771969153911154,0.1164531248989972,0.0270054897886136,
base__thumb_glyph__s03,base budget -> thumb glyph (seed 3),base,thumb_glyph,3,langevin-blind,ok,0.2533475999953225,0.3113765289126811,0.3661971830985915,0.0903508771929824,0.3934124330953291,0.5572114452624245,0.1556882644563405,0.2514151037292602,0.5350609791959247,0.0,8.0,0.9471153846153846,0.010478383047893,0.0480162256605087,0.0771969153911154,0.1164531248989972,0.0196706216549202,
base__thumb_glyph__s04,base budget -> thumb glyph (seed 4),base,thumb_glyph,4,anchor-aware-refiner,ok,0.0260002000140957,0.2575131296425105,0.3661971830985915,0.1012536162005785,1.9140979735983816,0.5758136978395126,0.1287565648212552,0.1787516539899549,0.5385739319656088,0.0,14.0,0.9339152119700748,0.0068609306943412,0.1128846171980492,0.3860288403128697,0.0677895141872602,,
base__thumb_glyph__s04,base budget -> thumb glyph (seed 4),base,thumb_glyph,4,blind-sa,ok,0.3894203999952879,0.3075728130438208,0.3661971830985915,0.0901926444833625,0.3569830913491111,0.5758136978395129,0.1537864065219104,0.25521324116055,0.5551064227985942,0.0,2.0,0.9466192170818504,0.0123388776744027,0.0745085121169909,0.0786836382276155,0.1737046875260399,0.0264863689397327,0.9
base__thumb_glyph__s04,base budget -> thumb glyph (seed 4),base,thumb_glyph,4,projected-gradient-blind,ok,0.0838442999811377,0.3075728130438208,0.3661971830985915,0.0901926444833625,0.3569830913491111,0.5758136978395129,0.1537864065219104,0.25521324116055,0.5551064227985942,0.0,2.0,0.9466192170818504,0.0123388776744027,0.0745085121169909,0.0786836382276155,0.1737046875260399,0.0178491545675548,
base__thumb_glyph__s04,base budget -> thumb glyph (seed 4),base,thumb_glyph,4,evolutionary-blind,ok,0.5423601999937091,0.3075728130438208,0.3661971830985915,0.0901926444833625,0.3569830913491111,0.5758136978395129,0.1537864065219104,0.25521324116055,0.5551064227985942,0.0,2.0,0.9466192170818504,0.0123388776744027,0.0745085121169909,0.0786836382276155,0.1737046875260399,0.0264863689397327,
base__thumb_glyph__s04,base budget -> thumb glyph (seed 4),base,thumb_glyph,4,best-of-k-restart-blind,ok,0.5108381000172812,0.3075728130438208,0.3661971830985915,0.0901926444833625,0.3569830913491111,0.5758136978395129,0.1537864065219104,0.25521324116055,0.5551064227985942,0.0,2.0,0.9466192170818504,0.0123388776744027,0.0745085121169909,0.0786836382276155,0.1737046875260399,0.0178491545675548,
base__thumb_glyph__s04,base budget -> thumb glyph (seed 4),base,thumb_glyph,4,entropy-transport-blind,ok,0.1046254999819211,0.3075728130438205,0.3661971830985915,0.0901926444833625,0.3569830913491109,0.5758136978395126,0.1537864065219102,0.2552132411605499,0.5551064227985942,0.0,2.0,0.9466192170818504,0.0123388776744027,0.0745085121169909,0.0786836382276155,0.1737046875260399,0.0264863689397621,
base__thumb_glyph__s04,base budget -> thumb glyph (seed 4),base,thumb_glyph,4,langevin-blind,ok,0.2747137999976985,0.3075728130438208,0.3661971830985915,0.0901926444833625,0.3569830913491111,0.5758136978395129,0.1537864065219104,0.25521324116055,0.5551064227985942,0.0,2.0,0.9466192170818504,0.0123388776744027,0.0745085121169909,0.0786836382276155,0.1737046875260399,0.0178491545675548,
base__thumb_glyph__s05,base budget -> thumb glyph (seed 5),base,thumb_glyph,5,anchor-aware-refiner,ok,0.0301807000068947,0.2510273470959577,0.3591549295774648,0.1026137463697967,1.8504781011857057,0.6132866131643798,0.1255136735479788,0.1735696544860338,0.4992035674826132,0.0,8.0,0.9265822784810128,0.0055220405975428,0.0842232186675575,0.3784347120041558,0.108105878909321,,
base__thumb_glyph__s05,base budget -> thumb glyph (seed 5),base,thumb_glyph,5,blind-sa,ok,0.458125100005418,0.3070187329675771,0.3591549295774648,0.1104294478527607,0.3686899505704648,0.6132866131643796,0.1535093664837885,0.2619182856634364,0.5314937970443786,0.0,6.0,0.9455864570737604,0.0114872750150813,0.1038843100306346,0.0684961210296845,0.1571708661399333,0.0264755900393604,0.8916666666666667
base__thumb_glyph__s05,base budget -> thumb glyph (seed 5),base,thumb_glyph,5,projected-gradient-blind,ok,0.1117357999901287,0.3070187329675771,0.3591549295774648,0.1104294478527607,0.3686899505704648,0.6132866131643796,0.1535093664837885,0.2619182856634364,0.5314937970443786,0.0,6.0,0.9455864570737604,0.0114872750150813,0.1038843100306346,0.0684961210296845,0.1571708661399333,0.018434497528665,
base__thumb_glyph__s05,base budget -> thumb glyph (seed 5),base,thumb_glyph,5,evolutionary-blind,ok,0.5682420000084676,0.3070187329675771,0.3591549295774648,0.1104294478527607,0.3686899505704648,0.6132866131643796,0.1535093664837885,0.2619182856634364,0.5314937970443786,0.0,6.0,0.9455864570737604,0.0114872750150813,0.1038843100306346,0.0684961210296845,0.1571708661399333,0.0264755900393604,
base__thumb_glyph__s05,base budget -> thumb glyph (seed 5),base,thumb_glyph,5,best-of-k-restart-blind,ok,0.6659196999971755,0.3070187329675771,0.3591549295774648,0.1104294478527607,0.3686899505704648,0.6132866131643796,0.1535093664837885,0.2619182856634364,0.5314937970443786,0.0,6.0,0.9455864570737604,0.0114872750150813,0.1038843100306346,0.0684961210296845,0.1571708661399333,0.018434497528665,
base__thumb_glyph__s05,base budget -> thumb glyph (seed 5),base,thumb_glyph,5,entropy-transport-blind,ok,0.123230400000466,0.3070187329675772,0.3591549295774648,0.1104294478527607,0.3686899505704644,0.6132866131643792,0.1535093664837886,0.2619182856634366,0.5314937970443786,0.0,6.0,0.9455864570737604,0.0114872750150813,0.1038843100306346,0.0684961210296845,0.1571708661399333,0.0264755900394778,
base__thumb_glyph__s05,base budget -> thumb glyph (seed 5),base,thumb_glyph,5,langevin-blind,ok,0.3349469999957364,0.3070187329675771,0.3591549295774648,0.1104294478527607,0.3686899505704648,0.6132866131643796,0.1535093664837885,0.2619182856634364,0.5314937970443786,0.0,6.0,0.9455864570737604,0.0114872750150813,0.1038843100306346,0.0684961210296845,0.1571708661399333,0.018434497528665,
base__thumb_glyph__s06,base budget -> thumb glyph (seed 6),base,thumb_glyph,6,anchor-aware-refiner,ok,0.0524029999796766,0.2475568477737071,0.352112676056338,0.0899419729206963,2.1931368611184023,0.5486604547008039,0.1237784238868535,0.1770457686345684,0.5518189535671838,0.0,12.0,0.945638432364096,0.0070085764433439,0.1292964405877017,0.380643294298846,0.0501809470765857,,
base__thumb_glyph__s06,base budget -> thumb glyph (seed 6),base,thumb_glyph,6,blind-sa,ok,0.4835776000109035,0.3080647789812191,0.352112676056338,0.0890052356020942,0.3528829544754833,0.5486604547008037,0.1540323894906095,0.260566717278732,0.5575916807004134,0.0,5.0,0.9328621908127208,0.0109003659589316,0.0789610435345875,0.0606070186592465,0.1660423879585808,0.0252744038953567,0.9083333333333332
base__thumb_glyph__s06,base budget -> thumb glyph (seed 6),base,thumb_glyph,6,projected-gradient-blind,ok,0.1077023999823723,0.3080647789812191,0.352112676056338,0.0890052356020942,0.3528829544754833,0.5486604547008037,0.1540323894906095,0.260566717278732,0.5575916807004134,0.0,5.0,0.9328621908127208,0.0109003659589316,0.0789610435345875,0.0606070186592465,0.1660423879585808,0.0176441477239411,
base__thumb_glyph__s06,base budget -> thumb glyph (seed 6),base,thumb_glyph,6,evolutionary-blind,ok,0.6311731000023428,0.3080647789812191,0.352112676056338,0.0890052356020942,0.3528829544754833,0.5486604547008037,0.1540323894906095,0.260566717278732,0.5575916807004134,0.0,5.0,0.9328621908127208,0.0109003659589316,0.0789610435345875,0.0606070186592465,0.1660423879585808,0.0252744038953567,
base__thumb_glyph__s06,base budget -> thumb glyph (seed 6),base,thumb_glyph,6,best-of-k-restart-blind,ok,0.4742434000072535,0.3080647789812191,0.352112676056338,0.0890052356020942,0.3528829544754833,0.5486604547008037,0.1540323894906095,0.260566717278732,0.5575916807004134,0.0,5.0,0.9328621908127208,0.0109003659589316,0.0789610435345875,0.0606070186592465,0.1660423879585808,0.0176441477239411,
base__thumb_glyph__s06,base budget -> thumb glyph (seed 6),base,thumb_glyph,6,entropy-transport-blind,ok,0.0972101000079419,0.3080647789812192,0.352112676056338,0.0890052356020942,0.3528829544754833,0.548660454700804,0.1540323894906096,0.2605667172787321,0.5575916807004134,0.0,5.0,0.9328621908127208,0.0109003659589316,0.0789610435345875,0.0606070186592465,0.1660423879585808,0.0252744038952963,
base__thumb_glyph__s06,base budget -> thumb glyph (seed 6),base,thumb_glyph,6,langevin-blind,ok,0.4879582000139635,0.3080647789812191,0.352112676056338,0.0890052356020942,0.3528829544754833,0.5486604547008037,0.1540323894906095,0.260566717278732,0.5575916807004134,0.0,5.0,0.9328621908127208,0.0109003659589316,0.0789610435345875,0.0606070186592465,0.1660423879585808,0.0176441477239411,
base__thumb_glyph__s07,base budget -> thumb glyph (seed 7),base,thumb_glyph,7,anchor-aware-refiner,ok,0.0417707000160589,0.2543666394907489,0.3309859154929577,0.1018609206660137,2.1891141820853504,0.5777078898027513,0.1271833197453744,0.1788935649840329,0.5467093659764779,0.0,15.0,0.9314359637774904,0.0057907648135456,0.126971571355754,0.4073075675128792,0.0010347226567479,,
base__thumb_glyph__s07,base budget -> thumb glyph (seed 7),base,thumb_glyph,7,blind-sa,ok,0.4550769000197761,0.3028378776840225,0.3309859154929577,0.0868421052631579,0.3347989189255102,0.577707889802751,0.1514189388420112,0.2574765488599867,0.5514300672037504,0.0,5.0,0.9446450060168472,0.0112887538691607,0.0859657684813701,0.0741267679818854,0.1189685972150353,0.0246420736549482,0.875
base__thumb_glyph__s07,base budget -> thumb glyph (seed 7),base,thumb_glyph,7,projected-gradient-blind,ok,0.1017203999799676,0.3028378776840225,0.3309859154929577,0.0868421052631579,0.3347989189255104,0.5777078898027509,0.1514189388420112,0.2574765488599867,0.5514300672037504,0.0,5.0,0.9446450060168472,0.0112887538691607,0.0859657684813701,0.0741267679818854,0.1189685972150353,0.0167399459464456,
base__thumb_glyph__s07,base budget -> thumb glyph (seed 7),base,thumb_glyph,7,evolutionary-blind,ok,0.5467614000081085,0.3028378776840225,0.3309859154929577,0.0868421052631579,0.3347989189255104,0.5777078898027509,0.1514189388420112,0.2574765488599867,0.5514300672037504,0.0,5.0,0.9446450060168472,0.0112887538691607,0.0859657684813701,0.0741267679818854,0.1189685972150353,0.0246420736550251,
base__thumb_glyph__s07,base budget -> thumb glyph (seed 7),base,thumb_glyph,7,best-of-k-restart-blind,ok,0.3114170000189915,0.3028378776840225,0.3309859154929577,0.0868421052631579,0.3347989189255104,0.5777078898027509,0.1514189388420112,0.2574765488599867,0.5514300672037504,0.0,5.0,0.9446450060168472,0.0112887538691607,0.0859657684813701,0.0741267679818854,0.1189685972150353,0.0167399459464456,
base__thumb_glyph__s07,base budget -> thumb glyph (seed 7),base,thumb_glyph,7,entropy-transport-blind,ok,0.0612040999985765,0.3028378776840225,0.3309859154929577,0.0868421052631579,0.3347989189255103,0.5777078898027509,0.1514189388420112,0.2574765488599868,0.5514300672037504,0.0,5.0,0.9446450060168472,0.0112887538691607,0.0859657684813701,0.0741267679818854,0.1189685972150353,0.0246420736548795,
base__thumb_glyph__s07,base budget -> thumb glyph (seed 7),base,thumb_glyph,7,langevin-blind,ok,0.3210885000007693,0.3028378776840225,0.3309859154929577,0.0868421052631579,0.3347989189255104,0.5777078898027509,0.1514189388420112,0.2574765488599867,0.5514300672037504,0.0,5.0,0.9446450060168472,0.0112887538691607,0.0859657684813701,0.0741267679818854,0.1189685972150353,0.0167399459464456,
folded__diamond_ring__s00,folded-derived budget -> diamond ring (seed 0),folded,diamond_ring,0,anchor-aware-refiner,ok,0.8181443999928888,0.1900337159218892,0.2525,0.3058823529411765,2.177148202915316,0.6436839281755784,0.0950168579609446,0.1571361677834618,0.3201895388069587,0.0,2.0,0.9448818897637796,0.0077663012425931,0.6753641574640386,0.439840724245082,1.3099119886516408,,
folded__diamond_ring__s00,folded-derived budget -> diamond ring (seed 0),folded,diamond_ring,0,blind-sa,ok,51.12782690001768,0.2264243464836343,0.2525,0.2829882257409663,0.2382230911910631,0.6436839281755788,0.1132121732418171,0.2821576081782999,0.3445516710118398,0.0,3.0,0.9721627408993576,0.0133335626975985,0.0982856327563419,0.0067452090716974,0.0641624820388782,0.0212446484480776,0.9833333333333332
folded__diamond_ring__s00,folded-derived budget -> diamond ring (seed 0),folded,diamond_ring,0,projected-gradient-blind,ok,1.6060737999796402,0.2264243464836343,0.2525,0.2829882257409663,0.2382230911910631,0.6436839281755788,0.1132121732418171,0.2821576081782999,0.3445516710118398,0.0,3.0,0.9721627408993576,0.0133335626975985,0.0982856327563419,0.0067452090716974,0.0641624820388782,0.0119111545596574,
folded__diamond_ring__s00,folded-derived budget -> diamond ring (seed 0),folded,diamond_ring,0,evolutionary-blind,ok,62.99570020000101,0.2264243464836343,0.2525,0.2829882257409663,0.2382230911910631,0.6436839281755788,0.1132121732418171,0.2821576081782999,0.3445516710118398,0.0,3.0,0.9721627408993576,0.0133335626975985,0.0982856327563419,0.0067452090716974,0.0641624820388782,0.0212446484480776,
folded__diamond_ring__s00,folded-derived budget -> diamond ring (seed 0),folded,diamond_ring,0,best-of-k-restart-blind,ok,3.210541200009174,0.2264243464836343,0.2525,0.2829882257409663,0.2382230911910631,0.6436839281755788,0.1132121732418171,0.2821576081782999,0.3445516710118398,0.0,3.0,0.9721627408993576,0.0133335626975985,0.0982856327563419,0.0067452090716974,0.0641624820388782,0.0119111545596574,
folded__diamond_ring__s00,folded-derived budget -> diamond ring (seed 0),folded,diamond_ring,0,entropy-transport-blind,ok,1.267911999981152,0.2264243464836342,0.2525,0.2829882257409663,0.2382230911910632,0.6436839281755794,0.1132121732418171,0.2821576081783003,0.3445516710118398,0.0,3.0,0.9721627408993576,0.0133335626975985,0.0982856327563419,0.0067452090716974,0.0641624820388782,0.0212446484482478,
folded__diamond_ring__s00,folded-derived budget -> diamond ring (seed 0),folded,diamond_ring,0,langevin-blind,ok,30.208864600019297,0.2264243464836343,0.2525,0.2829882257409663,0.2382230911910631,0.6436839281755788,0.1132121732418171,0.2821576081782999,0.3445516710118398,0.0,3.0,0.9721627408993576,0.0133335626975985,0.0982856327563419,0.0067452090716974,0.0641624820388782,0.0119111545596574,
folded__diamond_ring__s01,folded-derived budget -> diamond ring (seed 1),folded,diamond_ring,1,anchor-aware-refiner,ok,0.8378708999953233,0.1880749404066849,0.249,0.3111425873465533,2.106573262269617,0.648058171186445,0.0940374702033424,0.1566046506319099,0.3172758072748833,0.0,1.0,0.9546313799621928,0.0078274740715809,0.6753380421107171,0.4356900873560538,1.3112278787243603,,
folded__diamond_ring__s01,folded-derived budget -> diamond ring (seed 1),folded,diamond_ring,1,blind-sa,ok,45.98772999999346,0.2253651788574266,0.249,0.2842660178426602,0.2307377360404785,0.6480581711864446,0.1126825894287133,0.2807274845602771,0.3464266807800127,0.0,8.0,0.9713656387665198,0.0138155932633693,0.166920597974699,0.006320337760148,0.204489422714337,0.0212078020867036,0.9833333333333332
folded__diamond_ring__s01,folded-derived budget -> diamond ring (seed 1),folded,diamond_ring,1,projected-gradient-blind,ok,1.4237824000010733,0.2253651788574266,0.249,0.2842660178426602,0.2307377360404785,0.6480581711864446,0.1126825894287133,0.2807274845602771,0.3464266807800127,0.0,8.0,0.9713656387665198,0.0138155932633693,0.166920597974699,0.006320337760148,0.204489422714337,0.011536886802187,
folded__diamond_ring__s01,folded-derived budget -> diamond ring (seed 1),folded,diamond_ring,1,evolutionary-blind,ok,59.41493790000095,0.2253651788574266,0.249,0.2842660178426602,0.2307377360404785,0.6480581711864446,0.1126825894287133,0.2807274845602771,0.3464266807800127,0.0,8.0,0.9713656387665198,0.0138155932633693,0.166920597974699,0.006320337760148,0.204489422714337,0.0212078020867036,
folded__diamond_ring__s01,folded-derived budget -> diamond ring (seed 1),folded,diamond_ring,1,best-of-k-restart-blind,ok,3.2156239000032656,0.2253651788574266,0.249,0.2842660178426602,0.2307377360404785,0.6480581711864446,0.1126825894287133,0.2807274845602771,0.3464266807800127,0.0,8.0,0.9713656387665198,0.0138155932633693,0.166920597974699,0.006320337760148,0.204489422714337,0.011536886802187,
folded__diamond_ring__s01,folded-derived budget -> diamond ring (seed 1),folded,diamond_ring,1,entropy-transport-blind,ok,1.3237552999926263,0.2253651788574266,0.249,0.2842660178426602,0.2307377360404785,0.6480581711864446,0.1126825894287133,0.2807274845602771,0.3464266807800127,0.0,8.0,0.9713656387665198,0.0138155932633693,0.166920597974699,0.006320337760148,0.204489422714337,0.0212078020867036,
folded__diamond_ring__s01,folded-derived budget -> diamond ring (seed 1),folded,diamond_ring,1,langevin-blind,ok,31.2979257000261,0.2253651788574266,0.249,0.2842660178426602,0.2307377360404785,0.6480581711864446,0.1126825894287133,0.2807274845602771,0.3464266807800127,0.0,8.0,0.9713656387665198,0.0138155932633693,0.166920597974699,0.006320337760148,0.204489422714337,0.011536886802187,
folded__diamond_ring__s02,folded-derived budget -> diamond ring (seed 2),folded,diamond_ring,2,anchor-aware-refiner,ok,0.8007997000240721,0.1908620137038199,0.2535,0.3004694835680751,2.262219119384632,0.6490153097571966,0.0954310068519099,0.1577582337606023,0.3125228257775114,0.0,0.0,0.9360902255639098,0.0076378400030668,0.6753501538590367,0.4504878190984813,1.3105855795560866,,
folded__diamond_ring__s02,folded-derived budget -> diamond ring (seed 2),folded,diamond_ring,2,blind-sa,ok,42.49175539999851,0.2273033884746608,0.2535,0.2829882257409663,0.2281998523981551,0.6490153097571965,0.1136516942373304,0.2812321620210294,0.3445516710118401,0.0,4.0,0.975206611570248,0.0126045179934664,0.104689755270333,0.005075919466334,0.0069230635489474,0.0202331552158192,0.9833333333333332
folded__diamond_ring__s02,folded-derived budget -> diamond ring (seed 2),folded,diamond_ring,2,projected-gradient-blind,ok,1.326550800004043,0.2273033884746608,0.2535,0.2829882257409663,0.2281998523981551,0.6490153097571965,0.1136516942373304,0.2812321620210294,0.3445516710118401,0.0,4.0,0.975206611570248,0.0126045179934664,0.104689755270333,0.005075919466334,0.0069230635489474,0.0114099926201529,
folded__diamond_ring__s02,folded-derived budget -> diamond ring (seed 2),folded,diamond_ring,2,evolutionary-blind,ok,58.49649119999958,0.2273033884746608,0.2535,0.2829882257409663,0.2281998523981551,0.6490153097571965,0.1136516942373304,0.2812321620210294,0.3445516710118401,0.0,4.0,0.975206611570248,0.0126045179934664,0.104689755270333,0.005075919466334,0.0069230635489474,0.0202331552158192,
folded__diamond_ring__s02,folded-derived budget -> diamond ring (seed 2),folded,diamond_ring,2,best-of-k-restart-blind,ok,3.395619999995688,0.2273033884746608,0.2535,0.2829882257409663,0.2281998523981551,0.6490153097571965,0.1136516942373304,0.2812321620210294,0.3445516710118401,0.0,4.0,0.975206611570248,0.0126045179934664,0.104689755270333,0.005075919466334,0.0069230635489474,0.0114099926201529,
folded__diamond_ring__s02,folded-derived budget -> diamond ring (seed 2),folded,diamond_ring,2,entropy-transport-blind,ok,1.1541701000242028,0.2273033884746606,0.2535,0.2829882257409663,0.2281998523981556,0.6490153097571956,0.1136516942373303,0.2812321620210291,0.3445516710118401,0.0,4.0,0.975206611570248,0.0126045179934664,0.104689755270333,0.005075919466334,0.0069230635489474,0.0202331552156601,
folded__diamond_ring__s02,folded-derived budget -> diamond ring (seed 2),folded,diamond_ring,2,langevin-blind,ok,30.70420720000402,0.2273033884746608,0.2535,0.2829882257409663,0.2281998523981551,0.6490153097571965,0.1136516942373304,0.2812321620210294,0.3445516710118401,0.0,4.0,0.975206611570248,0.0126045179934664,0.104689755270333,0.005075919466334,0.0069230635489474,0.0114099926201529,
folded__diamond_ring__s03,folded-derived budget -> diamond ring (seed 3),folded,diamond_ring,3,anchor-aware-refiner,ok,0.861147899995558,0.1884540407349046,0.2465,0.3095799905615856,2.122377169208776,0.645839159740463,0.0942270203674523,0.1566535861785792,0.3213064646041909,0.0,1.0,0.9618874773139746,0.0077294057288191,0.6753641574640386,0.4386906761147763,1.3099119886516408,,
folded__diamond_ring__s03,folded-derived budget -> diamond ring (seed 3),folded,diamond_ring,3,blind-sa,ok,46.71600970000145,0.2262381897847135,0.247,0.2838002436053593,0.2388872078127311,0.6458391597404635,0.1131190948923567,0.2822339582741081,0.343355650240117,0.0,5.0,0.9655172413793104,0.01342563295582,0.089532085878163,0.0078696057400864,0.0320887598522281,0.0213423034602203,0.9916666666666668
folded__diamond_ring__s03,folded-derived budget -> diamond ring (seed 3),folded,diamond_ring,3,projected-gradient-blind,ok,1.4022464000154289,0.2262381897847135,0.247,0.2838002436053593,0.2388872078127311,0.6458391597404635,0.1131190948923567,0.2822339582741081,0.343355650240117,0.0,5.0,0.9655172413793104,0.01342563295582,0.089532085878163,0.0078696057400864,0.0320887598522281,0.0119443603909083,
folded__diamond_ring__s03,folded-derived budget -> diamond ring (seed 3),folded,diamond_ring,3,evolutionary-blind,ok,60.857809299981454,0.2262381897847135,0.247,0.2838002436053593,0.2388872078127311,0.6458391597404635,0.1131190948923567,0.2822339582741081,0.343355650240117,0.0,5.0,0.9655172413793104,0.01342563295582,0.089532085878163,0.0078696057400864,0.0320887598522281,0.0213423034602488,
folded__diamond_ring__s03,folded-derived budget -> diamond ring (seed 3),folded,diamond_ring,3,best-of-k-restart-blind,ok,3.262452900002245,0.2262381897847135,0.247,0.2838002436053593,0.2388872078127311,0.6458391597404635,0.1131190948923567,0.2822339582741081,0.343355650240117,0.0,5.0,0.9655172413793104,0.01342563295582,0.089532085878163,0.0078696057400864,0.0320887598522281,0.0119443603909083,
folded__diamond_ring__s03,folded-derived budget -> diamond ring (seed 3),folded,diamond_ring,3,entropy-transport-blind,ok,1.2425213000096846,0.2262381897847135,0.247,0.2838002436053593,0.2388872078127315,0.6458391597404635,0.1131190948923567,0.2822339582741079,0.343355650240117,0.0,5.0,0.9655172413793104,0.01342563295582,0.089532085878163,0.0078696057400864,0.0320887598522281,0.021342303460252,
folded__diamond_ring__s03,folded-derived budget -> diamond ring (seed 3),folded,diamond_ring,3,langevin-blind,ok,30.830453300004592,0.2262381897847135,0.247,0.2838002436053593,0.2388872078127311,0.6458391597404635,0.1131190948923567,0.2822339582741081,0.343355650240117,0.0,5.0,0.9655172413793104,0.01342563295582,0.089532085878163,0.0078696057400864,0.0320887598522281,0.0119443603909083,
folded__diamond_ring__s04,folded-derived budget -> diamond ring (seed 4),folded,diamond_ring,4,anchor-aware-refiner,ok,0.8337469999969471,0.1884801042847654,0.252,0.3022264329701563,2.1867670492211366,0.646185621336381,0.0942400521423827,0.1567880830784531,0.3146844017509367,0.0,2.0,0.9536541889483066,0.0074338415969582,0.6753501538590367,0.4517001477104541,1.3105855795560866,,
folded__diamond_ring__s04,folded-derived budget -> diamond ring (seed 4),folded,diamond_ring,4,blind-sa,ok,44.97936340002343,0.2262166928213755,0.252,0.2794476035743298,0.2313859693976281,0.6461856213363811,0.1131083464106877,0.2800938839333501,0.3501962047408057,0.0,0.0,0.9767441860465116,0.0125019547409655,0.1186175919151435,0.0085249737582701,0.1246066040478222,0.0203206667890499,0.9916666666666668
folded__diamond_ring__s04,folded-derived budget -> diamond ring (seed 4),folded,diamond_ring,4,projected-gradient-blind,ok,1.3847704000072554,0.2262166928213755,0.252,0.2794476035743298,0.2313859693976281,0.6461856213363811,0.1131083464106877,0.2800938839333501,0.3501962047408057,0.0,0.0,0.9767441860465116,0.0125019547409655,0.1186175919151435,0.0085249737582701,0.1246066040478222,0.0115692984701307,
folded__diamond_ring__s04,folded-derived budget -> diamond ring (seed 4),folded,diamond_ring,4,evolutionary-blind,ok,60.71631779999007,0.2262166928213755,0.252,0.2794476035743298,0.2313859693976281,0.6461856213363811,0.1131083464106877,0.2800938839333501,0.3501962047408057,0.0,0.0,0.9767441860465116,0.0125019547409655,0.1186175919151435,0.0085249737582701,0.1246066040478222,0.0203206667890499,
folded__diamond_ring__s04,folded-derived budget -> diamond ring (seed 4),folded,diamond_ring,4,best-of-k-restart-blind,ok,3.250002200016752,0.2262166928213755,0.252,0.2794476035743298,0.2313859693976281,0.6461856213363811,0.1131083464106877,0.2800938839333501,0.3501962047408057,0.0,0.0,0.9767441860465116,0.0125019547409655,0.1186175919151435,0.0085249737582701,0.1246066040478222,0.0115692984701307,
folded__diamond_ring__s04,folded-derived budget -> diamond ring (seed 4),folded,diamond_ring,4,entropy-transport-blind,ok,1.2985909000271931,0.2262166928213751,0.252,0.2794476035743298,0.231385969397628,0.6461856213363807,0.1131083464106875,0.2800938839333505,0.3501962047408057,0.0,0.0,0.9767441860465116,0.0125019547409655,0.1186175919151435,0.0085249737582701,0.1246066040478222,0.02032066678881,
folded__diamond_ring__s04,folded-derived budget -> diamond ring (seed 4),folded,diamond_ring,4,langevin-blind,ok,30.25156330000027,0.2262166928213755,0.252,0.2794476035743298,0.2313859693976281,0.6461856213363811,0.1131083464106877,0.2800938839333501,0.3501962047408057,0.0,0.0,0.9767441860465116,0.0125019547409655,0.1186175919151435,0.0085249737582701,0.1246066040478222,0.0115692984701307,
folded__diamond_ring__s05,folded-derived budget -> diamond ring (seed 5),folded,diamond_ring,5,anchor-aware-refiner,ok,1.0633157000120264,0.188957078255476,0.2585,0.3081998114985862,2.110713191358786,0.6447027420399075,0.094478539127738,0.1569432618629318,0.3183785849952978,0.0,3.0,0.9624765478424016,0.0075877063433713,0.6753908833369299,0.4362105497679212,1.3088225566218616,,
folded__diamond_ring__s05,folded-derived budget -> diamond ring (seed 5),folded,diamond_ring,5,blind-sa,ok,52.165813600004185,0.2277661685944982,0.259,0.2790133441164577,0.2398446320771888,0.6447027420399081,0.1138830842972491,0.2839929280984469,0.3483081767351715,0.0,3.0,0.9745762711864406,0.0132040363589009,0.0963780539015546,0.0074941657633499,0.0435944931040914,0.0212350570554489,0.9666666666666668
folded__diamond_ring__s05,folded-derived budget -> diamond ring (seed 5),folded,diamond_ring,5,projected-gradient-blind,ok,1.5101319999957925,0.2277661685944982,0.259,0.2790133441164577,0.2398446320771887,0.6447027420399081,0.1138830842972491,0.283992928098447,0.3483081767351715,0.0,3.0,0.9745762711864406,0.0132040363589009,0.0963780539015546,0.0074941657633499,0.0435944931040914,0.011992231604078,
folded__diamond_ring__s05,folded-derived budget -> diamond ring (seed 5),folded,diamond_ring,5,evolutionary-blind,ok,59.33065729998634,0.2277661685944982,0.259,0.2790133441164577,0.2398446320771887,0.6447027420399081,0.1138830842972491,0.283992928098447,0.3483081767351715,0.0,3.0,0.9745762711864406,0.0132040363589009,0.0963780539015546,0.0074941657633499,0.0435944931040914,0.0212350570555218,
folded__diamond_ring__s05,folded-derived budget -> diamond ring (seed 5),folded,diamond_ring,5,best-of-k-restart-blind,ok,3.343532700004289,0.2277661685944982,0.259,0.2790133441164577,0.2398446320771887,0.6447027420399081,0.1138830842972491,0.283992928098447,0.3483081767351715,0.0,3.0,0.9745762711864406,0.0132040363589009,0.0963780539015546,0.0074941657633499,0.0435944931040914,0.011992231604078,
folded__diamond_ring__s05,folded-derived budget -> diamond ring (seed 5),folded,diamond_ring,5,entropy-transport-blind,ok,1.2799005999986548,0.2277661685944982,0.259,0.2790133441164577,0.2398446320771886,0.64470274203991,0.1138830842972491,0.2839929280984469,0.3483081767351715,0.0,3.0,0.9745762711864406,0.0132040363589009,0.0963780539015546,0.0074941657633499,0.0435944931040914,0.0212350570555927,
folded__diamond_ring__s05,folded-derived budget -> diamond ring (seed 5),folded,diamond_ring,5,langevin-blind,ok,30.332425800006604,0.2277661685944982,0.259,0.2790133441164577,0.2398446320771887,0.6447027420399081,0.1138830842972491,0.283992928098447,0.3483081767351715,0.0,3.0,0.9745762711864406,0.0132040363589009,0.0963780539015546,0.0074941657633499,0.0435944931040914,0.011992231604078,
folded__diamond_ring__s06,folded-derived budget -> diamond ring (seed 6),folded,diamond_ring,6,anchor-aware-refiner,ok,0.8738082000054419,0.1872619415328183,0.255,0.3047799337434926,2.2712064457456966,0.6535504928734774,0.0936309707664091,0.1563154330847403,0.3203992002207698,0.0,0.0,0.9657039711191336,0.007901247047306,0.6753175836540355,0.4497427190579669,1.3124440401835098,,
folded__diamond_ring__s06,folded-derived budget -> diamond ring (seed 6),folded,diamond_ring,6,blind-sa,ok,46.23170639999444,0.2251815372234852,0.255,0.2816673411574261,0.2243333720736151,0.6535504928734778,0.1125907686117426,0.2799218145932911,0.3495264776057458,0.0,7.0,0.978401727861771,0.0139616154744638,0.0844531121838417,0.0047519124267049,0.0790954432327581,0.0209897994362621,0.9833333333333332
folded__diamond_ring__s06,folded-derived budget -> diamond ring (seed 6),folded,diamond_ring,6,projected-gradient-blind,ok,1.3682755999907386,0.2251815372234852,0.255,0.2816673411574261,0.2243333720736151,0.6535504928734778,0.1125907686117426,0.2799218145932911,0.3495264776057458,0.0,7.0,0.978401727861771,0.0139616154744638,0.0844531121838417,0.0047519124267049,0.0790954432327581,0.0112166686039118,
folded__diamond_ring__s06,folded-derived budget -> diamond ring (seed 6),folded,diamond_ring,6,evolutionary-blind,ok,71.05104089999804,0.2251815372234852,0.255,0.2816673411574261,0.2243333720736151,0.6535504928734778,0.1125907686117426,0.2799218145932911,0.3495264776057458,0.0,7.0,0.978401727861771,0.0139616154744638,0.0844531121838417,0.0047519124267049,0.0790954432327581,0.0209897994362621,
folded__diamond_ring__s06,folded-derived budget -> diamond ring (seed 6),folded,diamond_ring,6,best-of-k-restart-blind,ok,4.107638499990571,0.2251815372234852,0.255,0.2816673411574261,0.2243333720736151,0.6535504928734778,0.1125907686117426,0.2799218145932911,0.3495264776057458,0.0,7.0,0.978401727861771,0.0139616154744638,0.0844531121838417,0.0047519124267049,0.0790954432327581,0.0112166686039118,
folded__diamond_ring__s06,folded-derived budget -> diamond ring (seed 6),folded,diamond_ring,6,entropy-transport-blind,ok,1.956592100003036,0.2251815372234852,0.255,0.2816673411574261,0.2243333720736149,0.6535504928734777,0.1125907686117426,0.2799218145932906,0.3495264776057458,0.0,7.0,0.978401727861771,0.0139616154744638,0.0844531121838417,0.0047519124267049,0.0790954432327581,0.0209897994363571,
folded__diamond_ring__s06,folded-derived budget -> diamond ring (seed 6),folded,diamond_ring,6,langevin-blind,ok,38.14341759998933,0.2251815372234852,0.255,0.2816673411574261,0.2243333720736151,0.6535504928734778,0.1125907686117426,0.2799218145932911,0.3495264776057458,0.0,7.0,0.978401727861771,0.0139616154744638,0.0844531121838417,0.0047519124267049,0.0790954432327581,0.0112166686039118,
folded__diamond_ring__s07,folded-derived budget -> diamond ring (seed 7),folded,diamond_ring,7,anchor-aware-refiner,ok,1.3397789000009652,0.1896189923203486,0.2535,0.2947269303201507,2.1165451245074234,0.6516853059734624,0.0948094961601743,0.1572756390860804,0.3163662340578632,0.0,6.0,0.9475587703435804,0.0079167460101015,0.6753801191489759,0.4413188181869521,1.309231188471765,,
folded__diamond_ring__s07,folded-derived budget -> diamond ring (seed 7),folded,diamond_ring,7,blind-sa,ok,53.87817660000292,0.2266997142723369,0.2535,0.2829882257409663,0.2408663661225765,0.651685305973463,0.1133498571361684,0.2811266231016427,0.3408209290517513,0.0,7.0,0.9694989106753812,0.0130890433892859,0.1113588385718802,0.0053395798906625,0.0518234793848808,0.0212056486789648,0.975
folded__diamond_ring__s07,folded-derived budget -> diamond ring (seed 7),folded,diamond_ring,7,projected-gradient-blind,ok,1.4202664000040386,0.2266997142723369,0.2535,0.2829882257409663,0.2408663661225761,0.6516853059734627,0.1133498571361684,0.2811266231016427,0.3408209290517513,0.0,7.0,0.9694989106753812,0.0130890433892859,0.1113588385718802,0.0053395798906625,0.0518234793848808,0.0120433183063051,
folded__diamond_ring__s07,folded-derived budget -> diamond ring (seed 7),folded,diamond_ring,7,evolutionary-blind,ok,62.01357609999832,0.2266997142723369,0.2535,0.2829882257409663,0.2408663661225761,0.6516853059734627,0.1133498571361684,0.2811266231016427,0.3408209290517513,0.0,7.0,0.9694989106753812,0.0130890433892859,0.1113588385718802,0.0053395798906625,0.0518234793848808,0.0212056486789776,
folded__diamond_ring__s07,folded-derived budget -> diamond ring (seed 7),folded,diamond_ring,7,best-of-k-restart-blind,ok,3.850791300006677,0.2266997142723369,0.2535,0.2829882257409663,0.2408663661225761,0.6516853059734627,0.1133498571361684,0.2811266231016427,0.3408209290517513,0.0,7.0,0.9694989106753812,0.0130890433892859,0.1113588385718802,0.0053395798906625,0.0518234793848808,0.0120433183063051,
folded__diamond_ring__s07,folded-derived budget -> diamond ring (seed 7),folded,diamond_ring,7,entropy-transport-blind,ok,1.6349575000058394,0.2266997142723369,0.2535,0.2829882257409663,0.2408663661225766,0.6516853059734643,0.1133498571361684,0.2811266231016426,0.3408209290517513,0.0,7.0,0.9694989106753812,0.0130890433892859,0.1113588385718802,0.0053395798906625,0.0518234793848808,0.0212056486790127,
folded__diamond_ring__s07,folded-derived budget -> diamond ring (seed 7),folded,diamond_ring,7,langevin-blind,ok,29.544284999981755,0.2266997142723369,0.2535,0.2829882257409663,0.2408663661225761,0.6516853059734627,0.1133498571361684,0.2811266231016427,0.3408209290517513,0.0,7.0,0.9694989106753812,0.0130890433892859,0.1113588385718802,0.0053395798906625,0.0518234793848808,0.0120433183063051,
folded__dinosaur_outline__s00,folded-derived budget -> dinosaur outline (seed 0),folded,dinosaur_outline,0,anchor-aware-refiner,ok,0.7956199000182096,0.16031271749916,0.232,0.615592609283461,2.910818881746947,0.5368720236313135,0.08015635874958,0.1220911133344882,0.2910304784243884,0.0,10.0,0.934250764525994,0.0011651515283893,0.6747913583410257,0.456458897206159,1.5660355110113104,,
folded__dinosaur_outline__s00,folded-derived budget -> dinosaur outline (seed 0),folded,dinosaur_outline,0,blind-sa,ok,48.332832899992354,0.2080229674716855,0.232,0.5503065272268302,0.4047251100370837,0.7409975580172402,0.1040114837358427,0.2713731543453497,0.3099850463072731,0.0,17.0,0.9528571428571428,0.0015869052472586,0.05225208725404,0.0113071444615235,0.1630266804545237,0.0213470891752975,0.9916666666666668
folded__dinosaur_outline__s00,folded-derived budget -> dinosaur outline (seed 0),folded,dinosaur_outline,0,projected-gradient-blind,ok,1.620295900007477,0.2080229674716855,0.232,0.5503065272268302,0.4047251100370837,0.7409975580172402,0.1040114837358427,0.2713731543453497,0.3099850463072731,0.0,17.0,0.9528571428571428,0.0015869052472586,0.05225208725404,0.0113071444615235,0.1630266804545237,0.0202362555020371,
folded__dinosaur_outline__s00,folded-derived budget -> dinosaur outline (seed 0),folded,dinosaur_outline,0,evolutionary-blind,ok,60.37180520000402,0.2080229674716855,0.232,0.5503065272268302,0.4047251100370837,0.7409975580172402,0.1040114837358427,0.2713731543453497,0.3099850463072731,0.0,17.0,0.9528571428571428,0.0015869052472586,0.05225208725404,0.0113071444615235,0.1630266804545237,0.0213470891752975,
folded__dinosaur_outline__s00,folded-derived budget -> dinosaur outline (seed 0),folded,dinosaur_outline,0,best-of-k-restart-blind,ok,3.003580000018701,0.2080229674716855,0.232,0.5503065272268302,0.4047251100370837,0.7409975580172402,0.1040114837358427,0.2713731543453497,0.3099850463072731,0.0,17.0,0.9528571428571428,0.0015869052472586,0.05225208725404,0.0113071444615235,0.1630266804545237,0.0202362555020371,
folded__dinosaur_outline__s00,folded-derived budget -> dinosaur outline (seed 0),folded,dinosaur_outline,0,entropy-transport-blind,ok,1.218266899988521,0.2080229674716853,0.232,0.5503065272268302,0.4047251100370836,0.7409975580172388,0.1040114837358426,0.2713731543453509,0.3099850463072731,0.0,17.0,0.9528571428571428,0.0015869052472586,0.05225208725404,0.0113071444615235,0.1630266804545237,0.0213470891754322,
folded__dinosaur_outline__s00,folded-derived budget -> dinosaur outline (seed 0),folded,dinosaur_outline,0,langevin-blind,ok,29.65468089998467,0.2080229674716855,0.232,0.5503065272268302,0.4047251100370837,0.7409975580172402,0.1040114837358427,0.2713731543453497,0.3099850463072731,0.0,17.0,0.9528571428571428,0.0015869052472586,0.05225208725404,0.0113071444615235,0.1630266804545237,0.0202362555020371,
folded__dinosaur_outline__s01,folded-derived budget -> dinosaur outline (seed 1),folded,dinosaur_outline,1,anchor-aware-refiner,ok,0.9533977000101004,0.1666406130266781,0.232,0.5895522388059702,2.24386135483654,0.5623594721985118,0.083320306513339,0.1241804845635128,0.3058905064758436,0.0,14.0,0.9147640791476408,0.0012949937523612,0.6747906985096891,0.4477843086973853,1.56018586770508,,
folded__dinosaur_outline__s01,folded-derived budget -> dinosaur outline (seed 1),folded,dinosaur_outline,1,blind-sa,ok,43.40312139998423,0.2121024937977412,0.2325,0.5560781476121563,0.400883721321613,0.7137114787075829,0.1060512468988706,0.2768400483328073,0.3062850896060237,0.0,3.0,0.9662576687116564,0.0016792128011202,0.0307108327081242,0.0110980390958533,0.0554888691304618,0.0212196350271731,0.975
folded__dinosaur_outline__s01,folded-derived budget -> dinosaur outline (seed 1),folded,dinosaur_outline,1,projected-gradient-blind,ok,1.446544700011145,0.2121024937977412,0.2325,0.5560781476121563,0.4008837213216129,0.7137114787075829,0.1060512468988706,0.2768400483328073,0.3062850896060237,0.0,3.0,0.9662576687116564,0.0016792128011202,0.0307108327081242,0.0110980390958533,0.0554888691304618,0.0200441860662433,
folded__dinosaur_outline__s01,folded-derived budget -> dinosaur outline (seed 1),folded,dinosaur_outline,1,evolutionary-blind,ok,58.861121999972966,0.2121024937977412,0.2325,0.5560781476121563,0.4008837213216129,0.7137114787075829,0.1060512468988706,0.2768400483328073,0.3062850896060237,0.0,3.0,0.9662576687116564,0.0016792128011202,0.0307108327081242,0.0110980390958533,0.0554888691304618,0.0212196350271837,
folded__dinosaur_outline__s01,folded-derived budget -> dinosaur outline (seed 1),folded,dinosaur_outline,1,best-of-k-restart-blind,ok,3.1845268000033684,0.2121024937977412,0.2325,0.5560781476121563,0.4008837213216129,0.7137114787075829,0.1060512468988706,0.2768400483328073,0.3062850896060237,0.0,3.0,0.9662576687116564,0.0016792128011202,0.0307108327081242,0.0110980390958533,0.0554888691304618,0.0200441860662433,
folded__dinosaur_outline__s01,folded-derived budget -> dinosaur outline (seed 1),folded,dinosaur_outline,1,entropy-transport-blind,ok,1.4331209000083618,0.2121024937977414,0.2325,0.5560781476121563,0.4008837213216127,0.713711478707588,0.1060512468988707,0.2768400483328067,0.3062850896060237,0.0,3.0,0.9662576687116564,0.0016792128011202,0.0307108327081242,0.0110980390958533,0.0554888691304618,0.0212196350272551,
folded__dinosaur_outline__s01,folded-derived budget -> dinosaur outline (seed 1),folded,dinosaur_outline,1,langevin-blind,ok,29.36835949998931,0.2121024937977412,0.2325,0.5560781476121563,0.4008837213216129,0.7137114787075829,0.1060512468988706,0.2768400483328073,0.3062850896060237,0.0,3.0,0.9662576687116564,0.0016792128011202,0.0307108327081242,0.0110980390958533,0.0554888691304618,0.0200441860662433,
folded__dinosaur_outline__s02,folded-derived budget -> dinosaur outline (seed 2),folded,dinosaur_outline,2,anchor-aware-refiner,ok,0.808923100004904,0.1650505868417171,0.2325,0.590929501571621,2.430074253867447,0.5169121475407614,0.0825252934208585,0.1225791772480942,0.302974376657924,0.0,4.0,0.9227202472952086,0.0013133805657932,0.6747911194086057,0.467331700730124,1.5345821678967884,,
folded__dinosaur_outline__s02,folded-derived budget -> dinosaur outline (seed 2),folded,dinosaur_outline,2,blind-sa,ok,43.57230539998272,0.2126073232918953,0.2325,0.5516363636363636,0.416002368929188,0.7707665028739621,0.1063036616459476,0.2784664245996966,0.3062850896060237,0.0,20.0,0.9568151147098516,0.0019314376147245,0.024811275894006,0.0089927787414844,0.1218123369068,0.0221521247770827,0.9666666666666668
folded__dinosaur_outline__s02,folded-derived budget -> dinosaur outline (seed 2),folded,dinosaur_outline,2,projected-gradient-blind,ok,1.2920114000153262,0.2126073232918953,0.2325,0.5516363636363636,0.4160023689291881,0.7707665028739621,0.1063036616459476,0.2784664245996966,0.3062850896060237,0.0,20.0,0.9568151147098516,0.0019314376147245,0.024811275894006,0.0089927787414844,0.1218123369068,0.0208001184466228,
folded__dinosaur_outline__s02,folded-derived budget -> dinosaur outline (seed 2),folded,dinosaur_outline,2,evolutionary-blind,ok,56.98635409999406,0.2126073232918953,0.2325,0.5516363636363636,0.4160023689291881,0.7707665028739621,0.1063036616459476,0.2784664245996966,0.3062850896060237,0.0,20.0,0.9568151147098516,0.0019314376147245,0.024811275894006,0.0089927787414844,0.1218123369068,0.0221521247770862,
folded__dinosaur_outline__s02,folded-derived budget -> dinosaur outline (seed 2),folded,dinosaur_outline,2,best-of-k-restart-blind,ok,3.317222400015453,0.2126073232918953,0.2325,0.5516363636363636,0.4160023689291881,0.7707665028739621,0.1063036616459476,0.2784664245996966,0.3062850896060237,0.0,20.0,0.9568151147098516,0.0019314376147245,0.024811275894006,0.0089927787414844,0.1218123369068,0.0208001184466228,
folded__dinosaur_outline__s02,folded-derived budget -> dinosaur outline (seed 2),folded,dinosaur_outline,2,entropy-transport-blind,ok,1.2349704999942333,0.212607323291895,0.2325,0.5516363636363636,0.4160023689291879,0.7707665028739632,0.1063036616459475,0.2784664245996963,0.3062850896060237,0.0,20.0,0.9568151147098516,0.0019314376147245,0.024811275894006,0.0089927787414844,0.1218123369068,0.0221521247773861,
folded__dinosaur_outline__s02,folded-derived budget -> dinosaur outline (seed 2),folded,dinosaur_outline,2,langevin-blind,ok,29.60871830000542,0.2126073232918953,0.2325,0.5516363636363636,0.4160023689291881,0.7707665028739621,0.1063036616459476,0.2784664245996966,0.3062850896060237,0.0,20.0,0.9568151147098516,0.0019314376147245,0.024811275894006,0.0089927787414844,0.1218123369068,0.0208001184466228,
folded__dinosaur_outline__s03,folded-derived budget -> dinosaur outline (seed 3),folded,dinosaur_outline,3,anchor-aware-refiner,ok,0.8498461000272073,0.1654102282079716,0.235,0.6078257003112495,2.2762949293923724,0.54546864250799,0.0827051141039858,0.1239120056909319,0.3157715105184923,0.0,13.0,0.9402777777777778,0.0012330219968753,0.6747915999047469,0.4510692701373653,1.5677238091522847,,
folded__dinosaur_outline__s03,folded-derived budget -> dinosaur outline (seed 3),folded,dinosaur_outline,3,blind-sa,ok,45.29747489999863,0.2106163665373814,0.235,0.5550409690060563,0.3938503559814317,0.701977806052541,0.1053081832686907,0.274821415199527,0.3157164115615566,0.0,8.0,0.9675425038639875,0.0017109933273129,0.0207576545723859,0.014185641209207,0.0630890745658421,0.0208902131285096,0.9833333333333332
folded__dinosaur_outline__s03,folded-derived budget -> dinosaur outline (seed 3),folded,dinosaur_outline,3,projected-gradient-blind,ok,1.3918997999862768,0.2106163665373814,0.235,0.5550409690060563,0.3938503559814316,0.7019778060525413,0.1053081832686907,0.274821415199527,0.3157164115615566,0.0,8.0,0.9675425038639875,0.0017109933273129,0.0207576545723859,0.014185641209207,0.0630890745658421,0.0196925177992507,
folded__dinosaur_outline__s03,folded-derived budget -> dinosaur outline (seed 3),folded,dinosaur_outline,3,evolutionary-blind,ok,60.84177900000941,0.2106163665373814,0.235,0.5550409690060563,0.3938503559814316,0.7019778060525413,0.1053081832686907,0.274821415199527,0.3157164115615566,0.0,8.0,0.9675425038639875,0.0017109933273129,0.0207576545723859,0.014185641209207,0.0630890745658421,0.0208902131285456,
folded__dinosaur_outline__s03,folded-derived budget -> dinosaur outline (seed 3),folded,dinosaur_outline,3,best-of-k-restart-blind,ok,3.279716599994572,0.2106163665373814,0.235,0.5550409690060563,0.3938503559814316,0.7019778060525413,0.1053081832686907,0.274821415199527,0.3157164115615566,0.0,8.0,0.9675425038639875,0.0017109933273129,0.0207576545723859,0.014185641209207,0.0630890745658421,0.0196925177992507,
folded__dinosaur_outline__s03,folded-derived budget -> dinosaur outline (seed 3),folded,dinosaur_outline,3,entropy-transport-blind,ok,1.174413700005971,0.2106163665373815,0.235,0.5550409690060563,0.3938503559814319,0.7019778060525395,0.1053081832686907,0.2748214151995277,0.3157164115615566,0.0,8.0,0.9675425038639875,0.0017109933273129,0.0207576545723859,0.014185641209207,0.0630890745658421,0.0208902131287143,
folded__dinosaur_outline__s03,folded-derived budget -> dinosaur outline (seed 3),folded,dinosaur_outline,3,langevin-blind,ok,29.50472290001926,0.2106163665373814,0.235,0.5550409690060563,0.3938503559814316,0.7019778060525413,0.1053081832686907,0.274821415199527,0.3157164115615566,0.0,8.0,0.9675425038639875,0.0017109933273129,0.0207576545723859,0.014185641209207,0.0630890745658421,0.0196925177992507,
folded__dinosaur_outline__s04,folded-derived budget -> dinosaur outline (seed 4),folded,dinosaur_outline,4,anchor-aware-refiner,ok,0.8339982999896165,0.1666373802668515,0.227,0.5986577181208054,2.2240401558839102,0.5695083166004564,0.0833186901334257,0.1247194654891796,0.292021529165458,0.0,22.0,0.935528120713306,0.0011956166716773,0.6747912178406984,0.4406088609863635,1.533811185914749,,
folded__dinosaur_outline__s04,folded-derived budget -> dinosaur outline (seed 4),folded,dinosaur_outline,4,blind-sa,ok,43.14655710000079,0.2142786748224761,0.227,0.5545914678235719,0.4123209597468744,0.7415542512370175,0.107139337411238,0.2734338080877027,0.3052322237046275,0.0,10.0,0.9539170506912442,0.001724696295353,0.0182206274388073,0.0163956586367008,0.0027467276179575,0.0218233353943978,0.9833333333333332
folded__dinosaur_outline__s04,folded-derived budget -> dinosaur outline (seed 4),folded,dinosaur_outline,4,projected-gradient-blind,ok,1.3816073999914806,0.2142783554521125,0.227,0.5545914678235719,0.4135789546566422,0.7415407894549134,0.1071391777260562,0.2734292142886939,0.3052322237046275,0.0,10.0,0.9539170506912442,0.0017243753137032,0.0181865154612643,0.0166949479126204,0.0027467276179575,0.0207618938222295,
folded__dinosaur_outline__s04,folded-derived budget -> dinosaur outline (seed 4),folded,dinosaur_outline,4,evolutionary-blind,ok,57.81565830000909,0.2142786748224761,0.227,0.5545914678235719,0.4123209597468744,0.7415542512370175,0.107139337411238,0.2734338080877027,0.3052322237046275,0.0,10.0,0.9539170506912442,0.001724696295353,0.0182206274388073,0.0163956586367008,0.0027467276179575,0.0218233353943978,
folded__dinosaur_outline__s04,folded-derived budget -> dinosaur outline (seed 4),folded,dinosaur_outline,4,best-of-k-restart-blind,ok,3.3771367000008468,0.2142786748224761,0.227,0.5545914678235719,0.4123209597468744,0.7415542512370175,0.107139337411238,0.2734338080877027,0.3052322237046275,0.0,10.0,0.9539170506912442,0.001724696295353,0.0182206274388073,0.0163956586367008,0.0027467276179575,0.0206160479874997,
folded__dinosaur_outline__s04,folded-derived budget -> dinosaur outline (seed 4),folded,dinosaur_outline,4,entropy-transport-blind,ok,1.2391046999837272,0.2142786748224761,0.227,0.5545914678235719,0.4123209597468741,0.7415542512370182,0.107139337411238,0.2734338080877024,0.3052322237046275,0.0,10.0,0.9539170506912442,0.001724696295353,0.0182206274388073,0.0163956586367008,0.0027467276179575,0.0218233353944649,
folded__dinosaur_outline__s04,folded-derived budget -> dinosaur outline (seed 4),folded,dinosaur_outline,4,langevin-blind,ok,29.706167199998163,0.2142786748224761,0.227,0.5545914678235719,0.4123209597468744,0.7415542512370175,0.107139337411238,0.2734338080877027,0.3052322237046275,0.0,10.0,0.9539170506912442,0.001724696295353,0.0182206274388073,0.0163956586367008,0.0027467276179575,0.0206160479874997,
folded__dinosaur_outline__s05,folded-derived budget -> dinosaur outline (seed 5),folded,dinosaur_outline,5,anchor-aware-refiner,ok,0.8486243000079412,0.1697860822491942,0.2305,0.5762637362637363,2.7446133809076048,0.5587231046880554,0.0848930411245971,0.1253533372178419,0.301930922327053,0.0,18.0,0.926241134751773,0.0013070178774354,0.6747902689136862,0.4545557631181565,1.5455587104713822,,
folded__dinosaur_outline__s05,folded-derived budget -> dinosaur outline (seed 5),folded,dinosaur_outline,5,blind-sa,ok,44.253457300015725,0.2179757871263528,0.2305,0.5533453887884268,0.4056546726117538,0.7371382807251083,0.1089878935631764,0.2778366608669971,0.3060153796945105,0.0,16.0,0.948301329394387,0.0019291149616874,0.0358309815232654,0.0099698243885806,0.0927744310448477,0.0216331141040621,0.975
folded__dinosaur_outline__s05,folded-derived budget -> dinosaur outline (seed 5),folded,dinosaur_outline,5,projected-gradient-blind,ok,1.4133434999966994,0.2179757871263528,0.2305,0.5533453887884268,0.4056546726117538,0.7371382807251083,0.1089878935631764,0.277836660866997,0.3060153796945105,0.0,16.0,0.948301329394387,0.0019291149616874,0.0358309815232654,0.0099698243885806,0.0927744310448477,0.0202827336307353,
folded__dinosaur_outline__s05,folded-derived budget -> dinosaur outline (seed 5),folded,dinosaur_outline,5,evolutionary-blind,ok,58.222578199987765,0.2179757871263528,0.2305,0.5533453887884268,0.4056546726117538,0.7371382807251083,0.1089878935631764,0.277836660866997,0.3060153796945105,0.0,16.0,0.948301329394387,0.0019291149616874,0.0358309815232654,0.0099698243885806,0.0927744310448477,0.0216331141040621,
folded__dinosaur_outline__s05,folded-derived budget -> dinosaur outline (seed 5),folded,dinosaur_outline,5,best-of-k-restart-blind,ok,3.242638399999123,0.2179757871263528,0.2305,0.5533453887884268,0.4056546726117538,0.7371382807251083,0.1089878935631764,0.277836660866997,0.3060153796945105,0.0,16.0,0.948301329394387,0.0019291149616874,0.0358309815232654,0.0099698243885806,0.0927744310448477,0.0202827336307353,
folded__dinosaur_outline__s05,folded-derived budget -> dinosaur outline (seed 5),folded,dinosaur_outline,5,entropy-transport-blind,ok,1.295364999998128,0.2179757871263528,0.2305,0.5533453887884268,0.4056546726117538,0.7371382807251109,0.1089878935631764,0.2778366608669979,0.3060153796945105,0.0,16.0,0.948301329394387,0.0019291149616874,0.0358309815232654,0.0099698243885806,0.0927744310448477,0.021633114103948,
folded__dinosaur_outline__s05,folded-derived budget -> dinosaur outline (seed 5),folded,dinosaur_outline,5,langevin-blind,ok,30.738234199990984,0.2179757871263528,0.2305,0.5533453887884268,0.4056546726117538,0.7371382807251083,0.1089878935631764,0.277836660866997,0.3060153796945105,0.0,16.0,0.948301329394387,0.0019291149616874,0.0358309815232654,0.0099698243885806,0.0927744310448477,0.0202827336307353,
folded__dinosaur_outline__s06,folded-derived budget -> dinosaur outline (seed 6),folded,dinosaur_outline,6,anchor-aware-refiner,ok,0.795458900014637,0.1640243165822645,0.233,0.5965532479010164,2.334993971919447,0.5441632697923697,0.0820121582911322,0.1229302903659279,0.3058905064758436,0.0,4.0,0.924315619967794,0.001275750119333,0.6747935631482096,0.4571856735341674,1.578014941118659,,
folded__dinosaur_outline__s06,folded-derived budget -> dinosaur outline (seed 6),folded,dinosaur_outline,6,blind-sa,ok,44.0126542999933,0.2125485345061547,0.233,0.5545160129543001,0.3954094178507158,0.7284932243987098,0.1062742672530773,0.2778005825632984,0.3084046377511764,0.0,2.0,0.9541139240506328,0.0017036128439285,0.0439558242875705,0.0114049801296064,0.1424564014013345,0.0209629998836537,0.95
folded__dinosaur_outline__s06,folded-derived budget -> dinosaur outline (seed 6),folded,dinosaur_outline,6,projected-gradient-blind,ok,1.4755301999975927,0.2125485345061547,0.233,0.5545160129543001,0.3954094178507158,0.7284932243987098,0.1062742672530773,0.2778005825632984,0.3084046377511764,0.0,2.0,0.9541139240506328,0.0017036128439285,0.0439558242875705,0.0114049801296064,0.1424564014013345,0.0197704708927207,
folded__dinosaur_outline__s06,folded-derived budget -> dinosaur outline (seed 6),folded,dinosaur_outline,6,evolutionary-blind,ok,56.81014019998838,0.2125485345061547,0.233,0.5545160129543001,0.3954094178507158,0.7284932243987098,0.1062742672530773,0.2778005825632984,0.3084046377511764,0.0,2.0,0.9541139240506328,0.0017036128439285,0.0439558242875705,0.0114049801296064,0.1424564014013345,0.0209629998836537,
folded__dinosaur_outline__s06,folded-derived budget -> dinosaur outline (seed 6),folded,dinosaur_outline,6,best-of-k-restart-blind,ok,3.121601399994688,0.2125485345061547,0.233,0.5545160129543001,0.3954094178507158,0.7284932243987098,0.1062742672530773,0.2778005825632984,0.3084046377511764,0.0,2.0,0.9541139240506328,0.0017036128439285,0.0439558242875705,0.0114049801296064,0.1424564014013345,0.0197704708927207,
folded__dinosaur_outline__s06,folded-derived budget -> dinosaur outline (seed 6),folded,dinosaur_outline,6,entropy-transport-blind,ok,1.278938899980858,0.2125485345061541,0.233,0.5545160129543001,0.3954094178507156,0.7284932243987097,0.106274267253077,0.2778005825632984,0.3084046377511764,0.0,2.0,0.9541139240506328,0.0017036128439285,0.0439558242875705,0.0114049801296064,0.1424564014013345,0.0209629998836498,
folded__dinosaur_outline__s06,folded-derived budget -> dinosaur outline (seed 6),folded,dinosaur_outline,6,langevin-blind,ok,29.292782100004843,0.2125485345061547,0.233,0.5545160129543001,0.3954094178507158,0.7284932243987098,0.1062742672530773,0.2778005825632984,0.3084046377511764,0.0,2.0,0.9541139240506328,0.0017036128439285,0.0439558242875705,0.0114049801296064,0.1424564014013345,0.0197704708927207,
folded__dinosaur_outline__s07,folded-derived budget -> dinosaur outline (seed 7),folded,dinosaur_outline,7,anchor-aware-refiner,ok,0.8367628000269178,0.1625136165956371,0.237,0.5998209489704566,2.3228485224528748,0.5511154810055673,0.0812568082978185,0.1229162993670061,0.2969538141251177,0.0,19.0,0.9345403899721448,0.0011961059139354,0.6747920073890321,0.4582637548485223,1.5702705471226974,,
folded__dinosaur_outline__s07,folded-derived budget -> dinosaur outline (seed 7),folded,dinosaur_outline,7,blind-sa,ok,43.91212170000654,0.2094390577665786,0.237,0.5470949115842656,0.4173323146737713,0.7442389348632873,0.1047195288832893,0.2748740182444714,0.305494696967148,0.0,20.0,0.9576923076923076,0.0015583426707784,0.0216319271773521,0.0156610069417295,0.0511727048603392,0.0219574556035207,0.9833333333333332
folded__dinosaur_outline__s07,folded-derived budget -> dinosaur outline (seed 7),folded,dinosaur_outline,7,projected-gradient-blind,ok,1.3238535999844316,0.2094390577665786,0.237,0.5470949115842656,0.4173323146737713,0.7442389348632873,0.1047195288832893,0.2748740182444714,0.305494696967148,0.0,20.0,0.9576923076923076,0.0015583426707784,0.0216319271773521,0.0156610069417295,0.0511727048603392,0.0208666157338354,
folded__dinosaur_outline__s07,folded-derived budget -> dinosaur outline (seed 7),folded,dinosaur_outline,7,evolutionary-blind,ok,58.28072459998657,0.2094390577665786,0.237,0.5470949115842656,0.4173323146737713,0.7442389348632873,0.1047195288832893,0.2748740182444714,0.305494696967148,0.0,20.0,0.9576923076923076,0.0015583426707784,0.0216319271773521,0.0156610069417295,0.0511727048603392,0.0219574556035207,
folded__dinosaur_outline__s07,folded-derived budget -> dinosaur outline (seed 7),folded,dinosaur_outline,7,best-of-k-restart-blind,ok,3.4226524000114296,0.2094390577665786,0.237,0.5470949115842656,0.4173323146737713,0.7442389348632873,0.1047195288832893,0.2748740182444714,0.305494696967148,0.0,20.0,0.9576923076923076,0.0015583426707784,0.0216319271773521,0.0156610069417295,0.0511727048603392,0.0208666157338354,
folded__dinosaur_outline__s07,folded-derived budget -> dinosaur outline (seed 7),folded,dinosaur_outline,7,entropy-transport-blind,ok,1.2188109999988228,0.2094390577665783,0.237,0.5470949115842656,0.4173323146737708,0.7442389348632892,0.1047195288832891,0.2748740182444711,0.305494696967148,0.0,20.0,0.9576923076923076,0.0015583426707784,0.0216319271773521,0.0156610069417295,0.0511727048603392,0.021957455603689,
folded__dinosaur_outline__s07,folded-derived budget -> dinosaur outline (seed 7),folded,dinosaur_outline,7,langevin-blind,ok,29.778092300024586,0.2094390577665786,0.237,0.5470949115842656,0.4173323146737713,0.7442389348632873,0.1047195288832893,0.2748740182444714,0.305494696967148,0.0,20.0,0.9576923076923076,0.0015583426707784,0.0216319271773521,0.0156610069417295,0.0511727048603392,0.0208666157338354,
folded__pickaxe_object__s00,folded-derived budget -> pickaxe object (seed 0),folded,pickaxe_object,0,anchor-aware-refiner,ok,0.8484010999964084,0.2972233658912752,0.084,0.1194843827466534,2.4498994857358443,0.9924311752002836,0.1486116829456376,0.2640597214969795,0.5038326677050933,0.0,5.0,0.9637404580152672,0.0123316848998489,0.674871055762361,0.4667168304245699,1.4221444012952442,,
folded__pickaxe_object__s00,folded-derived budget -> pickaxe object (seed 0),folded,pickaxe_object,0,blind-sa,ok,44.8428869000054,0.3413789337113111,0.084,0.1065493646138807,0.2760014586505793,0.992431175200284,0.1706894668556555,0.339766577689437,0.5125468053754155,0.0,11.0,0.9584199584199584,0.0072560947752105,0.175999534822468,0.0401652209729122,0.909389412303144,0.018879339275421,0.9833333333333332
folded__pickaxe_object__s00,folded-derived budget -> pickaxe object (seed 0),folded,pickaxe_object,0,projected-gradient-blind,ok,1.4343345999950543,0.3413997563009943,0.084,0.1065493646138807,0.4252354744896835,0.992382100417646,0.1706998781504971,0.3398007847584047,0.5125468053754155,0.0,11.0,0.9584199584199584,0.0072606909906902,0.1463199818141438,0.0705739517944957,0.7602410894012874,0.0219431203892368,
folded__pickaxe_object__s00,folded-derived budget -> pickaxe object (seed 0),folded,pickaxe_object,0,evolutionary-blind,ok,57.78264859999763,0.3413789337113111,0.084,0.1065493646138807,0.2760014586505793,0.992431175200284,0.1706894668556555,0.339766577689437,0.5125468053754155,0.0,11.0,0.9584199584199584,0.0072560947752105,0.175999534822468,0.0401652209729122,0.909389412303144,0.018879339275421,
folded__pickaxe_object__s00,folded-derived budget -> pickaxe object (seed 0),folded,pickaxe_object,0,best-of-k-restart-blind,ok,3.184531299979426,0.3413735050547356,0.084,0.106601466992665,0.3074504797346531,0.9924263651931906,0.1706867525273678,0.3397645592088592,0.5125468053754155,0.0,11.0,0.95850622406639,0.0072562719831322,0.1699519513113719,0.046683279624026,0.8857386089177242,0.0155217907241056,
folded__pickaxe_object__s00,folded-derived budget -> pickaxe object (seed 0),folded,pickaxe_object,0,entropy-transport-blind,ok,1.2240211000025738,0.3413789337113111,0.084,0.1065493646138807,0.2760014586505804,0.9924311752002828,0.1706894668556555,0.339766577689437,0.5125468053754155,0.0,11.0,0.9584199584199584,0.0072560947752105,0.175999534822468,0.0401652209729122,0.909389412303144,0.0188793392755779,
folded__pickaxe_object__s00,folded-derived budget -> pickaxe object (seed 0),folded,pickaxe_object,0,langevin-blind,ok,29.547239300009096,0.3413789337113111,0.084,0.1065493646138807,0.2760014586505793,0.992431175200284,0.1706894668556555,0.339766577689437,0.5125468053754155,0.0,11.0,0.9584199584199584,0.0072560947752105,0.175999534822468,0.0401652209729122,0.909389412303144,0.0138000729326528,
folded__pickaxe_object__s01,folded-derived budget -> pickaxe object (seed 1),folded,pickaxe_object,1,anchor-aware-refiner,ok,0.8101696000085212,0.2971119932002932,0.0845,0.1222056631892697,2.368807128080442,0.9922087511574004,0.1485559966001466,0.2640276171168619,0.5038326677050933,0.0,3.0,0.9652509652509652,0.0122498105410548,0.6748748441306216,0.4628375241443372,1.4196036594021306,,
folded__pickaxe_object__s01,folded-derived budget -> pickaxe object (seed 1),folded,pickaxe_object,1,blind-sa,ok,43.72863460000372,0.3411328627545156,0.0845,0.1064973131411822,0.2833528527940217,0.9922087511574004,0.1705664313772578,0.3398432453276299,0.5125468053754155,0.0,11.0,0.9583333333333334,0.0071147934938206,0.1732213353061336,0.0384717345194419,0.8927798965203106,0.0191479980857864,0.975
folded__pickaxe_object__s01,folded-derived budget -> pickaxe object (seed 1),folded,pickaxe_object,1,projected-gradient-blind,ok,1.3494817999890074,0.3412307213542191,0.0845,0.1064973131411822,0.444753767129889,0.9920926020505026,0.1706153606771095,0.3398576606831854,0.5125468053754155,0.0,11.0,0.9583333333333334,0.0071223862330863,0.1473563380106596,0.0722983111167779,0.7494730733976593,0.0233054925818165,
folded__pickaxe_object__s01,folded-derived budget -> pickaxe object (seed 1),folded,pickaxe_object,1,evolutionary-blind,ok,57.61791699999594,0.3411328627545156,0.0845,0.1064973131411822,0.2833528527940217,0.9922087511574004,0.1705664313772578,0.3398432453276299,0.5125468053754155,0.0,11.0,0.9583333333333334,0.0071147934938206,0.1732213353061336,0.0384717345194419,0.8927798965203106,0.0191479980857864,
folded__pickaxe_object__s01,folded-derived budget -> pickaxe object (seed 1),folded,pickaxe_object,1,best-of-k-restart-blind,ok,3.287029800005257,0.3411544980901512,0.0845,0.1055202735710796,0.3324390207451769,0.9922249152445828,0.1705772490450756,0.3398628578433011,0.5125468053754155,0.0,11.0,0.9584199584199584,0.0071138341727528,0.1613341276749788,0.0478828676074121,0.8459328560929382,0.0167890284336475,
folded__pickaxe_object__s01,folded-derived budget -> pickaxe object (seed 1),folded,pickaxe_object,1,entropy-transport-blind,ok,1.224319100001594,0.3411328627545154,0.0845,0.1064973131411822,0.2833528527940205,0.9922087511573996,0.1705664313772577,0.3398432453276302,0.5125468053754155,0.0,11.0,0.9583333333333334,0.0071147934938206,0.1732213353061336,0.0384717345194419,0.8927798965203106,0.0191479980859952,
folded__pickaxe_object__s01,folded-derived budget -> pickaxe object (seed 1),folded,pickaxe_object,1,langevin-blind,ok,30.04894899998908,0.3411328627545156,0.0845,0.1064973131411822,0.2833528527940217,0.9922087511574004,0.1705664313772578,0.3398432453276299,0.5125468053754155,0.0,11.0,0.9583333333333334,0.0071147934938206,0.1732213353061336,0.0384717345194419,0.8927798965203106,0.0141676426399077,
folded__pickaxe_object__s02,folded-derived budget -> pickaxe object (seed 2),folded,pickaxe_object,2,anchor-aware-refiner,ok,0.8210810000018682,0.2972081358253295,0.085,0.1207920792079207,2.354376462827468,0.9921371529364386,0.1486040679126647,0.2640479011143781,0.5038326677050933,0.0,1.0,0.9636711281070746,0.0123554091169346,0.6748718076013482,0.4548226108273333,1.4216336889341032,,
folded__pickaxe_object__s02,folded-derived budget -> pickaxe object (seed 2),folded,pickaxe_object,2,blind-sa,ok,44.43526110000676,0.3410859509310621,0.085,0.1065493646138807,0.2970491543536869,0.9921371529364384,0.170542975465531,0.3397358737194481,0.5125468053754155,0.0,11.0,0.9582463465553236,0.0070923219450338,0.1691835853648361,0.0385320621015823,0.8805438904596661,0.0198170830797453,0.9583333333333334
folded__pickaxe_object__s02,folded-derived budget -> pickaxe object (seed 2),folded,pickaxe_object,2,projected-gradient-blind,ok,1.4512299000052735,0.3410872761138839,0.085,0.1064973131411822,0.3196274707863169,0.99215083674087,0.1705436380569419,0.3397386868308302,0.5125468053754155,0.0,11.0,0.9584199584199584,0.0070923416869335,0.1634347585788796,0.044617443119881,0.8512936371754918,0.0161252558688009,
folded__pickaxe_object__s02,folded-derived budget -> pickaxe object (seed 2),folded,pickaxe_object,2,evolutionary-blind,ok,58.71110119999503,0.3410859509310621,0.085,0.1065493646138807,0.2970491543536869,0.9921371529364384,0.170542975465531,0.3397358737194481,0.5125468053754155,0.0,11.0,0.9582463465553236,0.0070923219450338,0.1691835853648361,0.0385320621015823,0.8805438904596661,0.0198170830797453,
folded__pickaxe_object__s02,folded-derived budget -> pickaxe object (seed 2),folded,pickaxe_object,2,best-of-k-restart-blind,ok,3.2550998000078835,0.3410872761138839,0.085,0.1064973131411822,0.3196274707863169,0.99215083674087,0.1705436380569419,0.3397386868308302,0.5125468053754155,0.0,11.0,0.9584199584199584,0.0070923416869335,0.1634347585788796,0.044617443119881,0.8512936371754918,0.0161252558688009,
folded__pickaxe_object__s02,folded-derived budget -> pickaxe object (seed 2),folded,pickaxe_object,2,entropy-transport-blind,ok,1.2752129999862518,0.3410859509310619,0.085,0.1065493646138807,0.2970491543536899,0.9921371529364374,0.1705429754655309,0.3397358737194479,0.5125468053754155,0.0,11.0,0.9582463465553236,0.0070923219450338,0.1691835853648361,0.0385320621015823,0.8805438904596661,0.0198170830799445,
folded__pickaxe_object__s02,folded-derived budget -> pickaxe object (seed 2),folded,pickaxe_object,2,langevin-blind,ok,29.31589550001081,0.3410859509310621,0.085,0.1065493646138807,0.2970491543536869,0.9921371529364384,0.170542975465531,0.3397358737194481,0.5125468053754155,0.0,11.0,0.9582463465553236,0.0070923219450338,0.1691835853648361,0.0385320621015823,0.8805438904596661,0.0148524577179605,
folded__pickaxe_object__s03,folded-derived budget -> pickaxe object (seed 3),folded,pickaxe_object,3,anchor-aware-refiner,ok,0.8179026999860071,0.2971486442816075,0.0845,0.121,2.428153080630969,0.9917657951801532,0.1485743221408037,0.2640271195645345,0.5070433359763856,0.0,2.0,0.9638095238095238,0.012275118000277,0.6748666063899333,0.469078459901413,1.4252357170687235,,
folded__pickaxe_object__s03,folded-derived budget -> pickaxe object (seed 3),folded,pickaxe_object,3,blind-sa,ok,43.25521969998954,0.3409959096286598,0.0845,0.1025891548607718,0.2883037174995193,0.9917657951801532,0.1704979548143299,0.3394158681620348,0.5125468053754155,0.0,11.0,0.9583333333333334,0.0070560103830235,0.1741725916855679,0.0404534932627358,0.9015303636462016,0.0193543931434915,0.975
folded__pickaxe_object__s03,folded-derived budget -> pickaxe object (seed 3),folded,pickaxe_object,3,projected-gradient-blind,ok,1.395323599979747,0.3410256217533697,0.0845,0.1025891548607718,0.3316512943544926,0.991758640521302,0.1705128108766848,0.339421123504154,0.5125468053754155,0.0,11.0,0.9583333333333334,0.0070563593540793,0.1635346291784144,0.0520906373311512,0.8479981939822006,0.0167570697547529,
folded__pickaxe_object__s03,folded-derived budget -> pickaxe object (seed 3),folded,pickaxe_object,3,evolutionary-blind,ok,56.87825160002103,0.3409959096286598,0.0845,0.1025891548607718,0.2883037174995195,0.9917657951801532,0.1704979548143299,0.3394158681620349,0.5125468053754155,0.0,11.0,0.9583333333333334,0.0070560103830235,0.1741725916855679,0.0404534932627358,0.9015303636462016,0.0193543931435057,
folded__pickaxe_object__s03,folded-derived budget -> pickaxe object (seed 3),folded,pickaxe_object,3,best-of-k-restart-blind,ok,3.205924200010486,0.3410077897988074,0.0845,0.1040547142159257,0.3225026156239003,0.9917662515511612,0.1705038948994037,0.3394238430031194,0.5125468053754155,0.0,11.0,0.9583333333333334,0.0070554780359002,0.1657735764118333,0.0487263982306356,0.8702331474549871,0.0162663074559373,
folded__pickaxe_object__s03,folded-derived budget -> pickaxe object (seed 3),folded,pickaxe_object,3,entropy-transport-blind,ok,1.230837899987819,0.3409959096286597,0.0845,0.1025891548607718,0.2883037174995179,0.9917657951801516,0.1704979548143298,0.3394158681620349,0.5125468053754155,0.0,11.0,0.9583333333333334,0.0070560103830235,0.1741725916855679,0.0404534932627358,0.9015303636462016,0.0193543931437484,
folded__pickaxe_object__s03,folded-derived budget -> pickaxe object (seed 3),folded,pickaxe_object,3,langevin-blind,ok,29.37226260002353,0.3409959096286598,0.0845,0.1025891548607718,0.2883037174995195,0.9917657951801532,0.1704979548143299,0.3394158681620349,0.5125468053754155,0.0,11.0,0.9583333333333334,0.0070560103830235,0.1741725916855679,0.0404534932627358,0.9015303636462016,0.0144151858751849,
folded__pickaxe_object__s04,folded-derived budget -> pickaxe object (seed 4),folded,pickaxe_object,4,anchor-aware-refiner,ok,0.8338335999869741,0.2972282725507621,0.0835,0.118669314796425,2.263682466914189,0.9926726096415766,0.148614136275381,0.2640619649441822,0.5038326677050933,0.0,10.0,0.9631782945736436,0.0122986743378735,0.6748718076013482,0.4555344966494749,1.4216336889341032,,
folded__pickaxe_object__s04,folded-derived budget -> pickaxe object (seed 4),folded,pickaxe_object,4,blind-sa,ok,43.26816079998389,0.3413078509370377,0.0835,0.1061643835616438,0.2999926168039247,0.9926726096415768,0.1706539254685188,0.33995271070356,0.5125468053754155,0.0,11.0,0.9584199584199584,0.0072703471131771,0.1678611983795844,0.0393721103779189,0.8828829778821556,0.0200888738196281,0.975
folded__pickaxe_object__s04,folded-derived budget -> pickaxe object (seed 4),folded,pickaxe_object,4,projected-gradient-blind,ok,1.3333113000262529,0.3413741552242135,0.083,0.106060606060606,0.3849523102410401,0.9927686654426042,0.1706870776121067,0.3400223770827266,0.5125468053754155,0.0,11.0,0.95850622406639,0.0072689204134296,0.1469016840106659,0.0537506900908803,0.8051374175697472,0.0201032537390953,
folded__pickaxe_object__s04,folded-derived budget -> pickaxe object (seed 4),folded,pickaxe_object,4,evolutionary-blind,ok,58.33862859997316,0.3413078509370377,0.0835,0.1061643835616438,0.2999926168039247,0.9926726096415768,0.1706539254685188,0.33995271070356,0.5125468053754155,0.0,11.0,0.9584199584199584,0.0072703471131771,0.1678611983795844,0.0393721103779189,0.8828829778821556,0.0200888738196281,
folded__pickaxe_object__s04,folded-derived budget -> pickaxe object (seed 4),folded,pickaxe_object,4,best-of-k-restart-blind,ok,3.202847999986261,0.3413741552242135,0.083,0.106060606060606,0.3849523102410401,0.9927686654426042,0.1706870776121067,0.3400223770827266,0.5125468053754155,0.0,11.0,0.95850622406639,0.0072689204134296,0.1469016840106659,0.0537506900908803,0.8051374175697472,0.0201032537390953,
folded__pickaxe_object__s04,folded-derived budget -> pickaxe object (seed 4),folded,pickaxe_object,4,entropy-transport-blind,ok,1.3210724999953527,0.3413078509370378,0.0835,0.1061643835616438,0.2999926168039258,0.9926726096415774,0.1706539254685189,0.3399527107035598,0.5125468053754155,0.0,11.0,0.9584199584199584,0.0072703471131771,0.1678611983795844,0.0393721103779189,0.8828829778821556,0.0200888738196788,
folded__pickaxe_object__s04,folded-derived budget -> pickaxe object (seed 4),folded,pickaxe_object,4,langevin-blind,ok,30.828951200004667,0.3413078509370377,0.0835,0.1061643835616438,0.2999926168039247,0.9926726096415768,0.1706539254685188,0.33995271070356,0.5125468053754155,0.0,11.0,0.9584199584199584,0.0072703471131771,0.1678611983795844,0.0393721103779189,0.8828829778821556,0.0149996308403029,
folded__pickaxe_object__s05,folded-derived budget -> pickaxe object (seed 5),folded,pickaxe_object,5,anchor-aware-refiner,ok,0.919066300004488,0.2976173594884927,0.083,0.1227634194831013,2.266277343621208,0.9945876229063318,0.1488086797442463,0.264303267504787,0.5070433359763856,0.0,7.0,0.9633204633204632,0.0122115224830984,0.6748725623627478,0.4532115293069924,1.4211242601058292,,
folded__pickaxe_object__s05,folded-derived budget -> pickaxe object (seed 5),folded,pickaxe_object,5,blind-sa,ok,43.56125970001449,0.3418782122412699,0.083,0.1052373959862946,0.2817020804270852,0.9945876229063328,0.1709391061206349,0.3406529993459702,0.5157330278368056,0.0,11.0,0.9583333333333334,0.0073910037535559,0.1748604974895672,0.0375163182711546,0.4173323386766234,0.0192588066492525,0.9833333333333332
folded__pickaxe_object__s05,folded-derived budget -> pickaxe object (seed 5),folded,pickaxe_object,5,projected-gradient-blind,ok,1.3410489000089,0.3419085767773293,0.083,0.1052373959862946,0.3622591278106337,0.9947149203392364,0.1709542883886646,0.3407011652160773,0.5157330278368056,0.0,11.0,0.9583333333333334,0.0073859824906564,0.1585753256083557,0.0494796310500765,0.3578701281376784,0.0190056558840832,
folded__pickaxe_object__s05,folded-derived budget -> pickaxe object (seed 5),folded,pickaxe_object,5,evolutionary-blind,ok,57.69020740000997,0.3418782122412699,0.083,0.1052373959862946,0.2817020804270854,0.9945876229063328,0.1709391061206349,0.3406529993459702,0.5157330278368056,0.0,11.0,0.9583333333333334,0.0073910037535559,0.1748604974895672,0.0375163182711546,0.4173323386766234,0.0192588066492597,
folded__pickaxe_object__s05,folded-derived budget -> pickaxe object (seed 5),folded,pickaxe_object,5,best-of-k-restart-blind,ok,3.206082799995784,0.3418948857651485,0.083,0.1052373959862946,0.3346507963914206,0.9946035629297654,0.1709474428825742,0.3406783217936499,0.5157330278368056,0.0,11.0,0.9583333333333334,0.0073902410457768,0.1500843384360654,0.0486185885180662,0.398696100989347,0.0171348458774563,
folded__pickaxe_object__s05,folded-derived budget -> pickaxe object (seed 5),folded,pickaxe_object,5,entropy-transport-blind,ok,1.1961134999874048,0.3418782122412699,0.083,0.1052373959862946,0.2817020804270851,0.9945876229063324,0.1709391061206349,0.3406529993459696,0.5157330278368056,0.0,11.0,0.9583333333333334,0.0073910037535559,0.1748604974895672,0.0375163182711546,0.4173323386766234,0.0192588066492557,
folded__pickaxe_object__s05,folded-derived budget -> pickaxe object (seed 5),folded,pickaxe_object,5,langevin-blind,ok,29.83667579997564,0.3418782122412699,0.083,0.1052373959862946,0.2817020804270854,0.9945876229063328,0.1709391061206349,0.3406529993459702,0.5157330278368056,0.0,11.0,0.9583333333333334,0.0073910037535559,0.1748604974895672,0.0375163182711546,0.4173323386766234,0.014085104021568,
folded__pickaxe_object__s06,folded-derived budget -> pickaxe object (seed 6),folded,pickaxe_object,6,anchor-aware-refiner,ok,0.8120570000028238,0.2973152885735207,0.083,0.1263791374122367,2.393591665431128,0.992501370385466,0.1486576442867603,0.2641024765559085,0.5070433359763856,0.0,3.0,0.9657142857142856,0.0122186729468465,0.6748644215821291,0.468959208241676,1.4267988299769618,,
folded__pickaxe_object__s06,folded-derived budget -> pickaxe object (seed 6),folded,pickaxe_object,6,blind-sa,ok,44.04017669998575,0.341314509133019,0.083,0.1036168132942326,0.3047850032562609,0.9925013703854656,0.1706572545665095,0.3397231781664818,0.5125468053754155,0.0,11.0,0.9582463465553236,0.0072518322238193,0.1700315143398172,0.0403549748839612,0.8965096545680351,0.0203155327196117,0.9833333333333332
folded__pickaxe_object__s06,folded-derived budget -> pickaxe object (seed 6),folded,pickaxe_object,6,projected-gradient-blind,ok,1.3912203999934718,0.3414309416967977,0.083,0.1036168132942326,0.4108681408147641,0.9925718178992966,0.1707154708483988,0.3397658543997419,0.5125468053754155,0.0,11.0,0.9582463465553236,0.0072512047587181,0.1315831042130926,0.0614816220443262,0.3484661298049358,0.0214013944851926,
folded__pickaxe_object__s06,folded-derived budget -> pickaxe object (seed 6),folded,pickaxe_object,6,evolutionary-blind,ok,57.27895450001233,0.341314509133019,0.083,0.1036168132942326,0.3047850032562609,0.9925013703854656,0.1706572545665095,0.3397231781664818,0.5125468053754155,0.0,11.0,0.9582463465553236,0.0072518322238193,0.1700315143398172,0.0403549748839612,0.8965096545680351,0.0203155327196117,
folded__pickaxe_object__s06,folded-derived budget -> pickaxe object (seed 6),folded,pickaxe_object,6,best-of-k-restart-blind,ok,3.0365007999935187,0.3413301634836664,0.083,0.1036168132942326,0.3342610089352291,0.992540078721512,0.1706650817418332,0.3397352382996746,0.5125468053754155,0.0,11.0,0.9582463465553236,0.0072512444601193,0.1654850826859444,0.0464432254071461,0.8675189443926559,0.0169731715216381,
folded__pickaxe_object__s06,folded-derived budget -> pickaxe object (seed 6),folded,pickaxe_object,6,entropy-transport-blind,ok,1.1905912999936843,0.3413145091330187,0.083,0.1036168132942326,0.3047850032562617,0.9925013703854646,0.1706572545665093,0.3397231781664817,0.5125468053754155,0.0,11.0,0.9582463465553236,0.0072518322238193,0.1700315143398172,0.0403549748839612,0.8965096545680351,0.0203155327198921,
folded__pickaxe_object__s06,folded-derived budget -> pickaxe object (seed 6),folded,pickaxe_object,6,langevin-blind,ok,29.313585399999283,0.341314509133019,0.083,0.1036168132942326,0.3047850032562609,0.9925013703854656,0.1706572545665095,0.3397231781664818,0.5125468053754155,0.0,11.0,0.9582463465553236,0.0072518322238193,0.1700315143398172,0.0403549748839612,0.8965096545680351,0.015239250162876,
folded__pickaxe_object__s07,folded-derived budget -> pickaxe object (seed 7),folded,pickaxe_object,7,anchor-aware-refiner,ok,0.903225999994902,0.296855904220729,0.085,0.1233217304823471,2.349748613120988,0.9903400843689508,0.1484279521103645,0.2638467042772016,0.5038326677050933,0.0,0.0,0.9675572519083968,0.012150928322512,0.6748718076013482,0.4594644357184878,1.4216336889341032,,
folded__pickaxe_object__s07,folded-derived budget -> pickaxe object (seed 7),folded,pickaxe_object,7,blind-sa,ok,44.08001710000099,0.3406299010405244,0.085,0.1070381231671554,0.3100352505091708,0.990340084368951,0.1703149505202622,0.3391529037084721,0.5125468053754155,0.0,11.0,0.95850622406639,0.00686369817584,0.1852589216568308,0.0400363430887904,0.9121933754893632,0.0203063512491046,0.9916666666666668
folded__pickaxe_object__s07,folded-derived budget -> pickaxe object (seed 7),folded,pickaxe_object,7,projected-gradient-blind,ok,1.3935468000127005,0.3407064876436346,0.0845,0.1070381231671554,0.4669599087420572,0.9902363226482822,0.1703532438218173,0.3391770220950108,0.5125468053754155,0.0,11.0,0.95850622406639,0.0068700582037951,0.1586543112064359,0.071059797887004,0.780941215156842,0.0245209937108815,
folded__pickaxe_object__s07,folded-derived budget -> pickaxe object (seed 7),folded,pickaxe_object,7,evolutionary-blind,ok,57.1488837999932,0.3406299010405244,0.085,0.1070381231671554,0.3100352505091708,0.990340084368951,0.1703149505202622,0.3391529037084721,0.5125468053754155,0.0,11.0,0.95850622406639,0.00686369817584,0.1852589216568308,0.0400363430887904,0.9121933754893632,0.0203063512491046,
folded__pickaxe_object__s07,folded-derived budget -> pickaxe object (seed 7),folded,pickaxe_object,7,best-of-k-restart-blind,ok,3.1941854000033345,0.3406379826628767,0.0855,0.1070381231671554,0.3497713841775773,0.990360805640276,0.1703189913314383,0.3391571474740741,0.5125468053754155,0.0,11.0,0.95850622406639,0.0068627211056728,0.1783131541190976,0.0488889094451974,0.871150900491451,0.0178754030219171,
folded__pickaxe_object__s07,folded-derived budget -> pickaxe object (seed 7),folded,pickaxe_object,7,entropy-transport-blind,ok,1.1926200999878347,0.3406299010405244,0.085,0.1070381231671554,0.3100352505091712,0.990340084368952,0.1703149505202622,0.3391529037084727,0.5125468053754155,0.0,11.0,0.95850622406639,0.00686369817584,0.1852589216568308,0.0400363430887904,0.9121933754893632,0.0203063512489243,
folded__pickaxe_object__s07,folded-derived budget -> pickaxe object (seed 7),folded,pickaxe_object,7,langevin-blind,ok,29.33848110001417,0.3406299010405244,0.085,0.1070381231671554,0.3100352505091708,0.990340084368951,0.1703149505202622,0.3391529037084721,0.5125468053754155,0.0,11.0,0.95850622406639,0.00686369817584,0.1852589216568308,0.0400363430887904,0.9121933754893632,0.0155017625257395,
folded__rope_knot__s00,folded-derived budget -> rope knot (seed 0),folded,rope_knot,0,anchor-aware-refiner,ok,0.8101360999862663,0.2995735831983818,0.055,0.0372948781700646,2.8743278438278894,1.0967345441213758,0.1497867915991909,0.2656441052555675,0.59016551812665,0.0,14.0,0.9899193548387096,0.0566959188924283,0.6748102710737557,0.4818053996666988,1.6201769712895544,,
folded__rope_knot__s00,folded-derived budget -> rope knot (seed 0),folded,rope_knot,0,blind-sa,ok,43.85260390001349,0.3297179924871309,0.055,0.0383669454008853,0.7167485973244856,1.096732517360141,0.1648589962435654,0.3668964393008782,0.599695542611977,0.0,15.0,0.9920948616600792,0.0639852792339784,0.337302771632858,0.3079924050829909,0.3586758630249116,0.0806823230740743,0.9916666666666668
folded__rope_knot__s00,folded-derived budget -> rope knot (seed 0),folded,rope_knot,0,projected-gradient-blind,ok,1.384933399996953,0.3297246757577338,0.055,0.0383858267716535,0.9348154583571572,1.0966886191680745,0.1648623378788669,0.3669136332407703,0.599695542611977,0.0,15.0,0.9920948616600792,0.0640556532970093,0.2951477259253461,0.3458064419696998,0.1928713871462157,0.0475199526129383,
folded__rope_knot__s00,folded-derived budget -> rope knot (seed 0),folded,rope_knot,0,evolutionary-blind,ok,57.36652979999781,0.3297169801244653,0.055,0.0383669454008853,0.6470568913293611,1.0967345441213758,0.1648584900622326,0.366897166063045,0.599695542611977,0.0,15.0,0.9920948616600792,0.063987332274106,0.3407799260287117,0.2963495947561265,0.3659070118003074,0.0771439771588008,
folded__rope_knot__s00,folded-derived budget -> rope knot (seed 0),folded,rope_knot,0,best-of-k-restart-blind,ok,3.2186633000092115,0.3297505390265595,0.055,0.0383669454008853,0.9108244313980278,1.0967044572758875,0.1648752695132797,0.3669193980884078,0.599695542611977,0.0,15.0,0.9920948616600792,0.0640666652774888,0.3053441668220003,0.3409621993754949,0.2119593391609497,0.0462177271670053,
folded__rope_knot__s00,folded-derived budget -> rope knot (seed 0),folded,rope_knot,0,entropy-transport-blind,ok,1.2087995000183582,0.3297169801244654,0.055,0.0383669454008853,0.6470568913293641,1.0967345441213767,0.1648584900622327,0.3668971660630459,0.599695542611977,0.0,15.0,0.9920948616600792,0.063987332274106,0.3407799260287117,0.2963495947561265,0.3659070118003074,0.0771439771586828,
folded__rope_knot__s00,folded-derived budget -> rope knot (seed 0),folded,rope_knot,0,langevin-blind,ok,29.26473170000827,0.3297169801244653,0.055,0.0383669454008853,0.6470568913293611,1.0967345441213758,0.1648584900622326,0.366897166063045,0.599695542611977,0.0,15.0,0.9920948616600792,0.063987332274106,0.3407799260287117,0.2963495947561265,0.3659070118003074,0.0323528445666992,
folded__rope_knot__s01,folded-derived budget -> rope knot (seed 1),folded,rope_knot,1,anchor-aware-refiner,ok,0.8129426999948919,0.2935630572403491,0.0575,0.0454770143351458,2.9881010736553337,1.050062671660023,0.1467815286201745,0.2623040826030205,0.5910972643566506,0.0,15.0,0.9899193548387096,0.0517448171871709,0.6748243724659777,0.475733129763069,1.6419936276126816,,
folded__rope_knot__s01,folded-derived budget -> rope knot (seed 1),folded,rope_knot,1,blind-sa,ok,44.682497800007695,0.3207900564400223,0.0575,0.0423228346456692,0.6786219894086214,1.050064829056808,0.1603950282200111,0.357713638420978,0.5961978308255891,0.0,15.0,0.9901185770750988,0.0641588011577515,0.1370289953065824,0.2986151586401317,0.0351287812194642,0.0788973006429101,0.9833333333333332
folded__rope_knot__s01,folded-derived budget -> rope knot (seed 1),folded,rope_knot,1,projected-gradient-blind,ok,1.3408622999850195,0.3207694939638199,0.0575,0.0428149606299212,0.8892861958843774,1.050030343688297,0.1603847469819099,0.3577161519001582,0.5961978308255891,0.0,15.0,0.9901185770750988,0.0641568165269215,0.1036638146188532,0.333829466103504,0.0102885464467963,0.0455090859928889,
folded__rope_knot__s01,folded-derived budget -> rope knot (seed 1),folded,rope_knot,1,evolutionary-blind,ok,57.976182699989295,0.3207904518207824,0.0575,0.0423228346456692,0.6171111127100196,1.050062671660023,0.1603952259103912,0.3577112127242853,0.5961978308255891,0.0,15.0,0.9901185770750988,0.0641589784424065,0.2453732718211992,0.288848359785942,0.1638491972971669,0.0757668405455629,
folded__rope_knot__s01,folded-derived budget -> rope knot (seed 1),folded,rope_knot,1,best-of-k-restart-blind,ok,3.2907176000007894,0.3208560814384116,0.057,0.0423228346456692,0.8945838546373905,1.050096061656992,0.1604280407192058,0.3576993518630337,0.5961978308255891,0.0,15.0,0.9901185770750988,0.0641580148314584,0.105504986054833,0.3358545551711177,0.0023479564817574,0.0454741628034538,
folded__rope_knot__s01,folded-derived budget -> rope knot (seed 1),folded,rope_knot,1,entropy-transport-blind,ok,1.2530832000193186,0.3207904518207825,0.0575,0.0423228346456692,0.617111112710018,1.050062671660024,0.1603952259103912,0.3577112127242847,0.5961978308255891,0.0,15.0,0.9901185770750988,0.0641589784424065,0.2453732718211992,0.288848359785942,0.1638491972971669,0.0757668405455076,
folded__rope_knot__s01,folded-derived budget -> rope knot (seed 1),folded,rope_knot,1,langevin-blind,ok,29.629930900002364,0.3207904518207824,0.0575,0.0423228346456692,0.6171111127100196,1.050062671660023,0.1603952259103912,0.3577112127242853,0.5961978308255891,0.0,15.0,0.9901185770750988,0.0641589784424065,0.2453732718211992,0.288848359785942,0.1638491972971669,0.0308555556356917,
folded__rope_knot__s02,folded-derived budget -> rope knot (seed 2),folded,rope_knot,2,anchor-aware-refiner,ok,0.8598532000032719,0.2935608360662035,0.0575,0.0422885572139303,2.678043081792773,1.0687066956661233,0.1467804180331017,0.2627717700874653,0.5910972643566506,0.0,15.0,0.9899193548387096,0.0553073018327614,0.6748130872504223,0.4677289027749129,1.625036077918598,,
folded__rope_knot__s02,folded-derived budget -> rope knot (seed 2),folded,rope_knot,2,blind-sa,ok,43.54439409999759,0.3250917308889788,0.0575,0.0395256916996047,0.6519250629850684,1.068708563255394,0.1625458654444894,0.3564112094440565,0.599695542611977,0.0,15.0,0.9880478087649402,0.0675615547823611,0.3216632987433673,0.2993846309021504,0.3281459603635945,0.0799642762759994,0.9666666666666668
folded__rope_knot__s02,folded-derived budget -> rope knot (seed 2),folded,rope_knot,2,projected-gradient-blind,ok,1.3484847999934573,0.3251020006179237,0.0575,0.0395452298566485,0.8700134493558814,1.068794864880788,0.1625510003089618,0.3564303452991775,0.599695542611977,0.0,15.0,0.9880478087649402,0.0675560533128517,0.2860861269584254,0.3333524066705078,0.211183327586756,0.0455579886551273,
folded__rope_knot__s02,folded-derived budget -> rope knot (seed 2),folded,rope_knot,2,evolutionary-blind,ok,57.857865500001935,0.3250968496353415,0.0575,0.0395256916996047,0.5815485351779578,1.0687066956661238,0.1625484248176707,0.3564097765669494,0.599695542611977,0.0,15.0,0.9880478087649402,0.0675570508678548,0.2776362800707387,0.2880022419152027,0.3358018109583751,0.0763673623666888,
folded__rope_knot__s02,folded-derived budget -> rope knot (seed 2),folded,rope_knot,2,best-of-k-restart-blind,ok,3.235427800012985,0.32510575380583,0.0575,0.0395256916996047,0.8509205925607638,1.0687219051605197,0.162552876902915,0.3564274559323585,0.599695542611977,0.0,15.0,0.9880478087649402,0.067556366948852,0.2979881305633905,0.3318988648726047,0.2208282657969926,0.0429364303982144,
folded__rope_knot__s02,folded-derived budget -> rope knot (seed 2),folded,rope_knot,2,entropy-transport-blind,ok,1.2027393000025768,0.3250968496353417,0.0575,0.0395256916996047,0.5815485351779578,1.0687066956661246,0.1625484248176708,0.3564097765669502,0.599695542611977,0.0,15.0,0.9880478087649402,0.0675570508678548,0.2776362800707387,0.2880022419152027,0.3358018109583751,0.0763673623668465,
folded__rope_knot__s02,folded-derived budget -> rope knot (seed 2),folded,rope_knot,2,langevin-blind,ok,29.602222300018184,0.3250968496353415,0.0575,0.0395256916996047,0.5815485351779578,1.0687066956661238,0.1625484248176707,0.3564097765669494,0.599695542611977,0.0,15.0,0.9880478087649402,0.0675570508678548,0.2776362800707387,0.2880022419152027,0.3358018109583751,0.0290774267590465,
folded__rope_knot__s03,folded-derived budget -> rope knot (seed 3),folded,rope_knot,3,anchor-aware-refiner,ok,0.83354690001579,0.291056075313218,0.0565,0.0461997019374068,2.7596655720067265,1.0510847018298697,0.145528037656609,0.2604209816277481,0.5915535994859864,0.0,15.0,0.98989898989899,0.0516791868093761,0.6748092049841263,0.4685688878148558,1.6182492202915242,,
folded__rope_knot__s03,folded-derived budget -> rope knot (seed 3),folded,rope_knot,3,blind-sa,ok,43.67094040001393,0.3203857409471655,0.0565,0.0384995064165844,0.6093063694138988,1.0510852360786571,0.1601928704735827,0.3441925589908208,0.5961978308255891,0.0,15.0,0.9860834990059644,0.0613413040661176,0.2417653306676014,0.3004236806222939,0.4137114905511372,0.073434543893969,0.975
folded__rope_knot__s03,folded-derived budget -> rope knot (seed 3),folded,rope_knot,3,projected-gradient-blind,ok,1.3647003999794831,0.3203739349084754,0.057,0.0389930898321816,0.8185030285232755,1.0511805936929457,0.1601869674542377,0.3442011515410407,0.5961978308255891,0.0,15.0,0.9860834990059644,0.0613320920962778,0.2185756997608533,0.3312796179198766,0.2843712996546923,0.0438997319141109,
folded__rope_knot__s03,folded-derived budget -> rope knot (seed 3),folded,rope_knot,3,evolutionary-blind,ok,57.12207010001293,0.3203853606148475,0.0565,0.0384995064165844,0.5379615026204487,1.05108470182987,0.1601926803074237,0.3441901388310561,0.5961978308255891,0.0,15.0,0.9860834990059644,0.0613405337076569,0.2189189824461062,0.2887948154413762,0.2998361145923549,0.0698364487267746,
folded__rope_knot__s03,folded-derived budget -> rope knot (seed 3),folded,rope_knot,3,best-of-k-restart-blind,ok,3.2050148000125773,0.3203734107999835,0.0565,0.0384995064165844,0.7793882049470533,1.0510862220508703,0.1601867053999917,0.3442024536101779,0.5961978308255891,0.0,15.0,0.9860834990059644,0.0613431874426804,0.2226892998887336,0.3283777336906799,0.292137057997065,0.0394128640321537,
folded__rope_knot__s03,folded-derived budget -> rope knot (seed 3),folded,rope_knot,3,entropy-transport-blind,ok,1.3341874000034295,0.3203853606148476,0.0565,0.0384995064165844,0.5379615026204508,1.0510847018298657,0.1601926803074238,0.3441901388310575,0.5961978308255891,0.0,15.0,0.9860834990059644,0.0613405337076569,0.2189189824461062,0.2887948154413762,0.2998361145923549,0.0698364487266796,
folded__rope_knot__s03,folded-derived budget -> rope knot (seed 3),folded,rope_knot,3,langevin-blind,ok,28.98580409999704,0.3203853606148475,0.0565,0.0384995064165844,0.5379615026204487,1.05108470182987,0.1601926803074237,0.3441901388310561,0.5961978308255891,0.0,15.0,0.9860834990059644,0.0613405337076569,0.2189189824461062,0.2887948154413762,0.2998361145923549,0.0268980751312212,
folded__rope_knot__s04,folded-derived budget -> rope knot (seed 4),folded,rope_knot,4,anchor-aware-refiner,ok,0.8160474000032991,0.2984203724272197,0.0605,0.0437810945273631,2.9905089009825105,1.0734728978215695,0.1492101862136098,0.2645005778400601,0.5920037846887969,0.0,15.0,0.989816700610998,0.0513766933917295,0.6748200755595679,0.4692320983732823,1.6359300930714151,,
folded__rope_knot__s04,folded-derived budget -> rope knot (seed 4),folded,rope_knot,4,blind-sa,ok,43.3502381000144,0.323546866641866,0.0605,0.044477028347996,0.6798429630150175,1.0734682261578186,0.161773433320933,0.3623912857862895,0.5961978308255892,0.0,15.0,0.988212180746562,0.0614213057271369,0.2311222295195783,0.293212728181574,0.0877603980679171,0.0770970467401366,0.9916666666666668
folded__rope_knot__s04,folded-derived budget -> rope knot (seed 4),folded,rope_knot,4,projected-gradient-blind,ok,1.4018214000097942,0.3235240395567459,0.059,0.0449657869012707,0.893002562574489,1.073369222982265,0.1617620197783729,0.3623693758836623,0.5961978308255892,0.0,15.0,0.988212180746562,0.0614104760391396,0.1946998469020983,0.3340794191493678,0.0821501310384076,0.047076144733265,
folded__rope_knot__s04,folded-derived budget -> rope knot (seed 4),folded,rope_knot,4,evolutionary-blind,ok,57.61446889999206,0.3235501800761289,0.0605,0.044477028347996,0.6219299511293672,1.07347289782157,0.1617750900380644,0.3623929496927183,0.5961978308255892,0.0,15.0,0.988212180746562,0.061420465968278,0.2705622599800342,0.2840268869461072,0.0533114904273805,0.0740908237346704,
folded__rope_knot__s04,folded-derived budget -> rope knot (seed 4),folded,rope_knot,4,best-of-k-restart-blind,ok,3.217407800024376,0.32358120962954,0.0605,0.044477028347996,0.8910013522185191,1.0736399766988525,0.16179060481477,0.3624176147772284,0.5958017245576797,0.0,15.0,0.988212180746562,0.0614250541484247,0.2029841390181477,0.331897861807626,0.0901686116126656,0.046067183454993,
folded__rope_knot__s04,folded-derived budget -> rope knot (seed 4),folded,rope_knot,4,entropy-transport-blind,ok,1.1907264000037685,0.3235501800761294,0.0605,0.044477028347996,0.6219299511293699,1.0734728978215753,0.1617750900380647,0.3623929496927186,0.5961978308255892,0.0,15.0,0.988212180746562,0.061420465968278,0.2705622599800342,0.2840268869461072,0.0533114904273805,0.0740908237345912,
folded__rope_knot__s04,folded-derived budget -> rope knot (seed 4),folded,rope_knot,4,langevin-blind,ok,30.48571449998417,0.3235501800761289,0.0605,0.044477028347996,0.6219299511293672,1.07347289782157,0.1617750900380644,0.3623929496927183,0.5961978308255892,0.0,15.0,0.988212180746562,0.061420465968278,0.2705622599800342,0.2840268869461072,0.0533114904273805,0.031096497556675,
folded__rope_knot__s05,folded-derived budget -> rope knot (seed 5),folded,rope_knot,5,anchor-aware-refiner,ok,0.8201012999925297,0.2985828400874458,0.046,0.0447316103379721,2.8445980560252657,0.98301254455927,0.1492914200437229,0.2611103214828779,0.5915535994859864,0.0,15.0,0.9897959183673468,0.0514809414976411,0.6748174045167936,0.4711164581621452,1.6319357230455482,,
folded__rope_knot__s05,folded-derived budget -> rope knot (seed 5),folded,rope_knot,5,blind-sa,ok,43.80176470000879,0.325704656363345,0.046,0.0466143277723258,0.6314561540412938,0.9830145380725362,0.1628523281816725,0.3461613836140046,0.5961978308255891,0.0,15.0,0.9901574803149606,0.0613659279730937,0.1211215113981352,0.2941523004898182,0.006234674383887,0.0745732736492826,0.9916666666666668
folded__rope_knot__s05,folded-derived budget -> rope knot (seed 5),folded,rope_knot,5,projected-gradient-blind,ok,1.4026710000180174,0.3257368034541525,0.046,0.0466372115856651,0.853145759751092,0.9831209157871924,0.1628684017270762,0.3461758074938352,0.5961978308255891,0.0,15.0,0.9901574803149606,0.0613838499982022,0.0817292487375816,0.3336303880518615,0.1261517573135706,0.0450387807444664,
folded__rope_knot__s05,folded-derived budget -> rope knot (seed 5),folded,rope_knot,5,evolutionary-blind,ok,57.03306139999768,0.3256961438168786,0.046,0.0466372115856651,0.5734133250083507,0.98301254455927,0.1628480719084393,0.3461585211300755,0.5961978308255891,0.0,15.0,0.9901574803149606,0.0613656554672842,0.182394752479313,0.2859167382755375,0.0311155238937677,0.0716266250778877,
folded__rope_knot__s05,folded-derived budget -> rope knot (seed 5),folded,rope_knot,5,best-of-k-restart-blind,ok,3.26084240002092,0.3257088676835409,0.046,0.0466372115856651,0.8270217438435747,0.9830232163351412,0.1628544338417704,0.3461485324240264,0.5961978308255891,0.0,15.0,0.9901574803149606,0.0613667739909437,0.09253405187427,0.3310286870218798,0.1058858540665625,0.0418398637967048,
folded__rope_knot__s05,folded-derived budget -> rope knot (seed 5),folded,rope_knot,5,entropy-transport-blind,ok,1.2410879000090065,0.3256961438168787,0.046,0.0466372115856651,0.5734133250083513,0.983012544559268,0.1628480719084393,0.346158521130076,0.5961978308255891,0.0,15.0,0.9901574803149606,0.0613656554672842,0.182394752479313,0.2859167382755375,0.0311155238937677,0.0716266250779618,
folded__rope_knot__s05,folded-derived budget -> rope knot (seed 5),folded,rope_knot,5,langevin-blind,ok,30.545607200008817,0.3256961438168786,0.046,0.0466372115856651,0.5734133250083507,0.98301254455927,0.1628480719084393,0.3461585211300755,0.5961978308255891,0.0,15.0,0.9901574803149606,0.0613656554672842,0.182394752479313,0.2859167382755375,0.0311155238937677,0.0286706662506057,
folded__rope_knot__s06,folded-derived budget -> rope knot (seed 6),folded,rope_knot,6,anchor-aware-refiner,ok,0.8186208999832161,0.2969706270676887,0.049,0.0407757334659373,2.946682758734734,0.9870792079641156,0.1484853135338443,0.2609007980693969,0.5947351262925065,0.0,15.0,0.9856262833675564,0.052123951087519,0.6748130872504223,0.4753086597457528,1.625036077918598,,
folded__rope_knot__s06,folded-derived budget -> rope knot (seed 6),folded,rope_knot,6,blind-sa,ok,43.089500100002624,0.3256878304533764,0.049,0.0438856015779092,0.6266388238696016,0.9870800436063932,0.1628439152266882,0.347422395319869,0.5961978308255892,0.0,15.0,0.9880239520958084,0.0634770194021318,0.1406908513890805,0.2962040116228028,0.0952350646236088,0.0758075988776163,0.975
folded__rope_knot__s06,folded-derived budget -> rope knot (seed 6),folded,rope_knot,6,projected-gradient-blind,ok,1.264438300015172,0.3257697488245023,0.0485,0.0444225074037512,0.8281680382478517,0.9870441845176852,0.1628848744122511,0.3474250771968465,0.5961978308255892,0.0,15.0,0.9880239520958084,0.0634809619589652,0.1147476236805148,0.3307786585449084,0.1692705448493843,0.0421649995411643,
folded__rope_knot__s06,folded-derived budget -> rope knot (seed 6),folded,rope_knot,6,evolutionary-blind,ok,57.03599830000894,0.3256870094377495,0.049,0.0438856015779092,0.5749134825702297,0.9870787731705708,0.1628435047188747,0.3474222821061963,0.5961978308255892,0.0,15.0,0.9880239520958084,0.0634776796510532,0.2455840229836787,0.2882371245994184,0.010933252207675,0.0731800498847467,
folded__rope_knot__s06,folded-derived budget -> rope knot (seed 6),folded,rope_knot,6,best-of-k-restart-blind,ok,3.298041700007161,0.3257697488245023,0.0485,0.0444225074037512,0.8281680382478517,0.9870441845176852,0.1628848744122511,0.3474250771968465,0.5961978308255892,0.0,15.0,0.9880239520958084,0.0634809619589652,0.1147476236805148,0.3307786585449084,0.1692705448493843,0.0421649995411643,
folded__rope_knot__s06,folded-derived budget -> rope knot (seed 6),folded,rope_knot,6,entropy-transport-blind,ok,1.2355864999990445,0.3256870094377495,0.049,0.0438856015779092,0.5749134825702289,0.987078773170573,0.1628435047188747,0.3474222821061967,0.5961978308255892,0.0,15.0,0.9880239520958084,0.0634776796510532,0.2455840229836787,0.2882371245994184,0.010933252207675,0.0731800498846894,
folded__rope_knot__s06,folded-derived budget -> rope knot (seed 6),folded,rope_knot,6,langevin-blind,ok,29.31262410001364,0.3256870094377495,0.049,0.0438856015779092,0.5749134825702297,0.9870787731705708,0.1628435047188747,0.3474222821061963,0.5961978308255892,0.0,15.0,0.9880239520958084,0.0634776796510532,0.2455840229836787,0.2882371245994184,0.010933252207675,0.0287456741287626,
folded__rope_knot__s07,folded-derived budget -> rope knot (seed 7),folded,rope_knot,7,anchor-aware-refiner,ok,0.839306799985934,0.296679675041035,0.0575,0.0431510286001003,3.013664706674815,1.0720907771546346,0.1483398375205175,0.2636454404302575,0.5947351262925067,0.0,15.0,0.9875518672199172,0.0513746187965201,0.6747951311709373,0.4860761128109766,1.584148274388779,,
folded__rope_knot__s07,folded-derived budget -> rope knot (seed 7),folded,rope_knot,7,blind-sa,ok,44.44834199998877,0.3207726742956405,0.0575,0.0409270216962524,0.7130000927460061,1.07209478703146,0.1603863371478202,0.3612994800165749,0.5875810369915515,0.0,15.0,0.9859437751004017,0.0549868043201262,0.2129813091307514,0.3005655709433947,0.042328964959335,0.0742175046034159,0.975
folded__rope_knot__s07,folded-derived budget -> rope knot (seed 7),folded,rope_knot,7,projected-gradient-blind,ok,1.3811601999914274,0.3207719077426505,0.0575,0.0409270216962524,0.8866794047303821,1.0720830739211722,0.1603859538713252,0.3613001478258981,0.5875810369915515,0.0,15.0,0.9859437751004017,0.0549990571962299,0.1220275463668542,0.3320259218956017,0.0005326055879915,0.0445387923484575,
folded__rope_knot__s07,folded-derived budget -> rope knot (seed 7),folded,rope_knot,7,evolutionary-blind,ok,56.011258199985605,0.3207670344300511,0.0575,0.0409270216962524,0.6543541975232872,1.0720907771546349,0.1603835172150255,0.3612999718267505,0.5875810369915515,0.0,15.0,0.9859437751004017,0.0549996130750588,0.229022861689261,0.2910545769218178,0.0488502583950167,0.0712174390290474,
folded__rope_knot__s07,folded-derived budget -> rope knot (seed 7),folded,rope_knot,7,best-of-k-restart-blind,ok,3.735306999995373,0.3207719077426505,0.0575,0.0409270216962524,0.8866794047303821,1.0720830739211722,0.1603859538713252,0.3613001478258981,0.5875810369915515,0.0,15.0,0.9859437751004017,0.0549990571962299,0.1220275463668542,0.3320259218956017,0.0005326055879915,0.0445387923484575,
folded__rope_knot__s07,folded-derived budget -> rope knot (seed 7),folded,rope_knot,7,entropy-transport-blind,ok,1.4222196999762673,0.320767034430051,0.0575,0.0409270216962524,0.6543541975232862,1.0720907771546346,0.1603835172150255,0.3612999718267514,0.5875810369915515,0.0,15.0,0.9859437751004017,0.0549996130750588,0.229022861689261,0.2910545769218178,0.0488502583950167,0.0712174390291226,
folded__rope_knot__s07,folded-derived budget -> rope knot (seed 7),folded,rope_knot,7,langevin-blind,ok,33.15592029999243,0.3207670344300511,0.0575,0.0409270216962524,0.6543541975232872,1.0720907771546349,0.1603835172150255,0.3612999718267505,0.5875810369915515,0.0,15.0,0.9859437751004017,0.0549996130750588,0.229022861689261,0.2910545769218178,0.0488502583950167,0.0327177098763427,
folded__sleeping_fox__s00,folded-derived budget -> sleeping fox (seed 0),folded,sleeping_fox,0,anchor-aware-refiner,ok,0.8229965000064112,0.1602484386514463,0.198,0.4660780669144981,2.4122767332343686,0.5110367148138133,0.0801242193257231,0.1303916493862636,0.3432015858823949,0.0,14.0,0.9322033898305084,0.0019188472053479,0.6749549386672262,0.48542575268866,1.3791641832216253,,
folded__sleeping_fox__s00,folded-derived budget -> sleeping fox (seed 0),folded,sleeping_fox,0,blind-sa,ok,45.35319910000544,0.202993381319859,0.198,0.475864690231851,0.4191782917171019,0.5110367148138134,0.1014966906599295,0.2317142276346235,0.3454387834362594,0.0,16.0,0.9482071713147412,0.0030419217431182,0.2154785054142921,0.0466091514579204,0.2898665334025814,0.0230882598065192,0.9916666666666668
folded__sleeping_fox__s00,folded-derived budget -> sleeping fox (seed 0),folded,sleeping_fox,0,projected-gradient-blind,ok,1.496442500007106,0.2029902118419553,0.198,0.475864690231851,0.4204733130076341,0.5110329954950946,0.1014951059209776,0.2317114834688665,0.3454387834362594,0.0,16.0,0.9482071713147412,0.0030418001186907,0.2155292411081391,0.0469540464816592,0.2889179344748711,0.0210720647264339,
folded__sleeping_fox__s00,folded-derived budget -> sleeping fox (seed 0),folded,sleeping_fox,0,evolutionary-blind,ok,64.51602750000893,0.202993381319859,0.198,0.475864690231851,0.4191782917171019,0.5110367148138134,0.1014966906599295,0.2317142276346235,0.3454387834362594,0.0,16.0,0.9482071713147412,0.0030419217431182,0.2154785054142921,0.0466091514579204,0.2898665334025814,0.0230882598065192,
folded__sleeping_fox__s00,folded-derived budget -> sleeping fox (seed 0),folded,sleeping_fox,0,best-of-k-restart-blind,ok,3.539816200005589,0.202993381319859,0.198,0.475864690231851,0.4191782917171019,0.5110367148138134,0.1014966906599295,0.2317142276346235,0.3454387834362594,0.0,16.0,0.9482071713147412,0.0030419217431182,0.2154785054142921,0.0466091514579204,0.2898665334025814,0.0209589145860965,
folded__sleeping_fox__s00,folded-derived budget -> sleeping fox (seed 0),folded,sleeping_fox,0,entropy-transport-blind,ok,1.5565858000190929,0.2029933813198589,0.198,0.475864690231851,0.4191782917171019,0.5110367148138139,0.1014966906599294,0.2317142276346232,0.3454387834362594,0.0,16.0,0.9482071713147412,0.0030419217431182,0.2154785054142921,0.0466091514579204,0.2898665334025814,0.0230882598064785,
folded__sleeping_fox__s00,folded-derived budget -> sleeping fox (seed 0),folded,sleeping_fox,0,langevin-blind,ok,32.54708570000366,0.202993381319859,0.198,0.475864690231851,0.4191782917171019,0.5110367148138134,0.1014966906599295,0.2317142276346235,0.3454387834362594,0.0,16.0,0.9482071713147412,0.0030419217431182,0.2154785054142921,0.0466091514579204,0.2898665334025814,0.0209589145860965,
folded__sleeping_fox__s01,folded-derived budget -> sleeping fox (seed 1),folded,sleeping_fox,1,anchor-aware-refiner,ok,0.8993594000057783,0.1610628049673401,0.2015,0.4709141274238227,2.423934598984591,0.5212492237311146,0.08053140248367,0.1308345407830924,0.3389015178012685,0.0,13.0,0.9282758620689656,0.0019469424320175,0.6749651707505631,0.4783882847630883,1.3752683195329292,,
folded__sleeping_fox__s01,folded-derived budget -> sleeping fox (seed 1),folded,sleeping_fox,1,blind-sa,ok,49.06442799998331,0.2027218489373395,0.2015,0.4844410295812524,0.4191115978774261,0.5212492237311154,0.1013609244686697,0.2342743674964802,0.3434369703772992,0.0,17.0,0.9402035623409668,0.0031573342607363,0.1713551031957866,0.0466047442605131,0.3213740197913277,0.0231657138766628,0.9916666666666668
folded__sleeping_fox__s01,folded-derived budget -> sleeping fox (seed 1),folded,sleeping_fox,1,projected-gradient-blind,ok,1.4025273000006564,0.2027218489373395,0.2015,0.4844410295812524,0.4191115978774265,0.5212492237311155,0.1013609244686697,0.2342743674964802,0.3434369703772992,0.0,17.0,0.9402035623409668,0.0031573342607363,0.1713551031957866,0.0466047442605131,0.3213740197913277,0.0209555798941191,
folded__sleeping_fox__s01,folded-derived budget -> sleeping fox (seed 1),folded,sleeping_fox,1,evolutionary-blind,ok,63.520529599976726,0.2027218489373395,0.2015,0.4844410295812524,0.4191115978774265,0.5212492237311155,0.1013609244686697,0.2342743674964802,0.3434369703772992,0.0,17.0,0.9402035623409668,0.0031573342607363,0.1713551031957866,0.0466047442605131,0.3213740197913277,0.0231657138768762,
folded__sleeping_fox__s01,folded-derived budget -> sleeping fox (seed 1),folded,sleeping_fox,1,best-of-k-restart-blind,ok,3.81349999998929,0.2027218489373395,0.2015,0.4844410295812524,0.4191115978774265,0.5212492237311155,0.1013609244686697,0.2342743674964802,0.3434369703772992,0.0,17.0,0.9402035623409668,0.0031573342607363,0.1713551031957866,0.0466047442605131,0.3213740197913277,0.0209555798941191,
folded__sleeping_fox__s01,folded-derived budget -> sleeping fox (seed 1),folded,sleeping_fox,1,entropy-transport-blind,ok,1.5478944999922533,0.2027218489373396,0.2015,0.4844410295812524,0.4191115978774263,0.5212492237311124,0.1013609244686698,0.2342743674964804,0.3434369703772992,0.0,17.0,0.9402035623409668,0.0031573342607363,0.1713551031957866,0.0466047442605131,0.3213740197913277,0.0231657138768401,
folded__sleeping_fox__s01,folded-derived budget -> sleeping fox (seed 1),folded,sleeping_fox,1,langevin-blind,ok,35.15239619999193,0.2027218489373395,0.2015,0.4844410295812524,0.4191115978774265,0.5212492237311155,0.1013609244686697,0.2342743674964802,0.3434369703772992,0.0,17.0,0.9402035623409668,0.0031573342607363,0.1713551031957866,0.0466047442605131,0.3213740197913277,0.0209555798941191,
folded__sleeping_fox__s02,folded-derived budget -> sleeping fox (seed 2),folded,sleeping_fox,2,anchor-aware-refiner,ok,0.7766021999996156,0.1603229302007377,0.1945,0.4637281910009183,2.501750127680745,0.505038589540029,0.0801614651003688,0.1302269958814957,0.3401047222604193,0.0,15.0,0.9316005471956224,0.0019385633319219,0.6749631037085986,0.4905938766482323,1.3760382232742594,,
folded__sleeping_fox__s02,folded-derived budget -> sleeping fox (seed 2),folded,sleeping_fox,2,blind-sa,ok,46.51720380000188,0.2034554978939343,0.195,0.4790947449175297,0.4146931500216362,0.5113746404236453,0.1017277489469671,0.2330416744950602,0.3390330144632848,0.0,23.0,0.935031847133758,0.0029187455549841,0.139494194050751,0.0445972127071759,0.3849593495686367,0.0227777793899525,0.975
folded__sleeping_fox__s02,folded-derived budget -> sleeping fox (seed 2),folded,sleeping_fox,2,projected-gradient-blind,ok,1.5435787999886088,0.2034554978939343,0.195,0.4790947449175297,0.4146931500216362,0.5113746404236453,0.1017277489469671,0.2330416744950602,0.3390330144632848,0.0,23.0,0.935031847133758,0.0029187455549841,0.139494194050751,0.0445972127071759,0.3849593495686367,0.0207346575012753,
folded__sleeping_fox__s02,folded-derived budget -> sleeping fox (seed 2),folded,sleeping_fox,2,evolutionary-blind,ok,64.11782179999864,0.2034554978939343,0.195,0.4790947449175297,0.4146931500216362,0.5113746404236453,0.1017277489469671,0.2330416744950602,0.3390330144632848,0.0,23.0,0.935031847133758,0.0029187455549841,0.139494194050751,0.0445972127071759,0.3849593495686367,0.0227777793899525,
folded__sleeping_fox__s02,folded-derived budget -> sleeping fox (seed 2),folded,sleeping_fox,2,best-of-k-restart-blind,ok,3.295627499988768,0.2034554978939343,0.195,0.4790947449175297,0.4146931500216362,0.5113746404236453,0.1017277489469671,0.2330416744950602,0.3390330144632848,0.0,23.0,0.935031847133758,0.0029187455549841,0.139494194050751,0.0445972127071759,0.3849593495686367,0.0207346575012753,
folded__sleeping_fox__s02,folded-derived budget -> sleeping fox (seed 2),folded,sleeping_fox,2,entropy-transport-blind,ok,2.0013850999821443,0.2034554978939344,0.195,0.4790947449175297,0.4146931500216368,0.5113746404236452,0.1017277489469672,0.2330416744950602,0.3390330144632848,0.0,23.0,0.935031847133758,0.0029187455549841,0.139494194050751,0.0445972127071759,0.3849593495686367,0.0227777793900177,
folded__sleeping_fox__s02,folded-derived budget -> sleeping fox (seed 2),folded,sleeping_fox,2,langevin-blind,ok,31.136490100005176,0.2034554978939343,0.195,0.4790947449175297,0.4146931500216362,0.5113746404236453,0.1017277489469671,0.2330416744950602,0.3390330144632848,0.0,23.0,0.935031847133758,0.0029187455549841,0.139494194050751,0.0445972127071759,0.3849593495686367,0.0207346575012753,
folded__sleeping_fox__s03,folded-derived budget -> sleeping fox (seed 3),folded,sleeping_fox,3,anchor-aware-refiner,ok,0.9235100999940188,0.1600914161656662,0.2005,0.4561243144424131,2.480532779246322,0.503124203889528,0.0800457080828331,0.1303961681083971,0.3325226048213587,0.0,18.0,0.9177126917712692,0.0019346705318368,0.6749333434229088,0.4939136856442799,1.3881465266376434,,
folded__sleeping_fox__s03,folded-derived budget -> sleeping fox (seed 3),folded,sleeping_fox,3,blind-sa,ok,45.33497369999532,0.2035840083686575,0.201,0.4749240121580547,0.4077791065391486,0.5031242038895293,0.1017920041843287,0.2330283714054671,0.342657116306126,0.0,15.0,0.932806324110672,0.00283825261658,0.1345310511451657,0.0450755717901669,0.4073692305089615,0.022375732159005,0.975
folded__sleeping_fox__s03,folded-derived budget -> sleeping fox (seed 3),folded,sleeping_fox,3,projected-gradient-blind,ok,1.3559189999941736,0.2035840083686575,0.201,0.4749240121580547,0.4077791065391486,0.5031242038895293,0.1017920041843287,0.2330283714054671,0.342657116306126,0.0,15.0,0.932806324110672,0.00283825261658,0.1345310511451657,0.0450755717901669,0.4073692305089615,0.0203889553271822,
folded__sleeping_fox__s03,folded-derived budget -> sleeping fox (seed 3),folded,sleeping_fox,3,evolutionary-blind,ok,62.06948310000007,0.2035840083686575,0.201,0.4749240121580547,0.4077791065391486,0.5031242038895293,0.1017920041843287,0.2330283714054671,0.342657116306126,0.0,15.0,0.932806324110672,0.00283825261658,0.1345310511451657,0.0450755717901669,0.4073692305089615,0.022375732159005,
folded__sleeping_fox__s03,folded-derived budget -> sleeping fox (seed 3),folded,sleeping_fox,3,best-of-k-restart-blind,ok,3.2988299999851733,0.2035840083686575,0.201,0.4749240121580547,0.4077791065391486,0.5031242038895293,0.1017920041843287,0.2330283714054671,0.342657116306126,0.0,15.0,0.932806324110672,0.00283825261658,0.1345310511451657,0.0450755717901669,0.4073692305089615,0.0203889553271822,
folded__sleeping_fox__s03,folded-derived budget -> sleeping fox (seed 3),folded,sleeping_fox,3,entropy-transport-blind,ok,1.4415626999980304,0.2035840083686577,0.201,0.4749240121580547,0.4077791065391484,0.5031242038895309,0.1017920041843288,0.2330283714054677,0.342657116306126,0.0,15.0,0.932806324110672,0.00283825261658,0.1345310511451657,0.0450755717901669,0.4073692305089615,0.0223757321588937,
folded__sleeping_fox__s03,folded-derived budget -> sleeping fox (seed 3),folded,sleeping_fox,3,langevin-blind,ok,31.763247499999125,0.2035840083686575,0.201,0.4749240121580547,0.4077791065391486,0.5031242038895293,0.1017920041843287,0.2330283714054671,0.342657116306126,0.0,15.0,0.932806324110672,0.00283825261658,0.1345310511451657,0.0450755717901669,0.4073692305089615,0.0203889553271822,
folded__sleeping_fox__s04,folded-derived budget -> sleeping fox (seed 4),folded,sleeping_fox,4,anchor-aware-refiner,ok,0.9099043000023812,0.1605890315678436,0.203,0.4725274725274725,2.4732468909822827,0.5066076773169844,0.0802945157839218,0.1304448662661387,0.3377037057640967,0.0,25.0,0.9191374663072776,0.0019494269586219,0.6749202659374545,0.485709547074145,1.394161277394514,,
folded__sleeping_fox__s04,folded-derived budget -> sleeping fox (seed 4),folded,sleeping_fox,4,blind-sa,ok,44.7741613999824,0.203027087319985,0.203,0.4776632302405498,0.4214709382887222,0.5066076773169843,0.1015135436599925,0.2341028082259082,0.3422197305256188,0.0,29.0,0.9222222222222224,0.0029983296957665,0.1539397659304258,0.0472166736695673,0.3622549856199875,0.0231723777018672,0.9916666666666668
folded__sleeping_fox__s04,folded-derived budget -> sleeping fox (seed 4),folded,sleeping_fox,4,projected-gradient-blind,ok,1.4301604000211228,0.203027087319985,0.203,0.4776632302405498,0.4214709382887222,0.5066076773169843,0.1015135436599925,0.2341028082259082,0.3422197305256188,0.0,29.0,0.9222222222222224,0.0029983296957665,0.1539397659304258,0.0472166736695673,0.3622549856199875,0.0210735469146352,
folded__sleeping_fox__s04,folded-derived budget -> sleeping fox (seed 4),folded,sleeping_fox,4,evolutionary-blind,ok,62.90070709999418,0.203027087319985,0.203,0.4776632302405498,0.4214709382887222,0.5066076773169843,0.1015135436599925,0.2341028082259082,0.3422197305256188,0.0,29.0,0.9222222222222224,0.0029983296957665,0.1539397659304258,0.0472166736695673,0.3622549856199875,0.0231723777018672,
folded__sleeping_fox__s04,folded-derived budget -> sleeping fox (seed 4),folded,sleeping_fox,4,best-of-k-restart-blind,ok,3.523768999992172,0.203027087319985,0.203,0.4776632302405498,0.4214709382887222,0.5066076773169843,0.1015135436599925,0.2341028082259082,0.3422197305256188,0.0,29.0,0.9222222222222224,0.0029983296957665,0.1539397659304258,0.0472166736695673,0.3622549856199875,0.0210735469146352,
folded__sleeping_fox__s04,folded-derived budget -> sleeping fox (seed 4),folded,sleeping_fox,4,entropy-transport-blind,ok,1.526995899999747,0.2030270873199845,0.203,0.4776632302405498,0.4214709382887222,0.5066076773169833,0.1015135436599922,0.2341028082259091,0.3422197305256188,0.0,29.0,0.9222222222222224,0.0029983296957665,0.1539397659304258,0.0472166736695673,0.3622549856199875,0.0231723777019999,
folded__sleeping_fox__s04,folded-derived budget -> sleeping fox (seed 4),folded,sleeping_fox,4,langevin-blind,ok,32.00616020002053,0.203027087319985,0.203,0.4776632302405498,0.4214709382887222,0.5066076773169843,0.1015135436599925,0.2341028082259082,0.3422197305256188,0.0,29.0,0.9222222222222224,0.0029983296957665,0.1539397659304258,0.0472166736695673,0.3622549856199875,0.0210735469146352,
folded__sleeping_fox__s05,folded-derived budget -> sleeping fox (seed 5),folded,sleeping_fox,5,anchor-aware-refiner,ok,0.8267376000003424,0.1593203488796603,0.2,0.4674610449129239,2.464644742403158,0.4972027973965062,0.0796601744398301,0.1299557542978084,0.3367658124324425,0.0,16.0,0.9252717391304348,0.0018642235157849,0.6749459512643217,0.4887610509631889,1.3827700123127804,,
folded__sleeping_fox__s05,folded-derived budget -> sleeping fox (seed 5),folded,sleeping_fox,5,blind-sa,ok,44.43555279998691,0.2037390166192828,0.2,0.4830087819778541,0.4196459006818991,0.4972027973965064,0.1018695083096414,0.2329039412617884,0.3417780854724084,0.0,20.0,0.9446540880503144,0.0028893901674087,0.1955478083292569,0.0464289422089411,0.323349462557827,0.0230048681515979,0.9833333333333332
folded__sleeping_fox__s05,folded-derived budget -> sleeping fox (seed 5),folded,sleeping_fox,5,projected-gradient-blind,ok,1.400205999991158,0.2037416203770056,0.2,0.4830087819778541,0.4210374551711378,0.4972027719654278,0.1018708101885028,0.2329059290397772,0.3417780854724084,0.0,20.0,0.9446540880503144,0.0028894693884335,0.195562594539683,0.0467958050239193,0.323349462557827,0.0211033329369488,
folded__sleeping_fox__s05,folded-derived budget -> sleeping fox (seed 5),folded,sleeping_fox,5,evolutionary-blind,ok,61.80226430000039,0.2037390166192827,0.2,0.4830087819778541,0.4196459006818993,0.4972027973965064,0.1018695083096413,0.2329039412617884,0.3417780854724084,0.0,20.0,0.9446540880503144,0.0028893901674087,0.1955478083292569,0.0464289422089411,0.323349462557827,0.0230048681517251,
folded__sleeping_fox__s05,folded-derived budget -> sleeping fox (seed 5),folded,sleeping_fox,5,best-of-k-restart-blind,ok,3.279906700016,0.2037390166192827,0.2,0.4830087819778541,0.4196459006818993,0.4972027973965064,0.1018695083096413,0.2329039412617884,0.3417780854724084,0.0,20.0,0.9446540880503144,0.0028893901674087,0.1955478083292569,0.0464289422089411,0.323349462557827,0.0209822950343186,
folded__sleeping_fox__s05,folded-derived budget -> sleeping fox (seed 5),folded,sleeping_fox,5,entropy-transport-blind,ok,1.1853401999978814,0.2037390166192825,0.2,0.4830087819778541,0.4196459006818993,0.4972027973965041,0.1018695083096412,0.2329039412617886,0.3417780854724084,0.0,20.0,0.9446540880503144,0.0028893901674087,0.1955478083292569,0.0464289422089411,0.323349462557827,0.0230048681515778,
folded__sleeping_fox__s05,folded-derived budget -> sleeping fox (seed 5),folded,sleeping_fox,5,langevin-blind,ok,29.53054800000973,0.2037390166192827,0.2,0.4830087819778541,0.4196459006818993,0.4972027973965064,0.1018695083096413,0.2329039412617884,0.3417780854724084,0.0,20.0,0.9446540880503144,0.0028893901674087,0.1955478083292569,0.0464289422089411,0.323349462557827,0.0209822950343186,
folded__sleeping_fox__s06,folded-derived budget -> sleeping fox (seed 6),folded,sleeping_fox,6,anchor-aware-refiner,ok,0.7939734999963548,0.159976218268643,0.1975,0.4675563736769443,2.387491378694639,0.5127692780036874,0.0799881091343215,0.1303864407647112,0.3346395379247928,0.0,10.0,0.945868945868946,0.0018931582421906,0.6749579811852227,0.4745254867117081,1.3779832411151305,,
folded__sleeping_fox__s06,folded-derived budget -> sleeping fox (seed 6),folded,sleeping_fox,6,blind-sa,ok,44.47923040000023,0.203765293812246,0.1975,0.4728177641653905,0.4180209387909715,0.5149746849945286,0.101882646906123,0.2326087473497866,0.3414429040999928,0.0,26.0,0.940721649484536,0.0028382030847432,0.1774244288294708,0.0397194380858245,0.3262883522971149,0.0228877890990128,0.975
folded__sleeping_fox__s06,folded-derived budget -> sleeping fox (seed 6),folded,sleeping_fox,6,projected-gradient-blind,ok,1.3596477000101004,0.2037652938122459,0.1975,0.4728177641653905,0.4180209387909716,0.5149746849945286,0.1018826469061229,0.2326087473497866,0.3414429040999928,0.0,26.0,0.940721649484536,0.0028382030847432,0.1774244288294708,0.0397194380858245,0.3262883522971149,0.0209010469396799,
folded__sleeping_fox__s06,folded-derived budget -> sleeping fox (seed 6),folded,sleeping_fox,6,evolutionary-blind,ok,66.60681339999428,0.2037652938122459,0.1975,0.4728177641653905,0.4180209387909716,0.5149746849945286,0.1018826469061229,0.2326087473497866,0.3414429040999928,0.0,26.0,0.940721649484536,0.0028382030847432,0.1774244288294708,0.0397194380858245,0.3262883522971149,0.0228877890991227,
folded__sleeping_fox__s06,folded-derived budget -> sleeping fox (seed 6),folded,sleeping_fox,6,best-of-k-restart-blind,ok,3.2360493000014685,0.2037652938122459,0.1975,0.4728177641653905,0.4180209387909716,0.5149746849945286,0.1018826469061229,0.2326087473497866,0.3414429040999928,0.0,26.0,0.940721649484536,0.0028382030847432,0.1774244288294708,0.0397194380858245,0.3262883522971149,0.0209010469396799,
folded__sleeping_fox__s06,folded-derived budget -> sleeping fox (seed 6),folded,sleeping_fox,6,entropy-transport-blind,ok,1.2789497000048868,0.2037652938122463,0.1975,0.4728177641653905,0.4180209387909717,0.5149746849945309,0.1018826469061231,0.2326087473497862,0.3414429040999928,0.0,26.0,0.940721649484536,0.0028382030847432,0.1774244288294708,0.0397194380858245,0.3262883522971149,0.0228877890994511,
folded__sleeping_fox__s06,folded-derived budget -> sleeping fox (seed 6),folded,sleeping_fox,6,langevin-blind,ok,39.13685479998821,0.2037652938122459,0.1975,0.4728177641653905,0.4180209387909716,0.5149746849945286,0.1018826469061229,0.2326087473497866,0.3414429040999928,0.0,26.0,0.940721649484536,0.0028382030847432,0.1774244288294708,0.0397194380858245,0.3262883522971149,0.0209010469396799,
folded__sleeping_fox__s07,folded-derived budget -> sleeping fox (seed 7),folded,sleeping_fox,7,anchor-aware-refiner,ok,1.2551433999906294,0.1605609729551524,0.2045,0.4612932604735883,2.515428308586644,0.5218856061769727,0.0802804864775762,0.1309267150377243,0.3334630951852182,0.0,15.0,0.9150943396226416,0.002033697088257,0.6749559502519265,0.4966721341069121,1.378769372553824,,
folded__sleeping_fox__s07,folded-derived budget -> sleeping fox (seed 7),folded,sleeping_fox,7,blind-sa,ok,66.14218759999494,0.2026901941166239,0.2045,0.4802757564151666,0.4263747556874359,0.5218856061769734,0.1013450970583119,0.2350147741691773,0.3418726197865311,0.0,19.0,0.9388020833333334,0.0033065999072575,0.182141917828964,0.0446513859152172,0.2978844333956947,0.0236333577197822,0.9833333333333332
folded__sleeping_fox__s07,folded-derived budget -> sleeping fox (seed 7),folded,sleeping_fox,7,projected-gradient-blind,ok,1.839753600012045,0.2026911030907319,0.2045,0.4802757564151666,0.4277290702829349,0.5218799881393542,0.1013455515453659,0.235015363282063,0.3418726197865311,0.0,19.0,0.9388020833333334,0.0033068091379427,0.1821308978063241,0.0450184014145666,0.2978844333956947,0.0214378740421787,
folded__sleeping_fox__s07,folded-derived budget -> sleeping fox (seed 7),folded,sleeping_fox,7,evolutionary-blind,ok,81.5364953999815,0.2026901941166239,0.2045,0.4802757564151666,0.4263747556874359,0.5218856061769734,0.1013450970583119,0.2350147741691773,0.3418726197865311,0.0,19.0,0.9388020833333334,0.0033065999072575,0.182141917828964,0.0446513859152172,0.2978844333956947,0.0236333577197822,
folded__sleeping_fox__s07,folded-derived budget -> sleeping fox (seed 7),folded,sleeping_fox,7,best-of-k-restart-blind,ok,3.445409999985713,0.2026901941166239,0.2045,0.4802757564151666,0.4263747556874359,0.5218856061769734,0.1013450970583119,0.2350147741691773,0.3418726197865311,0.0,19.0,0.9388020833333334,0.0033065999072575,0.182141917828964,0.0446513859152172,0.2978844333956947,0.0213187377845403,
folded__sleeping_fox__s07,folded-derived budget -> sleeping fox (seed 7),folded,sleeping_fox,7,entropy-transport-blind,ok,1.250239200016949,0.2026901941166244,0.2045,0.4802757564151666,0.4263747556874356,0.5218856061769748,0.1013450970583122,0.2350147741691764,0.3418726197865311,0.0,19.0,0.9388020833333334,0.0033065999072575,0.182141917828964,0.0446513859152172,0.2978844333956947,0.0236333577199004,
folded__sleeping_fox__s07,folded-derived budget -> sleeping fox (seed 7),folded,sleeping_fox,7,langevin-blind,ok,31.17074869998032,0.2026901941166239,0.2045,0.4802757564151666,0.4263747556874359,0.5218856061769734,0.1013450970583119,0.2350147741691773,0.3418726197865311,0.0,19.0,0.9388020833333334,0.0033065999072575,0.182141917828964,0.0446513859152172,0.2978844333956947,0.0213187377845403,
folded__thumb_glyph__s00,folded-derived budget -> thumb glyph (seed 0),folded,thumb_glyph,0,anchor-aware-refiner,ok,0.8144797999993898,0.2262125146174172,0.107,0.1563436563436563,3.2810663261649258,0.7424493878951749,0.1131062573087086,0.20107169767862,0.4441835778545284,0.0,11.0,0.977366255144033,0.011396938841247,0.6749193518803311,0.5162789529767982,1.394599897552926,,
folded__thumb_glyph__s00,folded-derived budget -> thumb glyph (seed 0),folded,thumb_glyph,0,blind-sa,ok,47.55067650001729,0.2755948126204793,0.107,0.1738290680830516,0.3858093344937097,0.7424493878951751,0.1377974063102396,0.312196715071369,0.4434774437560595,0.0,12.0,0.9842342342342344,0.0078124503047811,0.0786019727436934,0.1358048584574073,0.0631257479221183,0.0247591819382271,0.9916666666666668
folded__thumb_glyph__s00,folded-derived budget -> thumb glyph (seed 0),folded,thumb_glyph,0,projected-gradient-blind,ok,1.6619364999933168,0.2756019111344133,0.107,0.1738290680830516,0.4681989018590344,0.7424342335021039,0.1378009555672066,0.3121685193081061,0.4434774437560595,0.0,12.0,0.9842342342342344,0.0078072094030763,0.0783833502872305,0.1491975782128907,0.0687425589157091,0.0239151579309101,
folded__thumb_glyph__s00,folded-derived budget -> thumb glyph (seed 0),folded,thumb_glyph,0,evolutionary-blind,ok,64.19426469999598,0.2755948126204793,0.107,0.1738290680830516,0.3858093344937097,0.7424493878951751,0.1377974063102396,0.312196715071369,0.4434774437560595,0.0,12.0,0.9842342342342344,0.0078124503047811,0.0786019727436934,0.1358048584574073,0.0631257479221183,0.0247591819382271,
folded__thumb_glyph__s00,folded-derived budget -> thumb glyph (seed 0),folded,thumb_glyph,0,best-of-k-restart-blind,ok,3.1971544999978505,0.2756049317393587,0.107,0.1738290680830516,0.406776814803919,0.7424488929208861,0.1378024658696793,0.3122034268735575,0.4434774437560595,0.0,12.0,0.9842342342342344,0.0078117502866687,0.0783238396059337,0.1392181413628852,0.0637438609680653,0.0204354146042063,
folded__thumb_glyph__s00,folded-derived budget -> thumb glyph (seed 0),folded,thumb_glyph,0,entropy-transport-blind,ok,1.288227100012591,0.2755948126204789,0.107,0.1738290680830516,0.3858093344937092,0.7424493878951766,0.1377974063102394,0.3121967150713685,0.4434774437560595,0.0,12.0,0.9842342342342344,0.0078124503047811,0.0786019727436934,0.1358048584574073,0.0631257479221183,0.0247591819386705,
folded__thumb_glyph__s00,folded-derived budget -> thumb glyph (seed 0),folded,thumb_glyph,0,langevin-blind,ok,31.2814944999991,0.2755948126204793,0.107,0.1738290680830516,0.3858093344937097,0.7424493878951751,0.1377974063102396,0.312196715071369,0.4434774437560595,0.0,12.0,0.9842342342342344,0.0078124503047811,0.0786019727436934,0.1358048584574073,0.0631257479221183,0.0192904667247843,
folded__thumb_glyph__s01,folded-derived budget -> thumb glyph (seed 1),folded,thumb_glyph,1,anchor-aware-refiner,ok,0.9548476999916602,0.2277338590109678,0.1095,0.1605184446660019,3.0997119684653898,0.7640636960475493,0.1138669295054839,0.2028452249283803,0.450793983743594,0.0,10.0,0.9786324786324786,0.0109617819688144,0.6749085939070993,0.5049302054812888,1.3999577278466329,,
folded__thumb_glyph__s01,folded-derived budget -> thumb glyph (seed 1),folded,thumb_glyph,1,blind-sa,ok,49.62179500001366,0.2758319572881443,0.1095,0.1720481927710843,0.3869709311142302,0.7640636960475493,0.1379159786440721,0.3108601889474885,0.4426754663863194,0.0,15.0,0.976525821596244,0.0075793066384592,0.101458049517244,0.1318708246956741,0.015175316929207,0.0246540612027847,0.975
folded__thumb_glyph__s01,folded-derived budget -> thumb glyph (seed 1),folded,thumb_glyph,1,projected-gradient-blind,ok,1.3847957999969367,0.2758387222471434,0.1095,0.1720481927710843,0.4462209014927593,0.7640625373090232,0.1379193611235717,0.3108517427665565,0.4426754663863194,0.0,15.0,0.976525821596244,0.0075787686558469,0.1014966366107115,0.1407140582997555,0.0147707107505379,0.0225834360511917,
folded__thumb_glyph__s01,folded-derived budget -> thumb glyph (seed 1),folded,thumb_glyph,1,evolutionary-blind,ok,89.04654219999793,0.2758319572881443,0.1095,0.1720481927710843,0.3869709311142308,0.7640636960475495,0.1379159786440721,0.3108601889474885,0.4426754663863194,0.0,15.0,0.976525821596244,0.0075793066384592,0.101458049517244,0.1318708246956741,0.015175316929207,0.0246540612030834,
folded__thumb_glyph__s01,folded-derived budget -> thumb glyph (seed 1),folded,thumb_glyph,1,best-of-k-restart-blind,ok,3.700182600005064,0.2758440034574684,0.1095,0.1721311475409836,0.4132741761733993,0.7640645401518008,0.1379220017287342,0.3108621211306143,0.4426754663863194,0.0,15.0,0.976525821596244,0.0075781428831237,0.1034114231622435,0.1372911468367014,0.0340233627619412,0.0207582956553952,
folded__thumb_glyph__s01,folded-derived budget -> thumb glyph (seed 1),folded,thumb_glyph,1,entropy-transport-blind,ok,1.6788411999878008,0.275831957288145,0.1095,0.1720481927710843,0.3869709311142306,0.7640636960475528,0.1379159786440725,0.3108601889474888,0.4426754663863194,0.0,15.0,0.976525821596244,0.0075793066384592,0.101458049517244,0.1318708246956741,0.015175316929207,0.0246540612031923,
folded__thumb_glyph__s01,folded-derived budget -> thumb glyph (seed 1),folded,thumb_glyph,1,langevin-blind,ok,36.24021139999968,0.2758319572881443,0.1095,0.1720481927710843,0.3869709311142308,0.7640636960475495,0.1379159786440721,0.3108601889474885,0.4426754663863194,0.0,15.0,0.976525821596244,0.0075793066384592,0.101458049517244,0.1318708246956741,0.015175316929207,0.0193485465559417,
folded__thumb_glyph__s02,folded-derived budget -> thumb glyph (seed 2),folded,thumb_glyph,2,anchor-aware-refiner,ok,1.1543283000064548,0.2272658995951476,0.1065,0.1510365251727542,2.963294207706355,0.7399114926334115,0.1136329497975738,0.2027185037775422,0.4536508364603414,0.0,9.0,0.9753593429158112,0.0109945450405927,0.6749314432863148,0.5153419784516424,1.38899144505403,,
folded__thumb_glyph__s02,folded-derived budget -> thumb glyph (seed 2),folded,thumb_glyph,2,blind-sa,ok,44.168002599995816,0.2796086651402845,0.1065,0.1705314009661835,0.3813705128840901,0.7399114926334119,0.1398043325701422,0.3170228244609379,0.4445027359348423,0.0,12.0,0.9801324503311258,0.0080862223422173,0.0965973690058684,0.1378411864977581,0.0004259983231373,0.0247288812842013,0.975
folded__thumb_glyph__s02,folded-derived budget -> thumb glyph (seed 2),folded,thumb_glyph,2,projected-gradient-blind,ok,1.1142059999983758,0.2796087120540326,0.1065,0.1706138231029483,0.4341241333964418,0.7399170071343353,0.1398043560270163,0.3170340710494671,0.4445027359348423,0.0,12.0,0.9801324503311258,0.0080857546015504,0.0982062044523669,0.1455858738692506,0.0011434341567169,0.0219376383810477,
folded__thumb_glyph__s02,folded-derived budget -> thumb glyph (seed 2),folded,thumb_glyph,2,evolutionary-blind,ok,69.10674029999063,0.2796086651402845,0.1065,0.1705314009661835,0.3813705128840901,0.7399114926334119,0.1398043325701422,0.3170228244609379,0.4445027359348423,0.0,12.0,0.9801324503311258,0.0080862223422173,0.0965973690058684,0.1378411864977581,0.0004259983231373,0.0247288812842013,
folded__thumb_glyph__s02,folded-derived budget -> thumb glyph (seed 2),folded,thumb_glyph,2,best-of-k-restart-blind,ok,4.136622999998508,0.279611541762594,0.1065,0.1705314009661835,0.4011440811216166,0.7399373624530053,0.139805770881297,0.3170370257186882,0.4445027359348423,0.0,12.0,0.9801324503311258,0.0080859192037279,0.0969410651599957,0.1390888999205747,0.0011765859480807,0.0202654686684171,
folded__thumb_glyph__s02,folded-derived budget -> thumb glyph (seed 2),folded,thumb_glyph,2,entropy-transport-blind,ok,1.8725895000097807,0.279608665140284,0.1065,0.1705314009661835,0.3813705128840903,0.7399114926334098,0.139804332570142,0.3170228244609375,0.4445027359348423,0.0,12.0,0.9801324503311258,0.0080862223422173,0.0965973690058684,0.1378411864977581,0.0004259983231373,0.0247288812841468,
folded__thumb_glyph__s02,folded-derived budget -> thumb glyph (seed 2),folded,thumb_glyph,2,langevin-blind,ok,35.21209439999075,0.2796086651402845,0.1065,0.1705314009661835,0.3813705128840901,0.7399114926334119,0.1398043325701422,0.3170228244609379,0.4445027359348423,0.0,12.0,0.9801324503311258,0.0080862223422173,0.0965973690058684,0.1378411864977581,0.0004259983231373,0.0190685256444289,
folded__thumb_glyph__s03,folded-derived budget -> thumb glyph (seed 3),folded,thumb_glyph,3,anchor-aware-refiner,ok,1.0251424000016414,0.2263094919165321,0.108,0.1531576330183988,3.270698729602868,0.7356842854431712,0.113154745958266,0.2018486758189445,0.4507954646628468,0.0,9.0,0.973630831643002,0.0111083804294916,0.6749962908047807,0.5279891978478066,1.3646199181064498,,
folded__thumb_glyph__s03,folded-derived budget -> thumb glyph (seed 3),folded,thumb_glyph,3,blind-sa,ok,54.18820229999256,0.278657879677997,0.108,0.1714975845410628,0.3640932772519651,0.7356842854431718,0.1393289398389985,0.3170327432643721,0.4498210974025171,0.0,14.0,0.9820627802690582,0.0075202987497546,0.1022631482811187,0.134165574082938,0.0043461937233877,0.0234688729877889,0.9666666666666668
folded__thumb_glyph__s03,folded-derived budget -> thumb glyph (seed 3),folded,thumb_glyph,3,projected-gradient-blind,ok,1.55814909999026,0.2786648872347376,0.108,0.1719806763285024,0.4170935464117605,0.7357016035913422,0.1393324436173688,0.3170341368534669,0.4498210974025171,0.0,14.0,0.9820627802690582,0.0075165037509871,0.1070247915431894,0.1405257990817926,0.0431278548577398,0.0213291382061612,
folded__thumb_glyph__s03,folded-derived budget -> thumb glyph (seed 3),folded,thumb_glyph,3,evolutionary-blind,ok,76.69836979999673,0.278657879677997,0.108,0.1714975845410628,0.3640932772519649,0.7356842854431718,0.1393289398389985,0.3170327432643718,0.4498210974025171,0.0,14.0,0.9820627802690582,0.0075202987497546,0.1022631482811187,0.134165574082938,0.0043461937233877,0.0234688729878768,
folded__thumb_glyph__s03,folded-derived budget -> thumb glyph (seed 3),folded,thumb_glyph,3,best-of-k-restart-blind,ok,4.144758900016313,0.2786648872347376,0.108,0.1719806763285024,0.4170935464117605,0.7357016035913422,0.1393324436173688,0.3170341368534669,0.4498210974025171,0.0,14.0,0.9820627802690582,0.0075165037509871,0.1070247915431894,0.1405257990817926,0.0431278548577398,0.0213291382061612,
folded__thumb_glyph__s03,folded-derived budget -> thumb glyph (seed 3),folded,thumb_glyph,3,entropy-transport-blind,ok,1.9797438999812584,0.2786578796779972,0.108,0.1714975845410628,0.3640932772519643,0.7356842854431694,0.1393289398389986,0.3170327432643726,0.4498210974025171,0.0,14.0,0.9820627802690582,0.0075202987497546,0.1022631482811187,0.134165574082938,0.0043461937233877,0.0234688729879227,
folded__thumb_glyph__s03,folded-derived budget -> thumb glyph (seed 3),folded,thumb_glyph,3,langevin-blind,ok,44.26207660001819,0.278657879677997,0.108,0.1714975845410628,0.3640932772519649,0.7356842854431718,0.1393289398389985,0.3170327432643718,0.4498210974025171,0.0,14.0,0.9820627802690582,0.0075202987497546,0.1022631482811187,0.134165574082938,0.0043461937233877,0.0182046638628247,
folded__thumb_glyph__s04,folded-derived budget -> thumb glyph (seed 4),folded,thumb_glyph,4,anchor-aware-refiner,ok,1.276632499997504,0.2253064492221311,0.106,0.1608391608391608,3.02836765446106,0.7298510808590696,0.1126532246110655,0.200918666446424,0.4404114021276517,0.0,9.0,0.9688796680497924,0.0111050865308698,0.6749239489984793,0.5131971237621281,1.3924188293419213,,
folded__thumb_glyph__s04,folded-derived budget -> thumb glyph (seed 4),folded,thumb_glyph,4,blind-sa,ok,61.86915450001834,0.2777536300695407,0.106,0.1748792270531401,0.4036152693849122,0.7298510808590699,0.1388768150347703,0.3118800820049929,0.4400573104441255,0.0,14.0,0.9836065573770492,0.0071655110516105,0.1038309420774475,0.1345551183494789,0.0083358796513648,0.0251966212055579,1.0
folded__thumb_glyph__s04,folded-derived budget -> thumb glyph (seed 4),folded,thumb_glyph,4,projected-gradient-blind,ok,1.58700410000165,0.2777750798696988,0.106,0.1748792270531401,0.4571761988797606,0.7298632270168807,0.1388875399348494,0.3118864245980675,0.4400573104441255,0.0,14.0,0.9836065573770492,0.0071660317245729,0.1033330529229377,0.1443732366117994,0.0080256910259928,0.0230906994908073,
folded__thumb_glyph__s04,folded-derived budget -> thumb glyph (seed 4),folded,thumb_glyph,4,evolutionary-blind,ok,63.813255999994,0.2777536300695407,0.106,0.1748792270531401,0.4036152693849122,0.7298510808590699,0.1388768150347703,0.3118800820049929,0.4400573104441255,0.0,14.0,0.9836065573770492,0.0071655110516105,0.1038309420774475,0.1345551183494789,0.0083358796513648,0.0251966212055579,
folded__thumb_glyph__s04,folded-derived budget -> thumb glyph (seed 4),folded,thumb_glyph,4,best-of-k-restart-blind,ok,3.4927582000091206,0.2777440472416808,0.106,0.1748792270531401,0.429349314201208,0.7298430966142412,0.1388720236208404,0.3118760869903018,0.4400573104441255,0.0,14.0,0.9836065573770492,0.0071649000318981,0.1035428280929435,0.1376210154682657,0.0093496617469104,0.0215874107298531,
folded__thumb_glyph__s04,folded-derived budget -> thumb glyph (seed 4),folded,thumb_glyph,4,entropy-transport-blind,ok,1.3526522000029215,0.277753630069541,0.106,0.1748792270531401,0.4036152693849119,0.7298510808590714,0.1388768150347705,0.311880082004993,0.4400573104441255,0.0,14.0,0.9836065573770492,0.0071655110516105,0.1038309420774475,0.1345551183494789,0.0083358796513648,0.0251966212056856,
folded__thumb_glyph__s04,folded-derived budget -> thumb glyph (seed 4),folded,thumb_glyph,4,langevin-blind,ok,31.41546920000109,0.2777536300695407,0.106,0.1748792270531401,0.4036152693849122,0.7298510808590699,0.1388768150347703,0.3118800820049929,0.4400573104441255,0.0,14.0,0.9836065573770492,0.0071655110516105,0.1038309420774475,0.1345551183494789,0.0083358796513648,0.0201807634693435,
folded__thumb_glyph__s05,folded-derived budget -> thumb glyph (seed 5),folded,thumb_glyph,5,anchor-aware-refiner,ok,0.7956846000161022,0.2254830079575106,0.1065,0.1572921851667496,3.0821462190328206,0.732481621858184,0.1127415039787553,0.200667791169344,0.4404114021276517,0.0,7.0,0.977687626774848,0.0112521197262854,0.6749230242145311,0.5100831330899982,1.3928526388429083,,
folded__thumb_glyph__s05,folded-derived budget -> thumb glyph (seed 5),folded,thumb_glyph,5,blind-sa,ok,48.21424030000344,0.2757335947263558,0.1065,0.1731789676796912,0.3612885141699653,0.7324799316541335,0.1378667973631779,0.3105127477096667,0.4418661389282671,0.0,14.0,0.981651376146789,0.0071015640387777,0.095993118758773,0.1305351260566526,0.0624167739002077,0.0230642500514371,0.975
folded__thumb_glyph__s05,folded-derived budget -> thumb glyph (seed 5),folded,thumb_glyph,5,projected-gradient-blind,ok,1.3688982000167016,0.2758331431520199,0.106,0.1731789676796912,0.4227032642244279,0.732661661163374,0.1379165715760099,0.3106412990987858,0.4418661389282671,0.0,14.0,0.981651376146789,0.0071033062704792,0.0968897688190585,0.1414165209818929,0.061683492441471,0.0227929166107431,
folded__thumb_glyph__s05,folded-derived budget -> thumb glyph (seed 5),folded,thumb_glyph,5,evolutionary-blind,ok,63.19607530001667,0.2757338716673126,0.1065,0.1731789676796912,0.3600871957068518,0.7324816218581836,0.1378669358336563,0.3105143042635974,0.4418661389282671,0.0,14.0,0.981651376146789,0.0071016843031314,0.096004017347497,0.1302645396172408,0.0619671493901012,0.0229755387979426,
folded__thumb_glyph__s05,folded-derived budget -> thumb glyph (seed 5),folded,thumb_glyph,5,best-of-k-restart-blind,ok,3.4828792999906,0.2757412240964542,0.1065,0.1731789676796912,0.3929567847198977,0.7324600784430336,0.1378706120482271,0.3105130422950211,0.4418661389282671,0.0,14.0,0.981651376146789,0.0071015868285764,0.0956705398870979,0.1362591751420042,0.0641222739555971,0.0199123615022315,
folded__thumb_glyph__s05,folded-derived budget -> thumb glyph (seed 5),folded,thumb_glyph,5,entropy-transport-blind,ok,1.6347737000032794,0.2757338716673126,0.1065,0.1731789676796912,0.3600871957068516,0.7324816218581829,0.1378669358336563,0.3105143042635978,0.4418661389282671,0.0,14.0,0.981651376146789,0.0071016843031314,0.096004017347497,0.1302645396172408,0.0619671493901012,0.0229755387979405,
folded__thumb_glyph__s05,folded-derived budget -> thumb glyph (seed 5),folded,thumb_glyph,5,langevin-blind,ok,34.00678299998981,0.2757338716673126,0.1065,0.1731789676796912,0.3600871957068518,0.7324816218581836,0.1378669358336563,0.3105143042635974,0.4418661389282671,0.0,14.0,0.981651376146789,0.0071016843031314,0.096004017347497,0.1302645396172408,0.0619671493901012,0.0180043597855498,
folded__thumb_glyph__s06,folded-derived budget -> thumb glyph (seed 6),folded,thumb_glyph,6,anchor-aware-refiner,ok,0.9011438000015914,0.2266334406387643,0.1045,0.1629408842523596,2.778851651314296,0.7496456493619986,0.1133167203193821,0.2019361973243468,0.4498493072636795,0.0,8.0,0.9790794979079498,0.0108052307077373,0.6749211826809391,0.4975507435295147,1.3937238616843262,,
folded__thumb_glyph__s06,folded-derived budget -> thumb glyph (seed 6),folded,thumb_glyph,6,blind-sa,ok,45.363670600025216,0.2759449963510663,0.1045,0.1719961240310077,0.3567466003663295,0.7496456493619986,0.1379724981755331,0.3130175836565455,0.4426754663863194,0.0,12.0,0.9805194805194806,0.007605038930376,0.0967596888498428,0.1344780020288534,0.0212990475189585,0.0231608572699401,0.9666666666666668
folded__thumb_glyph__s06,folded-derived budget -> thumb glyph (seed 6),folded,thumb_glyph,6,projected-gradient-blind,ok,1.5074272999772802,0.275942630111815,0.1045,0.1720794958797867,0.3981710177534162,0.7496612333028781,0.1379713150559075,0.3130175046071127,0.4426754663863194,0.0,12.0,0.9805194805194806,0.0076070672235585,0.0930940155689251,0.1416755143834654,0.0754846807907179,0.0201412025110119,
folded__thumb_glyph__s06,folded-derived budget -> thumb glyph (seed 6),folded,thumb_glyph,6,evolutionary-blind,ok,66.66221619999851,0.2759449963510663,0.1045,0.1719961240310077,0.3567466003663295,0.7496456493619986,0.1379724981755331,0.3130175836565455,0.4426754663863194,0.0,12.0,0.9805194805194806,0.007605038930376,0.0967596888498428,0.1344780020288534,0.0212990475189585,0.0231608572699401,
folded__thumb_glyph__s06,folded-derived budget -> thumb glyph (seed 6),folded,thumb_glyph,6,best-of-k-restart-blind,ok,3.5779693000076804,0.2759443978981118,0.1045,0.1720794958797867,0.3865062495441215,0.7496872608129552,0.1379721989490559,0.3130254297773996,0.4426754663863194,0.0,12.0,0.9805194805194806,0.0076015162161914,0.0968501125312207,0.1381316502996735,0.0233759962580979,0.0196079641603219,
folded__thumb_glyph__s06,folded-derived budget -> thumb glyph (seed 6),folded,thumb_glyph,6,entropy-transport-blind,ok,1.2986809999856632,0.2759449963510655,0.1045,0.1719961240310077,0.3567466003663305,0.7496456493620002,0.1379724981755327,0.3130175836565462,0.4426754663863194,0.0,12.0,0.9805194805194806,0.007605038930376,0.0967596888498428,0.1344780020288534,0.0212990475189585,0.0231608572701114,
folded__thumb_glyph__s06,folded-derived budget -> thumb glyph (seed 6),folded,thumb_glyph,6,langevin-blind,ok,34.231827700015856,0.2759449963510663,0.1045,0.1719961240310077,0.3567466003663295,0.7496456493619986,0.1379724981755331,0.3130175836565455,0.4426754663863194,0.0,12.0,0.9805194805194806,0.007605038930376,0.0967596888498428,0.1344780020288534,0.0212990475189585,0.017837330018501,
folded__thumb_glyph__s07,folded-derived budget -> thumb glyph (seed 7),folded,thumb_glyph,7,anchor-aware-refiner,ok,1.3084410000010394,0.2261271103948978,0.1075,0.1564828614008941,2.917994796263399,0.7418729096314637,0.1130635551974489,0.2018133945972673,0.4498493072636795,0.0,8.0,0.979253112033195,0.01073703193729,0.6749085939070993,0.509788134173345,1.3999577278466329,,
folded__thumb_glyph__s07,folded-derived budget -> thumb glyph (seed 7),folded,thumb_glyph,7,blind-sa,ok,50.74018819999765,0.2782602570375311,0.1075,0.1706138231029483,0.4019848278922878,0.7418729096314649,0.1391301285187655,0.3166316154908399,0.4471543251282504,0.0,13.0,0.979683972911964,0.0079047267519611,0.0714965597210289,0.1415529099902248,0.0325278603621823,0.0256325501215076,0.9833333333333332
folded__thumb_glyph__s07,folded-derived budget -> thumb glyph (seed 7),folded,thumb_glyph,7,projected-gradient-blind,ok,1.3381325000082145,0.2782766662614156,0.1075,0.1706138231029483,0.4347408626538748,0.7419018590816322,0.1391383331307078,0.3166288847021242,0.4471543251282504,0.0,13.0,0.979683972911964,0.0079024614464472,0.175921494016802,0.1466754347083361,0.2035842477739813,0.0220944729489248,
folded__thumb_glyph__s07,folded-derived budget -> thumb glyph (seed 7),folded,thumb_glyph,7,evolutionary-blind,ok,59.24113219999708,0.2782602570375311,0.1075,0.1706138231029483,0.4019848278922878,0.7418729096314649,0.1391301285187655,0.3166316154908399,0.4471543251282504,0.0,13.0,0.979683972911964,0.0079047267519611,0.0714965597210289,0.1415529099902248,0.0325278603621823,0.0256325501215076,
folded__thumb_glyph__s07,folded-derived budget -> thumb glyph (seed 7),folded,thumb_glyph,7,best-of-k-restart-blind,ok,3.2662596000009216,0.278251818209783,0.1075,0.1706138231029483,0.4270008368713701,0.7418751413107707,0.1391259091048915,0.3166302830817241,0.4471543251282504,0.0,13.0,0.979683972911964,0.007901994862221,0.0933831671938366,0.1447494437305773,0.0036380741862263,0.0214655204839775,
folded__thumb_glyph__s07,folded-derived budget -> thumb glyph (seed 7),folded,thumb_glyph,7,entropy-transport-blind,ok,1.4579653999826403,0.2782602570375311,0.1075,0.1706138231029483,0.4019848278922889,0.7418729096314648,0.1391301285187655,0.3166316154908396,0.4471543251282504,0.0,13.0,0.979683972911964,0.0079047267519611,0.0714965597210289,0.1415529099902248,0.0325278603621823,0.0256325501214031,
folded__thumb_glyph__s07,folded-derived budget -> thumb glyph (seed 7),folded,thumb_glyph,7,langevin-blind,ok,30.15088439997635,0.2782602570375311,0.1075,0.1706138231029483,0.4019848278922878,0.7418729096314649,0.1391301285187655,0.3166316154908399,0.4471543251282504,0.0,13.0,0.979683972911964,0.0079047267519611,0.0714965597210289,0.1415529099902248,0.0325278603621823,0.0200992413948808,
petal__diamond_ring__s00,petal-derived budget -> diamond ring (seed 0),petal,diamond_ring,0,anchor-aware-refiner,ok,0.8114591999910772,0.1886351358062709,0.2615,0.3912248628884826,2.193784558582891,0.6512686116933362,0.0943175679031354,0.1643655178895957,0.3094082339760711,0.0,4.0,0.9266666666666666,0.0056504189410456,0.6788857619599659,0.4712184940236293,1.3471139005479158,,
petal__diamond_ring__s00,petal-derived budget -> diamond ring (seed 0),petal,diamond_ring,0,blind-sa,ok,47.512412999989465,0.2141289212584921,0.2615,0.4490690032858707,0.2382230911910633,0.6512686116933366,0.107064460629246,0.2648055291292851,0.2523244731779822,0.0,9.0,0.9494736842105264,0.0161521906681811,0.1949594040439472,0.005422619720481,0.0242692354582394,0.0232176880275562,0.9666666666666668
petal__diamond_ring__s00,petal-derived budget -> diamond ring (seed 0),petal,diamond_ring,0,projected-gradient-blind,ok,1.6693365999963137,0.2141289212584921,0.2615,0.4490690032858707,0.2382230911910633,0.6512686116933366,0.107064460629246,0.2648055291292851,0.2523244731779822,0.0,9.0,0.9494736842105264,0.0161521906681811,0.1949594040439472,0.005422619720481,0.0242692354582394,0.0119111545596962,
petal__diamond_ring__s00,petal-derived budget -> diamond ring (seed 0),petal,diamond_ring,0,evolutionary-blind,ok,62.99328490000335,0.2141289212584921,0.2615,0.4490690032858707,0.2382230911910633,0.6512686116933366,0.107064460629246,0.2648055291292851,0.2523244731779822,0.0,9.0,0.9494736842105264,0.0161521906681811,0.1949594040439472,0.005422619720481,0.0242692354582394,0.0232176880275562,
petal__diamond_ring__s00,petal-derived budget -> diamond ring (seed 0),petal,diamond_ring,0,best-of-k-restart-blind,ok,3.721225800021784,0.2141289212584921,0.2615,0.4490690032858707,0.2382230911910633,0.6512686116933366,0.107064460629246,0.2648055291292851,0.2523244731779822,0.0,9.0,0.9494736842105264,0.0161521906681811,0.1949594040439472,0.005422619720481,0.0242692354582394,0.0119111545596962,
petal__diamond_ring__s00,petal-derived budget -> diamond ring (seed 0),petal,diamond_ring,0,entropy-transport-blind,ok,1.3280058999953326,0.2141289212584922,0.2615,0.4490690032858707,0.2382230911910635,0.6512686116933388,0.1070644606292461,0.2648055291292852,0.2523244731779822,0.0,9.0,0.9494736842105264,0.0161521906681811,0.1949594040439472,0.005422619720481,0.0242692354582394,0.0232176880277072,
petal__diamond_ring__s00,petal-derived budget -> diamond ring (seed 0),petal,diamond_ring,0,langevin-blind,ok,33.30214230000274,0.2141289212584921,0.2615,0.4490690032858707,0.2382230911910633,0.6512686116933366,0.107064460629246,0.2648055291292851,0.2523244731779822,0.0,9.0,0.9494736842105264,0.0161521906681811,0.1949594040439472,0.005422619720481,0.0242692354582394,0.0119111545596962,
petal__diamond_ring__s01,petal-derived budget -> diamond ring (seed 1),petal,diamond_ring,1,anchor-aware-refiner,ok,1.132075800007442,0.1879254552246157,0.2475,0.3869787856620336,2.2496721454268527,0.6456008564027046,0.0939627276123078,0.1646188846003118,0.3144200935464188,0.0,1.0,0.9063004846526656,0.0058922300624178,0.6788667594116253,0.4614848710390781,1.3466338134721203,,
petal__diamond_ring__s01,petal-derived budget -> diamond ring (seed 1),petal,diamond_ring,1,blind-sa,ok,47.122556300018914,0.2144797080724789,0.248,0.4484517304189435,0.230737736040478,0.6456008564027045,0.1072398540362394,0.2609093275312227,0.2537797387671792,0.0,14.0,0.9503239740820736,0.0164239358840918,0.3018610144588107,0.0070555496909291,0.2443826692949757,0.0230336419213007,0.9583333333333334
petal__diamond_ring__s01,petal-derived budget -> diamond ring (seed 1),petal,diamond_ring,1,projected-gradient-blind,ok,1.505447000003187,0.2144797080724789,0.248,0.4484517304189435,0.230737736040478,0.6456008564027049,0.1072398540362394,0.2609093275312226,0.2537797387671792,0.0,14.0,0.9503239740820736,0.0164239358840918,0.3018610144588107,0.0070555496909291,0.2443826692949757,0.0115368868022445,
petal__diamond_ring__s01,petal-derived budget -> diamond ring (seed 1),petal,diamond_ring,1,evolutionary-blind,ok,59.835038099990925,0.2144797080724789,0.248,0.4484517304189435,0.230737736040478,0.6456008564027049,0.1072398540362394,0.2609093275312226,0.2537797387671792,0.0,14.0,0.9503239740820736,0.0164239358840918,0.3018610144588107,0.0070555496909291,0.2443826692949757,0.0230336419213237,
petal__diamond_ring__s01,petal-derived budget -> diamond ring (seed 1),petal,diamond_ring,1,best-of-k-restart-blind,ok,3.1291226999892388,0.2144797080724789,0.248,0.4484517304189435,0.230737736040478,0.6456008564027049,0.1072398540362394,0.2609093275312226,0.2537797387671792,0.0,14.0,0.9503239740820736,0.0164239358840918,0.3018610144588107,0.0070555496909291,0.2443826692949757,0.0115368868022445,
petal__diamond_ring__s01,petal-derived budget -> diamond ring (seed 1),petal,diamond_ring,1,entropy-transport-blind,ok,1.2488415999978315,0.2144797080724789,0.248,0.4484517304189435,0.2307377360404776,0.6456008564027046,0.1072398540362394,0.2609093275312222,0.2537797387671792,0.0,14.0,0.9503239740820736,0.0164239358840918,0.3018610144588107,0.0070555496909291,0.2443826692949757,0.0230336419212874,
petal__diamond_ring__s01,petal-derived budget -> diamond ring (seed 1),petal,diamond_ring,1,langevin-blind,ok,30.24682979998761,0.2144797080724789,0.248,0.4484517304189435,0.230737736040478,0.6456008564027049,0.1072398540362394,0.2609093275312226,0.2537797387671792,0.0,14.0,0.9503239740820736,0.0164239358840918,0.3018610144588107,0.0070555496909291,0.2443826692949757,0.0115368868022445,
petal__diamond_ring__s02,petal-derived budget -> diamond ring (seed 2),petal,diamond_ring,2,anchor-aware-refiner,ok,0.9098485999857076,0.189254450378166,0.265,0.391304347826087,2.2078311042324,0.6562183234564791,0.094627225189083,0.1644400864060522,0.317748858331061,0.0,0.0,0.9284525790349416,0.005546836882782,0.6788644757354054,0.4654568000279261,1.3466143131828625,,
petal__diamond_ring__s02,petal-derived budget -> diamond ring (seed 2),petal,diamond_ring,2,blind-sa,ok,48.69837940001162,0.2136092834138853,0.265,0.4464285714285714,0.2281998523981553,0.6562183234564789,0.1068046417069426,0.2630619488731031,0.2545851024103985,0.0,10.0,0.95748987854251,0.0152389138060542,0.2153621225372834,0.0057792081454455,0.0329701830316913,0.0220772322843951,0.9666666666666668
petal__diamond_ring__s02,petal-derived budget -> diamond ring (seed 2),petal,diamond_ring,2,projected-gradient-blind,ok,1.5297105999779887,0.2136092834138853,0.265,0.4464285714285714,0.2281998523981553,0.6562183234564789,0.1068046417069426,0.2630619488731031,0.2545851024103985,0.0,10.0,0.95748987854251,0.0152389138060542,0.2153621225372834,0.0057792081454455,0.0329701830316913,0.0114099926200346,
petal__diamond_ring__s02,petal-derived budget -> diamond ring (seed 2),petal,diamond_ring,2,evolutionary-blind,ok,58.764700900006574,0.2136092834138853,0.265,0.4464285714285714,0.2281998523981553,0.6562183234564789,0.1068046417069426,0.2630619488731031,0.2545851024103985,0.0,10.0,0.95748987854251,0.0152389138060542,0.2153621225372834,0.0057792081454455,0.0329701830316913,0.0220772322843951,
petal__diamond_ring__s02,petal-derived budget -> diamond ring (seed 2),petal,diamond_ring,2,best-of-k-restart-blind,ok,3.1788088000030257,0.2136092834138853,0.265,0.4464285714285714,0.2281998523981553,0.6562183234564789,0.1068046417069426,0.2630619488731031,0.2545851024103985,0.0,10.0,0.95748987854251,0.0152389138060542,0.2153621225372834,0.0057792081454455,0.0329701830316913,0.0114099926200346,
petal__diamond_ring__s02,petal-derived budget -> diamond ring (seed 2),petal,diamond_ring,2,entropy-transport-blind,ok,1.2347169000131544,0.2136092834138853,0.265,0.4464285714285714,0.228199852398155,0.6562183234564845,0.1068046417069426,0.2630619488731032,0.2545851024103985,0.0,10.0,0.95748987854251,0.0152389138060542,0.2153621225372834,0.0057792081454455,0.0329701830316913,0.0220772322844145,
petal__diamond_ring__s02,petal-derived budget -> diamond ring (seed 2),petal,diamond_ring,2,langevin-blind,ok,30.12998470000457,0.2136092834138853,0.265,0.4464285714285714,0.2281998523981553,0.6562183234564789,0.1068046417069426,0.2630619488731031,0.2545851024103985,0.0,10.0,0.95748987854251,0.0152389138060542,0.2153621225372834,0.0057792081454455,0.0329701830316913,0.0114099926200346,
petal__diamond_ring__s03,petal-derived budget -> diamond ring (seed 3),petal,diamond_ring,3,anchor-aware-refiner,ok,0.8487278000102378,0.1872072949664834,0.252,0.3855730501647748,2.307161936447762,0.6468140564797353,0.0936036474832417,0.1642008713210109,0.3094082339760711,0.0,9.0,0.9203125,0.0056739362450531,0.6789052121714317,0.4844481192885793,1.348115076607027,,
petal__diamond_ring__s03,petal-derived budget -> diamond ring (seed 3),petal,diamond_ring,3,blind-sa,ok,44.66102510000928,0.2138546313539578,0.252,0.4455769930833637,0.2388872078127309,0.6468140564797357,0.1069273156769789,0.2620452746456088,0.2516792995533374,0.0,11.0,0.9560669456066946,0.0161515346002146,0.1884771747046931,0.0086340774662528,0.0078044867284106,0.0232504346111802,0.975
petal__diamond_ring__s03,petal-derived budget -> diamond ring (seed 3),petal,diamond_ring,3,projected-gradient-blind,ok,1.4403166999982204,0.2138546313539578,0.252,0.4455769930833637,0.2388872078127306,0.6468140564797356,0.1069273156769789,0.2620452746456088,0.2516792995533374,0.0,11.0,0.9560669456066946,0.0161515346002146,0.1884771747046931,0.0086340774662528,0.0078044867284106,0.0119443603908675,
petal__diamond_ring__s03,petal-derived budget -> diamond ring (seed 3),petal,diamond_ring,3,evolutionary-blind,ok,59.25875800001086,0.2138546313539578,0.252,0.4455769930833637,0.2388872078127306,0.6468140564797356,0.1069273156769789,0.2620452746456088,0.2516792995533374,0.0,11.0,0.9560669456066946,0.0161515346002146,0.1884771747046931,0.0086340774662528,0.0078044867284106,0.0232504346112469,
petal__diamond_ring__s03,petal-derived budget -> diamond ring (seed 3),petal,diamond_ring,3,best-of-k-restart-blind,ok,3.3174654000031296,0.2138546313539578,0.252,0.4455769930833637,0.2388872078127306,0.6468140564797356,0.1069273156769789,0.2620452746456088,0.2516792995533374,0.0,11.0,0.9560669456066946,0.0161515346002146,0.1884771747046931,0.0086340774662528,0.0078044867284106,0.0119443603908675,
petal__diamond_ring__s03,petal-derived budget -> diamond ring (seed 3),petal,diamond_ring,3,entropy-transport-blind,ok,1.626844499987783,0.2138546313539578,0.252,0.4455769930833637,0.2388872078127308,0.6468140564797342,0.1069273156769789,0.2620452746456087,0.2516792995533374,0.0,11.0,0.9560669456066946,0.0161515346002146,0.1884771747046931,0.0086340774662528,0.0078044867284106,0.0232504346113383,
petal__diamond_ring__s03,petal-derived budget -> diamond ring (seed 3),petal,diamond_ring,3,langevin-blind,ok,33.88710630001151,0.2138546313539578,0.252,0.4455769930833637,0.2388872078127306,0.6468140564797356,0.1069273156769789,0.2620452746456088,0.2516792995533374,0.0,11.0,0.9560669456066946,0.0161515346002146,0.1884771747046931,0.0086340774662528,0.0078044867284106,0.0119443603908675,
petal__diamond_ring__s04,petal-derived budget -> diamond ring (seed 4),petal,diamond_ring,4,anchor-aware-refiner,ok,1.1753951999999117,0.1869488603576407,0.2655,0.379890310786106,2.225151727805386,0.6436550787401317,0.0934744301788203,0.1637489225249757,0.3110729428278105,0.0,10.0,0.9068702290076336,0.0055619089544764,0.6788629645190978,0.4660935991777933,1.3466063131375283,,
petal__diamond_ring__s04,petal-derived budget -> diamond ring (seed 4),petal,diamond_ring,4,blind-sa,ok,49.895016499998746,0.2131653238245941,0.2655,0.4417334304442826,0.2313859693976277,0.6436550787401312,0.106582661912297,0.2617536734880751,0.2567033783640726,0.0,6.0,0.941972920696325,0.015180564182007,0.2496472142789925,0.0072706563704238,0.1644998506284609,0.0221956933975589,0.9583333333333334
petal__diamond_ring__s04,petal-derived budget -> diamond ring (seed 4),petal,diamond_ring,4,projected-gradient-blind,ok,1.3951718999887817,0.2131983930157514,0.265,0.4413692643845593,0.2646411836684373,0.6438214107652531,0.1065991965078757,0.2617201561334318,0.2567033783640726,0.0,6.0,0.9403846153846154,0.0151810863104273,0.2499329414614086,0.0131157403958957,0.1639792494788026,0.0156093770660429,
petal__diamond_ring__s04,petal-derived budget -> diamond ring (seed 4),petal,diamond_ring,4,evolutionary-blind,ok,62.47372069998528,0.2131653238245941,0.2655,0.4417334304442826,0.2313859693976277,0.6436550787401312,0.106582661912297,0.2617536734880751,0.2567033783640726,0.0,6.0,0.941972920696325,0.015180564182007,0.2496472142789925,0.0072706563704238,0.1644998506284609,0.0221956933975589,
petal__diamond_ring__s04,petal-derived budget -> diamond ring (seed 4),petal,diamond_ring,4,best-of-k-restart-blind,ok,3.878423800022574,0.2131653238245941,0.2655,0.4417334304442826,0.2313859693976277,0.6436550787401312,0.106582661912297,0.2617536734880751,0.2567033783640726,0.0,6.0,0.941972920696325,0.015180564182007,0.2496472142789925,0.0072706563704238,0.1644998506284609,0.0115692984700242,
petal__diamond_ring__s04,petal-derived budget -> diamond ring (seed 4),petal,diamond_ring,4,entropy-transport-blind,ok,1.4608817000116687,0.2131653238245942,0.2655,0.4417334304442826,0.2313859693976272,0.6436550787401292,0.1065826619122971,0.2617536734880749,0.2567033783640726,0.0,6.0,0.941972920696325,0.015180564182007,0.2496472142789925,0.0072706563704238,0.1644998506284609,0.022195693397669,
petal__diamond_ring__s04,petal-derived budget -> diamond ring (seed 4),petal,diamond_ring,4,langevin-blind,ok,39.23587370000314,0.2131653238245941,0.2655,0.4417334304442826,0.2313859693976277,0.6436550787401312,0.106582661912297,0.2617536734880751,0.2567033783640726,0.0,6.0,0.941972920696325,0.015180564182007,0.2496472142789925,0.0072706563704238,0.1644998506284609,0.0115692984700242,
petal__diamond_ring__s05,petal-derived budget -> diamond ring (seed 5),petal,diamond_ring,5,anchor-aware-refiner,ok,0.8418482999841217,0.1874923415391901,0.2615,0.3838015322874863,2.233029582013427,0.6521102915258651,0.093746170769595,0.1639944411299567,0.3085757256304754,0.0,0.0,0.9401294498381876,0.0056897194958758,0.6788768900208064,0.4703468124353031,1.3468223293403851,,
petal__diamond_ring__s05,petal-derived budget -> diamond ring (seed 5),petal,diamond_ring,5,blind-sa,ok,45.724090100004105,0.2132720299942193,0.2615,0.445414847161572,0.2398446320771886,0.6521102915258645,0.1066360149971096,0.2626780823111647,0.2575083169158498,0.0,9.0,0.9650205761316872,0.0159989953588107,0.2111779429537398,0.0093587137151801,0.0834877396847302,0.0231915283554418,0.9833333333333332
petal__diamond_ring__s05,petal-derived budget -> diamond ring (seed 5),petal,diamond_ring,5,projected-gradient-blind,ok,1.449480199982645,0.2132720299942193,0.2615,0.445414847161572,0.2398446320771886,0.6521102915258645,0.1066360149971096,0.2626780823111647,0.2575083169158498,0.0,9.0,0.9650205761316872,0.0159989953588107,0.2111779429537398,0.0093587137151801,0.0834877396847302,0.01199223160407,
petal__diamond_ring__s05,petal-derived budget -> diamond ring (seed 5),petal,diamond_ring,5,evolutionary-blind,ok,60.84938590001548,0.2132720299942193,0.2615,0.445414847161572,0.2398446320771886,0.6521102915258645,0.1066360149971096,0.2626780823111647,0.2575083169158498,0.0,9.0,0.9650205761316872,0.0159989953588107,0.2111779429537398,0.0093587137151801,0.0834877396847302,0.0231915283554418,
petal__diamond_ring__s05,petal-derived budget -> diamond ring (seed 5),petal,diamond_ring,5,best-of-k-restart-blind,ok,3.481859600025928,0.2132720299942193,0.2615,0.445414847161572,0.2398446320771886,0.6521102915258645,0.1066360149971096,0.2626780823111647,0.2575083169158498,0.0,9.0,0.9650205761316872,0.0159989953588107,0.2111779429537398,0.0093587137151801,0.0834877396847302,0.01199223160407,
petal__diamond_ring__s05,petal-derived budget -> diamond ring (seed 5),petal,diamond_ring,5,entropy-transport-blind,ok,1.5406896000204142,0.2132720299942191,0.2615,0.445414847161572,0.2398446320771887,0.6521102915258629,0.1066360149971095,0.2626780823111647,0.2575083169158498,0.0,9.0,0.9650205761316872,0.0159989953588107,0.2111779429537398,0.0093587137151801,0.0834877396847302,0.0231915283554768,
petal__diamond_ring__s05,petal-derived budget -> diamond ring (seed 5),petal,diamond_ring,5,langevin-blind,ok,32.46078270001453,0.2132720299942193,0.2615,0.445414847161572,0.2398446320771886,0.6521102915258645,0.1066360149971096,0.2626780823111647,0.2575083169158498,0.0,9.0,0.9650205761316872,0.0159989953588107,0.2111779429537398,0.0093587137151801,0.0834877396847302,0.01199223160407,
petal__diamond_ring__s06,petal-derived budget -> diamond ring (seed 6),petal,diamond_ring,6,anchor-aware-refiner,ok,0.8948038000089582,0.1873287792289614,0.253,0.3914473684210526,2.283719981354211,0.6482419416614619,0.0936643896144807,0.1643090653492652,0.3102336928356245,0.0,1.0,0.9264214046822744,0.0059654221960178,0.6788776851603358,0.4818052699991517,1.346843832655889,,
petal__diamond_ring__s06,petal-derived budget -> diamond ring (seed 6),petal,diamond_ring,6,blind-sa,ok,52.07593449999695,0.2142121427767379,0.253,0.4452926208651399,0.2243333720736154,0.648241941661462,0.1071060713883689,0.2609277620166423,0.2558944504721091,0.0,13.0,0.9576271186440678,0.0167213940023745,0.1835232840183547,0.0038111154424701,0.0392021966521194,0.0229216444057174,0.9583333333333334
petal__diamond_ring__s06,petal-derived budget -> diamond ring (seed 6),petal,diamond_ring,6,projected-gradient-blind,ok,1.407675599999493,0.2142121427767379,0.253,0.4452926208651399,0.2243333720736154,0.648241941661462,0.1071060713883689,0.2609277620166423,0.2558944504721091,0.0,13.0,0.9576271186440678,0.0167213940023745,0.1835232840183547,0.0038111154424701,0.0392021966521194,0.0112166686038704,
petal__diamond_ring__s06,petal-derived budget -> diamond ring (seed 6),petal,diamond_ring,6,evolutionary-blind,ok,61.80591819999973,0.2142121427767379,0.253,0.4452926208651399,0.2243333720736154,0.648241941661462,0.1071060713883689,0.2609277620166423,0.2558944504721091,0.0,13.0,0.9576271186440678,0.0167213940023745,0.1835232840183547,0.0038111154424701,0.0392021966521194,0.0229216444057174,
petal__diamond_ring__s06,petal-derived budget -> diamond ring (seed 6),petal,diamond_ring,6,best-of-k-restart-blind,ok,3.1780697999929544,0.2142121427767379,0.253,0.4452926208651399,0.2243333720736154,0.648241941661462,0.1071060713883689,0.2609277620166423,0.2558944504721091,0.0,13.0,0.9576271186440678,0.0167213940023745,0.1835232840183547,0.0038111154424701,0.0392021966521194,0.0112166686038704,
petal__diamond_ring__s06,petal-derived budget -> diamond ring (seed 6),petal,diamond_ring,6,entropy-transport-blind,ok,1.1786599999759346,0.2142121427767378,0.253,0.4452926208651399,0.2243333720736152,0.6482419416614644,0.1071060713883689,0.2609277620166416,0.2558944504721091,0.0,13.0,0.9576271186440678,0.0167213940023745,0.1835232840183547,0.0038111154424701,0.0392021966521194,0.0229216444058383,
petal__diamond_ring__s06,petal-derived budget -> diamond ring (seed 6),petal,diamond_ring,6,langevin-blind,ok,32.35405150000588,0.2142121427767379,0.253,0.4452926208651399,0.2243333720736154,0.648241941661462,0.1071060713883689,0.2609277620166423,0.2558944504721091,0.0,13.0,0.9576271186440678,0.0167213940023745,0.1835232840183547,0.0038111154424701,0.0392021966521194,0.0112166686038704,
petal__diamond_ring__s07,petal-derived budget -> diamond ring (seed 7),petal,diamond_ring,7,anchor-aware-refiner,ok,0.8074586000002455,0.1887304661088151,0.2665,0.3797006206644761,2.177364706837809,0.6588524772789994,0.0943652330544075,0.1644805045548584,0.3127435474550676,0.0,10.0,0.9262166405023547,0.0056239484388458,0.6788682931152279,0.4722118231325756,1.3466518139641446,,
petal__diamond_ring__s07,petal-derived budget -> diamond ring (seed 7),petal,diamond_ring,7,blind-sa,ok,45.28706689999672,0.2140545860569674,0.2665,0.4464285714285714,0.2408663661225761,0.6588524772789999,0.1070272930284837,0.2645049721118617,0.2516792995533373,0.0,13.0,0.9554140127388536,0.0158905913106527,0.2311409823237075,0.0063746799019578,0.0917167259655196,0.0231667322238665,0.975
petal__diamond_ring__s07,petal-derived budget -> diamond ring (seed 7),petal,diamond_ring,7,projected-gradient-blind,ok,1.3830206000129692,0.2140545860569674,0.2665,0.4464285714285714,0.2408663661225761,0.6588524772789999,0.1070272930284837,0.2645049721118617,0.2516792995533373,0.0,13.0,0.9554140127388536,0.0158905913106527,0.2311409823237075,0.0063746799019578,0.0917167259655196,0.0120433183062728,
petal__diamond_ring__s07,petal-derived budget -> diamond ring (seed 7),petal,diamond_ring,7,evolutionary-blind,ok,60.142997200018726,0.2140545860569674,0.2665,0.4464285714285714,0.2408663661225761,0.6588524772789999,0.1070272930284837,0.2645049721118617,0.2516792995533373,0.0,13.0,0.9554140127388536,0.0158905913106527,0.2311409823237075,0.0063746799019578,0.0917167259655196,0.0231667322238665,
petal__diamond_ring__s07,petal-derived budget -> diamond ring (seed 7),petal,diamond_ring,7,best-of-k-restart-blind,ok,3.368776999996044,0.2140545860569674,0.2665,0.4464285714285714,0.2408663661225761,0.6588524772789999,0.1070272930284837,0.2645049721118617,0.2516792995533373,0.0,13.0,0.9554140127388536,0.0158905913106527,0.2311409823237075,0.0063746799019578,0.0917167259655196,0.0120433183062728,
petal__diamond_ring__s07,petal-derived budget -> diamond ring (seed 7),petal,diamond_ring,7,entropy-transport-blind,ok,1.3820884000160731,0.2140545860569675,0.2665,0.4464285714285714,0.2408663661225761,0.6588524772790013,0.1070272930284837,0.2645049721118612,0.2516792995533373,0.0,13.0,0.9554140127388536,0.0158905913106527,0.2311409823237075,0.0063746799019578,0.0917167259655196,0.023166732223966,
petal__diamond_ring__s07,petal-derived budget -> diamond ring (seed 7),petal,diamond_ring,7,langevin-blind,ok,33.09155010001268,0.2140545860569674,0.2665,0.4464285714285714,0.2408663661225761,0.6588524772789999,0.1070272930284837,0.2645049721118617,0.2516792995533373,0.0,13.0,0.9554140127388536,0.0158905913106527,0.2311409823237075,0.0063746799019578,0.0917167259655196,0.0120433183062728,
petal__dinosaur_outline__s00,petal-derived budget -> dinosaur outline (seed 0),petal,dinosaur_outline,0,anchor-aware-refiner,ok,0.9510324000148104,0.1356774850882597,0.292,0.6931694976508854,2.1880859744460053,0.4952807285672793,0.0678387425441298,0.1044547398232102,0.3052355811410776,0.0,7.0,0.9040333796940194,0.0009295084786015,0.6791023208514814,0.4360369382107878,1.6818868741933204,,
petal__dinosaur_outline__s00,petal-derived budget -> dinosaur outline (seed 0),petal,dinosaur_outline,0,blind-sa,ok,50.87922949998756,0.1714941726547145,0.292,0.724510465901418,0.4047251100370835,0.6724387255491168,0.0857470863273572,0.2187966101418864,0.2854346217702327,0.0,11.0,0.930298719772404,0.0023328550229358,0.0274958691651609,0.0184494726229739,0.1231334338738849,0.0218692540183407,0.9666666666666668
petal__dinosaur_outline__s00,petal-derived budget -> dinosaur outline (seed 0),petal,dinosaur_outline,0,projected-gradient-blind,ok,1.416789399983827,0.1714941726547145,0.292,0.724510465901418,0.4047251100370835,0.6724387255491168,0.0857470863273572,0.2187966101418864,0.2854346217702327,0.0,11.0,0.930298719772404,0.0023328550229358,0.0274958691651609,0.0184494726229739,0.1231334338738849,0.0202362555020742,
petal__dinosaur_outline__s00,petal-derived budget -> dinosaur outline (seed 0),petal,dinosaur_outline,0,evolutionary-blind,ok,63.61436889998731,0.1714941726547145,0.292,0.724510465901418,0.4047251100370835,0.6724387255491168,0.0857470863273572,0.2187966101418864,0.2854346217702327,0.0,11.0,0.930298719772404,0.0023328550229358,0.0274958691651609,0.0184494726229739,0.1231334338738849,0.0218692540183407,
petal__dinosaur_outline__s00,petal-derived budget -> dinosaur outline (seed 0),petal,dinosaur_outline,0,best-of-k-restart-blind,ok,3.3964802999980748,0.1714941726547145,0.292,0.724510465901418,0.4047251100370835,0.6724387255491168,0.0857470863273572,0.2187966101418864,0.2854346217702327,0.0,11.0,0.930298719772404,0.0023328550229358,0.0274958691651609,0.0184494726229739,0.1231334338738849,0.0202362555020742,
petal__dinosaur_outline__s00,petal-derived budget -> dinosaur outline (seed 0),petal,dinosaur_outline,0,entropy-transport-blind,ok,1.1376578999916092,0.1714941726547145,0.292,0.724510465901418,0.4047251100370835,0.6724387255491168,0.0857470863273572,0.2187966101418864,0.2854346217702327,0.0,11.0,0.930298719772404,0.0023328550229358,0.0274958691651609,0.0184494726229739,0.1231334338738849,0.0218692540183407,
petal__dinosaur_outline__s00,petal-derived budget -> dinosaur outline (seed 0),petal,dinosaur_outline,0,langevin-blind,ok,32.63096570002381,0.1714941726547145,0.292,0.724510465901418,0.4047251100370835,0.6724387255491168,0.0857470863273572,0.2187966101418864,0.2854346217702327,0.0,11.0,0.930298719772404,0.0023328550229358,0.0274958691651609,0.0184494726229739,0.1231334338738849,0.0202362555020742,
petal__dinosaur_outline__s01,petal-derived budget -> dinosaur outline (seed 1),petal,dinosaur_outline,1,anchor-aware-refiner,ok,1.0231872999866027,0.1367234482502476,0.2945,0.6805054151624549,2.146907997925521,0.4978220774214788,0.0683617241251238,0.1053091518936513,0.3119119671855276,0.0,17.0,0.9444444444444444,0.0010306968576998,0.6790769908968526,0.4333534257874238,1.6708362957863174,,
petal__dinosaur_outline__s01,petal-derived budget -> dinosaur outline (seed 1),petal,dinosaur_outline,1,blind-sa,ok,48.643272399989655,0.1701700177218628,0.2945,0.7257683215130024,0.4008837213216126,0.6840588475412169,0.0850850088609314,0.216795405335358,0.2846789418992665,0.0,3.0,0.9171875,0.0024138558635295,0.0403239411114601,0.0179418201468228,0.015595622549823,0.0217338851707423,0.9666666666666668
petal__dinosaur_outline__s01,petal-derived budget -> dinosaur outline (seed 1),petal,dinosaur_outline,1,projected-gradient-blind,ok,1.7226571000064723,0.1701700177218628,0.2945,0.7257683215130024,0.4008837213216124,0.6840588475412166,0.0850850088609314,0.216795405335358,0.2846789418992665,0.0,3.0,0.9171875,0.0024138558635295,0.0403239411114601,0.0179418201468228,0.015595622549823,0.0200441860662262,
petal__dinosaur_outline__s01,petal-derived budget -> dinosaur outline (seed 1),petal,dinosaur_outline,1,evolutionary-blind,ok,62.62679469998693,0.1701700177218628,0.2945,0.7257683215130024,0.4008837213216124,0.6840588475412166,0.0850850088609314,0.216795405335358,0.2846789418992665,0.0,3.0,0.9171875,0.0024138558635295,0.0403239411114601,0.0179418201468228,0.015595622549823,0.0217338851708372,
petal__dinosaur_outline__s01,petal-derived budget -> dinosaur outline (seed 1),petal,dinosaur_outline,1,best-of-k-restart-blind,ok,3.21771309999167,0.1701700177218628,0.2945,0.7257683215130024,0.4008837213216124,0.6840588475412166,0.0850850088609314,0.216795405335358,0.2846789418992665,0.0,3.0,0.9171875,0.0024138558635295,0.0403239411114601,0.0179418201468228,0.015595622549823,0.0200441860662262,
petal__dinosaur_outline__s01,petal-derived budget -> dinosaur outline (seed 1),petal,dinosaur_outline,1,entropy-transport-blind,ok,1.275642099994002,0.1701700177218632,0.2945,0.7257683215130024,0.400883721321612,0.6840588475412145,0.0850850088609316,0.2167954053353575,0.2846789418992665,0.0,3.0,0.9171875,0.0024138558635295,0.0403239411114601,0.0179418201468228,0.015595622549823,0.0217338851709772,
petal__dinosaur_outline__s01,petal-derived budget -> dinosaur outline (seed 1),petal,dinosaur_outline,1,langevin-blind,ok,32.43256469999324,0.1701700177218628,0.2945,0.7257683215130024,0.4008837213216124,0.6840588475412166,0.0850850088609314,0.216795405335358,0.2846789418992665,0.0,3.0,0.9171875,0.0024138558635295,0.0403239411114601,0.0179418201468228,0.015595622549823,0.0200441860662262,
petal__dinosaur_outline__s02,petal-derived budget -> dinosaur outline (seed 2),petal,dinosaur_outline,2,anchor-aware-refiner,ok,0.916268200002378,0.1377967912373207,0.2935,0.6725695699313335,2.085624107396597,0.4962895599731815,0.0688983956186603,0.1051015736871403,0.3044246113782331,0.0,17.0,0.9132653061224488,0.0009212851989857,0.6790532516470607,0.4263583347634902,1.6600702178701932,,
petal__dinosaur_outline__s02,petal-derived budget -> dinosaur outline (seed 2),petal,dinosaur_outline,2,blind-sa,ok,47.37223889998859,0.1724671864768658,0.2935,0.7154444068942211,0.4160023689291883,0.7369668818834587,0.0862335932384329,0.2200577243680084,0.2776766293545279,0.0,14.0,0.9326145552560648,0.0028020543604504,0.0378763979688704,0.0159612117355612,0.0819190903261612,0.0227615564991903,0.9833333333333332
petal__dinosaur_outline__s02,petal-derived budget -> dinosaur outline (seed 2),petal,dinosaur_outline,2,projected-gradient-blind,ok,1.4672075000125917,0.1724671864768658,0.2935,0.7154444068942211,0.4160023689291883,0.7369668818834587,0.0862335932384329,0.2200577243680084,0.2776766293545279,0.0,14.0,0.9326145552560648,0.0028020543604504,0.0378763979688704,0.0159612117355612,0.0819190903261612,0.0208001184466706,
petal__dinosaur_outline__s02,petal-derived budget -> dinosaur outline (seed 2),petal,dinosaur_outline,2,evolutionary-blind,ok,64.63322759998846,0.1724671864768658,0.2935,0.7154444068942211,0.4160023689291883,0.7369668818834587,0.0862335932384329,0.2200577243680084,0.2776766293545279,0.0,14.0,0.9326145552560648,0.0028020543604504,0.0378763979688704,0.0159612117355612,0.0819190903261612,0.0227615564991903,
petal__dinosaur_outline__s02,petal-derived budget -> dinosaur outline (seed 2),petal,dinosaur_outline,2,best-of-k-restart-blind,ok,3.339814600010868,0.1724671864768658,0.2935,0.7154444068942211,0.4160023689291883,0.7369668818834587,0.0862335932384329,0.2200577243680084,0.2776766293545279,0.0,14.0,0.9326145552560648,0.0028020543604504,0.0378763979688704,0.0159612117355612,0.0819190903261612,0.0208001184466706,
petal__dinosaur_outline__s02,petal-derived budget -> dinosaur outline (seed 2),petal,dinosaur_outline,2,entropy-transport-blind,ok,1.3155063999874983,0.1724671864768659,0.2935,0.7154444068942211,0.4160023689291885,0.7369668818834563,0.0862335932384329,0.2200577243680081,0.2776766293545279,0.0,14.0,0.9326145552560648,0.0028020543604504,0.0378763979688704,0.0159612117355612,0.0819190903261612,0.0227615564992618,
petal__dinosaur_outline__s02,petal-derived budget -> dinosaur outline (seed 2),petal,dinosaur_outline,2,langevin-blind,ok,35.455688400019426,0.1724671864768658,0.2935,0.7154444068942211,0.4160023689291883,0.7369668818834587,0.0862335932384329,0.2200577243680084,0.2776766293545279,0.0,14.0,0.9326145552560648,0.0028020543604504,0.0378763979688704,0.0159612117355612,0.0819190903261612,0.0208001184466706,
petal__dinosaur_outline__s03,petal-derived budget -> dinosaur outline (seed 3),petal,dinosaur_outline,3,anchor-aware-refiner,ok,1.0075362999923527,0.1370008176771836,0.2975,0.6904847396768402,2.1098338594128303,0.5048443514044285,0.0685004088385918,0.1054378019297278,0.3019732492529786,0.0,20.0,0.9206762028608584,0.0009769074437606,0.6791293893689105,0.4252171739494821,1.6932336567669606,,
petal__dinosaur_outline__s03,petal-derived budget -> dinosaur outline (seed 3),petal,dinosaur_outline,3,blind-sa,ok,46.95460460000322,0.17105919569345,0.2975,0.7292780748663101,0.3938503559814317,0.649662251769944,0.085529597846725,0.2205117599245774,0.2978756265784582,0.0,2.0,0.9265625,0.0024910575612163,0.0661889365442448,0.0226914325107479,0.0231958279852033,0.0214362580924456,0.9833333333333332
petal__dinosaur_outline__s03,petal-derived budget -> dinosaur outline (seed 3),petal,dinosaur_outline,3,projected-gradient-blind,ok,1.375450000021374,0.17105919569345,0.2975,0.7292780748663101,0.3938503559814316,0.6496622517699437,0.085529597846725,0.2205117599245775,0.2978756265784582,0.0,2.0,0.9265625,0.0024910575612163,0.0661889365442448,0.0226914325107479,0.0231958279852033,0.019692517799338,
petal__dinosaur_outline__s03,petal-derived budget -> dinosaur outline (seed 3),petal,dinosaur_outline,3,evolutionary-blind,ok,59.666081100003794,0.17105919569345,0.2975,0.7292780748663101,0.3938503559814316,0.6496622517699437,0.085529597846725,0.2205117599245775,0.2978756265784582,0.0,2.0,0.9265625,0.0024910575612163,0.0661889365442448,0.0226914325107479,0.0231958279852033,0.0214362580924488,
petal__dinosaur_outline__s03,petal-derived budget -> dinosaur outline (seed 3),petal,dinosaur_outline,3,best-of-k-restart-blind,ok,3.340426500013564,0.17105919569345,0.2975,0.7292780748663101,0.3938503559814316,0.6496622517699437,0.085529597846725,0.2205117599245775,0.2978756265784582,0.0,2.0,0.9265625,0.0024910575612163,0.0661889365442448,0.0226914325107479,0.0231958279852033,0.019692517799338,
petal__dinosaur_outline__s03,petal-derived budget -> dinosaur outline (seed 3),petal,dinosaur_outline,3,entropy-transport-blind,ok,1.3499280999822076,0.1710591956934498,0.2975,0.7292780748663101,0.3938503559814316,0.6496622517699417,0.0855295978467249,0.2205117599245773,0.2978756265784582,0.0,2.0,0.9265625,0.0024910575612163,0.0661889365442448,0.0226914325107479,0.0231958279852033,0.0214362580925299,
petal__dinosaur_outline__s03,petal-derived budget -> dinosaur outline (seed 3),petal,dinosaur_outline,3,langevin-blind,ok,31.065279500006,0.17105919569345,0.2975,0.7292780748663101,0.3938503559814316,0.6496622517699437,0.085529597846725,0.2205117599245775,0.2978756265784582,0.0,2.0,0.9265625,0.0024910575612163,0.0661889365442448,0.0226914325107479,0.0231958279852033,0.019692517799338,
petal__dinosaur_outline__s04,petal-derived budget -> dinosaur outline (seed 4),petal,dinosaur_outline,4,anchor-aware-refiner,ok,0.9210743999865372,0.1381156890071435,0.2985,0.6758023800937613,2.124534201675058,0.5024745566806413,0.0690578445035717,0.1067074139713751,0.3094038408246358,0.0,17.0,0.9409448818897638,0.0009921349617619,0.6790999486588312,0.424773497459165,1.6808702202436994,,
petal__dinosaur_outline__s04,petal-derived budget -> dinosaur outline (seed 4),petal,dinosaur_outline,4,blind-sa,ok,45.49594559997786,0.1719643910533834,0.2985,0.722521915037087,0.4123209597468747,0.6822875432512118,0.0859821955266917,0.2163156381655949,0.2769494858508824,0.0,4.0,0.9393939393939394,0.0025016826822126,0.0473538843341015,0.0249463045713004,0.0371465189626811,0.0223672258652286,0.975
petal__dinosaur_outline__s04,petal-derived budget -> dinosaur outline (seed 4),petal,dinosaur_outline,4,projected-gradient-blind,ok,1.3902370000141673,0.1719643910533834,0.2985,0.722521915037087,0.4123209597468747,0.6822875432512118,0.0859821955266917,0.2163156381655949,0.2769494858508824,0.0,4.0,0.9393939393939394,0.0025016826822126,0.0473538843341015,0.0249463045713004,0.0371465189626811,0.0206160479875163,
petal__dinosaur_outline__s04,petal-derived budget -> dinosaur outline (seed 4),petal,dinosaur_outline,4,evolutionary-blind,ok,59.72568730000057,0.1719643910533834,0.2985,0.722521915037087,0.4123209597468747,0.6822875432512118,0.0859821955266917,0.2163156381655949,0.2769494858508824,0.0,4.0,0.9393939393939394,0.0025016826822126,0.0473538843341015,0.0249463045713004,0.0371465189626811,0.0223672258652286,
petal__dinosaur_outline__s04,petal-derived budget -> dinosaur outline (seed 4),petal,dinosaur_outline,4,best-of-k-restart-blind,ok,3.2034683999954723,0.1719643910533834,0.2985,0.722521915037087,0.4123209597468747,0.6822875432512118,0.0859821955266917,0.2163156381655949,0.2769494858508824,0.0,4.0,0.9393939393939394,0.0025016826822126,0.0473538843341015,0.0249463045713004,0.0371465189626811,0.0206160479875163,
petal__dinosaur_outline__s04,petal-derived budget -> dinosaur outline (seed 4),petal,dinosaur_outline,4,entropy-transport-blind,ok,1.224195500020869,0.1719643910533838,0.2985,0.722521915037087,0.4123209597468744,0.6822875432512119,0.0859821955266919,0.2163156381655948,0.2769494858508824,0.0,4.0,0.9393939393939394,0.0025016826822126,0.0473538843341015,0.0249463045713004,0.0371465189626811,0.0223672258653073,
petal__dinosaur_outline__s04,petal-derived budget -> dinosaur outline (seed 4),petal,dinosaur_outline,4,langevin-blind,ok,31.25064589999965,0.1719643910533834,0.2985,0.722521915037087,0.4123209597468747,0.6822875432512118,0.0859821955266917,0.2163156381655949,0.2769494858508824,0.0,4.0,0.9393939393939394,0.0025016826822126,0.0473538843341015,0.0249463045713004,0.0371465189626811,0.0206160479875163,
petal__dinosaur_outline__s05,petal-derived budget -> dinosaur outline (seed 5),petal,dinosaur_outline,5,anchor-aware-refiner,ok,0.8423693999939132,0.1401488974636177,0.2845,0.678094550703717,2.1566506236152105,0.4898206734642405,0.0700744487318088,0.1070770819285653,0.3186562827602289,0.0,14.0,0.9423347398030942,0.0010095542638146,0.6791750473198364,0.4339892524562062,1.711382628291025,,
petal__dinosaur_outline__s05,petal-derived budget -> dinosaur outline (seed 5),petal,dinosaur_outline,5,blind-sa,ok,47.1436238999886,0.1736770931736782,0.2845,0.7167843928691557,0.4056546726117542,0.7138738986547434,0.0868385465868391,0.2145231110205433,0.2777467523165184,0.0,10.0,0.9186390532544378,0.0026328741968838,0.0349517177231778,0.0170164497782296,0.0528811844642089,0.0221257455686779,0.975
petal__dinosaur_outline__s05,petal-derived budget -> dinosaur outline (seed 5),petal,dinosaur_outline,5,projected-gradient-blind,ok,1.6627731999906246,0.1736770931736782,0.2845,0.7167843928691557,0.4056546726117542,0.7138738986547434,0.0868385465868391,0.2145231110205433,0.2777467523165184,0.0,10.0,0.9186390532544378,0.0026328741968838,0.0349517177231778,0.0170164497782296,0.0528811844642089,0.0202827336307259,
petal__dinosaur_outline__s05,petal-derived budget -> dinosaur outline (seed 5),petal,dinosaur_outline,5,evolutionary-blind,ok,62.20629020000342,0.1736770931736782,0.2845,0.7167843928691557,0.4056546726117542,0.7138738986547434,0.0868385465868391,0.2145231110205433,0.2777467523165184,0.0,10.0,0.9186390532544378,0.0026328741968838,0.0349517177231778,0.0170164497782296,0.0528811844642089,0.0221257455686779,
petal__dinosaur_outline__s05,petal-derived budget -> dinosaur outline (seed 5),petal,dinosaur_outline,5,best-of-k-restart-blind,ok,3.345359599974472,0.1736770931736782,0.2845,0.7167843928691557,0.4056546726117542,0.7138738986547434,0.0868385465868391,0.2145231110205433,0.2777467523165184,0.0,10.0,0.9186390532544378,0.0026328741968838,0.0349517177231778,0.0170164497782296,0.0528811844642089,0.0202827336307259,
petal__dinosaur_outline__s05,petal-derived budget -> dinosaur outline (seed 5),petal,dinosaur_outline,5,entropy-transport-blind,ok,1.19913289998658,0.1736770931736782,0.2845,0.7167843928691557,0.4056546726117555,0.7138738986547419,0.0868385465868391,0.2145231110205433,0.2777467523165184,0.0,10.0,0.9186390532544378,0.0026328741968838,0.0349517177231778,0.0170164497782296,0.0528811844642089,0.0221257455686887,
petal__dinosaur_outline__s05,petal-derived budget -> dinosaur outline (seed 5),petal,dinosaur_outline,5,langevin-blind,ok,30.33787170000141,0.1736770931736782,0.2845,0.7167843928691557,0.4056546726117542,0.7138738986547434,0.0868385465868391,0.2145231110205433,0.2777467523165184,0.0,10.0,0.9186390532544378,0.0026328741968838,0.0349517177231778,0.0170164497782296,0.0528811844642089,0.0202827336307259,
petal__dinosaur_outline__s06,petal-derived budget -> dinosaur outline (seed 6),petal,dinosaur_outline,6,anchor-aware-refiner,ok,0.8163706999912392,0.1355457060592973,0.3,0.6872753414809489,2.182635189140883,0.5060171520768311,0.0677728530296486,0.1043204203535536,0.3094038408246358,0.0,2.0,0.9231884057971016,0.0009544749935087,0.6790617085610828,0.4460119822539186,1.6639529316701225,,
petal__dinosaur_outline__s06,petal-derived budget -> dinosaur outline (seed 6),petal,dinosaur_outline,6,blind-sa,ok,45.6691399999836,0.1698512390509415,0.3005,0.7251934073326606,0.3954094178507154,0.689613073314998,0.0849256195254707,0.2158215818068644,0.2885442332282449,0.0,4.0,0.9171974522292994,0.0025002203127607,0.0323928078686132,0.0189453149804171,0.1025631548206957,0.0215206251119097,0.9666666666666668
petal__dinosaur_outline__s06,petal-derived budget -> dinosaur outline (seed 6),petal,dinosaur_outline,6,projected-gradient-blind,ok,1.429581700009294,0.1698512390509415,0.3005,0.7251934073326606,0.3954094178507153,0.6896130733149979,0.0849256195254707,0.2158215818068644,0.2885442332282449,0.0,4.0,0.9171974522292994,0.0025002203127607,0.0323928078686132,0.0189453149804171,0.1025631548206957,0.0197704708928002,
petal__dinosaur_outline__s06,petal-derived budget -> dinosaur outline (seed 6),petal,dinosaur_outline,6,evolutionary-blind,ok,62.09405590000097,0.1698512390509415,0.3005,0.7251934073326606,0.3954094178507153,0.6896130733149979,0.0849256195254707,0.2158215818068644,0.2885442332282449,0.0,4.0,0.9171974522292994,0.0025002203127607,0.0323928078686132,0.0189453149804171,0.1025631548206957,0.021520625111992,
petal__dinosaur_outline__s06,petal-derived budget -> dinosaur outline (seed 6),petal,dinosaur_outline,6,best-of-k-restart-blind,ok,3.428264699992724,0.1698512390509415,0.3005,0.7251934073326606,0.3954094178507153,0.6896130733149979,0.0849256195254707,0.2158215818068644,0.2885442332282449,0.0,4.0,0.9171974522292994,0.0025002203127607,0.0323928078686132,0.0189453149804171,0.1025631548206957,0.0197704708928002,
petal__dinosaur_outline__s06,petal-derived budget -> dinosaur outline (seed 6),petal,dinosaur_outline,6,entropy-transport-blind,ok,1.267218299995875,0.1698512390509416,0.3005,0.7251934073326606,0.3954094178507156,0.6896130733149956,0.0849256195254708,0.2158215818068645,0.2885442332282449,0.0,4.0,0.9171974522292994,0.0025002203127607,0.0323928078686132,0.0189453149804171,0.1025631548206957,0.0215206251121072,
petal__dinosaur_outline__s06,petal-derived budget -> dinosaur outline (seed 6),petal,dinosaur_outline,6,langevin-blind,ok,32.30918370001018,0.1698512390509415,0.3005,0.7251934073326606,0.3954094178507153,0.6896130733149979,0.0849256195254707,0.2158215818068644,0.2885442332282449,0.0,4.0,0.9171974522292994,0.0025002203127607,0.0323928078686132,0.0189453149804171,0.1025631548206957,0.0197704708928002,
petal__dinosaur_outline__s07,petal-derived budget -> dinosaur outline (seed 7),petal,dinosaur_outline,7,anchor-aware-refiner,ok,1.2229956999944989,0.1366518306446924,0.289,0.683868639480332,2.2654693274798414,0.4880760405742571,0.0683259153223462,0.1053168985215546,0.3068957144637445,0.0,19.0,0.91644908616188,0.0009592138595185,0.6790638536558009,0.4411739795881794,1.6649293244992367,,
petal__dinosaur_outline__s07,petal-derived budget -> dinosaur outline (seed 7),petal,dinosaur_outline,7,blind-sa,ok,51.99241580002126,0.1707853946087545,0.289,0.7204591492234976,0.4173323146737717,0.6604734170846087,0.0853926973043772,0.2216704027182423,0.2838872682344592,0.0,14.0,0.922279792746114,0.0023462302075528,0.0577721651694964,0.023882294296768,0.0112794582797004,0.0225089768794009,0.9833333333333332
petal__dinosaur_outline__s07,petal-derived budget -> dinosaur outline (seed 7),petal,dinosaur_outline,7,projected-gradient-blind,ok,1.7757792000193149,0.1707853946087545,0.289,0.7204591492234976,0.4173323146737716,0.6604734170846086,0.0853926973043772,0.2216704027182423,0.2838872682344592,0.0,14.0,0.922279792746114,0.0023462302075528,0.0577721651694964,0.023882294296768,0.0112794582797004,0.0208666157339481,
petal__dinosaur_outline__s07,petal-derived budget -> dinosaur outline (seed 7),petal,dinosaur_outline,7,evolutionary-blind,ok,67.92230979999295,0.1707853946087545,0.289,0.7204591492234976,0.4173323146737716,0.6604734170846086,0.0853926973043772,0.2216704027182423,0.2838872682344592,0.0,14.0,0.922279792746114,0.0023462302075528,0.0577721651694964,0.023882294296768,0.0112794582797004,0.022508976879475,
petal__dinosaur_outline__s07,petal-derived budget -> dinosaur outline (seed 7),petal,dinosaur_outline,7,best-of-k-restart-blind,ok,3.716867599985562,0.1707853946087545,0.289,0.7204591492234976,0.4173323146737716,0.6604734170846086,0.0853926973043772,0.2216704027182423,0.2838872682344592,0.0,14.0,0.922279792746114,0.0023462302075528,0.0577721651694964,0.023882294296768,0.0112794582797004,0.0208666157339481,
petal__dinosaur_outline__s07,petal-derived budget -> dinosaur outline (seed 7),petal,dinosaur_outline,7,entropy-transport-blind,ok,1.154421299987007,0.1707853946087543,0.289,0.7204591492234976,0.4173323146737718,0.6604734170846135,0.0853926973043771,0.2216704027182424,0.2838872682344592,0.0,14.0,0.922279792746114,0.0023462302075528,0.0577721651694964,0.023882294296768,0.0112794582797004,0.0225089768792741,
petal__dinosaur_outline__s07,petal-derived budget -> dinosaur outline (seed 7),petal,dinosaur_outline,7,langevin-blind,ok,30.97964569999021,0.1707853946087545,0.289,0.7204591492234976,0.4173323146737716,0.6604734170846086,0.0853926973043772,0.2216704027182423,0.2838872682344592,0.0,14.0,0.922279792746114,0.0023462302075528,0.0577721651694964,0.023882294296768,0.0112794582797004,0.0208666157339481,
petal__pickaxe_object__s00,petal-derived budget -> pickaxe object (seed 0),petal,pickaxe_object,0,anchor-aware-refiner,ok,0.8881728999840561,0.3399879703990575,0.094,0.1451314328026657,3.012898917770221,0.8933261648794228,0.1699939851995287,0.3010593190241333,0.4740701964931317,0.0,7.0,0.931098696461825,0.0086002597219265,0.6787338907925217,0.5044680384708597,1.4052168306590385,,
petal__pickaxe_object__s00,petal-derived budget -> pickaxe object (seed 0),petal,pickaxe_object,0,blind-sa,ok,45.1027679000108,0.37926010183607,0.094,0.1318600368324125,0.2760014586505768,0.8933261648794228,0.189630050918035,0.3973094591020329,0.4579782086230063,0.0,17.0,0.9366053169734152,0.0087783556732363,0.1687146752634386,0.0480711906183815,0.9492826588837828,0.0199449219042061,0.975
petal__pickaxe_object__s00,petal-derived budget -> pickaxe object (seed 0),petal,pickaxe_object,0,projected-gradient-blind,ok,1.3564693999942392,0.3793227032282573,0.094,0.1311233885819521,0.4311935744867612,0.8933124313456062,0.1896613516141286,0.3973251883979732,0.4579782086230063,0.0,17.0,0.9366053169734152,0.0087775005777046,0.140513451470762,0.0801873846237985,0.8039855972805956,0.0217966797524386,
petal__pickaxe_object__s00,petal-derived budget -> pickaxe object (seed 0),petal,pickaxe_object,0,evolutionary-blind,ok,60.28833660000237,0.37926010183607,0.094,0.1318600368324125,0.2760014586505768,0.8933261648794228,0.189630050918035,0.3973094591020329,0.4579782086230063,0.0,17.0,0.9366053169734152,0.0087783556732363,0.1687146752634386,0.0480711906183815,0.9492826588837828,0.0199449219042061,
petal__pickaxe_object__s00,petal-derived budget -> pickaxe object (seed 0),petal,pickaxe_object,0,best-of-k-restart-blind,ok,3.207135599979665,0.3792708177360899,0.094,0.1314917127071823,0.3112887537360859,0.8933361487088848,0.1896354088680449,0.3973062942347244,0.4579782086230063,0.0,17.0,0.936734693877551,0.0087796481897358,0.1615150393787724,0.0554241813727449,0.9034148735608438,0.0158820325414059,
petal__pickaxe_object__s00,petal-derived budget -> pickaxe object (seed 0),petal,pickaxe_object,0,entropy-transport-blind,ok,1.2379971999907866,0.37926010183607,0.094,0.1318600368324125,0.2760014586505768,0.8933261648794228,0.189630050918035,0.3973094591020329,0.4579782086230063,0.0,17.0,0.9366053169734152,0.0087783556732363,0.1687146752634386,0.0480711906183815,0.9492826588837828,0.0199449219042061,
petal__pickaxe_object__s00,petal-derived budget -> pickaxe object (seed 0),petal,pickaxe_object,0,langevin-blind,ok,30.69030909999856,0.37926010183607,0.094,0.1318600368324125,0.2760014586505768,0.8933261648794228,0.189630050918035,0.3973094591020329,0.4579782086230063,0.0,17.0,0.9366053169734152,0.0087783556732363,0.1687146752634386,0.0480711906183815,0.9492826588837828,0.0138000729327363,
petal__pickaxe_object__s01,petal-derived budget -> pickaxe object (seed 1),petal,pickaxe_object,1,anchor-aware-refiner,ok,0.962542300025234,0.3399495223333098,0.093,0.1459259259259259,3.0030606181405606,0.8930010514612378,0.1699747611666549,0.3010179193567001,0.471500613033575,0.0,8.0,0.9325842696629214,0.0085582937931057,0.6787342255855495,0.5090672624574188,1.397395831595342,,
petal__pickaxe_object__s01,petal-derived budget -> pickaxe object (seed 1),petal,pickaxe_object,1,blind-sa,ok,45.61809920001542,0.3789991366800672,0.093,0.1322283609576427,0.2833528527940214,0.8930010514612382,0.1894995683400336,0.3972458248991983,0.4579782086230063,0.0,17.0,0.9364754098360656,0.0086508777868181,0.1659443441561133,0.0463112594242413,0.9326731431009494,0.0202232570908771,1.0
petal__pickaxe_object__s01,petal-derived budget -> pickaxe object (seed 1),petal,pickaxe_object,1,projected-gradient-blind,ok,1.4462984999991022,0.3790154552916422,0.093,0.1318600368324125,0.3142551233241658,0.8930055796971897,0.1895077276458211,0.3972489890192826,0.4579782086230063,0.0,17.0,0.9366053169734152,0.0086518837052075,0.1585198266935163,0.0519102184262688,0.8995342527183319,0.0158665303977024,
petal__pickaxe_object__s01,petal-derived budget -> pickaxe object (seed 1),petal,pickaxe_object,1,evolutionary-blind,ok,63.26363900001161,0.3789991366800672,0.093,0.1322283609576427,0.2833528527940214,0.8930010514612382,0.1894995683400336,0.3972458248991983,0.4579782086230063,0.0,17.0,0.9364754098360656,0.0086508777868181,0.1659443441561133,0.0463112594242413,0.9326731431009494,0.0202232570908771,
petal__pickaxe_object__s01,petal-derived budget -> pickaxe object (seed 1),petal,pickaxe_object,1,best-of-k-restart-blind,ok,3.3975941999815404,0.3790154552916422,0.093,0.1318600368324125,0.3142551233241658,0.8930055796971897,0.1895077276458211,0.3972489890192826,0.4579782086230063,0.0,17.0,0.9366053169734152,0.0086518837052075,0.1585198266935163,0.0519102184262688,0.8995342527183319,0.0158665303977024,
petal__pickaxe_object__s01,petal-derived budget -> pickaxe object (seed 1),petal,pickaxe_object,1,entropy-transport-blind,ok,1.0995379000087269,0.3789991366800671,0.093,0.1322283609576427,0.2833528527940214,0.8930010514612371,0.1894995683400335,0.3972458248991982,0.4579782086230063,0.0,17.0,0.9364754098360656,0.0086508777868181,0.1659443441561133,0.0463112594242413,0.9326731431009494,0.0202232570907128,
petal__pickaxe_object__s01,petal-derived budget -> pickaxe object (seed 1),petal,pickaxe_object,1,langevin-blind,ok,29.54467160001513,0.3789991366800672,0.093,0.1322283609576427,0.2833528527940214,0.8930010514612382,0.1894995683400336,0.3972458248991983,0.4579782086230063,0.0,17.0,0.9364754098360656,0.0086508777868181,0.1659443441561133,0.0463112594242413,0.9326731431009494,0.0141676426399054,
petal__pickaxe_object__s02,petal-derived budget -> pickaxe object (seed 2),petal,pickaxe_object,2,anchor-aware-refiner,ok,0.9050150999973994,0.340029085977611,0.094,0.1503703703703703,3.048037425721525,0.8933486108700978,0.1700145429888055,0.3010188452548523,0.4740701964931317,0.0,7.0,0.9289719626168224,0.0086072730830662,0.678733877721896,0.5092522340152813,1.404864433183359,,
petal__pickaxe_object__s02,petal-derived budget -> pickaxe object (seed 2),petal,pickaxe_object,2,blind-sa,ok,47.69066490000114,0.3789812949135469,0.094,0.1314432989690721,0.2970491543536893,0.8933486108700972,0.1894906474567734,0.3972273367615853,0.4579782086230063,0.0,17.0,0.9363449691991786,0.0085904428497907,0.1643151447372597,0.0464900414655423,0.9204371370403048,0.0208657677129865,0.975
petal__pickaxe_object__s02,petal-derived budget -> pickaxe object (seed 2),petal,pickaxe_object,2,projected-gradient-blind,ok,1.3764035000058357,0.3789610172245682,0.094,0.1314432989690721,0.388782318416728,0.8933356082344396,0.1894805086122841,0.3972295168396073,0.4579782086230063,0.0,17.0,0.9363449691991786,0.008586816983504,0.1463088210702468,0.0644155980212813,0.8393290190086731,0.0197742342272594,
petal__pickaxe_object__s02,petal-derived budget -> pickaxe object (seed 2),petal,pickaxe_object,2,evolutionary-blind,ok,61.672763499984285,0.3789812949135469,0.094,0.1314432989690721,0.2970491543536893,0.8933486108700972,0.1894906474567734,0.3972273367615853,0.4579782086230063,0.0,17.0,0.9363449691991786,0.0085904428497907,0.1643151447372597,0.0464900414655423,0.9204371370403048,0.0208657677129865,
petal__pickaxe_object__s02,petal-derived budget -> pickaxe object (seed 2),petal,pickaxe_object,2,best-of-k-restart-blind,ok,3.2344379000132903,0.3789914888584236,0.094,0.1325478645066274,0.3341985390936376,0.8933444481213756,0.1894957444292118,0.3972295500277619,0.4579782086230063,0.0,17.0,0.9364754098360656,0.008591211246809,0.1565110734362558,0.0538069144259845,0.8813759647804984,0.0169922143968966,
petal__pickaxe_object__s02,petal-derived budget -> pickaxe object (seed 2),petal,pickaxe_object,2,entropy-transport-blind,ok,1.4744995999790262,0.3789812949135471,0.094,0.1314432989690721,0.2970491543536919,0.8933486108700954,0.1894906474567735,0.3972273367615854,0.4579782086230063,0.0,17.0,0.9363449691991786,0.0085904428497907,0.1643151447372597,0.0464900414655423,0.9204371370403048,0.0208657677129854,
petal__pickaxe_object__s02,petal-derived budget -> pickaxe object (seed 2),petal,pickaxe_object,2,langevin-blind,ok,30.32461949999561,0.3789812949135469,0.094,0.1314432989690721,0.2970491543536893,0.8933486108700972,0.1894906474567734,0.3972273367615853,0.4579782086230063,0.0,17.0,0.9363449691991786,0.0085904428497907,0.1643151447372597,0.0464900414655423,0.9204371370403048,0.0148524577179127,
petal__pickaxe_object__s03,petal-derived budget -> pickaxe object (seed 3),petal,pickaxe_object,3,anchor-aware-refiner,ok,1.05799199998728,0.3400238950186514,0.0935,0.1454478164322724,2.890143828754616,0.8937556714469402,0.1700119475093257,0.3009697524850481,0.471500613033575,0.0,9.0,0.9342105263157896,0.0085602442535909,0.6787338859627042,0.500058535183556,1.4014024117078043,,
petal__pickaxe_object__s03,petal-derived budget -> pickaxe object (seed 3),petal,pickaxe_object,3,blind-sa,ok,47.90126029998646,0.3788578070566833,0.0935,0.1288659793814432,0.2883037174995191,0.8937556714469395,0.1894289035283416,0.397058888503855,0.4545699627308654,0.0,17.0,0.9364754098360656,0.0085901235361632,0.1664143184961049,0.0487874044956288,0.9414236102268404,0.0204282723507948,0.9583333333333334
petal__pickaxe_object__s03,petal-derived budget -> pickaxe object (seed 3),petal,pickaxe_object,3,projected-gradient-blind,ok,1.4108985000057146,0.3788609797328668,0.0935,0.1299705449189985,0.3370562190888467,0.8937743698097727,0.1894304898664334,0.3970478039934379,0.4545699627308654,0.0,17.0,0.9364754098360656,0.0085901622131511,0.1581878220824639,0.0595202691442129,0.8872770417079681,0.0172042647875885,
petal__pickaxe_object__s03,petal-derived budget -> pickaxe object (seed 3),petal,pickaxe_object,3,evolutionary-blind,ok,63.73174369998742,0.3788578070566833,0.0935,0.1288659793814432,0.2883037174995196,0.8937556714469395,0.1894289035283416,0.397058888503855,0.4545699627308654,0.0,17.0,0.9364754098360656,0.0085901235361632,0.1664143184961049,0.0487874044956288,0.9414236102268404,0.0204282723508811,
petal__pickaxe_object__s03,petal-derived budget -> pickaxe object (seed 3),petal,pickaxe_object,3,best-of-k-restart-blind,ok,3.4318353999988176,0.3788605517511891,0.0935,0.1299705449189985,0.3334183668192556,0.8937688031563471,0.1894302758755945,0.3970716444027667,0.4545699627308654,0.0,17.0,0.9364754098360656,0.0085895637247019,0.1570958537691831,0.0572676520223612,0.89799010007353,0.0169517773256147,
petal__pickaxe_object__s03,petal-derived budget -> pickaxe object (seed 3),petal,pickaxe_object,3,entropy-transport-blind,ok,1.319834699999774,0.378857807056683,0.0935,0.1288659793814432,0.2883037174995191,0.8937556714469412,0.1894289035283415,0.3970588885038555,0.4545699627308654,0.0,17.0,0.9364754098360656,0.0085901235361632,0.1664143184961049,0.0487874044956288,0.9414236102268404,0.0204282723506576,
petal__pickaxe_object__s03,petal-derived budget -> pickaxe object (seed 3),petal,pickaxe_object,3,langevin-blind,ok,30.36573180000414,0.3788578070566833,0.0935,0.1288659793814432,0.2883037174995196,0.8937556714469395,0.1894289035283416,0.397058888503855,0.4545699627308654,0.0,17.0,0.9364754098360656,0.0085901235361632,0.1664143184961049,0.0487874044956288,0.9414236102268404,0.0144151858752755,
petal__pickaxe_object__s04,petal-derived budget -> pickaxe object (seed 4),petal,pickaxe_object,4,anchor-aware-refiner,ok,0.8644790999824181,0.3400159745625781,0.093,0.1455016660496112,3.0499288654955103,0.8929776075504989,0.170007987281289,0.3010809121317165,0.4740701964931317,0.0,7.0,0.9312267657992566,0.0085706131059266,0.6787338641948355,0.5131313795044821,1.402085824905346,,
petal__pickaxe_object__s04,petal-derived budget -> pickaxe object (seed 4),petal,pickaxe_object,4,blind-sa,ok,45.92241219998687,0.3792204041937784,0.093,0.1307550644567219,0.2999926168039258,0.8929776075504989,0.1896102020968892,0.3973564161364787,0.4579782086230063,0.0,17.0,0.9366053169734152,0.0088316470705796,0.1637591626766735,0.0470192312591851,0.9227762244627944,0.0211817837900192,0.9666666666666668
petal__pickaxe_object__s04,petal-derived budget -> pickaxe object (seed 4),petal,pickaxe_object,4,projected-gradient-blind,ok,1.363324800011469,0.3792332413050143,0.093,0.1311233885819521,0.3403955604360024,0.8929886496355861,0.1896166206525071,0.3973632785821617,0.4579782086230063,0.0,17.0,0.9366053169734152,0.0088330057095304,0.1574282887431998,0.0552334069619843,0.8918928666911436,0.0172457120080105,
petal__pickaxe_object__s04,petal-derived budget -> pickaxe object (seed 4),petal,pickaxe_object,4,evolutionary-blind,ok,60.63869999998133,0.3792204041937784,0.093,0.1307550644567219,0.2999926168039258,0.8929776075504989,0.1896102020968892,0.3973564161364787,0.4579782086230063,0.0,17.0,0.9366053169734152,0.0088316470705796,0.1637591626766735,0.0470192312591851,0.9227762244627944,0.0211817837900192,
petal__pickaxe_object__s04,petal-derived budget -> pickaxe object (seed 4),petal,pickaxe_object,4,best-of-k-restart-blind,ok,3.4535699999833014,0.3792228197887796,0.093,0.1307550644567219,0.3296654560757866,0.8929836540060605,0.1896114098943898,0.397357657818802,0.4579782086230063,0.0,17.0,0.9366053169734152,0.0088306181560846,0.1576680810593802,0.0533825955389756,0.8977143215324321,0.0166158113139566,
petal__pickaxe_object__s04,petal-derived budget -> pickaxe object (seed 4),petal,pickaxe_object,4,entropy-transport-blind,ok,1.4026379999995695,0.3792204041937785,0.093,0.1307550644567219,0.2999926168039263,0.8929776075504996,0.1896102020968892,0.3973564161364785,0.4579782086230063,0.0,17.0,0.9366053169734152,0.0088316470705796,0.1637591626766735,0.0470192312591851,0.9227762244627944,0.0211817837902591,
petal__pickaxe_object__s04,petal-derived budget -> pickaxe object (seed 4),petal,pickaxe_object,4,langevin-blind,ok,29.729424599994672,0.3792204041937784,0.093,0.1307550644567219,0.2999926168039258,0.8929776075504989,0.1896102020968892,0.3973564161364787,0.4579782086230063,0.0,17.0,0.9366053169734152,0.0088316470705796,0.1637591626766735,0.0470192312591851,0.9227762244627944,0.0149996308404073,
petal__pickaxe_object__s05,petal-derived budget -> pickaxe object (seed 5),petal,pickaxe_object,5,anchor-aware-refiner,ok,0.8466604999848641,0.3401571930202428,0.0935,0.1507407407407407,2.9475697877765006,0.8937208857382674,0.1700785965101214,0.3014245982869168,0.4740701964931317,0.0,7.0,0.9289719626168224,0.0085237099417164,0.6787338507786513,0.5151371092044021,1.403466124496995,,
petal__pickaxe_object__s05,petal-derived budget -> pickaxe object (seed 5),petal,pickaxe_object,5,blind-sa,ok,44.05046480000601,0.379654276794491,0.0935,0.1292341678939617,0.2817020804270833,0.8937208857382667,0.1898271383972455,0.3980907608039793,0.4570474126210141,0.0,17.0,0.9364754098360656,0.0086587983788533,0.1668105206004473,0.0452455828863333,0.4572255852572622,0.0201462628870603,0.9916666666666668
petal__pickaxe_object__s05,petal-derived budget -> pickaxe object (seed 5),petal,pickaxe_object,5,projected-gradient-blind,ok,1.4064040000084788,0.3796429271511853,0.0935,0.1292341678939617,0.3848637584522608,0.8937011050738369,0.1898214635755926,0.398054307111842,0.4570474126210141,0.0,17.0,0.9364754098360656,0.008659137010968,0.1562672083600783,0.0681471312151098,0.4172980875447905,0.0200685454751556,
petal__pickaxe_object__s05,petal-derived budget -> pickaxe object (seed 5),petal,pickaxe_object,5,evolutionary-blind,ok,57.43930079997517,0.379654276794491,0.0935,0.1292341678939617,0.2817020804270833,0.8937208857382667,0.1898271383972455,0.3980907608039793,0.4570474126210141,0.0,17.0,0.9364754098360656,0.0086587983788533,0.1668105206004473,0.0452455828863333,0.4572255852572622,0.0201462628870603,
petal__pickaxe_object__s05,petal-derived budget -> pickaxe object (seed 5),petal,pickaxe_object,5,best-of-k-restart-blind,ok,3.37729770000442,0.3796522693164736,0.0935,0.1292341678939617,0.312776749851624,0.8937262965056106,0.1898261346582368,0.3980940773673173,0.4570474126210141,0.0,17.0,0.9364754098360656,0.0086581954229424,0.1606119076855305,0.0518716591923141,0.4405081133824164,0.0157473999397765,
petal__pickaxe_object__s05,petal-derived budget -> pickaxe object (seed 5),petal,pickaxe_object,5,entropy-transport-blind,ok,1.276644199999282,0.379654276794491,0.0935,0.1292341678939617,0.2817020804270847,0.8937208857382696,0.1898271383972455,0.39809076080398,0.4570474126210141,0.0,17.0,0.9364754098360656,0.0086587983788533,0.1668105206004473,0.0452455828863333,0.4572255852572622,0.0201462628867402,
petal__pickaxe_object__s05,petal-derived budget -> pickaxe object (seed 5),petal,pickaxe_object,5,langevin-blind,ok,29.99713000000338,0.379654276794491,0.0935,0.1292341678939617,0.2817020804270833,0.8937208857382667,0.1898271383972455,0.3980907608039793,0.4570474126210141,0.0,17.0,0.9364754098360656,0.0086587983788533,0.1668105206004473,0.0452455828863333,0.4572255852572622,0.0140851040216126,
petal__pickaxe_object__s06,petal-derived budget -> pickaxe object (seed 6),petal,pickaxe_object,6,anchor-aware-refiner,ok,0.8805772000050638,0.3399618890906583,0.093,0.147037037037037,2.9998809668020163,0.8939393109752876,0.1699809445453291,0.3010998781834035,0.4664112183664544,0.0,7.0,0.9288389513108616,0.0086117675482819,0.6787339064048425,0.5093803608660723,1.405570357977688,,
petal__pickaxe_object__s06,petal-derived budget -> pickaxe object (seed 6),petal,pickaxe_object,6,blind-sa,ok,44.25988110000617,0.3793018534912235,0.093,0.1292341678939617,0.3047850032562595,0.893939310975287,0.1896509267456117,0.397436421727661,0.4545699627308654,0.0,17.0,0.9363449691991786,0.0087319924759941,0.1644263468117525,0.0485609591712099,0.936402901148674,0.0213516448964149,0.95
petal__pickaxe_object__s06,petal-derived budget -> pickaxe object (seed 6),petal,pickaxe_object,6,projected-gradient-blind,ok,1.3439250999945216,0.3792873571569909,0.093,0.1282240235814296,0.3569434624978142,0.8939440155575579,0.1896436785784954,0.397397844435892,0.4545699627308654,0.0,17.0,0.9362139917695472,0.0087270843490856,0.15225401176186,0.0600111246910754,0.8702574632872857,0.0185149711078811,
petal__pickaxe_object__s06,petal-derived budget -> pickaxe object (seed 6),petal,pickaxe_object,6,evolutionary-blind,ok,59.56174179998925,0.3793018534912235,0.093,0.1292341678939617,0.3047850032562595,0.893939310975287,0.1896509267456117,0.397436421727661,0.4545699627308654,0.0,17.0,0.9363449691991786,0.0087319924759941,0.1644263468117525,0.0485609591712099,0.936402901148674,0.0213516448964149,
petal__pickaxe_object__s06,petal-derived budget -> pickaxe object (seed 6),petal,pickaxe_object,6,best-of-k-restart-blind,ok,3.3590370999882,0.3793165293222938,0.093,0.1292341678939617,0.3288609607563513,0.8939405248042294,0.1896582646611469,0.3974244881047102,0.4545699627308654,0.0,17.0,0.9363449691991786,0.0087321718687141,0.158337135219635,0.0538637625357619,0.910052361816305,0.0165389462033259,
petal__pickaxe_object__s06,petal-derived budget -> pickaxe object (seed 6),petal,pickaxe_object,6,entropy-transport-blind,ok,1.3772297000105027,0.3793018534912234,0.093,0.1292341678939617,0.3047850032562625,0.89393931097529,0.1896509267456117,0.3974364217276618,0.4545699627308654,0.0,17.0,0.9363449691991786,0.0087319924759941,0.1644263468117525,0.0485609591712099,0.936402901148674,0.0213516448964284,
petal__pickaxe_object__s06,petal-derived budget -> pickaxe object (seed 6),petal,pickaxe_object,6,langevin-blind,ok,31.658490500005428,0.3793018534912235,0.093,0.1292341678939617,0.3047850032562595,0.893939310975287,0.1896509267456117,0.397436421727661,0.4545699627308654,0.0,17.0,0.9363449691991786,0.0087319924759941,0.1644263468117525,0.0485609591712099,0.936402901148674,0.0152392501630201,
petal__pickaxe_object__s07,petal-derived budget -> pickaxe object (seed 7),petal,pickaxe_object,7,anchor-aware-refiner,ok,0.9419546000135596,0.3399648289423038,0.094,0.1470915153760652,2.9236837825754938,0.8928825223854423,0.1699824144711519,0.3007111181008279,0.471500613033575,0.0,7.0,0.931098696461825,0.0085128986438169,0.6787344719118962,0.5022148127765594,1.3957737166192603,,
petal__pickaxe_object__s07,petal-derived budget -> pickaxe object (seed 7),petal,pickaxe_object,7,blind-sa,ok,47.82180320000043,0.3783235343294577,0.094,0.1326455416359616,0.3100352505091675,0.892882522385443,0.1891617671647288,0.3965719861746154,0.4579782086230063,0.0,17.0,0.9323770491803278,0.0085458834881809,0.1761220657653372,0.0479519830461486,0.952086622070002,0.0214838809675864,0.975
petal__pickaxe_object__s07,petal-derived budget -> pickaxe object (seed 7),petal,pickaxe_object,7,projected-gradient-blind,ok,1.484385099989595,0.3784143621965866,0.094,0.1326455416359616,0.3337702539809414,0.8928862614989187,0.1892071810982933,0.3965855993946179,0.4579782086230063,0.0,17.0,0.9323770491803278,0.0085477926004937,0.1702274892244278,0.0532252270904488,0.927597165629182,0.0170095142130538,
petal__pickaxe_object__s07,petal-derived budget -> pickaxe object (seed 7),petal,pickaxe_object,7,evolutionary-blind,ok,58.57282260002103,0.3783235343294577,0.094,0.1326455416359616,0.3100352505091675,0.892882522385443,0.1891617671647288,0.3965719861746154,0.4579782086230063,0.0,17.0,0.9323770491803278,0.0085458834881809,0.1761220657653372,0.0479519830461486,0.952086622070002,0.0214838809675864,
petal__pickaxe_object__s07,petal-derived budget -> pickaxe object (seed 7),petal,pickaxe_object,7,best-of-k-restart-blind,ok,3.3165673000039533,0.3784143621965866,0.094,0.1326455416359616,0.3337702539809414,0.8928862614989187,0.1892071810982933,0.3965855993946179,0.4579782086230063,0.0,17.0,0.9323770491803278,0.0085477926004937,0.1702274892244278,0.0532252270904488,0.927597165629182,0.0170095142130538,
petal__pickaxe_object__s07,petal-derived budget -> pickaxe object (seed 7),petal,pickaxe_object,7,entropy-transport-blind,ok,1.307360000006156,0.3783235343294578,0.094,0.1326455416359616,0.3100352505091694,0.892882522385446,0.1891617671647289,0.3965719861746156,0.4579782086230063,0.0,17.0,0.9323770491803278,0.0085458834881809,0.1761220657653372,0.0479519830461486,0.952086622070002,0.0214838809675191,
petal__pickaxe_object__s07,petal-derived budget -> pickaxe object (seed 7),petal,pickaxe_object,7,langevin-blind,ok,31.287581999989925,0.3783235343294577,0.094,0.1326455416359616,0.3100352505091675,0.892882522385443,0.1891617671647288,0.3965719861746154,0.4579782086230063,0.0,17.0,0.9323770491803278,0.0085458834881809,0.1761220657653372,0.0479519830461486,0.952086622070002,0.0155017625256626,
petal__rope_knot__s00,petal-derived budget -> rope knot (seed 0),petal,rope_knot,0,anchor-aware-refiner,ok,0.8006688999885228,0.3327748983880417,0.073,0.0444603800645392,2.0813057482493043,0.9015326661911652,0.1663874491940208,0.2919052922261314,0.5781675117409825,0.0,21.0,1.0,0.0392275961102246,0.6788858314629383,0.4723450586867065,1.569114528118508,,
petal__rope_knot__s00,petal-derived budget -> rope knot (seed 0),petal,rope_knot,0,blind-sa,ok,43.736195199977374,0.3450190177690079,0.073,0.0458452722063037,0.7149618288570929,0.9015330825727166,0.1725095088845039,0.3845626610295302,0.5781675117409825,0.0,21.0,1.0,0.0633977849786211,0.3502907703164606,0.3105252541646039,0.386131961346883,0.0801765815122063,0.9833333333333332
petal__rope_knot__s00,petal-derived budget -> rope knot (seed 0),petal,rope_knot,0,projected-gradient-blind,ok,1.410375400009798,0.3450256401483361,0.0735,0.0458616983160157,0.947159914051293,0.90156013955112,0.172512820074168,0.3845463629114705,0.5781675117409825,0.0,21.0,1.0,0.0633915898523603,0.3185453840186634,0.3505466242444447,0.2534286929231184,0.0496086708084942,
petal__rope_knot__s00,petal-derived budget -> rope knot (seed 0),petal,rope_knot,0,evolutionary-blind,ok,58.19887640001252,0.3450330690295868,0.073,0.0458452722063037,0.6470568913293634,0.9015325858658202,0.1725165345147934,0.3845633770593671,0.5781675117409825,0.0,21.0,1.0,0.0633986382409532,0.4006821424290031,0.2968590279390309,0.4058002583809461,0.0767318913354276,
petal__rope_knot__s00,petal-derived budget -> rope knot (seed 0),petal,rope_knot,0,best-of-k-restart-blind,ok,3.3647603999997955,0.3450285315671039,0.073,0.0458452722063037,0.930308868658466,0.9015292266630908,0.1725142657835519,0.3845760888820861,0.5781675117409825,0.0,21.0,1.0,0.0634143641255632,0.3171893106481999,0.3471621521789155,0.2728350782241748,0.0477615640113813,
petal__rope_knot__s00,petal-derived budget -> rope knot (seed 0),petal,rope_knot,0,entropy-transport-blind,ok,1.3819479999947362,0.3450330690295867,0.073,0.0458452722063037,0.6470568913293648,0.9015325858658192,0.1725165345147933,0.3845633770593667,0.5781675117409825,0.0,21.0,1.0,0.0633986382409532,0.4006821424290031,0.2968590279390309,0.4058002583809461,0.0767318913355427,
petal__rope_knot__s00,petal-derived budget -> rope knot (seed 0),petal,rope_knot,0,langevin-blind,ok,29.902682100015227,0.3450330690295868,0.073,0.0458452722063037,0.6470568913293634,0.9015325858658202,0.1725165345147934,0.3845633770593671,0.5781675117409825,0.0,21.0,1.0,0.0633986382409532,0.4006821424290031,0.2968590279390309,0.4058002583809461,0.0323528445666182,
petal__rope_knot__s01,petal-derived budget -> rope knot (seed 1),petal,rope_knot,1,anchor-aware-refiner,ok,0.8593407000007574,0.3176476763510636,0.078,0.0458616983160157,1.9160521197201508,0.861055689983255,0.1588238381755318,0.2814885104594131,0.5786097983237232,0.0,21.0,1.0,0.0325178827814562,0.678876686899648,0.4655223834819324,1.56308958017393,,
petal__rope_knot__s01,petal-derived budget -> rope knot (seed 1),petal,rope_knot,1,blind-sa,ok,43.96723909999128,0.3286647116142646,0.078,0.0483524355300859,0.6760836481029959,0.8610553456311246,0.1643323558071323,0.3699759172749245,0.5786097983237232,0.0,21.0,1.0,0.0632263199369505,0.1891610041186995,0.2993571412259829,0.078674649764789,0.0781060499958481,0.9666666666666668
petal__rope_knot__s01,petal-derived budget -> rope knot (seed 1),petal,rope_knot,1,projected-gradient-blind,ok,1.628211100003682,0.3286584605697247,0.078,0.0487106017191977,0.8657088198885632,0.8610724416871756,0.1643292302848623,0.3699883725773106,0.5786097983237232,0.0,21.0,1.0,0.0632206200849884,0.1576054387576199,0.3365793197058344,0.0350955351409316,0.044051712203005,
petal__rope_knot__s01,petal-derived budget -> rope knot (seed 1),petal,rope_knot,1,evolutionary-blind,ok,57.88508639999782,0.3286724615608256,0.078,0.0483524355300859,0.6171111127100186,0.8610556899832554,0.1643362307804128,0.3699765378428519,0.5786097983237232,0.0,21.0,1.0,0.0632256488157189,0.2618185776233845,0.2889221527182641,0.1239559507165282,0.0751135098068665,
petal__rope_knot__s01,petal-derived budget -> rope knot (seed 1),petal,rope_knot,1,best-of-k-restart-blind,ok,3.250832299992908,0.3286584605697247,0.078,0.0487106017191977,0.8657088198885632,0.8610724416871756,0.1643292302848623,0.3699883725773106,0.5786097983237232,0.0,21.0,1.0,0.0632206200849884,0.1576054387576199,0.3365793197058344,0.0350955351409316,0.044051712203005,
petal__rope_knot__s01,petal-derived budget -> rope knot (seed 1),petal,rope_knot,1,entropy-transport-blind,ok,1.274847199994838,0.3286724615608254,0.078,0.0483524355300859,0.6171111127100173,0.8610556899832549,0.1643362307804127,0.3699765378428524,0.5786097983237232,0.0,21.0,1.0,0.0632256488157189,0.2618185776233845,0.2889221527182641,0.1239559507165282,0.0751135098068023,
petal__rope_knot__s01,petal-derived budget -> rope knot (seed 1),petal,rope_knot,1,langevin-blind,ok,30.52038520001224,0.3286724615608256,0.078,0.0483524355300859,0.6171111127100186,0.8610556899832554,0.1643362307804128,0.3699765378428519,0.5786097983237232,0.0,21.0,1.0,0.0632256488157189,0.2618185776233845,0.2889221527182641,0.1239559507165282,0.0308555556356838,
petal__rope_knot__s02,petal-derived budget -> rope knot (seed 2),petal,rope_knot,2,anchor-aware-refiner,ok,0.934530900005484,0.3224814268330987,0.0745,0.0444603800645392,2.0282858280874203,0.8692925475489167,0.1612407134165493,0.2853594254919904,0.5781675117409825,0.0,21.0,1.0,0.0365972550983638,0.6788966039669484,0.4752098139305455,1.5760225538680117,,
petal__rope_knot__s02,petal-derived budget -> rope knot (seed 2),petal,rope_knot,2,blind-sa,ok,44.04422609999892,0.335912596719256,0.075,0.0433381088825214,0.6524877453623699,0.8692924872433886,0.167956298359628,0.3733431242334209,0.5781675117409825,0.0,21.0,1.0,0.0669095611925231,0.3429753859220389,0.3008042512963133,0.3624695801761124,0.0795596842345879,0.975
petal__rope_knot__s02,petal-derived budget -> rope knot (seed 2),petal,rope_knot,2,projected-gradient-blind,ok,1.4082969000155572,0.3359152871495347,0.0745,0.0433536366893586,0.8551040934310141,0.8693125668025776,0.1679576435747673,0.3733603748939182,0.5781675117409825,0.0,21.0,1.0,0.0669100297535749,0.3109880237953534,0.3319147629101554,0.2555697437147324,0.0447396181080001,
petal__rope_knot__s02,petal-derived budget -> rope knot (seed 2),petal,rope_knot,2,evolutionary-blind,ok,58.15146990001085,0.3358979755424945,0.075,0.0433381088825214,0.5815485351779598,0.8692921810318902,0.1679489877712472,0.373340521815371,0.5781675117409825,0.0,21.0,1.0,0.0669090928534995,0.3503299143440623,0.2882423718912134,0.3756950575390139,0.0759137917568192,
petal__rope_knot__s02,petal-derived budget -> rope knot (seed 2),petal,rope_knot,2,best-of-k-restart-blind,ok,3.308648300007917,0.3358864387374998,0.0755,0.0433381088825214,0.848920017046718,0.8693068633156601,0.1679432193687499,0.3733397049381973,0.5781675117409825,0.0,21.0,1.0,0.0668962359083395,0.3054889680503719,0.3346474492333026,0.2489701814334899,0.0442832326377912,
petal__rope_knot__s02,petal-derived budget -> rope knot (seed 2),petal,rope_knot,2,entropy-transport-blind,ok,1.2204964000266043,0.3358979755424945,0.075,0.0433381088825214,0.5815485351779611,0.869292181031889,0.1679489877712472,0.3733405218153711,0.5781675117409825,0.0,21.0,1.0,0.0669090928534995,0.3503299143440623,0.2882423718912134,0.3756950575390139,0.0759137917567606,
petal__rope_knot__s02,petal-derived budget -> rope knot (seed 2),petal,rope_knot,2,langevin-blind,ok,29.509881299978588,0.3358979755424945,0.075,0.0433381088825214,0.5815485351779598,0.8692921810318902,0.1679489877712472,0.373340521815371,0.5781675117409825,0.0,21.0,1.0,0.0669090928534995,0.3503299143440623,0.2882423718912134,0.3756950575390139,0.0290774267591351,
petal__rope_knot__s03,petal-derived budget -> rope knot (seed 3),petal,rope_knot,3,anchor-aware-refiner,ok,0.7982873000146355,0.3165166783426116,0.073,0.0433691756272401,1.916033216573744,0.8498445402414847,0.1582583391713058,0.2801638453414806,0.5747857569345702,0.0,21.0,1.0,0.0337624858144704,0.6788941645935442,0.4691879305613504,1.5744754144774271,,
petal__rope_knot__s03,petal-derived budget -> rope knot (seed 3),petal,rope_knot,3,blind-sa,ok,44.23043130000588,0.3274419209769648,0.073,0.0425912670007158,0.6074029334134999,0.8498446148179003,0.1637209604884824,0.3641284723266743,0.5752410519465345,0.0,21.0,1.0,0.0607579457306785,0.2956591546501573,0.3021350892220475,0.4485559043411442,0.0729556701361832,1.0
petal__rope_knot__s03,petal-derived budget -> rope knot (seed 3),petal,rope_knot,3,projected-gradient-blind,ok,1.4814087999984622,0.3274725929129521,0.073,0.0425760286225402,0.8244037988125804,0.8498348448640367,0.163736296456476,0.3641122798696175,0.5752410519465345,0.0,21.0,1.0,0.0607666353615535,0.2720682466652015,0.3375870400922558,0.294863424817309,0.0436608883157965,
petal__rope_knot__s03,petal-derived budget -> rope knot (seed 3),petal,rope_knot,3,evolutionary-blind,ok,58.69115940001211,0.3274351328369673,0.073,0.0425912670007158,0.5379615026204487,0.8498445402414853,0.1637175664184836,0.3641248513655088,0.5752410519465345,0.0,21.0,1.0,0.0607602900538395,0.2953653582679851,0.2899252268111248,0.3397293611729937,0.0694302781690032,
petal__rope_knot__s03,petal-derived budget -> rope knot (seed 3),petal,rope_knot,3,best-of-k-restart-blind,ok,3.285740999999689,0.3274106990425842,0.073,0.0425760286225402,0.7950485839470292,0.8498578226179546,0.1637053495212921,0.3641279940185939,0.5752410519465345,0.0,21.0,1.0,0.0607751945732471,0.2779864196687178,0.3316377893941075,0.325777844946908,0.0407561539244276,
petal__rope_knot__s03,petal-derived budget -> rope knot (seed 3),petal,rope_knot,3,entropy-transport-blind,ok,1.247443200001726,0.3274351328369676,0.073,0.0425912670007158,0.5379615026204491,0.8498445402414874,0.1637175664184838,0.3641248513655084,0.5752410519465345,0.0,21.0,1.0,0.0607602900538395,0.2953653582679851,0.2899252268111248,0.3397293611729937,0.0694302781690504,
petal__rope_knot__s03,petal-derived budget -> rope knot (seed 3),petal,rope_knot,3,langevin-blind,ok,29.63124830002198,0.3274351328369673,0.073,0.0425912670007158,0.5379615026204487,0.8498445402414853,0.1637175664184836,0.3641248513655088,0.5752410519465345,0.0,21.0,1.0,0.0607602900538395,0.2953653582679851,0.2899252268111248,0.3397293611729937,0.0268980751311716,
petal__rope_knot__s04,petal-derived budget -> rope knot (seed 4),petal,rope_knot,4,anchor-aware-refiner,ok,0.8673798000090756,0.3200295201393267,0.0735,0.050573888091822,1.99416257041131,0.8861325831935515,0.1600147600696633,0.2844471166217016,0.5786097983237233,0.0,21.0,1.0,0.0322658693231409,0.6788647460124207,0.4727695106961309,1.5549792924394694,,
petal__rope_knot__s04,petal-derived budget -> rope knot (seed 4),petal,rope_knot,4,blind-sa,ok,47.262009600002784,0.3329195999825131,0.0735,0.0547798066595059,0.6751131978102461,0.8861317202724156,0.1664597999912565,0.3771384213052091,0.5786097983237233,0.0,21.0,1.0,0.0604463395919857,0.2391312842397693,0.2934849201266588,0.1176809875828908,0.0761429426233698,0.9833333333333332
petal__rope_knot__s04,petal-derived budget -> rope knot (seed 4),petal,rope_knot,4,projected-gradient-blind,ok,1.5485156000067946,0.3330862997882508,0.0735,0.0501432664756446,0.8856778450019727,0.8860884109825137,0.1665431498941254,0.3771217693955331,0.5781675117409822,0.0,21.0,1.0,0.0604688355092108,0.2025677419326516,0.3351840831431334,0.034912524549798,0.0457500331154013,
petal__rope_knot__s04,petal-derived budget -> rope knot (seed 4),petal,rope_knot,4,evolutionary-blind,ok,59.675686700007645,0.3329226502605628,0.0735,0.0547798066595059,0.6219299511293641,0.886132583193551,0.1664613251302814,0.3771417026422746,0.5786097983237233,0.0,21.0,1.0,0.0604478207349795,0.3090206475263383,0.284125926218752,0.0932047370080193,0.0734099720715083,
petal__rope_knot__s04,petal-derived budget -> rope knot (seed 4),petal,rope_knot,4,best-of-k-restart-blind,ok,3.298499199998332,0.3329546703910958,0.0735,0.0547602004294917,0.8651666829690572,0.8861147766263215,0.1664773351955479,0.3771353143492783,0.5786097983237233,0.0,21.0,1.0,0.060476159315029,0.1761031665282302,0.3275838225361026,0.1246620792220021,0.0436624610827956,
petal__rope_knot__s04,petal-derived budget -> rope knot (seed 4),petal,rope_knot,4,entropy-transport-blind,ok,1.402009500015993,0.3329226502605634,0.0735,0.0547798066595059,0.6219299511293636,0.8861325831935533,0.1664613251302817,0.3771417026422748,0.5786097983237233,0.0,21.0,1.0,0.0604478207349795,0.3090206475263383,0.284125926218752,0.0932047370080193,0.0734099720711371,
petal__rope_knot__s04,petal-derived budget -> rope knot (seed 4),petal,rope_knot,4,langevin-blind,ok,30.13396050001029,0.3329226502605628,0.0735,0.0547798066595059,0.6219299511293641,0.886132583193551,0.1664613251302814,0.3771417026422746,0.5786097983237233,0.0,21.0,1.0,0.0604478207349795,0.3090206475263383,0.284125926218752,0.0932047370080193,0.031096497556749,
petal__rope_knot__s05,petal-derived budget -> rope knot (seed 5),petal,rope_knot,5,anchor-aware-refiner,ok,0.8182640000013635,0.3099457456029379,0.0745,0.0555555555555555,1.916599558472517,0.795267904362788,0.1549728728014689,0.2733348069841158,0.5786097983237232,0.0,19.0,1.0,0.032633109638002,0.6788978335659004,0.4734579512117362,1.576798719025717,,
petal__rope_knot__s05,petal-derived budget -> rope knot (seed 5),petal,rope_knot,5,blind-sa,ok,43.77178849998745,0.318926859325706,0.0745,0.0541218637992831,0.6312912750592542,0.7952678110574763,0.159463429662853,0.3512246314371123,0.5786097983237232,0.0,21.0,1.0,0.0606201671199616,0.1391925254638782,0.2981300629366077,0.0253223237233024,0.0740975481941667,0.9916666666666668
petal__rope_knot__s05,petal-derived budget -> rope knot (seed 5),petal,rope_knot,5,projected-gradient-blind,ok,1.401944299985189,0.318934051439466,0.0745,0.0541218637992831,0.8758956516708186,0.7952478904629752,0.159467025719733,0.3511729757172033,0.5786097983237232,0.0,21.0,1.0,0.0606546861296809,0.1159568375448577,0.3372077474009941,0.086176239051269,0.04657249035825,
petal__rope_knot__s05,petal-derived budget -> rope knot (seed 5),petal,rope_knot,5,evolutionary-blind,ok,59.80504080001265,0.3189368416003865,0.0745,0.0541218637992831,0.5734133250083502,0.7952679043627882,0.1594684208001932,0.3512234294961268,0.5786097983237232,0.0,21.0,1.0,0.0606203100409377,0.1779162718239387,0.2870938040891112,0.008777722686871,0.0711048832794331,
petal__rope_knot__s05,petal-derived budget -> rope knot (seed 5),petal,rope_knot,5,best-of-k-restart-blind,ok,3.310097699984908,0.3189476077499447,0.0745,0.0541218637992831,0.8152552951182032,0.795293282575927,0.1594738038749723,0.351222666160331,0.5786097983237232,0.0,21.0,1.0,0.0606297001443945,0.1107357472427521,0.3359091045756155,0.0659945401227211,0.0420051817691569,
petal__rope_knot__s05,petal-derived budget -> rope knot (seed 5),petal,rope_knot,5,entropy-transport-blind,ok,1.2948662999842782,0.3189368416003866,0.0745,0.0541218637992831,0.5734133250083485,0.795267904362788,0.1594684208001933,0.3512234294961271,0.5786097983237232,0.0,21.0,1.0,0.0606203100409377,0.1779162718239387,0.2870938040891112,0.008777722686871,0.0711048832794558,
petal__rope_knot__s05,petal-derived budget -> rope knot (seed 5),petal,rope_knot,5,langevin-blind,ok,29.977385599981066,0.3189368416003865,0.0745,0.0541218637992831,0.5734133250083502,0.7952679043627882,0.1594684208001932,0.3512234294961268,0.5786097983237232,0.0,21.0,1.0,0.0606203100409377,0.1779162718239387,0.2870938040891112,0.008777722686871,0.0286706662506008,
petal__rope_knot__s06,petal-derived budget -> rope knot (seed 6),petal,rope_knot,6,anchor-aware-refiner,ok,0.8972992000053637,0.3110421353552511,0.075,0.0505557547508067,1.9007202744955023,0.8022691263038348,0.1555210676776255,0.2751314951147909,0.5786097983237233,0.0,21.0,1.0,0.032938363886922,0.6789040820532386,0.4682271392050042,1.580705656548124,,
petal__rope_knot__s06,petal-derived budget -> rope knot (seed 6),petal,rope_knot,6,blind-sa,ok,44.45783929998288,0.3200649287562847,0.0755,0.0487455197132616,0.6287858946595055,0.8022691433811961,0.1600324643781423,0.3538292238962347,0.5786097983237233,0.0,21.0,1.0,0.0626966210748537,0.1616248974603921,0.2987326808281514,0.059681595619192,0.0753930488122046,0.9416666666666668
petal__rope_knot__s06,petal-derived budget -> rope knot (seed 6),petal,rope_knot,6,projected-gradient-blind,ok,1.4902493999979924,0.3200421577207894,0.0755,0.0487106017191977,0.8868016246541168,0.8023142365192435,0.1600210788603947,0.3538409833493571,0.5786097983237233,0.0,21.0,1.0,0.0626973387517156,0.1434309369523148,0.3433061632504134,0.1308278830185978,0.0477647663636929,
petal__rope_knot__s06,petal-derived budget -> rope knot (seed 6),petal,rope_knot,6,evolutionary-blind,ok,58.2129622999928,0.3200711645121704,0.0755,0.0487455197132616,0.5749134825702297,0.8022691263038348,0.1600355822560852,0.3538289216665068,0.5786097983237233,0.0,21.0,1.0,0.0627022762268666,0.2066608953309756,0.2896097070060429,0.0508264987883138,0.0726372674875897,
petal__rope_knot__s06,petal-derived budget -> rope knot (seed 6),petal,rope_knot,6,best-of-k-restart-blind,ok,3.25003620001371,0.3200864585513091,0.0755,0.0494801003944066,0.8292772755064132,0.8022587819896337,0.1600432292756545,0.3538190165599563,0.5786097983237233,0.0,21.0,1.0,0.0627038758731533,0.1469292062220693,0.3324064639259474,0.1327042676659231,0.0433983062872458,
petal__rope_knot__s06,petal-derived budget -> rope knot (seed 6),petal,rope_knot,6,entropy-transport-blind,ok,1.500247399992077,0.3200711645121704,0.0755,0.0487455197132616,0.574913482570231,0.8022691263038345,0.1600355822560852,0.3538289216665065,0.5786097983237233,0.0,21.0,1.0,0.0627022762268666,0.2066608953309756,0.2896097070060429,0.0508264987883138,0.0726372674876304,
petal__rope_knot__s06,petal-derived budget -> rope knot (seed 6),petal,rope_knot,6,langevin-blind,ok,30.4105314000044,0.3200711645121704,0.0755,0.0487455197132616,0.5749134825702297,0.8022691263038348,0.1600355822560852,0.3538289216665068,0.5786097983237233,0.0,21.0,1.0,0.0627022762268666,0.2066608953309756,0.2896097070060429,0.0508264987883138,0.0287456741286499,
petal__rope_knot__s07,petal-derived budget -> rope knot (seed 7),petal,rope_knot,7,anchor-aware-refiner,ok,0.8658284999837633,0.327302088385108,0.077,0.0538100397255326,2.0523158498999443,0.8969755251312133,0.163651044192554,0.2873457564071953,0.5369808486875414,0.0,21.0,1.0,0.0313762111025511,0.6788711702518271,0.4705366690947208,1.5593783339422551,,
petal__rope_knot__s07,petal-derived budget -> rope knot (seed 7),petal,rope_knot,7,blind-sa,ok,43.69900140000391,0.3372777140288036,0.077,0.0522522522522522,0.7143776104682328,0.8969753742192826,0.1686388570144018,0.3812932749473877,0.5369808486875414,0.0,21.0,1.0,0.0545557096084761,0.2739135933029644,0.3027194431647971,0.0646372943747759,0.0739979087455188,0.975
petal__rope_knot__s07,petal-derived budget -> rope knot (seed 7),petal,rope_knot,7,projected-gradient-blind,ok,1.40375289999065,0.337267714702747,0.0765,0.0522522522522522,0.9439735195577688,0.8969863506859893,0.1686338573513735,0.3812964256347204,0.5369808486875414,0.0,21.0,1.0,0.054557586551595,0.1623229218444858,0.3411428083322413,0.0542278764688737,0.0502548238096839,
petal__rope_knot__s07,petal-derived budget -> rope knot (seed 7),petal,rope_knot,7,evolutionary-blind,ok,58.03065710002557,0.3372664026623654,0.077,0.0522522522522522,0.6543541975232852,0.8969755251312137,0.1686332013311827,0.38129401037917,0.5369808486875414,0.0,21.0,1.0,0.0545284005766613,0.2674012668048277,0.2917838427876078,0.008957011814378,0.0708875902804,
petal__rope_knot__s07,petal-derived budget -> rope knot (seed 7),petal,rope_knot,7,best-of-k-restart-blind,ok,3.3767041000246536,0.3372577924559843,0.0765,0.0523088023088023,0.9326845748665812,0.8969778946317079,0.1686288962279921,0.3812786811066568,0.5369808486875414,0.0,21.0,1.0,0.0545062661139776,0.155006133748904,0.3445289354354472,0.0213169421913579,0.0487316603341666,
petal__rope_knot__s07,petal-derived budget -> rope knot (seed 7),petal,rope_knot,7,entropy-transport-blind,ok,1.2566900000092571,0.3372664026623648,0.077,0.0522522522522522,0.6543541975232885,0.8969755251312093,0.1686332013311824,0.3812940103791709,0.5369808486875414,0.0,21.0,1.0,0.0545284005766613,0.2674012668048277,0.2917838427876078,0.008957011814378,0.0708875902803606,
petal__rope_knot__s07,petal-derived budget -> rope knot (seed 7),petal,rope_knot,7,langevin-blind,ok,30.14572980001685,0.3372664026623654,0.077,0.0522522522522522,0.6543541975232852,0.8969755251312137,0.1686332013311827,0.38129401037917,0.5369808486875414,0.0,21.0,1.0,0.0545284005766613,0.2674012668048277,0.2917838427876078,0.008957011814378,0.0327177098764528,
petal__sleeping_fox__s00,petal-derived budget -> sleeping fox (seed 0),petal,sleeping_fox,0,anchor-aware-refiner,ok,0.8148846000258345,0.1297356771585982,0.287,0.7041884816753927,1.9876121158176248,0.4449957627657647,0.0648678385792991,0.1086709566766808,0.2535803458785978,0.0,28.0,0.9218415417558886,0.0015946937091624,0.6788505551049082,0.4446308207799175,1.5449420003348155,,
petal__sleeping_fox__s00,petal-derived budget -> sleeping fox (seed 0),petal,sleeping_fox,0,blind-sa,ok,43.73773260001326,0.1406125669145713,0.287,0.7513997760358343,0.4191782917171018,0.4449957627657646,0.0703062834572856,0.1709766460437188,0.2306602760765873,0.0,10.0,0.917222963951936,0.0022920695564594,0.0767146739978151,0.0523072440180958,0.3297597799832201,0.0225633632756828,0.9833333333333332
petal__sleeping_fox__s00,petal-derived budget -> sleeping fox (seed 0),petal,sleeping_fox,0,projected-gradient-blind,ok,1.37459319998743,0.1406125669145713,0.287,0.7513997760358343,0.4191782917171018,0.4449957627657646,0.0703062834572856,0.1709766460437188,0.2306602760765873,0.0,10.0,0.917222963951936,0.0022920695564594,0.0767146739978151,0.0523072440180958,0.3297597799832201,0.0209589145860102,
petal__sleeping_fox__s00,petal-derived budget -> sleeping fox (seed 0),petal,sleeping_fox,0,evolutionary-blind,ok,57.88665659999242,0.1406125669145713,0.287,0.7513997760358343,0.4191782917171018,0.4449957627657646,0.0703062834572856,0.1709766460437188,0.2306602760765873,0.0,10.0,0.917222963951936,0.0022920695564594,0.0767146739978151,0.0523072440180958,0.3297597799832201,0.0225633632756828,
petal__sleeping_fox__s00,petal-derived budget -> sleeping fox (seed 0),petal,sleeping_fox,0,best-of-k-restart-blind,ok,3.330710500013083,0.1406125669145713,0.287,0.7513997760358343,0.4191782917171018,0.4449957627657646,0.0703062834572856,0.1709766460437188,0.2306602760765873,0.0,10.0,0.917222963951936,0.0022920695564594,0.0767146739978151,0.0523072440180958,0.3297597799832201,0.0209589145860102,
petal__sleeping_fox__s00,petal-derived budget -> sleeping fox (seed 0),petal,sleeping_fox,0,entropy-transport-blind,ok,1.1919890000135638,0.1406125669145714,0.287,0.7513997760358343,0.4191782917171013,0.4449957627657644,0.0703062834572857,0.1709766460437187,0.2306602760765873,0.0,10.0,0.917222963951936,0.0022920695564594,0.0767146739978151,0.0523072440180958,0.3297597799832201,0.0225633632758569,
petal__sleeping_fox__s00,petal-derived budget -> sleeping fox (seed 0),petal,sleeping_fox,0,langevin-blind,ok,30.0624417999934,0.1406125669145713,0.287,0.7513997760358343,0.4191782917171018,0.4449957627657646,0.0703062834572856,0.1709766460437188,0.2306602760765873,0.0,10.0,0.917222963951936,0.0022920695564594,0.0767146739978151,0.0523072440180958,0.3297597799832201,0.0209589145860102,
petal__sleeping_fox__s01,petal-derived budget -> sleeping fox (seed 1),petal,sleeping_fox,1,anchor-aware-refiner,ok,0.8283681999891996,0.1299098525855126,0.2845,0.7226386806596702,1.8818352991633387,0.4383666597743945,0.0649549262927563,0.108559472353974,0.2535803458785978,0.0,31.0,0.9174917491749176,0.0015744717303649,0.6788220120207096,0.4378682154123637,1.5231544997445403,,
petal__sleeping_fox__s01,petal-derived budget -> sleeping fox (seed 1),petal,sleeping_fox,1,blind-sa,ok,44.88927509999485,0.1399973733702945,0.2845,0.748877245508982,0.4191115978774258,0.4383666597743937,0.0699986866851472,0.1708012767049104,0.2267260373405632,0.0,11.0,0.916030534351145,0.0023695831241102,0.0579023664754384,0.0522723994922781,0.3612672663719665,0.0226142880810922,0.975
petal__sleeping_fox__s01,petal-derived budget -> sleeping fox (seed 1),petal,sleeping_fox,1,projected-gradient-blind,ok,1.3335507999872789,0.1399969476668282,0.2845,0.748877245508982,0.4206007180086317,0.4383632508477819,0.0699984738334141,0.1708060789460941,0.2267260373405632,0.0,11.0,0.916030534351145,0.0023695361305419,0.0578983379098358,0.0526486379007608,0.3615807731840643,0.0210891495527811,
petal__sleeping_fox__s01,petal-derived budget -> sleeping fox (seed 1),petal,sleeping_fox,1,evolutionary-blind,ok,58.14355730000534,0.1399973733702946,0.2845,0.748877245508982,0.4191115978774259,0.4383666597743938,0.0699986866851473,0.1708012767049105,0.2267260373405632,0.0,11.0,0.916030534351145,0.0023695831241102,0.0579023664754384,0.0522723994922781,0.3612672663719665,0.0226142880813061,
petal__sleeping_fox__s01,petal-derived budget -> sleeping fox (seed 1),petal,sleeping_fox,1,best-of-k-restart-blind,ok,3.236663099989528,0.1399973733702946,0.2845,0.748877245508982,0.4191115978774259,0.4383666597743938,0.0699986866851473,0.1708012767049105,0.2267260373405632,0.0,11.0,0.916030534351145,0.0023695831241102,0.0579023664754384,0.0522723994922781,0.3612672663719665,0.0209555798941536,
petal__sleeping_fox__s01,petal-derived budget -> sleeping fox (seed 1),petal,sleeping_fox,1,entropy-transport-blind,ok,1.1737834000086875,0.1399973733702948,0.2845,0.748877245508982,0.419111597877426,0.4383666597743942,0.0699986866851474,0.1708012767049098,0.2267260373405632,0.0,11.0,0.916030534351145,0.0023695831241102,0.0579023664754384,0.0522723994922781,0.3612672663719665,0.0226142880811717,
petal__sleeping_fox__s01,petal-derived budget -> sleeping fox (seed 1),petal,sleeping_fox,1,langevin-blind,ok,30.12526289999369,0.1399973733702946,0.2845,0.748877245508982,0.4191115978774259,0.4383666597743938,0.0699986866851473,0.1708012767049105,0.2267260373405632,0.0,11.0,0.916030534351145,0.0023695831241102,0.0579023664754384,0.0522723994922781,0.3612672663719665,0.0209555798941536,
petal__sleeping_fox__s02,petal-derived budget -> sleeping fox (seed 2),petal,sleeping_fox,2,anchor-aware-refiner,ok,0.8649686999851838,0.1302492184888545,0.281,0.7230134932533733,1.925985213620088,0.4454940837004794,0.0651246092444272,0.1090044005287335,0.248357034833979,0.0,34.0,0.9091940976163452,0.0016052177286703,0.6788429275386172,0.4398582706992791,1.5393465701497768,,
petal__sleeping_fox__s02,petal-derived budget -> sleeping fox (seed 2),petal,sleeping_fox,2,blind-sa,ok,44.25134370001615,0.1407433660816882,0.281,0.7419716206123973,0.414693150021636,0.4454940837004792,0.0703716830408441,0.1695511576868746,0.2267127084559665,0.0,17.0,0.9135959339263025,0.0021882749974774,0.051903543202862,0.0490924538385432,0.4248525961492755,0.0222664499997971,0.95
petal__sleeping_fox__s02,petal-derived budget -> sleeping fox (seed 2),petal,sleeping_fox,2,projected-gradient-blind,ok,1.4030534999910742,0.1407433660816882,0.281,0.7419716206123973,0.4146931500216359,0.4454940837004792,0.0703716830408441,0.1695511576868746,0.2267127084559665,0.0,17.0,0.9135959339263025,0.0021882749974774,0.051903543202862,0.0490924538385432,0.4248525961492755,0.0207346575013266,
petal__sleeping_fox__s02,petal-derived budget -> sleeping fox (seed 2),petal,sleeping_fox,2,evolutionary-blind,ok,60.543659199989634,0.1407433660816882,0.281,0.7419716206123973,0.4146931500216359,0.4454940837004792,0.0703716830408441,0.1695511576868746,0.2267127084559665,0.0,17.0,0.9135959339263025,0.0021882749974774,0.051903543202862,0.0490924538385432,0.4248525961492755,0.0222664499998006,
petal__sleeping_fox__s02,petal-derived budget -> sleeping fox (seed 2),petal,sleeping_fox,2,best-of-k-restart-blind,ok,3.228386700007832,0.1407433660816882,0.281,0.7419716206123973,0.4146931500216359,0.4454940837004792,0.0703716830408441,0.1695511576868746,0.2267127084559665,0.0,17.0,0.9135959339263025,0.0021882749974774,0.051903543202862,0.0490924538385432,0.4248525961492755,0.0207346575013266,
petal__sleeping_fox__s02,petal-derived budget -> sleeping fox (seed 2),petal,sleeping_fox,2,entropy-transport-blind,ok,1.168445100018289,0.1407433660816882,0.281,0.7419716206123973,0.4146931500216359,0.4454940837004789,0.0703716830408441,0.1695511576868743,0.2267127084559665,0.0,17.0,0.9135959339263025,0.0021882749974774,0.051903543202862,0.0490924538385432,0.4248525961492755,0.0222664499995426,
petal__sleeping_fox__s02,petal-derived budget -> sleeping fox (seed 2),petal,sleeping_fox,2,langevin-blind,ok,30.23470390000148,0.1407433660816882,0.281,0.7419716206123973,0.4146931500216359,0.4454940837004792,0.0703716830408441,0.1695511576868746,0.2267127084559665,0.0,17.0,0.9135959339263025,0.0021882749974774,0.051903543202862,0.0490924538385432,0.4248525961492755,0.0207346575013266,
petal__sleeping_fox__s03,petal-derived budget -> sleeping fox (seed 3),petal,sleeping_fox,3,anchor-aware-refiner,ok,0.8489975999982562,0.1290775947557204,0.292,0.7261503928170595,1.929775865562136,0.4403688786904333,0.0645387973778602,0.1078500343724189,0.2514586452527275,0.0,33.0,0.9222222222222224,0.0015994390890267,0.6788515327012432,0.4345182532689173,1.5456485363783008,,
petal__sleeping_fox__s03,petal-derived budget -> sleeping fox (seed 3),petal,sleeping_fox,3,blind-sa,ok,44.219353699998464,0.1391364679659008,0.292,0.7490678598061148,0.4077791065391484,0.4403688786904319,0.0695682339829504,0.1682063394349419,0.2282002393857883,0.0,9.0,0.9261658031088082,0.0021140465617556,0.0545594343312701,0.0501433977357997,0.4472624770896003,0.0218687879204588,0.9666666666666668
petal__sleeping_fox__s03,petal-derived budget -> sleeping fox (seed 3),petal,sleeping_fox,3,projected-gradient-blind,ok,1.3778903000056744,0.1391364679659008,0.292,0.7490678598061148,0.4077791065391488,0.4403688786904317,0.0695682339829504,0.168206339434942,0.2282002393857883,0.0,9.0,0.9261658031088082,0.0021140465617556,0.0545594343312701,0.0501433977357997,0.4472624770896003,0.0203889553271054,
petal__sleeping_fox__s03,petal-derived budget -> sleeping fox (seed 3),petal,sleeping_fox,3,evolutionary-blind,ok,58.32133269999758,0.1391364679659008,0.292,0.7490678598061148,0.4077791065391488,0.4403688786904317,0.0695682339829504,0.168206339434942,0.2282002393857883,0.0,9.0,0.9261658031088082,0.0021140465617556,0.0545594343312701,0.0501433977357997,0.4472624770896003,0.0218687879204676,
petal__sleeping_fox__s03,petal-derived budget -> sleeping fox (seed 3),petal,sleeping_fox,3,best-of-k-restart-blind,ok,3.3186464999744203,0.1391364679659008,0.292,0.7490678598061148,0.4077791065391488,0.4403688786904317,0.0695682339829504,0.168206339434942,0.2282002393857883,0.0,9.0,0.9261658031088082,0.0021140465617556,0.0545594343312701,0.0501433977357997,0.4472624770896003,0.0203889553271054,
petal__sleeping_fox__s03,petal-derived budget -> sleeping fox (seed 3),petal,sleeping_fox,3,entropy-transport-blind,ok,1.3996190000034403,0.1391364679658996,0.292,0.7490678598061148,0.4077791065391484,0.4403688786904388,0.0695682339829498,0.1682063394349406,0.2282002393857883,0.0,9.0,0.9261658031088082,0.0021140465617556,0.0545594343312701,0.0501433977357997,0.4472624770896003,0.0218687879207053,
petal__sleeping_fox__s03,petal-derived budget -> sleeping fox (seed 3),petal,sleeping_fox,3,langevin-blind,ok,29.70406970000477,0.1391364679659008,0.292,0.7490678598061148,0.4077791065391488,0.4403688786904317,0.0695682339829504,0.168206339434942,0.2282002393857883,0.0,9.0,0.9261658031088082,0.0021140465617556,0.0545594343312701,0.0501433977357997,0.4472624770896003,0.0203889553271054,
petal__sleeping_fox__s04,petal-derived budget -> sleeping fox (seed 4),petal,sleeping_fox,4,anchor-aware-refiner,ok,0.8340920000046026,0.1284503358131239,0.294,0.7159940209267563,1.8504095125911848,0.4343858540405235,0.0642251679065619,0.1069601474935904,0.2422161665651486,0.0,35.0,0.9137931034482758,0.0016322134964025,0.6788457479752417,0.426709179426458,1.5414330561788157,,
petal__sleeping_fox__s04,petal-derived budget -> sleeping fox (seed 4),petal,sleeping_fox,4,blind-sa,ok,43.962265300011495,0.1382318649004202,0.294,0.7471994025392084,0.4214709382887223,0.4343858540405239,0.0691159324502101,0.1674151236167698,0.2262362177072692,0.0,23.0,0.9148418491484184,0.0022209430197306,0.0537152563591005,0.0523647665935781,0.4021482322006262,0.0226282070287599,0.9833333333333332
petal__sleeping_fox__s04,petal-derived budget -> sleeping fox (seed 4),petal,sleeping_fox,4,projected-gradient-blind,ok,1.420905999984825,0.1382356542871039,0.294,0.7471994025392084,0.4225535460953906,0.4343777134086921,0.0691178271435519,0.1674130696667152,0.2252565208968744,0.0,23.0,0.9148418491484184,0.0022209012601469,0.0538021001837295,0.0525952601338267,0.4026528183099869,0.021198208993543,
petal__sleeping_fox__s04,petal-derived budget -> sleeping fox (seed 4),petal,sleeping_fox,4,evolutionary-blind,ok,60.62326190000749,0.1382318649004202,0.294,0.7471994025392084,0.4214709382887223,0.4343858540405239,0.0691159324502101,0.1674151236167698,0.2262362177072692,0.0,23.0,0.9148418491484184,0.0022209430197306,0.0537152563591005,0.0523647665935781,0.4021482322006262,0.0226282070287599,
petal__sleeping_fox__s04,petal-derived budget -> sleeping fox (seed 4),petal,sleeping_fox,4,best-of-k-restart-blind,ok,3.432085899985396,0.1382318649004202,0.294,0.7471994025392084,0.4214709382887223,0.4343858540405239,0.0691159324502101,0.1674151236167698,0.2262362177072692,0.0,23.0,0.9148418491484184,0.0022209430197306,0.0537152563591005,0.0523647665935781,0.4021482322006262,0.0210735469146944,
petal__sleeping_fox__s04,petal-derived budget -> sleeping fox (seed 4),petal,sleeping_fox,4,entropy-transport-blind,ok,1.332205199985765,0.1382318649004203,0.294,0.7471994025392084,0.4214709382887227,0.4343858540405225,0.0691159324502101,0.1674151236167699,0.2262362177072692,0.0,23.0,0.9148418491484184,0.0022209430197306,0.0537152563591005,0.0523647665935781,0.4021482322006262,0.0226282070287096,
petal__sleeping_fox__s04,petal-derived budget -> sleeping fox (seed 4),petal,sleeping_fox,4,langevin-blind,ok,31.889642699999968,0.1382318649004202,0.294,0.7471994025392084,0.4214709382887223,0.4343858540405239,0.0691159324502101,0.1674151236167698,0.2262362177072692,0.0,23.0,0.9148418491484184,0.0022209430197306,0.0537152563591005,0.0523647665935781,0.4021482322006262,0.0210735469146944,
petal__sleeping_fox__s05,petal-derived budget -> sleeping fox (seed 5),petal,sleeping_fox,5,anchor-aware-refiner,ok,0.6771181999938563,0.1285694787754889,0.289,0.7392281753465717,1.88497730074585,0.4406060805398155,0.0642847393877444,0.1071235669401724,0.2540117581363819,0.0,29.0,0.9200913242009132,0.0015427786560104,0.6788419978959191,0.4344373196020468,1.538654203731606,,
petal__sleeping_fox__s05,petal-derived budget -> sleeping fox (seed 5),petal,sleeping_fox,5,blind-sa,ok,44.73859709998942,0.1384124488497601,0.289,0.7511194029850746,0.4196459006818991,0.4406060805398159,0.06920622442488,0.1656824856287261,0.2267127084559665,0.0,14.0,0.9288389513108616,0.0021157413537306,0.0668362025209345,0.0521832318363626,0.3632427091384658,0.0224633139820042,0.9833333333333332
petal__sleeping_fox__s05,petal-derived budget -> sleeping fox (seed 5),petal,sleeping_fox,5,projected-gradient-blind,ok,1.445055299991509,0.13841244884976,0.289,0.7511194029850746,0.4196459006818996,0.4406060805398155,0.06920622442488,0.165682485628726,0.2267127084559665,0.0,14.0,0.9288389513108616,0.0021157413537306,0.0668362025209345,0.0521832318363626,0.3632427091384658,0.0209822950343328,
petal__sleeping_fox__s05,petal-derived budget -> sleeping fox (seed 5),petal,sleeping_fox,5,evolutionary-blind,ok,62.508171599998605,0.13841244884976,0.289,0.7511194029850746,0.4196459006818996,0.4406060805398155,0.06920622442488,0.165682485628726,0.2267127084559665,0.0,14.0,0.9288389513108616,0.0021157413537306,0.0668362025209345,0.0521832318363626,0.3632427091384658,0.0224633139821787,
petal__sleeping_fox__s05,petal-derived budget -> sleeping fox (seed 5),petal,sleeping_fox,5,best-of-k-restart-blind,ok,3.371624299994437,0.13841244884976,0.289,0.7511194029850746,0.4196459006818996,0.4406060805398155,0.06920622442488,0.165682485628726,0.2267127084559665,0.0,14.0,0.9288389513108616,0.0021157413537306,0.0668362025209345,0.0521832318363626,0.3632427091384658,0.0209822950343328,
petal__sleeping_fox__s05,petal-derived budget -> sleeping fox (seed 5),petal,sleeping_fox,5,entropy-transport-blind,ok,1.524600000004284,0.1384124488497607,0.289,0.7511194029850746,0.4196459006818988,0.4406060805398197,0.0692062244248803,0.1656824856287265,0.2267127084559665,0.0,14.0,0.9288389513108616,0.0021157413537306,0.0668362025209345,0.0521832318363626,0.3632427091384658,0.0224633139819962,
petal__sleeping_fox__s05,petal-derived budget -> sleeping fox (seed 5),petal,sleeping_fox,5,langevin-blind,ok,32.69165310001699,0.13841244884976,0.289,0.7511194029850746,0.4196459006818996,0.4406060805398155,0.06920622442488,0.165682485628726,0.2267127084559665,0.0,14.0,0.9288389513108616,0.0021157413537306,0.0668362025209345,0.0521832318363626,0.3632427091384658,0.0209822950343328,
petal__sleeping_fox__s06,petal-derived budget -> sleeping fox (seed 6),petal,sleeping_fox,6,anchor-aware-refiner,ok,0.8683041000040248,0.1312363246770543,0.282,0.7069158878504673,1.957317051426712,0.4495862581891717,0.0656181623385271,0.10942866008418,0.2577257895195911,0.0,37.0,0.9180672268907564,0.0015816124870256,0.6788253008552725,0.4428260805442802,1.525792323070938,,
petal__sleeping_fox__s06,petal-derived budget -> sleeping fox (seed 6),petal,sleeping_fox,6,blind-sa,ok,45.84157330001472,0.1417356251876518,0.282,0.7412116679132386,0.4180209387909714,0.4495862581891712,0.0708678125938259,0.1705324129141283,0.2228068316139999,0.0,20.0,0.9245524296675192,0.0021336337934501,0.0591654960641897,0.0450676994981977,0.3661815988777537,0.0223945905953725,0.9666666666666668
petal__sleeping_fox__s06,petal-derived budget -> sleeping fox (seed 6),petal,sleeping_fox,6,projected-gradient-blind,ok,1.390317999990657,0.1417356251876518,0.282,0.7412116679132386,0.4180209387909714,0.4495862581891712,0.0708678125938259,0.1705324129141283,0.2228068316139999,0.0,20.0,0.9245524296675192,0.0021336337934501,0.0591654960641897,0.0450676994981977,0.3661815988777537,0.0209010469397549,
petal__sleeping_fox__s06,petal-derived budget -> sleeping fox (seed 6),petal,sleeping_fox,6,evolutionary-blind,ok,58.99222660000669,0.1417356251876518,0.282,0.7412116679132386,0.4180209387909714,0.4495862581891712,0.0708678125938259,0.1705324129141283,0.2228068316139999,0.0,20.0,0.9245524296675192,0.0021336337934501,0.0591654960641897,0.0450676994981977,0.3661815988777537,0.0223945905953725,
petal__sleeping_fox__s06,petal-derived budget -> sleeping fox (seed 6),petal,sleeping_fox,6,best-of-k-restart-blind,ok,3.1376810999936424,0.1417356251876518,0.282,0.7412116679132386,0.4180209387909714,0.4495862581891712,0.0708678125938259,0.1705324129141283,0.2228068316139999,0.0,20.0,0.9245524296675192,0.0021336337934501,0.0591654960641897,0.0450676994981977,0.3661815988777537,0.0209010469397549,
petal__sleeping_fox__s06,petal-derived budget -> sleeping fox (seed 6),petal,sleeping_fox,6,entropy-transport-blind,ok,1.1883660000166856,0.1417356251876524,0.282,0.7412116679132386,0.4180209387909713,0.4495862581891737,0.0708678125938262,0.1705324129141284,0.2228068316139999,0.0,20.0,0.9245524296675192,0.0021336337934501,0.0591654960641897,0.0450676994981977,0.3661815988777537,0.0223945905954698,
petal__sleeping_fox__s06,petal-derived budget -> sleeping fox (seed 6),petal,sleeping_fox,6,langevin-blind,ok,30.121573699987493,0.1417356251876518,0.282,0.7412116679132386,0.4180209387909714,0.4495862581891712,0.0708678125938259,0.1705324129141283,0.2228068316139999,0.0,20.0,0.9245524296675192,0.0021336337934501,0.0591654960641897,0.0450676994981977,0.3661815988777537,0.0209010469397549,
petal__sleeping_fox__s07,petal-derived budget -> sleeping fox (seed 7),petal,sleeping_fox,7,anchor-aware-refiner,ok,0.8927379999950062,0.1289481048330508,0.291,0.7078651685393258,1.9079367122604565,0.4437294752576083,0.0644740524165254,0.1076664853097998,0.252016744386731,0.0,31.0,0.9273504273504274,0.0015946994420809,0.6788466986993351,0.438907136996108,1.5421316902922493,,
petal__sleeping_fox__s07,petal-derived budget -> sleeping fox (seed 7),petal,sleeping_fox,7,blind-sa,ok,52.07929550000699,0.1390446720257195,0.291,0.7440298507462687,0.4263747556874351,0.4437294752576098,0.0695223360128597,0.1689159516791816,0.2296791597246459,0.0,13.0,0.9335038363171356,0.0024488242828698,0.0563337010011455,0.0504284791785534,0.3377776799763334,0.02303291478286,0.975
petal__sleeping_fox__s07,petal-derived budget -> sleeping fox (seed 7),petal,sleeping_fox,7,projected-gradient-blind,ok,1.4763778999913484,0.1390446720257195,0.291,0.7440298507462687,0.4263747556874351,0.4437294752576098,0.0695223360128597,0.1689159516791816,0.2296791597246459,0.0,13.0,0.9335038363171356,0.0024488242828698,0.0563337010011455,0.0504284791785534,0.3377776799763334,0.0213187377846326,
petal__sleeping_fox__s07,petal-derived budget -> sleeping fox (seed 7),petal,sleeping_fox,7,evolutionary-blind,ok,75.93098950001877,0.1390446720257195,0.291,0.7440298507462687,0.4263747556874351,0.4437294752576098,0.0695223360128597,0.1689159516791816,0.2296791597246459,0.0,13.0,0.9335038363171356,0.0024488242828698,0.0563337010011455,0.0504284791785534,0.3377776799763334,0.0230329147828884,
petal__sleeping_fox__s07,petal-derived budget -> sleeping fox (seed 7),petal,sleeping_fox,7,best-of-k-restart-blind,ok,3.3523988000233658,0.1390446720257195,0.291,0.7440298507462687,0.4263747556874351,0.4437294752576098,0.0695223360128597,0.1689159516791816,0.2296791597246459,0.0,13.0,0.9335038363171356,0.0024488242828698,0.0563337010011455,0.0504284791785534,0.3377776799763334,0.0213187377846326,
petal__sleeping_fox__s07,petal-derived budget -> sleeping fox (seed 7),petal,sleeping_fox,7,entropy-transport-blind,ok,1.2138867999892682,0.1390446720257196,0.291,0.7440298507462687,0.4263747556874345,0.443729475257609,0.0695223360128598,0.1689159516791823,0.2296791597246459,0.0,13.0,0.9335038363171356,0.0024488242828698,0.0563337010011455,0.0504284791785534,0.3377776799763334,0.0230329147827398,
petal__sleeping_fox__s07,petal-derived budget -> sleeping fox (seed 7),petal,sleeping_fox,7,langevin-blind,ok,31.01682450002409,0.1390446720257195,0.291,0.7440298507462687,0.4263747556874351,0.4437294752576098,0.0695223360128597,0.1689159516791816,0.2296791597246459,0.0,13.0,0.9335038363171356,0.0024488242828698,0.0563337010011455,0.0504284791785534,0.3377776799763334,0.0213187377846326,
petal__thumb_glyph__s00,petal-derived budget -> thumb glyph (seed 0),petal,thumb_glyph,0,anchor-aware-refiner,ok,0.9217766999790912,0.2449953443913967,0.1235,0.1704379562043795,2.3464168757140063,0.6747832770748079,0.1224976721956983,0.2121571024580031,0.4423595526898277,0.0,15.0,0.9679358717434868,0.0085728691529873,0.6788365287632414,0.467019956741188,1.5345326552268748,,
petal__thumb_glyph__s00,petal-derived budget -> thumb glyph (seed 0),petal,thumb_glyph,0,blind-sa,ok,46.9620150999981,0.2537342855352266,0.1235,0.1816192560175054,0.3858093344937088,0.6747832770748082,0.1268671427676133,0.2562758946871838,0.4269047087964759,0.0,18.0,0.9782608695652174,0.0081733166757941,0.1750373635508241,0.1484443733935215,0.0232325013414795,0.025011788398058,0.9666666666666668
petal__thumb_glyph__s00,petal-derived budget -> thumb glyph (seed 0),petal,thumb_glyph,0,projected-gradient-blind,ok,1.5198848000145515,0.2537366138122002,0.123,0.1816192560175054,0.4553139951308679,0.6747642035231649,0.1268683069061001,0.2562908281697027,0.4290966435218483,0.0,18.0,0.9782608695652174,0.0081700909920849,0.1870221789709152,0.15797877943862,0.0073473893889097,0.0230695408179101,
petal__thumb_glyph__s00,petal-derived budget -> thumb glyph (seed 0),petal,thumb_glyph,0,evolutionary-blind,ok,64.40947859999142,0.2537342855352266,0.1235,0.1816192560175054,0.3858093344937088,0.6747832770748082,0.1268671427676133,0.2562758946871838,0.4269047087964759,0.0,18.0,0.9782608695652174,0.0081733166757941,0.1750373635508241,0.1484443733935215,0.0232325013414795,0.025011788398058,
petal__thumb_glyph__s00,petal-derived budget -> thumb glyph (seed 0),petal,thumb_glyph,0,best-of-k-restart-blind,ok,3.277185200015083,0.2537406621655205,0.1235,0.1816192560175054,0.4262404331294186,0.6747870354819222,0.1268703310827602,0.2562838149190066,0.4269047087964759,0.0,18.0,0.9782608695652174,0.0081728120233909,0.1758620549702683,0.1567890001344382,0.0280317127000317,0.0214589701313293,
petal__thumb_glyph__s00,petal-derived budget -> thumb glyph (seed 0),petal,thumb_glyph,0,entropy-transport-blind,ok,1.3071897000190802,0.2537342855352266,0.1235,0.1816192560175054,0.385809334493709,0.6747832770748051,0.1268671427676133,0.2562758946871839,0.4269047087964759,0.0,18.0,0.9782608695652174,0.0081733166757941,0.1750373635508241,0.1484443733935215,0.0232325013414795,0.0250117883981104,
petal__thumb_glyph__s00,petal-derived budget -> thumb glyph (seed 0),petal,thumb_glyph,0,langevin-blind,ok,30.338533600006485,0.2537342855352266,0.1235,0.1816192560175054,0.3858093344937088,0.6747832770748082,0.1268671427676133,0.2562758946871838,0.4269047087964759,0.0,18.0,0.9782608695652174,0.0081733166757941,0.1750373635508241,0.1484443733935215,0.0232325013414795,0.0192904667248458,
petal__thumb_glyph__s01,petal-derived budget -> thumb glyph (seed 1),petal,thumb_glyph,1,anchor-aware-refiner,ok,0.8702748999930918,0.2461274873997729,0.123,0.1709276844411979,2.459983177795374,0.658116275259902,0.1230637436998864,0.2116058545902464,0.4439661031417913,0.0,16.0,0.9739478957915833,0.0091201315343714,0.678824471464236,0.4810926700481173,1.5251306133910618,,
petal__thumb_glyph__s01,petal-derived budget -> thumb glyph (seed 1),petal,thumb_glyph,1,blind-sa,ok,46.78488749999087,0.2540890506748177,0.123,0.1755531374682626,0.3869709311142307,0.658116275259902,0.1270445253374088,0.2560137339972393,0.4350977919595752,0.0,21.0,0.9775280898876404,0.007980893416672,0.2062848997552449,0.14428300031312,0.0247179296514317,0.0249351719476366,0.975
petal__thumb_glyph__s01,petal-derived budget -> thumb glyph (seed 1),petal,thumb_glyph,1,projected-gradient-blind,ok,1.515778799977852,0.2541631256135096,0.123,0.1755531374682626,0.4611156859705535,0.658141696797031,0.1270815628067548,0.2560247885784061,0.4350977919595752,0.0,21.0,0.9775280898876404,0.0079783013195583,0.2397455133113013,0.1565129935215874,0.1103027872280066,0.0237818982399917,
petal__thumb_glyph__s01,petal-derived budget -> thumb glyph (seed 1),petal,thumb_glyph,1,evolutionary-blind,ok,63.3967061000003,0.2540890506748177,0.123,0.1755531374682626,0.3869709311142305,0.6581162752599022,0.1270445253374088,0.2560137339972393,0.4350977919595752,0.0,21.0,0.9775280898876404,0.007980893416672,0.2062848997552449,0.14428300031312,0.0247179296514317,0.0249351719476624,
petal__thumb_glyph__s01,petal-derived budget -> thumb glyph (seed 1),petal,thumb_glyph,1,best-of-k-restart-blind,ok,3.2141439999977592,0.2540916604490686,0.123,0.1755531374682626,0.4473762896842701,0.6580951609457042,0.1270458302245343,0.2560155460135647,0.4350977919595752,0.0,21.0,0.9775280898876404,0.0079795252787359,0.2410729888414409,0.1538666885129425,0.1153255013482286,0.0229223358663922,
petal__thumb_glyph__s01,petal-derived budget -> thumb glyph (seed 1),petal,thumb_glyph,1,entropy-transport-blind,ok,1.1696961999987252,0.2540890506748176,0.123,0.1755531374682626,0.3869709311142311,0.6581162752599024,0.1270445253374088,0.2560137339972396,0.4350977919595752,0.0,21.0,0.9775280898876404,0.007980893416672,0.2062848997552449,0.14428300031312,0.0247179296514317,0.0249351719478908,
petal__thumb_glyph__s01,petal-derived budget -> thumb glyph (seed 1),petal,thumb_glyph,1,langevin-blind,ok,32.812680400005775,0.2540890506748177,0.123,0.1755531374682626,0.3869709311142305,0.6581162752599022,0.1270445253374088,0.2560137339972393,0.4350977919595752,0.0,21.0,0.9775280898876404,0.007980893416672,0.2062848997552449,0.14428300031312,0.0247179296514317,0.0193485465558534,
petal__thumb_glyph__s02,petal-derived budget -> thumb glyph (seed 2),petal,thumb_glyph,2,anchor-aware-refiner,ok,0.8571223999897484,0.2442861761276676,0.119,0.1724389354721108,2.429113214037798,0.6884746934835848,0.1221430880638338,0.2119749500235504,0.4447580091592115,0.0,19.0,0.9766454352441614,0.0085239477705569,0.6788253008552725,0.4778908215703773,1.525792323070938,,
petal__thumb_glyph__s02,petal-derived budget -> thumb glyph (seed 2),petal,thumb_glyph,2,blind-sa,ok,46.772635100001935,0.2523526448358674,0.119,0.1739920087177624,0.3813705128840901,0.6884746934835836,0.1261763224179337,0.2564860293256732,0.442570868254978,0.0,18.0,0.9765957446808512,0.008448300404133,0.2060868906890378,0.1512004525241519,0.0403192449037761,0.0249823359275784,0.9833333333333332
petal__thumb_glyph__s02,petal-derived budget -> thumb glyph (seed 2),petal,thumb_glyph,2,projected-gradient-blind,ok,1.4168247999914456,0.2523689562311055,0.119,0.1739920087177624,0.4545366259221948,0.6884732158488736,0.1261844781155527,0.2565134217507101,0.442570868254978,0.0,18.0,0.9765957446808512,0.0084490741165823,0.2073697539633541,0.1624601309609522,0.0377814203511159,0.023082772843394,
petal__thumb_glyph__s02,petal-derived budget -> thumb glyph (seed 2),petal,thumb_glyph,2,evolutionary-blind,ok,58.21160999999847,0.2523526448358674,0.119,0.1739920087177624,0.3813705128840901,0.6884746934835836,0.1261763224179337,0.2564860293256732,0.442570868254978,0.0,18.0,0.9765957446808512,0.008448300404133,0.2060868906890378,0.1512004525241519,0.0403192449037761,0.0249823359275784,
petal__thumb_glyph__s02,petal-derived budget -> thumb glyph (seed 2),petal,thumb_glyph,2,best-of-k-restart-blind,ok,3.1354314999771304,0.2523908263205073,0.119,0.1739920087177624,0.4114066190191217,0.6885093619674401,0.1261954131602536,0.2564617994109037,0.442570868254978,0.0,18.0,0.9765957446808512,0.0084458970034768,0.2146486050506378,0.1534776095865414,0.0732632389985241,0.020949504276791,
petal__thumb_glyph__s02,petal-derived budget -> thumb glyph (seed 2),petal,thumb_glyph,2,entropy-transport-blind,ok,1.2331627999956254,0.2523526448358674,0.119,0.1739920087177624,0.3813705128840893,0.6884746934835825,0.1261763224179337,0.2564860293256725,0.442570868254978,0.0,18.0,0.9765957446808512,0.008448300404133,0.2060868906890378,0.1512004525241519,0.0403192449037761,0.0249823359274813,
petal__thumb_glyph__s02,petal-derived budget -> thumb glyph (seed 2),petal,thumb_glyph,2,langevin-blind,ok,29.789970999991056,0.2523526448358674,0.119,0.1739920087177624,0.3813705128840901,0.6884746934835836,0.1261763224179337,0.2564860293256732,0.442570868254978,0.0,18.0,0.9765957446808512,0.008448300404133,0.2060868906890378,0.1512004525241519,0.0403192449037761,0.0190685256444507,
petal__thumb_glyph__s03,petal-derived budget -> thumb glyph (seed 3),petal,thumb_glyph,3,anchor-aware-refiner,ok,0.8580647000053432,0.2443573258858574,0.1225,0.1741511500547645,2.6006154627945746,0.6789869499867267,0.1221786629429287,0.211919200330921,0.4424856589175028,0.0,15.0,0.9733606557377048,0.0086232761836914,0.6788338631148702,0.4905147920473394,1.532492741579496,,
petal__thumb_glyph__s03,petal-derived budget -> thumb glyph (seed 3),petal,thumb_glyph,3,blind-sa,ok,45.44714849998127,0.252671073044054,0.123,0.1734397677793904,0.3640932772519653,0.6789869499867269,0.126335536522027,0.2556999622849452,0.4440520244120006,0.0,20.0,0.9739696312364424,0.0080370472720789,0.2105686010295598,0.1468800934383984,0.0442394403040264,0.0238305969534886,0.9583333333333334
petal__thumb_glyph__s03,petal-derived budget -> thumb glyph (seed 3),petal,thumb_glyph,3,projected-gradient-blind,ok,1.633350199990673,0.252703677595576,0.123,0.1745283018867924,0.4127110461307861,0.6790454477760831,0.126351838797788,0.2556757467209276,0.442570868254978,0.0,20.0,0.974025974025974,0.0080343349138087,0.2932474536090944,0.1552167009034775,0.1702521990131409,0.0210547144615381,
petal__thumb_glyph__s03,petal-derived budget -> thumb glyph (seed 3),petal,thumb_glyph,3,evolutionary-blind,ok,57.23234899999807,0.252671073044054,0.123,0.1734397677793904,0.3640932772519664,0.6789869499867269,0.126335536522027,0.2556999622849452,0.4440520244120006,0.0,20.0,0.9739696312364424,0.0080370472720789,0.2105686010295598,0.1468800934383984,0.0442394403040264,0.0238305969535672,
petal__thumb_glyph__s03,petal-derived budget -> thumb glyph (seed 3),petal,thumb_glyph,3,best-of-k-restart-blind,ok,3.711579900002107,0.2526742491549185,0.123,0.1734397677793904,0.3854209003096229,0.6790221388365558,0.1263371245774592,0.2556792275077952,0.4440520244120006,0.0,20.0,0.9739696312364424,0.0080348253214227,0.2104140174580876,0.1516878958265445,0.04554669016842,0.0195394794225597,
petal__thumb_glyph__s03,petal-derived budget -> thumb glyph (seed 3),petal,thumb_glyph,3,entropy-transport-blind,ok,1.830297300009988,0.2526710730440539,0.123,0.1734397677793904,0.364093277251965,0.6789869499867288,0.1263355365220269,0.2556999622849451,0.4440520244120006,0.0,20.0,0.9739696312364424,0.0080370472720789,0.2105686010295598,0.1468800934383984,0.0442394403040264,0.0238305969534384,
petal__thumb_glyph__s03,petal-derived budget -> thumb glyph (seed 3),petal,thumb_glyph,3,langevin-blind,ok,31.670220100000734,0.252671073044054,0.123,0.1734397677793904,0.3640932772519664,0.6789869499867269,0.126335536522027,0.2556999622849452,0.4440520244120006,0.0,20.0,0.9739696312364424,0.0080370472720789,0.2105686010295598,0.1468800934383984,0.0442394403040264,0.0182046638628597,
petal__thumb_glyph__s04,petal-derived budget -> thumb glyph (seed 4),petal,thumb_glyph,4,anchor-aware-refiner,ok,0.8270299000141677,0.2434789363861431,0.123,0.1726907630522088,2.5551970091865672,0.6786361227691627,0.1217394681930715,0.2116216641486664,0.4461441116065556,0.0,14.0,0.9762845849802372,0.0086374382707556,0.6788419978959191,0.4719765729354727,1.538654203731606,,
petal__thumb_glyph__s04,petal-derived budget -> thumb glyph (seed 4),petal,thumb_glyph,4,blind-sa,ok,43.806297000002814,0.2544490636301667,0.123,0.1794032023289665,0.4036152693849119,0.6786361227691621,0.1272245318150833,0.2564807893690667,0.4298961971782135,0.0,20.0,0.9797297297297296,0.007813034768527,0.2161580912542747,0.1469467469114186,0.0315573669292739,0.0256498878077796,0.9833333333333332
petal__thumb_glyph__s04,petal-derived budget -> thumb glyph (seed 4),petal,thumb_glyph,4,projected-gradient-blind,ok,1.4046010999882128,0.2544365439035518,0.123,0.1794032023289665,0.4930839931471473,0.6787271981208965,0.1272182719517759,0.256494630937491,0.4298961971782135,0.0,20.0,0.9797297297297296,0.0078075472119507,0.2907799031096346,0.1647534638473481,0.1373591345238363,0.0252767876802611,
petal__thumb_glyph__s04,petal-derived budget -> thumb glyph (seed 4),petal,thumb_glyph,4,evolutionary-blind,ok,57.87453829997685,0.2544490636301667,0.123,0.1794032023289665,0.4036152693849119,0.6786361227691621,0.1272245318150833,0.2564807893690667,0.4298961971782135,0.0,20.0,0.9797297297297296,0.007813034768527,0.2161580912542747,0.1469467469114186,0.0315573669292739,0.0256498878077796,
petal__thumb_glyph__s04,petal-derived budget -> thumb glyph (seed 4),petal,thumb_glyph,4,best-of-k-restart-blind,ok,3.084509900014382,0.2544491796063249,0.1225,0.1794032023289665,0.4674898021420447,0.6786315913579772,0.1272245898031624,0.2564614638892019,0.4298961971782135,0.0,20.0,0.9797297297297296,0.0078104411968046,0.2176421730449387,0.1595139351502608,0.035104287643727,0.0238395709182161,
petal__thumb_glyph__s04,petal-derived budget -> thumb glyph (seed 4),petal,thumb_glyph,4,entropy-transport-blind,ok,1.2557339000049978,0.2544490636301667,0.123,0.1794032023289665,0.403615269384912,0.6786361227691616,0.1272245318150833,0.2564807893690669,0.4298961971782135,0.0,20.0,0.9797297297297296,0.007813034768527,0.2161580912542747,0.1469467469114186,0.0315573669292739,0.025649887807453,
petal__thumb_glyph__s04,petal-derived budget -> thumb glyph (seed 4),petal,thumb_glyph,4,langevin-blind,ok,30.18848019998404,0.2544490636301667,0.123,0.1794032023289665,0.4036152693849119,0.6786361227691621,0.1272245318150833,0.2564807893690667,0.4298961971782135,0.0,20.0,0.9797297297297296,0.007813034768527,0.2161580912542747,0.1469467469114186,0.0315573669292739,0.0201807634695317,
petal__thumb_glyph__s05,petal-derived budget -> thumb glyph (seed 5),petal,thumb_glyph,5,anchor-aware-refiner,ok,0.8860945999913383,0.2445843619495017,0.122,0.1739766081871345,2.583725166202658,0.6709765742360929,0.1222921809747508,0.212194995284899,0.4408897936143131,0.0,15.0,0.9652351738241308,0.0084714072725234,0.6788172207296144,0.4786985007011599,1.5192426092127604,,
petal__thumb_glyph__s05,petal-derived budget -> thumb glyph (seed 5),petal,thumb_glyph,5,blind-sa,ok,46.63452130000224,0.254158806724917,0.122,0.1785454545454545,0.3600871957068507,0.6709765742360929,0.1270794033624585,0.254657743123766,0.4282899200109288,0.0,20.0,0.9756637168141592,0.0076476159873349,0.1879690874698353,0.1428748144866758,0.0220739028094625,0.0233576909767945,0.975
petal__thumb_glyph__s05,petal-derived budget -> thumb glyph (seed 5),petal,thumb_glyph,5,projected-gradient-blind,ok,1.4280647999839855,0.2541566491485565,0.122,0.1785454545454545,0.391493375303869,0.6709998492723102,0.1270783245742782,0.2546538337477231,0.4282899200109288,0.0,20.0,0.9756637168141592,0.0076497478074396,0.188693326685153,0.1488324341098319,0.0233181141023886,0.0198148849883597,
petal__thumb_glyph__s05,petal-derived budget -> thumb glyph (seed 5),petal,thumb_glyph,5,evolutionary-blind,ok,60.17790949999471,0.2541588067249171,0.122,0.1785454545454545,0.3600871957068507,0.6709765742360927,0.1270794033624585,0.254657743123766,0.4282899200109288,0.0,20.0,0.9756637168141592,0.0076476159873349,0.1879690874698353,0.1428748144866758,0.0220739028094625,0.0233576909768782,
petal__thumb_glyph__s05,petal-derived budget -> thumb glyph (seed 5),petal,thumb_glyph,5,best-of-k-restart-blind,ok,3.4050950999953784,0.2541451953821661,0.122,0.1785454545454545,0.3803780610451305,0.6709665908963235,0.127072597691083,0.2546539493407464,0.4282899200109288,0.0,20.0,0.9756637168141592,0.0076473841904185,0.1531926238900534,0.1450630669444806,0.1277071907436955,0.0191405486413259,
petal__thumb_glyph__s05,petal-derived budget -> thumb glyph (seed 5),petal,thumb_glyph,5,entropy-transport-blind,ok,1.6191508000192698,0.254158806724917,0.122,0.1785454545454545,0.3600871957068508,0.6709765742360931,0.1270794033624585,0.2546577431237661,0.4282899200109288,0.0,20.0,0.9756637168141592,0.0076476159873349,0.1879690874698353,0.1428748144866758,0.0220739028094625,0.0233576909766295,
petal__thumb_glyph__s05,petal-derived budget -> thumb glyph (seed 5),petal,thumb_glyph,5,langevin-blind,ok,31.717716200015275,0.2541588067249171,0.122,0.1785454545454545,0.3600871957068507,0.6709765742360927,0.1270794033624585,0.254657743123766,0.4282899200109288,0.0,20.0,0.9756637168141592,0.0076476159873349,0.1879690874698353,0.1428748144866758,0.0220739028094625,0.0180043597855465,
petal__thumb_glyph__s06,petal-derived budget -> thumb glyph (seed 6),petal,thumb_glyph,6,anchor-aware-refiner,ok,1.0067944999900649,0.2451405357250918,0.122,0.171595472800292,2.4033618762014006,0.6698400836044826,0.1225702678625459,0.2112949851955405,0.4462528403912684,0.0,15.0,0.9654471544715448,0.0090267656146787,0.6788195952757086,0.4709535204534323,1.5211918547257954,,
petal__thumb_glyph__s06,petal-derived budget -> thumb glyph (seed 6),petal,thumb_glyph,6,blind-sa,ok,47.338130300020566,0.2530055418161416,0.122,0.173391494002181,0.3567466003663305,0.6698400836044827,0.1265027709080708,0.2550012560765363,0.4350977919595752,0.0,18.0,0.9705882352941176,0.0080223183691976,0.205131724720122,0.1473478302285993,0.0185941990616802,0.0234529528770471,0.9666666666666668
petal__thumb_glyph__s06,petal-derived budget -> thumb glyph (seed 6),petal,thumb_glyph,6,projected-gradient-blind,ok,1.4395764999790115,0.2530183316589191,0.122,0.173216885007278,0.4407958647207219,0.6697977431227138,0.1265091658294595,0.2550202527933687,0.4350977919595752,0.0,17.0,0.9710144927536232,0.0080184637145729,0.3174755137142054,0.1632440502884821,0.2136790276600715,0.0225742925213164,
petal__thumb_glyph__s06,petal-derived budget -> thumb glyph (seed 6),petal,thumb_glyph,6,evolutionary-blind,ok,62.49435210000957,0.2530055418161416,0.122,0.173391494002181,0.3567466003663305,0.6698400836044827,0.1265027709080708,0.2550012560765363,0.4350977919595752,0.0,18.0,0.9705882352941176,0.0080223183691976,0.205131724720122,0.1473478302285993,0.0185941990616802,0.0234529528770471,
petal__thumb_glyph__s06,petal-derived budget -> thumb glyph (seed 6),petal,thumb_glyph,6,best-of-k-restart-blind,ok,3.491985200002091,0.25298988399913547,0.122,0.173391494002181,0.38711585700735374,0.6698465767382029,0.12649494199956773,0.2549940150794908,0.4350977919595752,0.0,18.0,0.9705882352941176,0.00801990895147527,0.20700997553389955,0.1519017810437095,0.01977294527571516,0.019660833589304046,
petal__thumb_glyph__s06,petal-derived budget -> thumb glyph (seed 6),petal,thumb_glyph,6,entropy-transport-blind,ok,1.3937939000024926,0.2530055418161415,0.122,0.173391494002181,0.3567466003663298,0.6698400836044842,0.12650277090807074,0.25500125607653606,0.4350977919595752,0.0,18.0,0.9705882352941176,0.008022318369197645,0.20513172472012206,0.1473478302285993,0.01859419906168025,0.02345295287720749,
petal__thumb_glyph__s06,petal-derived budget -> thumb glyph (seed 6),petal,thumb_glyph,6,langevin-blind,ok,32.893399699998554,0.2530055418161416,0.122,0.173391494002181,0.35674660036633055,0.6698400836044827,0.1265027709080708,0.2550012560765363,0.4350977919595752,0.0,18.0,0.9705882352941176,0.008022318369197645,0.20513172472012206,0.1473478302285993,0.01859419906168025,0.017837330018464936,
petal__thumb_glyph__s07,petal-derived budget -> thumb glyph (seed 7),petal,thumb_glyph,7,anchor-aware-refiner,ok,1.0831637000082992,0.2448550537616036,0.1195,0.1727405247813411,2.4219335423198154,0.6775277096947757,0.1224275268808018,0.2114373980108328,0.44625284039126845,0.0,17.0,0.9725738396624473,0.008651285644294687,0.6788031312605451,0.4794637337795492,1.5072042514878945,,
petal__thumb_glyph__s07,petal-derived budget -> thumb glyph (seed 7),petal,thumb_glyph,7,blind-sa,ok,47.54054660000838,0.25290532000806487,0.1195,0.17277676950998186,0.4019848278922879,0.6775277096947759,0.12645266000403244,0.25613439788058867,0.44179612372309496,0.0,19.0,0.9738562091503268,0.0082880671180567,0.17600807858394021,0.15441587000532672,0.007365386218456393,0.02590088837754948,0.9833333333333333
petal__thumb_glyph__s07,petal-derived budget -> thumb glyph (seed 7),petal,thumb_glyph,7,projected-gradient-blind,ok,1.4378602000069804,0.25297171468365,0.1195,0.17313974591651543,0.4750748074076817,0.6775121997399833,0.126485857341825,0.25613456489565567,0.44179612372309496,0.0,19.0,0.9738562091503268,0.008284939954314143,0.21821985976157282,0.1675460180558474,0.07992220776328351,0.02451065484533197,
petal__thumb_glyph__s07,petal-derived budget -> thumb glyph (seed 7),petal,thumb_glyph,7,evolutionary-blind,ok,62.58016260000295,0.25290532000806487,0.1195,0.17277676950998186,0.4019848278922879,0.6775277096947759,0.12645266000403244,0.25613439788058867,0.44179612372309496,0.0,19.0,0.9738562091503268,0.0082880671180567,0.17600807858394021,0.15441587000532672,0.007365386218456393,0.02590088837754948,
petal__thumb_glyph__s07,petal-derived budget -> thumb glyph (seed 7),petal,thumb_glyph,7,best-of-k-restart-blind,ok,3.3708000000042375,0.252892244583104,0.1195,0.17277676950998186,0.46493162810116845,0.6775092377690897,0.126446122291552,0.25612693248788193,0.44179612372309496,0.0,19.0,0.9738562091503268,0.008290462612832932,0.1765100968087014,0.1646755225304613,0.01015626002949066,0.023802959701652,
petal__thumb_glyph__s07,petal-derived budget -> thumb glyph (seed 7),petal,thumb_glyph,7,entropy-transport-blind,ok,1.3234458999941126,0.252905320008065,0.1195,0.17277676950998186,0.40198482789228757,0.6775277096947737,0.1264526600040325,0.2561343978805891,0.44179612372309496,0.0,19.0,0.9738562091503268,0.0082880671180567,0.17600807858394021,0.15441587000532672,0.007365386218456393,0.02590088837760554,
petal__thumb_glyph__s07,petal-derived budget -> thumb glyph (seed 7),petal,thumb_glyph,7,langevin-blind,ok,30.784971899993252,0.25290532000806487,0.1195,0.17277676950998186,0.4019848278922879,0.6775277096947759,0.12645266000403244,0.25613439788058867,0.44179612372309496,0.0,19.0,0.9738562091503268,0.0082880671180567,0.17600807858394021,0.15441587000532672,0.007365386218456393,0.020099241394764135,
