budget,family,seed,blind_norm_cd,blind_coverage,blind_iou,anchor_norm_cd,anchor_coverage,anchor_iou,sampler_point_norm_cd,oracle_best_of_k_norm_cd,hypothesis_diversity,feasible_set_exploration,structural_mode_coverage,posterior_concentration_proxy,budget_difficulty,family_surface,family_connectivity,ambiguity_stratum,corruption_type,blind_anchor_gap_cd,blind_anchor_gap_cov,blind_anchor_gap_iou,sampler_gain,recoverability_class,early_loss_mean,early_loss_delta,early_projection_mean,early_best_cd,need_escalation,early_warning_risk,moments_correct,point_correct,moments_confidence,point_confidence,access_value_gain,components,hole_proxy,bbox_aspect_ratio,curvature_std,density_entropy,symmetry_score,budget_id,trace,det,cond,rotation_deg,downstream_fragility,transfer_drop,collapse_score,blind_success,phase_manual,phase_cluster,phase_name,phase_x,phase_y
budget_06_thin_strip,barbell-bridge,0,0.2280463027751049,0.84375,0.1631284916201117,0.4651979542847414,0.25,0.0705128205128205,0.3056276849726439,0.2998715337963618,0.1625428643653427,0.3312714321826714,0.5,0.8499796556060385,hard,jagged,connected,high,structured_dropout,-0.2371516515096365,0.59375,0.0926156711072912,-0.0718252310212568,irreducibly ambiguous candidate,0.2728521180076163,0.3410868971207564,0.47394480814406315,0.2280463027751049,1,0.9966666666666667,1,0,0.69553345,0.75246185,-1.0464,1.0,40.0,4.195334447827693,0.1627607014971466,2.105285482509537,0.9827512428576958,budget_06_thin_strip,1.5,0.2755102040816327,6.0,12.0,1.182427492077812,4.3730158730158735,0.6138761189890525,0,irreducibly ambiguous candidate,3,decision-fragile zone,-1.7882777291722998,2.509951956762481
budget_06_thin_strip,barbell-bridge,1,0.2388953172422876,0.828125,0.1333333333333333,0.4779166754593049,0.296875,0.0738714090287277,0.29813695790763,0.294493398454528,0.1438590937849234,0.2385962135591283,0.3333333333333333,0.8660097656207797,hard,jagged,connected,high,clustered_occlusion,-0.2390213582170172,0.53125,0.0594619243046056,-0.0555980812122403,optimization-limited candidate,0.3102312814176426,0.4544739915863183,0.45151292334165105,0.2388953172422876,1,0.9766666666666667,1,0,0.7507362,0.68153936,-1.0464,1.0,40.0,4.195334447827693,0.1627607014971466,2.105285482509537,0.9827512428576958,budget_06_thin_strip,1.5,0.2755102040816327,6.0,12.0,1.171077881280267,4.3730158730158735,0.6363183152799127,0,optimization-limited candidate,3,decision-fragile zone,-1.5708518121380197,2.6285809211970013
budget_06_thin_strip,barbell-bridge,2,0.1482933053327114,0.96875,0.3610354223433242,0.4477140069374147,0.296875,0.0784574468085106,0.2862454063370988,0.2711553405014839,0.1498272786907531,0.2415803060120432,0.3333333333333333,0.8608566518729646,hard,jagged,connected,high,none,-0.2994207016047033,0.671875,0.2825779755348135,-0.1228620351687724,globally hard,0.23718339487175832,0.2888638550881143,0.4136449316280925,0.1482933053327114,0,0.01,1,0,0.77145165,0.61052173,-1.0464,1.0,40.0,4.195334447827693,0.1627607014971466,2.105285482509537,0.9827512428576958,budget_06_thin_strip,1.5,0.2755102040816327,6.0,12.0,1.142134323850086,4.3730158730158735,0.7799148574996762,0,globally hard,3,decision-fragile zone,-0.24846325039157702,1.5821399933005376
budget_06_thin_strip,barbell-bridge,3,0.2266328647967507,0.8125,0.1398773006134969,0.5026639689449749,0.25,0.0622406639004149,0.3297725988693691,0.3098112528788939,0.1296110341350672,0.1481388504008669,0.1666666666666666,0.8784370465034361,hard,jagged,connected,high,moment_preserving_perturbation,-0.2760311041482242,0.5625,0.077636636713082,-0.0831783880821431,globally hard,0.35696663301104886,0.4171106157358617,0.5067652079877706,0.2266328647967507,1,0.9933333333333333,1,0,0.5186422,0.61767024,-1.0464,1.0,40.0,4.195334447827693,0.1627607014971466,2.105285482509537,0.9827512428576958,budget_06_thin_strip,1.5,0.2755102040816327,6.0,12.0,1.1578813925505302,4.3730158730158735,0.648584785433819,0,globally hard,3,decision-fragile zone,-1.2663712289126179,2.3899104252168732
budget_06_thin_strip,crescent,0,0.1288367168648707,0.984375,0.208235294117647,0.6717012097581975,0.296875,0.0962241169305724,0.2523081134448879,0.244274301589756,0.1187304889570814,0.392698577811874,0.6666666666666666,0.888047107014635,hard,smooth,connected,high,none,-0.5428644928933268,0.6875,0.1120111771870746,-0.1154375847248853,globally hard,0.36099406607594675,0.4374840759972202,0.651944301135932,0.1288367168648707,0,0.006666666666666667,0,1,0.5755249,0.9981229,0.9536,1.0,12.0,1.926420323251142,0.1042283193607317,2.07937302735138,0.8077277247469214,budget_06_thin_strip,1.5,0.2755102040816327,6.0,12.0,0.09400661066837152,1.5730158730158732,0.8800995398692688,0,globally hard,2,ambiguity zone,1.0605498313074806,-2.3046823500200375
budget_06_thin_strip,crescent,1,0.2289141068331994,0.71875,0.1083333333333333,0.6290902439399516,0.34375,0.072929542645241,0.2887488715709799,0.2827560427112464,0.2035597090240885,0.1851131878453775,0.1666666666666666,0.8158214909633187,hard,smooth,connected,high,moment_preserving_perturbation,-0.4001761371067522,0.375,0.0354037906880922,-0.0538419358780469,globally hard,0.33678777014796907,0.3791221926256171,0.6600221523130961,0.2289141068331994,1,0.9966666666666667,0,1,0.27172595,0.9993888,0.9536,1.0,12.0,1.926420323251142,0.1042283193607317,2.07937302735138,0.8077277247469214,budget_06_thin_strip,1.5,0.2755102040816327,6.0,12.0,0.18150740721314557,1.5730158730158732,0.6391390626040072,0,globally hard,1,optimization-limited zone,-1.5459447158083368,-1.1990386487409392
budget_06_thin_strip,crescent,2,0.1015170669798954,0.921875,0.2919508867667121,0.6855292538128952,0.203125,0.0655940594059406,0.2599871054370328,0.2386374658277049,0.1270644545209648,0.230198893927149,0.3333333333333333,0.8806769071596063,hard,smooth,connected,high,structured_dropout,-0.5840121868329998,0.71875,0.2263568273607715,-0.1371203988478095,anchor-easy/blind-easy,0.3623943713351396,0.42762470247154827,0.656267879351852,0.1015170669798954,0,0.0033333333333333335,0,1,0.5437567,0.9887144,0.9536,1.0,12.0,1.926420323251142,0.1042283193607317,2.07937302735138,0.8077277247469214,budget_06_thin_strip,1.5,0.2755102040816327,6.0,12.0,0.08996787434704057,1.5730158730158732,0.8718815238263131,1,anchor-easy/blind-easy,2,ambiguity zone,1.0443471614940947,-2.64648875526641
budget_06_thin_strip,crescent,3,0.2771348742099191,0.53125,0.1658476658476658,0.7104351286791376,0.21875,0.0804911323328785,0.3326114037543653,0.3102950131138535,0.1108669650734177,0.2221001492033755,0.3333333333333333,0.895057814959585,hard,smooth,connected,high,clustered_occlusion,-0.4333002544692185,0.3125,0.0853565335147873,-0.0331601389039343,optimization-limited candidate,0.4745123201739956,0.60970904578424,0.6605729826423614,0.2771348742099191,1,0.96,0,1,0.39947426,0.99908614,0.9536,1.0,12.0,1.926420323251142,0.1042283193607317,2.07937302735138,0.8077277247469214,budget_06_thin_strip,1.5,0.2755102040816327,6.0,12.0,0.09247993769637669,1.5730158730158732,0.7406433795806047,0,optimization-limited candidate,1,optimization-limited zone,-0.2717201836523772,-0.9707840117695812
budget_06_thin_strip,cross-branch,0,0.0821805317869398,0.984375,0.5370786516853933,0.4843654547084862,0.359375,0.0639032815198618,0.2447241262936255,0.2447241262936255,0.120136905526505,0.2267351194299192,0.3333333333333333,0.8867990207192509,hard,jagged,connected,high,none,-0.4021849229215464,0.625,0.4731753701655314,-0.1625435945066857,anchor-easy/blind-easy,0.221956331243874,0.19888972750155812,0.37137273655478115,0.0821805317869398,0,0.01,1,1,0.9374237,0.56100065,-0.0464,1.0,1.0,1.0024045069907674,0.1715963011416351,1.2292899263454526,0.985285262036289,budget_06_thin_strip,1.5,0.2755102040816327,6.0,12.0,0.10201393828867422,0.4730158730158731,0.9872864043943987,1,anchor-easy/blind-easy,2,ambiguity zone,1.4601751823942108,-1.1011544839146021
budget_06_thin_strip,cross-branch,1,0.2439733525932634,0.796875,0.1343873517786561,0.4481744542789476,0.421875,0.0838509316770186,0.3620371094183252,0.3351067526252257,0.1263081646662343,0.3131540823331172,0.5,0.8813432060955905,hard,jagged,connected,high,moment_preserving_perturbation,-0.2042011016856842,0.375,0.0505364201016375,-0.0911334000319623,anchor-easy/blind-hard,0.2295971420538185,0.2581685827201998,0.43144671195173484,0.2439733525932634,1,0.98,1,1,0.6623531,0.48851457,-0.0464,1.0,1.0,1.0024045069907674,0.1715963011416351,1.2292899263454526,0.985285262036289,budget_06_thin_strip,1.5,0.2755102040816327,6.0,12.0,0.15573394490871661,0.4730158730158731,0.8305117551652383,0,anchor-easy/blind-hard,1,optimization-limited zone,-0.07543152951607653,0.6467011704340898
budget_06_thin_strip,cross-branch,2,0.1460425780420451,1.0,0.1503378378378378,0.5128179099439096,0.3125,0.0919732441471571,0.2375704433739747,0.2375704433739747,0.1263953046957376,0.3131976523478688,0.5,0.8812664091687006,hard,jagged,connected,high,structured_dropout,-0.3667753319018645,0.6875,0.0583645936906807,-0.0915278653319296,globally hard,0.19746205746802628,0.1545357344111316,0.3953139305117996,0.1460425780420451,0,0.04,1,1,0.9038863,0.48329693,-0.0464,1.0,1.0,1.0024045069907674,0.1715963011416351,1.2292899263454526,0.985285262036289,budget_06_thin_strip,1.5,0.2755102040816327,6.0,12.0,0.15379330787492568,0.4730158730158731,0.9760794971932275,0,globally hard,2,ambiguity zone,1.0120081281173812,-0.6089615965017672
budget_06_thin_strip,cross-branch,3,0.3363122690973877,0.5625,0.1151315789473684,0.5789199217291484,0.265625,0.038917089678511,0.4468556998406281,0.3001428645712123,0.1504327134596018,0.3252163567298009,0.5,0.8603356170671351,hard,jagged,connected,high,clustered_occlusion,-0.2426076526317607,0.296875,0.0762144892688574,0.0361694045261754,optimization-limited candidate,0.31663128591464873,0.3815012893710067,0.4389599795644031,0.3115022470971686,1,1.0,1,1,0.96591324,0.5468808,-0.0464,1.0,1.0,1.0024045069907674,0.1715963011416351,1.2292899263454526,0.985285262036289,budget_06_thin_strip,1.5,0.2755102040816327,6.0,12.0,0.1795131576336608,0.4730158730158731,0.8022869399899769,0,optimization-limited candidate,1,optimization-limited zone,-0.9775618563768932,0.8576236271794024
budget_06_thin_strip,double-loop,0,0.2666724460047315,0.453125,0.1437699680511182,0.4941791182556584,0.34375,0.0924499229583975,0.2842591067760598,0.2677348002459123,0.1373403750936521,0.1520035208801594,0.1666666666666666,0.8716734796901419,hard,smooth,connected,high,clustered_occlusion,-0.2275066722509269,0.109375,0.0513200450927206,-0.0010623542411807,optimization-limited candidate,0.2896397414021433,0.39122114898293947,0.3705691313025536,0.2666724460047315,1,0.9866666666666667,0,1,0.19216388,0.7026753,0.9536,1.0,3.0,1.9632453591236552,0.0817043512033122,1.848737586275187,0.9903565845479404,budget_06_thin_strip,1.5,0.2755102040816327,6.0,12.0,0.11759495375430914,0.6730158730158731,0.7144240849897336,0,optimization-limited candidate,1,optimization-limited zone,-0.8315129804331038,0.02687116718321801
budget_06_thin_strip,double-loop,1,0.070492658930779,1.0,0.418426103646833,0.437440812757172,0.421875,0.0913621262458471,0.2037162276031461,0.1609453768346296,0.1166306928845309,0.3083153464422654,0.5,0.8899137839767907,hard,smooth,connected,high,none,-0.366948153826393,0.578125,0.3270639774009859,-0.0904527179038506,anchor-easy/blind-easy,0.22532394982909124,0.3272569522091734,0.304046558922126,0.070492658930779,0,0.006666666666666667,0,1,0.1892168,0.6857601,0.9536,1.0,3.0,1.9632453591236552,0.0817043512033122,1.848737586275187,0.9903565845479404,budget_06_thin_strip,1.5,0.2755102040816327,6.0,12.0,0.06782936649522622,0.6730158730158731,0.8879503217641092,1,anchor-easy/blind-easy,2,ambiguity zone,0.9874724678463611,-1.4185788103995869
budget_06_thin_strip,double-loop,2,0.2641494155927574,0.59375,0.0865853658536585,0.4633024234447011,0.390625,0.1,0.278761512914824,0.278761512914824,0.1148681805807581,0.2241007569570457,0.3333333333333333,0.8914836510189424,hard,smooth,connected,high,moment_preserving_perturbation,-0.1991530078519436,0.203125,-0.0134146341463415,-0.0146120973220665,anchor-easy/blind-hard,0.21963942348915555,0.27957503854100896,0.33725521678979953,0.2641494155927574,1,0.98,0,1,0.32157144,0.700559,0.9536,1.0,3.0,1.9632453591236552,0.0817043512033122,1.848737586275187,0.9903565845479404,budget_06_thin_strip,1.5,0.2755102040816327,6.0,12.0,0.11833691128657055,0.6730158730158731,0.7389788091715933,0,anchor-easy/blind-hard,1,optimization-limited zone,-0.45543835134601945,0.22450388695114906
budget_06_thin_strip,double-loop,3,0.1066634352101221,0.90625,0.2924335378323108,0.4529171237435274,0.390625,0.1433566433566433,0.1931081320311961,0.1902799740755279,0.1047620409103499,0.2190476871218416,0.3333333333333333,0.9005387884822975,hard,smooth,connected,high,structured_dropout,-0.3462536885334052,0.515625,0.1490768944756675,-0.0836165388654058,anchor-easy/blind-easy,0.23676934599984514,0.3295871045340313,0.3049651114330534,0.1066634352101221,0,0.006666666666666667,0,1,0.20615095,0.66801745,0.9536,1.0,3.0,1.9632453591236552,0.0817043512033122,1.848737586275187,0.9903565845479404,budget_06_thin_strip,1.5,0.2755102040816327,6.0,12.0,0.07412610665640298,0.6730158730158731,0.9004518486144549,1,anchor-easy/blind-easy,2,ambiguity zone,1.1212253687333629,-1.2228020979795
budget_06_thin_strip,mean-reversion,0,0.1167390791749592,1.0,0.2098765432098765,0.4167017852182639,0.359375,0.0699404761904761,0.3002321110049916,0.2921939313939952,0.1271821532018152,0.2302577432675742,0.3333333333333333,0.8805732587491385,hard,jagged,connected,high,structured_dropout,-0.2999627060433047,0.640625,0.1399360670194004,-0.175454852219036,anchor-easy/blind-easy,0.2405215632424782,0.2782131826588473,0.4343633137629908,0.1167390791749592,0,0.01,0,0,0.53226763,0.4228189,-0.0464,1.0,39.0,1.9304818378078896,0.114849417410383,1.9184331762576816,0.8426395272372131,budget_06_thin_strip,1.5,0.2755102040816327,6.0,12.0,0.1468896025298293,4.273015873015874,0.8755879957796372,1,anchor-easy/blind-easy,4,effective-collapse zone,1.0970763541275732,-0.18984767350711593
budget_06_thin_strip,mean-reversion,1,0.2432290505625842,0.65625,0.1469780219780219,0.4453204239735063,0.265625,0.0496124031007751,0.3662371073875366,0.2789896167620513,0.1310221860756388,0.232177759704486,0.3333333333333333,0.8771983125870405,hard,jagged,connected,high,clustered_occlusion,-0.2020913734109221,0.390625,0.0973656188772467,-0.0357605661994671,anchor-easy/blind-hard,0.24398404681215155,0.2285370319359389,0.4344853356307459,0.2432290505625842,1,0.9933333333333333,0,0,0.4068491,0.57895035,-0.0464,1.0,39.0,1.9304818378078896,0.114849417410383,1.9184331762576816,0.8426395272372131,budget_06_thin_strip,1.5,0.2755102040816327,6.0,12.0,0.1581648043310051,4.273015873015874,0.7191998518815989,0,anchor-easy/blind-hard,1,optimization-limited zone,-0.6804783713542837,1.2752211547579655
budget_06_thin_strip,mean-reversion,2,0.1363755687416837,0.984375,0.2450248756218905,0.4040319815529588,0.34375,0.0715307582260372,0.3072589488700213,0.2968549068945422,0.1564097118067028,0.1615381892366847,0.1666666666666666,0.8552087294682776,hard,jagged,connected,high,none,-0.267656412811275,0.640625,0.1734941173958533,-0.1604793381528585,globally hard,0.22614671111055273,0.24701810129211432,0.4276354528680413,0.1363755687416837,0,0.01,0,0,0.31104577,0.4885326,-0.0464,1.0,39.0,1.9304818378078896,0.114849417410383,1.9184331762576816,0.8426395272372131,budget_06_thin_strip,1.5,0.2755102040816327,6.0,12.0,0.16448544162520973,4.273015873015874,0.845189534294003,0,globally hard,4,effective-collapse zone,0.6178596498628857,-0.08156112791661227
budget_06_thin_strip,mean-reversion,3,0.2386744342656035,0.828125,0.1588571428571428,0.4690349230037426,0.296875,0.0425531914893617,0.2889971541737821,0.2580830426715935,0.1717883176794432,0.2525608255063882,0.3333333333333333,0.8421574241393607,hard,jagged,connected,high,moment_preserving_perturbation,-0.2303604887381391,0.53125,0.1163039513677811,-0.0194086084059899,anchor-easy/blind-hard,0.2764662046389521,0.2843065445313376,0.4347009989383808,0.2386744342656035,1,0.9966666666666667,0,0,0.58033305,0.21107344,-0.0464,1.0,39.0,1.9304818378078896,0.114849417410383,1.9184331762576816,0.8426395272372131,budget_06_thin_strip,1.5,0.2755102040816327,6.0,12.0,0.19089851635665164,4.273015873015874,0.6764473043689163,0,anchor-easy/blind-hard,1,optimization-limited zone,-1.3285186403578992,1.037594247379626
budget_06_thin_strip,multi-hole,0,0.1267940223974448,0.921875,0.1763527054108216,0.4699116440258921,0.390625,0.1226012793176972,0.2757825231733318,0.2712806632771426,0.112982259827485,0.3064911299137425,0.5,0.893166504903352,hard,smooth,connected,high,structured_dropout,-0.3431176216284473,0.53125,0.0537514260931244,-0.1444866408796978,globally hard,0.23850776726916387,0.2205000679221774,0.39468457996245937,0.1267940223974448,0,0.0033333333333333335,1,1,0.60151076,0.9663431,-0.0464,1.0,73.0,1.0002814165939322,0.0980752729044046,2.013166601186731,0.7876321647398156,budget_06_thin_strip,1.5,0.2755102040816327,6.0,12.0,0.13945753264347963,7.673015873015874,0.9591315918856302,0,globally hard,4,effective-collapse zone,1.4567564996438274,0.22569141651919905
budget_06_thin_strip,multi-hole,1,0.2930599596115854,0.53125,0.0962732919254658,0.5131019058311712,0.265625,0.0483870967741935,0.3003653149990348,0.3003653149990348,0.0852671408508582,0.1259669037587624,0.1666666666666666,0.9182669450198232,hard,smooth,connected,high,clustered_occlusion,-0.2200419462195858,0.265625,0.0478861951512723,-0.0073053553874494,optimization-limited candidate,0.24618390838023566,0.29333709848089284,0.41484576877858315,0.2930599596115854,1,0.9966666666666667,1,1,0.532994,0.94462687,-0.0464,1.0,73.0,1.0002814165939322,0.0980752729044046,2.013166601186731,0.7876321647398156,budget_06_thin_strip,1.5,0.2755102040816327,6.0,12.0,0.1234581925080737,7.673015873015874,0.834541444142839,0,optimization-limited candidate,1,optimization-limited zone,0.13546951827939036,1.9383792862353695
budget_06_thin_strip,multi-hole,2,0.1500133743159664,0.84375,0.1343589743589743,0.4722738657144735,0.390625,0.1137965760322255,0.277778857620687,0.2565334913586151,0.1018493966803692,0.3009246983401846,0.5,0.903165561158566,hard,smooth,connected,high,none,-0.3222604913985071,0.453125,0.0205623983267487,-0.1065201170426486,globally hard,0.22110638345185954,0.2506458012239128,0.3840592795359341,0.1500133743159664,0,0.006666666666666667,1,1,0.533557,0.9547725,-0.0464,1.0,73.0,1.0002814165939322,0.0980752729044046,2.013166601186731,0.7876321647398156,budget_06_thin_strip,1.5,0.2755102040816327,6.0,12.0,0.13456501620331446,7.673015873015874,0.970357428904306,0,globally hard,4,effective-collapse zone,1.450662193544248,0.5293564999135518
budget_06_thin_strip,multi-hole,3,0.2484461480972966,0.5625,0.1324503311258278,0.4839468551740628,0.375,0.1222943722943722,0.3149312777731864,0.2863438264502045,0.1422204725078566,0.2377769029205949,0.3333333333333333,0.8674299909367993,hard,smooth,connected,high,moment_preserving_perturbation,-0.2355007070767661,0.1875,0.0101559588314555,-0.0378976783529079,optimization-limited candidate,0.289327263664039,0.37133889826340105,0.40351528030577616,0.2484461480972966,1,1.0,1,1,0.45828995,0.96012247,-0.0464,1.0,73.0,1.0002814165939322,0.0980752729044046,2.013166601186731,0.7876321647398156,budget_06_thin_strip,1.5,0.2755102040816327,6.0,12.0,0.1697833238313193,7.673015873015874,0.7741065975923758,0,optimization-limited candidate,1,optimization-limited zone,-0.560996391528799,1.5204024420264504
budget_06_thin_strip,nested-rings,0,0.0994402125752645,1.0,0.1566380133715377,0.4390885484332876,0.359375,0.1046511627906976,0.2887552873523754,0.280258343334868,0.1252927773053319,0.2293130553193326,0.3333333333333333,0.8822385653389796,hard,smooth,connected,high,none,-0.3396483358580231,0.640625,0.0519868505808401,-0.1808181307596034,anchor-easy/blind-easy,0.1941073435105617,0.1533893147488706,0.33015438189472956,0.0994402125752645,0,0.02666666666666667,0,0,0.25715336,0.20598544,-0.0464,1.0,80.0,1.0113656184223867,0.0765667972526494,1.984999432522959,0.9893860467956732,budget_06_thin_strip,1.5,0.2755102040816327,6.0,12.0,0.1520671655784222,8.373015873015873,0.9422533775816168,1,anchor-easy/blind-easy,4,effective-collapse zone,1.4138133641505255,0.15644776518430234
budget_06_thin_strip,nested-rings,1,0.2450479203982629,0.703125,0.1503461918892186,0.3897004995654313,0.5,0.0677382319173364,0.3120115562434715,0.3120115562434715,0.1408883233812804,0.2371108283573068,0.3333333333333333,0.8685863070633488,hard,smooth,connected,high,moment_preserving_perturbation,-0.1446525791671684,0.203125,0.0826079599718822,-0.0669636358452085,anchor-easy/blind-hard,0.18327319188263771,0.2103733297712212,0.3072740902809153,0.2450479203982629,1,0.8833333333333333,0,0,0.25864318,0.83524436,-0.0464,1.0,80.0,1.0113656184223867,0.0765667972526494,1.984999432522959,0.9893860467956732,budget_06_thin_strip,1.5,0.2755102040816327,6.0,12.0,0.16610630047924813,8.373015873015873,0.7932299997959694,0,anchor-easy/blind-hard,1,optimization-limited zone,-0.2833301995686561,1.9210282024498218
budget_06_thin_strip,nested-rings,2,0.1251191073802154,1.0,0.2294288480154888,0.4375128483751891,0.390625,0.095190380761523,0.3221190169048838,0.3155517016578463,0.0911852805509357,0.2122593069421345,0.3333333333333333,0.9128485621452472,hard,smooth,connected,high,structured_dropout,-0.3123937409949737,0.609375,0.1342384672539658,-0.1904325942776309,anchor-easy/blind-easy,0.19860562692328332,0.20570456119429958,0.35234470937577916,0.1251191073802154,0,0.01,0,0,0.25906372,0.4129617,-0.0464,1.0,80.0,1.0113656184223867,0.0765667972526494,1.984999432522959,0.9893860467956732,budget_06_thin_strip,1.5,0.2755102040816327,6.0,12.0,0.11666474667816536,8.373015873015873,0.9807992108043538,1,anchor-easy/blind-easy,4,effective-collapse zone,1.9687775977158912,0.37946650259838177
budget_06_thin_strip,nested-rings,3,0.219056664481228,0.75,0.1439688715953307,0.496588935353552,0.265625,0.0751381215469613,0.3193388915873466,0.2922285004006113,0.0877824629836057,0.3772245648251361,0.6666666666666666,0.91596011028173,hard,smooth,connected,high,clustered_occlusion,-0.277532270872324,0.484375,0.0688307500483694,-0.0731718359193833,globally hard,0.23078915068369218,0.21946842783254328,0.36158363538683136,0.219056664481228,1,0.96,0,0,0.2267342,0.62806326,-0.0464,1.0,80.0,1.0113656184223867,0.0765667972526494,1.984999432522959,0.9893860467956732,budget_06_thin_strip,1.5,0.2755102040816327,6.0,12.0,0.1215445208419971,8.373015873015873,0.8372065897197749,0,globally hard,1,optimization-limited zone,0.4340781042799494,1.4435526666280991
budget_06_thin_strip,pinwheel,0,0.1613410257468197,0.953125,0.1659340659340659,0.3501844788638518,0.5625,0.0606767794632438,0.2918382395709785,0.2918382395709785,0.1623854907949123,0.1645260787307894,0.1666666666666666,0.850113430465272,hard,jagged,connected,high,none,-0.1888434531170321,0.390625,0.1052572864708221,-0.1304972138241588,globally hard,0.24334851821320158,0.3232402177386949,0.319632719642454,0.1613410257468197,0,0.0033333333333333335,1,1,0.61716497,0.2965666,-0.0464,1.0,66.0,1.0084614575281672,0.1489407766853352,2.043908586001609,0.938995126702752,budget_06_thin_strip,1.5,0.2755102040816327,6.0,12.0,0.18184020605861367,6.973015873015874,0.9058153108278859,0,globally hard,4,effective-collapse zone,0.6620160488695728,0.8067205538805912
budget_06_thin_strip,pinwheel,1,0.2348999377850061,0.90625,0.1116965226554267,0.3881789342256886,0.5,0.0757381258023106,0.3124929599850896,0.2980458893626402,0.1319872338420466,0.1493269502543566,0.1666666666666666,0.8763521826583486,hard,jagged,connected,high,moment_preserving_perturbation,-0.1532789964406825,0.40625,0.0359583968531161,-0.0631459515776341,globally hard,0.2461758664736442,0.34397076091001844,0.3714075830781917,0.2348999377850061,1,0.99,1,1,0.5909441,0.32526225,-0.0464,1.0,66.0,1.0084614575281672,0.1489407766853352,2.043908586001609,0.938995126702752,budget_06_thin_strip,1.5,0.2755102040816327,6.0,12.0,0.16364471878698134,6.973015873015874,0.7844724965172949,0,globally hard,1,optimization-limited zone,-0.321726030561495,1.799097061406376
budget_06_thin_strip,pinwheel,2,0.2076046436807694,0.984375,0.1516164994425864,0.3397298760553632,0.546875,0.1183723797780517,0.3165573456241488,0.278142867594151,0.1469311673473874,0.3234655836736937,0.5,0.8633534022759313,hard,jagged,connected,high,structured_dropout,-0.1321252323745938,0.4375,0.0332441196645346,-0.0705382239133816,globally hard,0.20190918722022236,0.26850911209014977,0.32093208421304137,0.2076046436807694,0,0.13,1,1,0.6099093,0.36352888,-0.0464,1.0,66.0,1.0084614575281672,0.1489407766853352,2.043908586001609,0.938995126702752,budget_06_thin_strip,1.5,0.2755102040816327,6.0,12.0,0.17105397809516365,6.973015873015874,0.9021777947210247,0,globally hard,4,effective-collapse zone,0.47802801926379446,1.4476758085604222
budget_06_thin_strip,pinwheel,3,0.249707332719797,0.859375,0.1234705228031145,0.4345526320581972,0.421875,0.0823244552058111,0.3097915306964284,0.2911577989780551,0.1401233503870866,0.3200616751935433,0.5,0.8692510063374616,hard,jagged,connected,high,clustered_occlusion,-0.1848452993384002,0.4375,0.0411460675973034,-0.0414504662582581,anchor-easy/blind-hard,0.2655751094045276,0.33607934597972244,0.3614821003078365,0.249707332719797,1,0.9933333333333333,1,1,0.61632174,0.4184312,-0.0464,1.0,66.0,1.0084614575281672,0.1489407766853352,2.043908586001609,0.938995126702752,budget_06_thin_strip,1.5,0.2755102040816327,6.0,12.0,0.169222247057869,6.973015873015874,0.7754743417125911,0,anchor-easy/blind-hard,1,optimization-limited zone,-0.5300431449792714,1.687673250712595
budget_06_thin_strip,spiral,0,0.1266791758071991,0.96875,0.1912065439672801,0.3888083435729034,0.421875,0.0687645687645687,0.363198244133162,0.3395507059993888,0.1101032869830349,0.2217183101581841,0.3333333333333333,0.8957416120696985,hard,smooth,connected,high,structured_dropout,-0.2621291677657043,0.546875,0.1224419752027114,-0.2128715301921897,globally hard,0.23936456420185018,0.2453953901944234,0.38096213046113087,0.1266791758071991,0,0.006666666666666667,1,1,0.20743234,0.4219893,-0.0464,1.0,48.0,1.1364522233114445,0.1033335109422039,1.9971717461824172,0.8783513135867637,budget_06_thin_strip,1.5,0.2755102040816327,6.0,12.0,0.13545081799957118,5.173015873015874,0.9479516767439286,0,globally hard,4,effective-collapse zone,1.6933192373189696,0.0733251119223564
budget_06_thin_strip,spiral,1,0.2209467283467051,0.65625,0.1988304093567251,0.4176461002284234,0.421875,0.0704387990762124,0.3771051381915578,0.3771051381915578,0.1011129859056673,0.2172231596195003,0.3333333333333333,0.9038309069629844,hard,smooth,connected,high,clustered_occlusion,-0.1966993718817183,0.234375,0.1283916102805127,-0.1561584098448526,globally hard,0.22881678961739385,0.2712859616379569,0.38552813037756734,0.2209467283467051,1,0.98,1,1,0.30511603,0.65831876,-0.0464,1.0,48.0,1.1364522233114445,0.1033335109422039,1.9971717461824172,0.8783513135867637,budget_06_thin_strip,1.5,0.2755102040816327,6.0,12.0,0.12740864952676267,5.173015873015874,0.8066170883598646,0,globally hard,1,optimization-limited zone,0.46910747143367654,1.0868480909937939
budget_06_thin_strip,spiral,2,0.119421627613895,1.0,0.164271047227926,0.3915863173207962,0.4375,0.1003500583430571,0.3346247192447454,0.3346247192447454,0.1077725516584115,0.2205529424958724,0.3333333333333333,0.8978317835587386,hard,smooth,connected,high,none,-0.2721646897069011,0.5625,0.0639209888848688,-0.2152030916308503,anchor-easy/blind-easy,0.2582440887210367,0.36699858317517836,0.373997035745494,0.119421627613895,0,0.0033333333333333335,1,1,0.44295475,0.54260796,-0.0464,1.0,48.0,1.1364522233114445,0.1033335109422039,1.9971717461824172,0.8783513135867637,budget_06_thin_strip,1.5,0.2755102040816327,6.0,12.0,0.1364686417350585,5.173015873015874,0.9509249880097402,1,anchor-easy/blind-easy,4,effective-collapse zone,1.7401752057474038,0.02260954644593296
budget_06_thin_strip,spiral,3,0.240891458445346,0.65625,0.1368743615934627,0.4415807587659305,0.3125,0.0822561692126909,0.3568302895304024,0.3323579666064198,0.1312058599075366,0.1489362632871016,0.1666666666666666,0.8770372090073422,hard,smooth,connected,high,moment_preserving_perturbation,-0.2006893003205845,0.34375,0.0546181923807718,-0.0914665081610738,anchor-easy/blind-hard,0.2909268723311598,0.3729925283231107,0.42142054124224143,0.240891458445346,1,0.9933333333333333,1,1,0.33216923,0.24433073,-0.0464,1.0,48.0,1.1364522233114445,0.1033335109422039,1.9971717461824172,0.8783513135867637,budget_06_thin_strip,1.5,0.2755102040816327,6.0,12.0,0.15964714159537124,5.173015873015874,0.7729241397347841,0,anchor-easy/blind-hard,1,optimization-limited zone,-0.25617556274566233,1.2119133623738376
budget_06_thin_strip,volatility-clustering,0,0.2249134997415963,0.921875,0.1481876332622601,0.4768660431686142,0.359375,0.0663198959687906,0.3039830620984397,0.3017197782256779,0.1334777971888366,0.1500722319277516,0.1666666666666666,0.8750468972629536,hard,jagged,connected,high,moment_preserving_perturbation,-0.2519525434270179,0.5625,0.0818677372934695,-0.0768062784840816,globally hard,0.2620612404716017,0.31880452650087165,0.47473215878075026,0.2249134997415963,1,0.9966666666666667,0,0,0.5258044,0.55247104,-0.0464,1.0,37.0,1.071409286066147,0.1618705737123711,2.137595864061074,0.9432368914925192,budget_06_thin_strip,1.5,0.2755102040816327,6.0,12.0,0.16009803833036296,4.073015873015874,0.7724505080862074,0,globally hard,1,optimization-limited zone,-0.35796530874368515,0.8563005051966033
budget_06_thin_strip,volatility-clustering,1,0.1186907875194094,0.984375,0.2304483837330552,0.4120787967174027,0.4375,0.0802603036876355,0.3091203578483105,0.2879131729929258,0.1191845740399234,0.2262589536866283,0.3333333333333333,0.8876439496112875,hard,jagged,connected,high,structured_dropout,-0.2933880091979933,0.546875,0.1501880800454197,-0.1692223854735164,anchor-easy/blind-easy,0.22369663749082994,0.2841474280113068,0.3714658912602519,0.1186907875194094,0,0.0033333333333333335,0,0,0.5893032,0.52623993,-0.0464,1.0,37.0,1.071409286066147,0.1618705737123711,2.137595864061074,0.9432368914925192,budget_06_thin_strip,1.5,0.2755102040816327,6.0,12.0,0.13811868158651042,4.073015873015874,0.9413330657128052,1,anchor-easy/blind-easy,4,effective-collapse zone,1.3782644220909237,-0.09919297526552773
budget_06_thin_strip,volatility-clustering,2,0.276862145712786,0.796875,0.11875,0.4469296265412364,0.390625,0.068075117370892,0.3389078679885661,0.3389078679885661,0.1109524263281624,0.3054762131640812,0.5,0.8949813254641403,hard,jagged,connected,high,clustered_occlusion,-0.1700674808284504,0.40625,0.0506748826291079,-0.06204572227578,anchor-easy/blind-hard,0.19192014056383302,0.13532492268863172,0.4452637042262478,0.276862145712786,1,0.95,0,0,0.64185613,0.5259132,-0.0464,1.0,37.0,1.071409286066147,0.1618705737123711,2.137595864061074,0.9432368914925192,budget_06_thin_strip,1.5,0.2755102040816327,6.0,12.0,0.1441768257016931,4.073015873015874,0.8032966151109491,0,anchor-easy/blind-hard,1,optimization-limited zone,-0.05082671984498964,1.408435274144862
budget_06_thin_strip,volatility-clustering,3,0.1580444526714893,1.0,0.189873417721519,0.4398565761326691,0.4375,0.072139303482587,0.3175438056269207,0.3175438056269207,0.1001068255765724,0.2167200794549528,0.3333333333333333,0.904740763419758,hard,jagged,connected,high,none,-0.2818121234611798,0.5625,0.117734114238932,-0.1594993529554313,globally hard,0.2731855032939168,0.3020667780014519,0.40887278876449007,0.1580444526714893,0,0.0,0,0,0.6812528,0.5572519,-0.0464,1.0,37.0,1.071409286066147,0.1618705737123711,2.137595864061074,0.9432368914925192,budget_06_thin_strip,1.5,0.2755102040816327,6.0,12.0,0.12749920046709662,4.073015873015874,0.961953393156317,0,globally hard,4,effective-collapse zone,1.6140374992854258,0.07610823466617016
budget_10_extreme,barbell-bridge,0,0.2278369241222066,0.71875,0.2266288951841359,0.5808448273322787,0.203125,0.0564024390243902,0.3658484410691562,0.3375446518464406,0.1721637807181239,0.3360818903590619,0.5,0.8418412845069332,hard,jagged,connected,high,structured_dropout,-0.3530079032100721,0.515625,0.1702264561597457,-0.109707727724234,irreducibly ambiguous candidate,0.40382015552237766,0.37202426776984776,0.8709964086401248,0.2278369241222066,1,0.9866666666666667,0,0,0.6652234,0.49079597,-0.0464,1.0,40.0,4.195334447827693,0.1627607014971466,2.105285482509537,0.9827512428576958,budget_10_extreme,2.6,0.723854848304581,7.2,33.0,0.17954649330325165,4.3730158730158735,0.6055214823545831,0,irreducibly ambiguous candidate,1,optimization-limited zone,-1.1645385211601271,0.006388385394178103
budget_10_extreme,barbell-bridge,1,0.2495658263885568,0.578125,0.1691176470588235,0.6083954789524487,0.171875,0.039274924471299,0.3372745670714605,0.3239088175982723,0.1852080436247997,0.2592706884790665,0.3333333333333333,0.8309313958890693,hard,jagged,connected,high,clustered_occlusion,-0.3588296525638919,0.40625,0.1298427225875245,-0.0743429912097154,optimization-limited candidate,0.4950651178589967,0.6740339343866929,0.7759892272961624,0.2495658263885568,1,0.9733333333333334,0,0,0.73509395,0.68788934,-0.0464,1.0,40.0,4.195334447827693,0.1627607014971466,2.105285482509537,0.9827512428576958,budget_10_extreme,2.6,0.723854848304581,7.2,33.0,0.20028609507060563,4.3730158730158735,0.5942194145472602,0,optimization-limited candidate,1,optimization-limited zone,-1.4849970856360202,0.0678397704861155
budget_10_extreme,barbell-bridge,2,0.1570278543699804,0.84375,0.3884156729131175,0.5514075172208337,0.203125,0.0303907380607814,0.3165580612000431,0.2988077755012002,0.3457254866658263,0.3395294099995798,0.3333333333333333,0.7077067353789575,hard,jagged,connected,high,none,-0.3943796628508533,0.640625,0.3580249348523361,-0.1417799211312198,globally hard,0.3420818548091884,0.28962865749808586,0.7210647183481641,0.1570278543699804,0,0.01,0,1,0.7754749,0.776629,0.9536,1.0,40.0,4.195334447827693,0.1627607014971466,2.105285482509537,0.9827512428576958,budget_10_extreme,2.6,0.723854848304581,7.2,33.0,0.21144028911930435,4.3730158730158735,0.5843311089099827,0,globally hard,2,ambiguity zone,-2.0908238918672164,-2.203290446982462
budget_10_extreme,barbell-bridge,3,0.2329994580352017,0.640625,0.1750841750841751,0.588286348536376,0.171875,0.0391822827938671,0.3184925745199067,0.3162181110506478,0.1623959865103542,0.1645313265885104,0.1666666666666666,0.8501045079634366,hard,jagged,connected,high,moment_preserving_perturbation,-0.3552868905011742,0.46875,0.135901892290308,-0.083218653015446,globally hard,0.42238978869588023,0.25869735441545955,0.8568147591689762,0.2329994580352017,1,1.0,0,1,0.60229397,0.89072865,0.9536,1.0,40.0,4.195334447827693,0.1627607014971466,2.105285482509537,0.9827512428576958,budget_10_extreme,2.6,0.723854848304581,7.2,33.0,0.133963019175208,4.3730158730158735,0.6135110948461168,0,globally hard,1,optimization-limited zone,-1.029862809323085,-0.6244857826379627
budget_10_extreme,crescent,0,0.113978671974225,0.984375,0.2570224719101123,0.6852757197901769,0.265625,0.0566534914361001,0.327402652986981,0.2934936616284406,0.1316945019771586,0.3158472509885793,0.5,0.8766087564189023,hard,smooth,connected,high,none,-0.5712970478159519,0.71875,0.2003689804740122,-0.1795149896542155,anchor-easy/blind-easy,0.45524148853641355,0.5102925598377412,0.9080827510634649,0.113978671974225,0,0.11333333333333333,0,1,0.8365738,0.9979803,0.9536,1.0,12.0,1.926420323251142,0.1042283193607317,2.07937302735138,0.8077277247469214,budget_10_extreme,2.6,0.723854848304581,7.2,33.0,0.09784605554201813,1.5730158730158732,0.8499965528251427,1,anchor-easy/blind-easy,2,ambiguity zone,1.0281123220472166,-2.7098835382459314
budget_10_extreme,crescent,1,0.2260415395962185,0.734375,0.1439114391143911,0.6552586143997542,0.234375,0.0606896551724137,0.3378020537478228,0.294583902469136,0.1674788070613243,0.1670727368639954,0.1666666666666666,0.8457945419707653,hard,smooth,connected,high,moment_preserving_perturbation,-0.4292170748035356,0.5,0.0832217839419774,-0.0685423628729175,globally hard,0.3559710198624306,0.2154364925795869,0.7930193665283024,0.2260415395962185,1,0.99,0,1,0.80306715,0.9995536,0.9536,1.0,12.0,1.926420323251142,0.1042283193607317,2.07937302735138,0.8077277247469214,budget_10_extreme,2.6,0.723854848304581,7.2,33.0,0.14337669091596766,1.5730158730158732,0.6770500653806659,0,globally hard,1,optimization-limited zone,-0.9669576724776066,-1.284385938489421
budget_10_extreme,crescent,2,0.0957725816079507,0.96875,0.2649310872894334,0.6896672323530993,0.203125,0.068212824010914,0.3156747564246301,0.2840622114543105,0.131703988263735,0.2325186607985341,0.3333333333333333,0.8766004406964663,hard,smooth,connected,high,structured_dropout,-0.5938946507451487,0.765625,0.1967182632785193,-0.1882896298463597,anchor-easy/blind-easy,0.5093104437273605,0.6513751292546917,0.9166720256460992,0.0957725816079507,0,0.12666666666666668,0,1,0.83616817,0.9923339,0.9536,1.0,12.0,1.926420323251142,0.1042283193607317,2.07937302735138,0.8077277247469214,budget_10_extreme,2.6,0.723854848304581,7.2,33.0,0.09681150745266891,1.5730158730158732,0.8479205619131638,1,anchor-easy/blind-easy,2,ambiguity zone,1.0521022846371526,-2.856566484263161
budget_10_extreme,crescent,3,0.2803848984483627,0.625,0.191740412979351,0.6641434926188035,0.28125,0.0331950207468879,0.3182911672581671,0.3182911672581671,0.1103007891154618,0.1384837278910642,0.1666666666666666,0.895564718660199,hard,smooth,connected,high,clustered_occlusion,-0.3837585941704408,0.34375,0.158545392232463,-0.0379062688098044,optimization-limited candidate,0.45296085618376597,0.32149360486885525,0.908414525546204,0.2803848984483627,1,1.0,0,1,0.2546548,0.9994073,0.9536,1.0,12.0,1.926420323251142,0.1042283193607317,2.07937302735138,0.8077277247469214,budget_10_extreme,2.6,0.723854848304581,7.2,33.0,0.08915167025851485,1.5730158730158732,0.7350415192071988,0,optimization-limited candidate,1,optimization-limited zone,-0.2919602757162098,-0.7145928053661775
budget_10_extreme,cross-branch,0,0.0819833058419494,1.0,0.484090909090909,0.5468095925130618,0.34375,0.0395189003436426,0.3331253217282525,0.3041765171197841,0.1200998419156545,0.3100499209578272,0.5,0.8868318893021678,hard,jagged,connected,high,none,-0.4648262866711124,0.65625,0.4445720087472664,-0.2221932112778347,anchor-easy/blind-easy,0.3771625085144967,0.4648748264879196,0.6669395288399736,0.0819833058419494,0,0.0,1,1,0.6838401,0.8193135,-0.0464,1.0,1.0,1.0024045069907674,0.1715963011416351,1.2292899263454526,0.985285262036289,budget_10_extreme,2.6,0.723854848304581,7.2,33.0,0.10836060026103085,0.4730158730158731,0.9888748567999347,1,anchor-easy/blind-easy,2,ambiguity zone,1.7256765967357823,-1.6547930482091169
budget_10_extreme,cross-branch,1,0.2337506559519115,0.875,0.1412587412587412,0.5355956135503342,0.375,0.0644067796610169,0.3826943944216158,0.3721471848648243,0.1147554563144929,0.2240443948239131,0.3333333333333333,0.8915841485235384,hard,jagged,connected,high,moment_preserving_perturbation,-0.3018449575984228,0.5,0.0768519615977242,-0.1383965289129128,globally hard,0.44625503146174345,0.6259397703724521,0.772984234191564,0.2337506559519115,1,0.9833333333333333,0,1,0.4589276,0.87439096,0.9536,1.0,1.0,1.0024045069907674,0.1715963011416351,1.2292899263454526,0.985285262036289,budget_10_extreme,2.6,0.723854848304581,7.2,33.0,0.09854524500293517,0.4730158730158731,0.8421149534550859,0,globally hard,1,optimization-limited zone,0.4230252256298713,-0.7706977333424939
budget_10_extreme,cross-branch,2,0.1346026419562232,1.0,0.2235294117647059,0.5494713741706996,0.3125,0.0299295774647887,0.3930900183655996,0.306604643800721,0.1492400668499726,0.2412867000916529,0.3333333333333333,0.8613623055405396,hard,jagged,connected,high,structured_dropout,-0.4148687322144764,0.6875,0.1935998342999172,-0.1720020018444978,globally hard,0.2896260725043522,0.1821142892266826,0.6960677425991549,0.1346026419562232,0,0.016666666666666666,1,1,0.83719033,0.8557222,-0.0464,1.0,1.0,1.0024045069907674,0.1715963011416351,1.2292899263454526,0.985285262036289,budget_10_extreme,2.6,0.723854848304581,7.2,33.0,0.16228052249527283,0.4730158730158731,0.9558970501585373,0,globally hard,2,ambiguity zone,1.0603609510445475,-1.2764382873014344
budget_10_extreme,cross-branch,3,0.3194172720183011,0.53125,0.1288014311270125,0.5180468962262598,0.25,0.048526863084922,0.3709214918973167,0.3585063402105831,0.0896713778936229,0.2948356889468115,0.5,0.9142315726166734,hard,jagged,connected,high,clustered_occlusion,-0.1986296242079586,0.28125,0.0802745680420905,-0.0390890681922819,optimization-limited candidate,0.43791164415238765,0.47791106581448717,0.6828667928327518,0.3194172720183011,1,0.99,0,1,0.41018507,0.8229838,0.9536,1.0,1.0,1.0024045069907674,0.1715963011416351,1.2292899263454526,0.985285262036289,budget_10_extreme,2.6,0.723854848304581,7.2,33.0,0.07812157608979312,0.4730158730158731,0.8675964120730004,0,optimization-limited candidate,1,optimization-limited zone,0.3529459700647944,0.2498489048075568
budget_10_extreme,double-loop,0,0.2247269338455076,0.53125,0.1878260869565217,0.6085278705075059,0.1875,0.0585197934595524,0.3341601601555045,0.3151237801560294,0.1380482798576621,0.2356908065954977,0.3333333333333333,0.8710566362401763,hard,smooth,connected,high,clustered_occlusion,-0.3838009366619983,0.34375,0.1293062934969693,-0.0903968463105217,globally hard,0.4052096931580755,0.49315760868347236,0.731310670494924,0.2247269338455076,1,0.9866666666666667,0,1,0.2243897,0.7947559,0.9536,1.0,3.0,1.9632453591236552,0.0817043512033122,1.848737586275187,0.9903565845479404,budget_10_extreme,2.6,0.723854848304581,7.2,33.0,0.11211921164091862,0.6730158730158731,0.7136866083699159,0,globally hard,1,optimization-limited zone,-0.44938250919632544,-1.1391117599148408
budget_10_extreme,double-loop,1,0.0704956432412424,1.0,0.3370288248337029,0.5804840655307995,0.203125,0.0606060606060606,0.2484588618523893,0.2098293841794176,0.1143252258975591,0.2238292796154462,0.3333333333333333,0.8919678176706397,hard,smooth,connected,high,none,-0.5099884222895571,0.796875,0.2764227642276423,-0.1393337409381752,anchor-easy/blind-easy,0.3942952787109202,0.4950607107283034,0.689480678645184,0.0704956432412424,0,0.0033333333333333335,0,1,0.17327328,0.76967055,0.9536,1.0,3.0,1.9632453591236552,0.0817043512033122,1.848737586275187,0.9903565845479404,budget_10_extreme,2.6,0.723854848304581,7.2,33.0,0.07579432936445714,0.6730158730158731,0.8908904717635303,1,anchor-easy/blind-easy,2,ambiguity zone,1.2378222382549913,-2.3340536258015785
budget_10_extreme,double-loop,2,0.2451753971270635,0.578125,0.0762589928057553,0.5830754686045243,0.21875,0.0406091370558375,0.326333263881006,0.3082228445244577,0.1297947686074206,0.2315640509703769,0.3333333333333333,0.8782756621625886,hard,smooth,connected,high,moment_preserving_perturbation,-0.3379000714774608,0.359375,0.0356498557499177,-0.0630474473973942,optimization-limited candidate,0.39873237358382146,0.5257804790539575,0.6937784905988619,0.2451753971270635,1,1.0,0,1,0.52267,0.774524,0.9536,1.0,3.0,1.9632453591236552,0.0817043512033122,1.848737586275187,0.9903565845479404,budget_10_extreme,2.6,0.723854848304581,7.2,33.0,0.11989675028196263,0.6730158730158731,0.7202319893472569,0,optimization-limited candidate,1,optimization-limited zone,-0.472390905091934,-0.7433747532410525
budget_10_extreme,double-loop,3,0.1074434577722617,0.90625,0.226950354609929,0.6042447134703837,0.15625,0.0574912891986062,0.2510597760040314,0.2327625742078174,0.0945096580536539,0.297254829026827,0.5,0.9098189475033864,hard,smooth,connected,high,structured_dropout,-0.4968012556981219,0.75,0.1694590654113227,-0.1253191164355557,anchor-easy/blind-easy,0.37326024300430555,0.33715965119003033,0.7042440890530856,0.1074434577722617,0,0.013333333333333334,0,1,0.2564972,0.65996605,0.9536,1.0,3.0,1.9632453591236552,0.0817043512033122,1.848737586275187,0.9903565845479404,budget_10_extreme,2.6,0.723854848304581,7.2,33.0,0.07306065764431402,0.6730158730158731,0.9102673028973787,1,anchor-easy/blind-easy,2,ambiguity zone,1.447650168458599,-2.116656740334223
budget_10_extreme,mean-reversion,0,0.1445686270710941,0.984375,0.2264397905759162,0.5877584018592976,0.265625,0.044776119402985,0.3124273994535137,0.3124273994535137,0.0986230171790457,0.1326448419228562,0.1666666666666666,0.906084221833053,hard,jagged,connected,high,structured_dropout,-0.4431897747882035,0.71875,0.1816636711729312,-0.1678587723824196,globally hard,0.3375612697313412,0.23858473066532299,0.8336947871349776,0.1445686270710941,0,0.03666666666666667,0,0,0.5908322,0.24523883,-0.0464,1.0,39.0,1.9304818378078896,0.114849417410383,1.9184331762576816,0.8426395272372131,budget_10_extreme,2.6,0.723854848304581,7.2,33.0,0.1226908418230576,4.273015873015874,0.9015108923768288,0,globally hard,4,effective-collapse zone,1.4598011779181514,-0.7843855675427704
budget_10_extreme,mean-reversion,1,0.2216325668237224,0.75,0.1978527607361963,0.5898004635990581,0.234375,0.0301507537688442,0.4492439748796589,0.4297777561329871,0.1105004981757189,0.1385835824211927,0.1666666666666666,0.8953858841298683,hard,jagged,connected,high,clustered_occlusion,-0.3681678967753357,0.515625,0.1677020069673521,-0.2081451893092646,globally hard,0.4336030172768089,0.48412613373016977,0.8317077380168015,0.2216325668237224,1,0.9866666666666667,0,0,0.28425267,0.2712588,-0.0464,1.0,39.0,1.9304818378078896,0.114849417410383,1.9184331762576816,0.8426395272372131,budget_10_extreme,2.6,0.723854848304581,7.2,33.0,0.13503766954892787,4.273015873015874,0.7417598774578247,0,globally hard,1,optimization-limited zone,0.36568354262255875,-0.18274290081319697
budget_10_extreme,mean-reversion,2,0.1535280437571051,0.984375,0.2800546448087431,0.5639827029252951,0.265625,0.0304789550072568,0.3657235061387434,0.3522484130712027,0.2056896535223543,0.1861781600945105,0.1666666666666666,0.8140856857077318,hard,jagged,connected,high,none,-0.4104546591681899,0.71875,0.2495756898014862,-0.1987203693140976,globally hard,0.3640020943877877,0.3297962477385464,0.8143488391773871,0.1535280437571051,0,0.016666666666666666,0,0,0.5387451,0.25565046,-0.0464,1.0,39.0,1.9304818378078896,0.114849417410383,1.9184331762576816,0.8426395272372131,budget_10_extreme,2.6,0.723854848304581,7.2,33.0,0.19448531066431793,4.273015873015874,0.793698177161723,0,globally hard,2,ambiguity zone,0.09955413965053335,-1.1622270635276504
budget_10_extreme,mean-reversion,3,0.2224225916387625,0.828125,0.1731008717310087,0.5893928917091087,0.203125,0.044753086419753,0.3511463482460299,0.3464622423126716,0.1295618542992104,0.2314475938162719,0.3333333333333333,0.8784802489555298,hard,jagged,connected,high,moment_preserving_perturbation,-0.3669703000703462,0.625,0.1283477853112556,-0.1240396506739091,globally hard,0.4609817759916086,0.45509633474792177,0.8518872698007841,0.2224225916387625,1,0.9666666666666667,0,0,0.59381914,0.30069292,-0.0464,1.0,39.0,1.9304818378078896,0.114849417410383,1.9184331762576816,0.8426395272372131,budget_10_extreme,2.6,0.723854848304581,7.2,33.0,0.15353458437693113,4.273015873015874,0.7248579339443558,0,globally hard,1,optimization-limited zone,-0.24184604833270376,0.06798400585956542
budget_10_extreme,multi-hole,0,0.1212706316487501,0.9375,0.2666666666666666,0.5890622837409663,0.3125,0.0885357548240635,0.3615402083440212,0.35366183513321,0.1210989500041828,0.3938828083354247,0.6666666666666666,0.8859462908663497,hard,smooth,connected,high,structured_dropout,-0.4677916520922162,0.625,0.1781309118426031,-0.2323912034844598,anchor-easy/blind-easy,0.4024416007016837,0.48245422384282477,0.7272832101933379,0.1212706316487501,0,0.013333333333333334,0,1,0.16039124,0.9632948,0.9536,1.0,73.0,1.0002814165939322,0.0980752729044046,2.013166601186731,0.7876321647398156,budget_10_extreme,2.6,0.723854848304581,7.2,33.0,0.08880589666973407,7.673015873015874,0.9490547932503978,1,anchor-easy/blind-easy,4,effective-collapse zone,1.8421201738502606,-1.5713640813109326
budget_10_extreme,multi-hole,1,0.2732985460114507,0.640625,0.1376623376623376,0.6159088170676041,0.25,0.0533333333333333,0.3478791107615551,0.3336431257307084,0.1064446912430117,0.2198890122881725,0.3333333333333333,0.8990247707287427,hard,smooth,connected,high,clustered_occlusion,-0.3426102710561534,0.390625,0.0843290043290043,-0.0603445797192577,optimization-limited candidate,0.3293434800365353,0.26709043525695303,0.729949937120768,0.2732985460114507,1,0.9966666666666667,1,1,0.34043443,0.9361861,-0.0464,1.0,73.0,1.0002814165939322,0.0980752729044046,2.013166601186731,0.7876321647398156,budget_10_extreme,2.6,0.723854848304581,7.2,33.0,0.13819126621475297,7.673015873015874,0.8120972612948226,0,optimization-limited candidate,1,optimization-limited zone,0.061558911798998084,1.0106824742121996
budget_10_extreme,multi-hole,2,0.1426762206778109,0.875,0.2097334878331402,0.6003378296524946,0.234375,0.1065662002152852,0.3731036581337753,0.3466677128230803,0.1109771981016212,0.3888219323841439,0.6666666666666666,0.8949591554640923,hard,smooth,connected,high,none,-0.4576616089746836,0.640625,0.1031672876178549,-0.2039914921452693,globally hard,0.45770068926685,0.6753203882575801,0.714950746792498,0.1426762206778109,0,0.02666666666666667,1,1,0.26664233,0.9350284,-0.0464,1.0,73.0,1.0002814165939322,0.0980752729044046,2.013166601186731,0.7876321647398156,budget_10_extreme,2.6,0.723854848304581,7.2,33.0,0.13410156327381884,7.673015873015874,0.957626802774386,0,globally hard,4,effective-collapse zone,1.721116093701582,-0.585303942035937
budget_10_extreme,multi-hole,3,0.2388538337049444,0.6875,0.1766561514195583,0.6168603514778811,0.296875,0.0706150341685649,0.370347187537493,0.3682245518613499,0.1127834467855215,0.1397250567260941,0.1666666666666666,0.8933440957062707,hard,smooth,connected,high,moment_preserving_perturbation,-0.3780065177729367,0.390625,0.1060411172509933,-0.1293707181564055,globally hard,0.34964454884311175,0.24006771330383792,0.7372829506974634,0.2388538337049444,1,0.9933333333333333,1,1,0.2747368,0.9532128,-0.0464,1.0,73.0,1.0002814165939322,0.0980752729044046,2.013166601186731,0.7876321647398156,budget_10_extreme,2.6,0.723854848304581,7.2,33.0,0.13925955713255872,7.673015873015874,0.8059340598446504,0,globally hard,1,optimization-limited zone,0.26927545686045673,0.5305386487136969
budget_10_extreme,nested-rings,0,0.0896774652664508,1.0,0.2284434490481523,0.445468952058208,0.4375,0.0734265734265734,0.3979780211585413,0.3954348496822327,0.1052127702817593,0.135939718474213,0.1666666666666666,0.9001329806618573,hard,smooth,connected,high,none,-0.3557914867917572,0.5625,0.1550168756215789,-0.3057573844157819,anchor-easy/blind-easy,0.3154481944706043,0.3424529641130627,0.6076651394336657,0.0896774652664508,0,0.0033333333333333335,0,0,0.26784515,0.3034096,-0.0464,1.0,80.0,1.0113656184223867,0.0765667972526494,1.984999432522959,0.9893860467956732,budget_10_extreme,2.6,0.723854848304581,7.2,33.0,0.12757760215468328,8.373015873015873,0.9669802860027596,1,anchor-easy/blind-easy,4,effective-collapse zone,2.26185533866015,-0.3488930374987169
budget_10_extreme,nested-rings,1,0.2413951541171335,0.703125,0.1863684771033013,0.4451198124952148,0.484375,0.0711610486891385,0.3808971144868136,0.3434619625756487,0.1435217211100959,0.1550941938883813,0.1666666666666666,0.8663019829421319,hard,smooth,connected,high,moment_preserving_perturbation,-0.2037246583780813,0.21875,0.1152074284141627,-0.1020668084585152,anchor-easy/blind-hard,0.3076048049426619,0.33677363329344806,0.6023966919030516,0.2413951541171335,1,0.9933333333333333,0,0,0.32255197,0.74092996,-0.0464,1.0,80.0,1.0113656184223867,0.0765667972526494,1.984999432522959,0.9893860467956732,budget_10_extreme,2.6,0.723854848304581,7.2,33.0,0.16317379651556257,8.373015873015873,0.7734464003098821,0,anchor-easy/blind-hard,1,optimization-limited zone,-0.2911528801591213,1.510936792333436
budget_10_extreme,nested-rings,2,0.1178383210546054,1.0,0.287431693989071,0.4420480833227747,0.421875,0.0611790878754171,0.4072738544525601,0.3997005656273197,0.1005596880148625,0.2169465106740979,0.3333333333333333,0.9043311330717152,hard,smooth,connected,high,structured_dropout,-0.3242097622681693,0.578125,0.2262526061136539,-0.2818622445727143,anchor-easy/blind-easy,0.3544423453158673,0.47018176836164294,0.6046440268153622,0.1178383210546054,0,0.0033333333333333335,0,0,0.27655897,0.34361708,-0.0464,1.0,80.0,1.0113656184223867,0.0765667972526494,1.984999432522959,0.9893860467956732,budget_10_extreme,2.6,0.723854848304581,7.2,33.0,0.11805564654173809,8.373015873015873,0.9718972910761298,1,anchor-easy/blind-easy,4,effective-collapse zone,2.228822353900806,-0.07993683378267574
budget_10_extreme,nested-rings,3,0.209109516268684,0.71875,0.1848837209302325,0.5183193610881567,0.328125,0.0580246913580246,0.3705829645912222,0.3705829645912222,0.1184728614846645,0.3092364307423322,0.5,0.8882759218194266,hard,smooth,connected,high,clustered_occlusion,-0.3092098448194726,0.390625,0.1268590295722079,-0.1614734483225382,globally hard,0.4210432422998925,0.4841955543212165,0.6830208624812558,0.209109516268684,0,0.06666666666666667,0,0,0.2397549,0.5479542,-0.0464,1.0,80.0,1.0113656184223867,0.0765667972526494,1.984999432522959,0.9893860467956732,budget_10_extreme,2.6,0.723854848304581,7.2,33.0,0.14296915802412768,8.373015873015873,0.9432058014663556,0,globally hard,4,effective-collapse zone,1.3839115451400443,0.429484907909515
budget_10_extreme,pinwheel,0,0.1592252752907218,0.921875,0.1891223733003708,0.4623207361827681,0.40625,0.0508940852819807,0.3210985587401644,0.3122805181516116,0.1556275593231713,0.161147112994919,0.1666666666666666,0.8558778947605025,hard,jagged,connected,high,none,-0.3030954608920463,0.515625,0.1382282880183901,-0.1530552428608898,globally hard,0.41933538085448535,0.6689768363022536,0.6301068317135997,0.1592252752907218,0,0.01,1,1,0.65274435,0.40427676,-0.0464,1.0,66.0,1.0084614575281672,0.1489407766853352,2.043908586001609,0.938995126702752,budget_10_extreme,2.6,0.723854848304581,7.2,33.0,0.17259490595302887,6.973015873015874,0.9117623810395916,0,globally hard,4,effective-collapse zone,0.8561569225125969,0.15001748913155236
budget_10_extreme,pinwheel,1,0.2178420597365547,0.90625,0.1525215252152521,0.5101334504576378,0.34375,0.0776978417266187,0.3229459803917863,0.3181713951839194,0.1261107904336646,0.2297220618834989,0.3333333333333333,0.8815171777027155,hard,jagged,connected,high,moment_preserving_perturbation,-0.2922913907210831,0.5625,0.0748236834886334,-0.1003293354473646,globally hard,0.380486797618475,0.48679739666241606,0.6877460143709957,0.2178420597365547,1,0.99,1,0,0.592366,0.48253635,-1.0464,1.0,66.0,1.0084614575281672,0.1489407766853352,2.043908586001609,0.938995126702752,budget_10_extreme,2.6,0.723854848304581,7.2,33.0,1.153276180330621,6.973015873015874,0.7906159541869581,0,globally hard,3,decision-fragile zone,-0.6400041829576182,2.6535523188258643
budget_10_extreme,pinwheel,2,0.203386699835936,0.921875,0.1830635118306351,0.4726397867515198,0.4375,0.0611702127659574,0.3340772377814845,0.3088628073959577,0.127207928766688,0.2302706310500106,0.3333333333333333,0.8805505617684973,hard,jagged,connected,high,structured_dropout,-0.2692530869155838,0.484375,0.1218932990646776,-0.1054761075600216,globally hard,0.3924655610894619,0.5894271246692544,0.6261448337008704,0.203386699835936,0,0.006666666666666667,1,1,0.64577454,0.41481784,-0.0464,1.0,66.0,1.0084614575281672,0.1489407766853352,2.043908586001609,0.938995126702752,budget_10_extreme,2.6,0.723854848304581,7.2,33.0,0.1503207985939568,6.973015873015874,0.9418415630119872,0,globally hard,4,effective-collapse zone,1.0611694522055568,0.6171576362486774
budget_10_extreme,pinwheel,3,0.2388295957740417,0.921875,0.1666666666666666,0.5374582158868076,0.359375,0.034134007585335,0.332961221177631,0.3132073238859694,0.1643539060021781,0.332176953001089,0.5,0.848441700130332,hard,jagged,connected,high,clustered_occlusion,-0.2986286201127659,0.5625,0.1325326590813316,-0.0743777281119277,optimization-limited candidate,0.46104065661179555,0.5610948373946911,0.7129627372563038,0.2388295957740417,1,0.9866666666666667,1,1,0.6997583,0.4447239,-0.0464,1.0,66.0,1.0084614575281672,0.1489407766853352,2.043908586001609,0.938995126702752,budget_10_extreme,2.6,0.723854848304581,7.2,33.0,0.18336158833514843,6.973015873015874,0.751412005562982,0,optimization-limited candidate,1,optimization-limited zone,-0.7149644979472437,0.8686511540705524
budget_10_extreme,spiral,0,0.1202336897279046,0.984375,0.2709113607990012,0.5499011433521684,0.21875,0.0381471389645776,0.4395819170661273,0.4309692244631517,0.1245425034989393,0.395604585082803,0.6666666666666666,0.8829007341984563,hard,smooth,connected,high,structured_dropout,-0.4296674536242638,0.765625,0.2327642218344235,-0.3107355347352471,anchor-easy/blind-easy,0.3855365539048195,0.4821700782113407,0.6973156096761359,0.1202336897279046,0,0.006666666666666667,0,1,0.18251474,0.7416936,0.9536,1.0,48.0,1.1364522233114445,0.1033335109422039,1.9971717461824172,0.8783513135867637,budget_10_extreme,2.6,0.723854848304581,7.2,33.0,0.09080252439872728,5.173015873015874,0.9327838377963705,1,anchor-easy/blind-easy,4,effective-collapse zone,2.044066277857051,-2.0131027478204278
budget_10_extreme,spiral,1,0.223189772094445,0.6875,0.2712700369913687,0.5483192623016012,0.234375,0.0562248995983935,0.4418761455562857,0.4418761455562857,0.102513952498061,0.2179236429156971,0.3333333333333333,0.9025655566208942,hard,smooth,connected,high,clustered_occlusion,-0.3251294902071562,0.453125,0.2150451373929752,-0.2186863734618407,globally hard,0.40098328842898123,0.5315132959611613,0.6937979625095568,0.223189772094445,1,0.9966666666666667,1,1,0.26881155,0.896038,-0.0464,1.0,48.0,1.1364522233114445,0.1033335109422039,1.9971717461824172,0.8783513135867637,budget_10_extreme,2.6,0.723854848304581,7.2,33.0,0.12110498881178057,5.173015873015874,0.8025533971407769,0,globally hard,1,optimization-limited zone,0.7073491479975905,0.17216324849871528
budget_10_extreme,spiral,2,0.1181809049964637,0.953125,0.2317961165048543,0.5462261460457553,0.25,0.0341772151898734,0.4170430150791865,0.4074552480509784,0.1089928254030729,0.2211630793682031,0.3333333333333333,0.8967368512006128,hard,smooth,connected,high,none,-0.4280452410492915,0.703125,0.1976189013149809,-0.2892743430545146,anchor-easy/blind-easy,0.3939950287969809,0.5098029328676652,0.6967529013843663,0.1181809049964637,0,0.006666666666666667,0,1,0.26402378,0.80965674,0.9536,1.0,48.0,1.1364522233114445,0.1033335109422039,1.9971717461824172,0.8783513135867637,budget_10_extreme,2.6,0.723854848304581,7.2,33.0,0.08372871174774897,5.173015873015874,0.9491219020143851,1,anchor-easy/blind-easy,4,effective-collapse zone,2.1752051348112116,-1.8563020711861893
budget_10_extreme,spiral,3,0.2249959742894831,0.796875,0.1653084982537834,0.5565844465093053,0.21875,0.0350877192982456,0.3702643522616018,0.3574556748286121,0.1224736932189418,0.1445701799428042,0.1666666666666666,0.8847291790141574,hard,smooth,connected,high,moment_preserving_perturbation,-0.3315884722198222,0.578125,0.1302207789555378,-0.132459700539129,globally hard,0.47031050355041853,0.5650068869005945,0.773950070098986,0.2249959742894831,1,0.9866666666666667,0,1,0.25343525,0.7109515,0.9536,1.0,48.0,1.1364522233114445,0.1033335109422039,1.9971717461824172,0.8783513135867637,budget_10_extreme,2.6,0.723854848304581,7.2,33.0,0.10222775091732396,5.173015873015874,0.7830943476084037,0,globally hard,1,optimization-limited zone,0.19021708129942672,-0.3722133679783694
budget_10_extreme,volatility-clustering,0,0.2240594914457539,0.875,0.1577698695136417,0.5663605290233619,0.28125,0.035663338088445,0.3621876814966118,0.3621876814966118,0.1574398665947962,0.1620532666307314,0.1666666666666666,0.8543281857268431,hard,jagged,connected,high,moment_preserving_perturbation,-0.342301037577608,0.59375,0.1221065314251967,-0.1381281900508578,globally hard,0.4268364334702317,0.5008396966025039,0.8429749278482092,0.2240594914457539,1,0.9766666666666667,1,0,0.46458206,0.367249,-1.0464,1.0,37.0,1.071409286066147,0.1618705737123711,2.137595864061074,0.9432368914925192,budget_10_extreme,2.6,0.723854848304581,7.2,33.0,1.17900059938589,4.073015873015874,0.7506645401839088,0,globally hard,3,decision-fragile zone,-0.9830399946820659,1.7535109996982388
budget_10_extreme,volatility-clustering,1,0.1272773715170519,0.953125,0.2506561679790026,0.5351179514089449,0.3125,0.0415045395590142,0.3780899468534405,0.3563468758524223,0.1216455155745415,0.2274894244539374,0.3333333333333333,0.8854621954335746,hard,jagged,connected,high,structured_dropout,-0.407840579891893,0.640625,0.2091516284199883,-0.2290695043353704,globally hard,0.3174693020528756,0.2717926438828735,0.7134548512201629,0.1272773715170519,0,0.0,1,0,0.6386441,0.5618755,-1.0464,1.0,37.0,1.071409286066147,0.1618705737123711,2.137595864061074,0.9432368914925192,budget_10_extreme,2.6,0.723854848304581,7.2,33.0,1.137554316788797,4.073015873015874,0.9392677436212713,0,globally hard,3,decision-fragile zone,1.0361459747850765,0.7651855287330441
budget_10_extreme,volatility-clustering,2,0.2539247817072707,0.78125,0.2474964234620887,0.5324344051471234,0.28125,0.0543175487465181,0.3482640670760464,0.3391850340880233,0.1128477429088116,0.2230905381210725,0.3333333333333333,0.8932866589906515,hard,jagged,connected,high,clustered_occlusion,-0.2785096234398527,0.5,0.1931788747155706,-0.0852602523807526,globally hard,0.42944608677386986,0.6146222249786364,0.7163779829084188,0.2539247817072707,1,0.9766666666666667,1,0,0.5185348,0.4460947,-1.0464,1.0,37.0,1.071409286066147,0.1618705737123711,2.137595864061074,0.9432368914925192,budget_10_extreme,2.6,0.723854848304581,7.2,33.0,1.1313183301431113,4.073015873015874,0.7971690586604296,0,globally hard,3,decision-fragile zone,-0.5684642022612444,2.4487087002645085
budget_10_extreme,volatility-clustering,3,0.1646388777572996,0.953125,0.4003267973856209,0.5009772371096312,0.359375,0.0612813370473537,0.3426228373533327,0.3403950625563028,0.11513271405877,0.1408996903627183,0.1666666666666666,0.8912478549375016,hard,jagged,connected,high,none,-0.3363383593523316,0.59375,0.3390454603382671,-0.1757561847990032,globally hard,0.36662789887881403,0.2757793648139099,0.7194410433089117,0.1646388777572996,0,0.006666666666666667,1,1,0.5312903,0.41552743,-0.0464,1.0,37.0,1.071409286066147,0.1618705737123711,2.137595864061074,0.9432368914925192,budget_10_extreme,2.6,0.723854848304581,7.2,33.0,0.11544200336530816,4.073015873015874,0.945073139624621,0,globally hard,4,effective-collapse zone,1.4730541853508596,-0.3496599561391307
budget_15_vertical_strip,barbell-bridge,0,0.2353656163090669,0.671875,0.176595744680851,0.7027445227196013,0.21875,0.0684563758389261,0.4515409714809887,0.3750037338581496,0.2157669156367916,0.3578834578183958,0.5,0.8059231280620548,hard,jagged,connected,high,structured_dropout,-0.4673789064105343,0.453125,0.1081393688419249,-0.1396381175490827,irreducibly ambiguous candidate,0.34868620419805346,0.20866520526059962,0.830531631666688,0.2353656163090669,1,0.9866666666666667,1,0,0.64650786,0.38463578,-1.0464,1.0,40.0,4.195334447827693,0.1627607014971466,2.105285482509537,0.9827512428576958,budget_15_vertical_strip,1.6,0.3375,5.4,90.0,1.2240633964924221,4.3730158730158735,0.561102202585779,0,irreducibly ambiguous candidate,3,decision-fragile zone,-2.2117808509854058,0.8478110977291039
budget_15_vertical_strip,barbell-bridge,1,0.2737343303644081,0.546875,0.1392543859649122,0.7641765462504102,0.15625,0.0844686648501362,0.3202483325640882,0.3202483325640882,0.2038306606353296,0.4352486636509981,0.6666666666666666,0.8156004727598284,hard,jagged,connected,high,clustered_occlusion,-0.4904422158860021,0.390625,0.0547857211147759,-0.0465140021996801,optimization-limited candidate,0.37122492668449086,0.3013633734707057,0.8348151949851136,0.2737343303644081,1,0.9933333333333333,1,1,0.5853691,0.5007071,-0.0464,1.0,40.0,4.195334447827693,0.1627607014971466,2.105285482509537,0.9827512428576958,budget_15_vertical_strip,1.6,0.3375,5.4,90.0,0.22184634714773435,4.3730158730158735,0.5721536959958324,0,optimization-limited candidate,1,optimization-limited zone,-1.8755254436588862,-0.5636451599456536
budget_15_vertical_strip,barbell-bridge,2,0.1583276467038532,0.796875,0.3200498132004981,0.7175864782316579,0.1875,0.0821727019498607,0.3573700142810332,0.3515155831976188,0.1674664958980226,0.3337332479490112,0.5,0.8458049547495878,hard,jagged,connected,high,none,-0.5592588315278046,0.609375,0.2378771112506373,-0.1931879364937656,irreducibly ambiguous candidate,0.3506869396484456,0.25140163914716285,0.8264235623601334,0.1583276467038532,0,0.03666666666666667,1,0,0.74561226,0.9493909,-1.0464,1.0,40.0,4.195334447827693,0.1627607014971466,2.105285482509537,0.9827512428576958,budget_15_vertical_strip,1.6,0.3375,5.4,90.0,1.1602688751685184,4.3730158730158735,0.7575608448538799,0,irreducibly ambiguous candidate,3,decision-fragile zone,-0.2118546956065311,-0.09216214570850091
budget_15_vertical_strip,barbell-bridge,3,0.2311598715995771,0.65625,0.1401273885350318,0.7517544822628028,0.1875,0.0600522193211488,0.4020016506741393,0.3728936526059373,0.1805678268064055,0.2569505800698694,0.3333333333333333,0.8347960572261091,hard,jagged,connected,high,moment_preserving_perturbation,-0.5205946106632258,0.46875,0.080075169213883,-0.1417337810063602,globally hard,0.3998165853107521,0.19354371854248997,0.916277753646083,0.2311598715995771,1,0.98,1,1,0.4237642,0.8766146,-0.0464,1.0,40.0,4.195334447827693,0.1627607014971466,2.105285482509537,0.9827512428576958,budget_15_vertical_strip,1.6,0.3375,5.4,90.0,0.20166532878257798,4.3730158730158735,0.5979339139331911,0,globally hard,1,optimization-limited zone,-1.1328391956347053,-1.0083216318322572
budget_15_vertical_strip,crescent,0,0.1180820177298032,0.9375,0.183585313174946,0.5270713196134225,0.203125,0.1259842519685039,0.3131632886921111,0.2971850223061166,0.089062237811923,0.2945311189059615,0.5,0.9147886373595164,hard,smooth,connected,high,none,-0.4089893018836192,0.734375,0.057601061206442,-0.1791030045763134,anchor-easy/blind-easy,0.3136741127847132,0.3687726347019669,0.4953603011876169,0.1180820177298032,0,0.016666666666666666,0,1,0.2527869,0.99995613,0.9536,1.0,12.0,1.926420323251142,0.1042283193607317,2.07937302735138,0.8077277247469214,budget_15_vertical_strip,1.6,0.3375,5.4,90.0,0.07271171899115961,1.5730158730158732,0.9098883874582506,1,anchor-easy/blind-easy,2,ambiguity zone,1.7356648333477824,-1.730214005923708
budget_15_vertical_strip,crescent,1,0.2510590969516802,0.5625,0.1574167507568113,0.5131193733713776,0.234375,0.1017587939698492,0.3063203437240007,0.3063203437240007,0.1782451901075107,0.255789261720422,0.3333333333333333,0.836737238641648,hard,smooth,connected,high,moment_preserving_perturbation,-0.2620602764196973,0.328125,0.0556579567869621,-0.0552612467723204,optimization-limited candidate,0.3087268597420966,0.43475779212489885,0.499588843981378,0.2510590969516802,1,0.9833333333333333,0,1,0.52081984,0.9999807,0.9536,1.0,12.0,1.926420323251142,0.1042283193607317,2.07937302735138,0.8077277247469214,budget_15_vertical_strip,1.6,0.3375,5.4,90.0,0.15018641144275624,1.5730158730158732,0.667023936091138,0,optimization-limited candidate,1,optimization-limited zone,-1.1793294437973523,-0.40844416181563453
budget_15_vertical_strip,crescent,2,0.1017551329638843,0.96875,0.1814058956916099,0.5292520270694747,0.171875,0.1138107416879795,0.2994566200646086,0.2994566200646086,0.0936788936727735,0.1301727801697201,0.1666666666666666,0.9105751067296084,hard,smooth,connected,high,structured_dropout,-0.4274968941055904,0.796875,0.0675951540036303,-0.1977014871007243,anchor-easy/blind-easy,0.35368989523218247,0.5590613215463949,0.49340361314354825,0.1017551329638843,0,0.0,1,1,0.2389215,0.9996673,-0.0464,1.0,12.0,1.926420323251142,0.1042283193607317,2.07937302735138,0.8077277247469214,budget_15_vertical_strip,1.6,0.3375,5.4,90.0,0.12308499005866494,1.5730158730158732,0.9075691190144978,1,anchor-easy/blind-easy,2,ambiguity zone,1.638999867404128,-1.151314622631004
budget_15_vertical_strip,crescent,3,0.2617679723502114,0.5,0.131855309218203,0.5040328552846646,0.203125,0.0737704918032786,0.3636323812465719,0.3608706358537475,0.0814630120506226,0.2907315060253113,0.5,0.9217668034872216,hard,smooth,connected,high,clustered_occlusion,-0.2422648829344532,0.296875,0.0580848174149243,-0.0991026635035361,globally hard,0.32635615989222644,0.3444913342288708,0.490399228954214,0.2617679723502114,1,1.0,0,1,0.4215915,0.99998724,0.9536,1.0,12.0,1.926420323251142,0.1042283193607317,2.07937302735138,0.8077277247469214,budget_15_vertical_strip,1.6,0.3375,5.4,90.0,0.07072168140684157,1.5730158730158732,0.7656039608829309,0,globally hard,1,optimization-limited zone,0.37216621748458284,-0.09580860162255501
budget_15_vertical_strip,cross-branch,0,0.1138999450237165,1.0,0.4581589958158996,0.4533713462010561,0.484375,0.2904564315352697,0.2209017130512324,0.2086376180805188,0.1201270853069614,0.143396875986814,0.1666666666666666,0.8868077293230855,hard,jagged,connected,high,none,-0.3394714011773396,0.515625,0.1677025642806299,-0.0947376730568023,anchor-easy/blind-easy,0.24726725471206726,0.2642251422925407,0.3966387566971121,0.1138999450237165,0,0.0,1,1,0.6043094,0.58974886,-0.0464,1.0,1.0,1.0024045069907674,0.1715963011416351,1.2292899263454526,0.985285262036289,budget_15_vertical_strip,1.6,0.3375,5.4,90.0,0.11148978053243305,0.4730158730158731,0.9888462714650917,1,anchor-easy/blind-easy,2,ambiguity zone,1.1763914591060178,-0.5086821061607175
budget_15_vertical_strip,cross-branch,1,0.2416462455770345,0.8125,0.1047865459249676,0.4441682442528991,0.484375,0.1254237288135593,0.3601376147948679,0.3367552287791672,0.1304687613627796,0.3152343806813898,0.5,0.8776839101697619,hard,jagged,connected,high,moment_preserving_perturbation,-0.2025219986758645,0.328125,-0.0206371828885916,-0.0951089832021326,anchor-easy/blind-hard,0.2787702327893388,0.392429754739711,0.43991315131432795,0.2416462455770345,1,1.0,1,0,0.5899639,0.315213,-1.0464,1.0,1.0,1.0024045069907674,0.1715963011416351,1.2292899263454526,0.985285262036289,budget_15_vertical_strip,1.6,0.3375,5.4,90.0,1.1838345733970566,0.4730158730158731,0.823061813739161,0,anchor-easy/blind-hard,3,decision-fragile zone,-0.726220734050438,2.360819020092172
budget_15_vertical_strip,cross-branch,2,0.1311629059000693,0.96875,0.2081911262798634,0.4598342881423207,0.453125,0.2378277153558052,0.2347235079953485,0.1986691865109511,0.1070705699456249,0.2202019516394791,0.3333333333333333,0.8984622663197489,hard,jagged,connected,high,structured_dropout,-0.3286713822422514,0.515625,-0.0296365890759418,-0.0675062806108818,globally hard,0.21493656929600943,0.21278659684050308,0.41718574750685905,0.1311629059000693,0,0.016666666666666666,1,1,0.79947215,0.36949193,-0.0464,1.0,1.0,1.0024045069907674,0.1715963011416351,1.2292899263454526,0.985285262036289,budget_15_vertical_strip,1.6,0.3375,5.4,90.0,0.16081601647316016,0.4730158730158731,1.0,0,globally hard,2,ambiguity zone,1.2023848105483246,-0.23112747556195426
budget_15_vertical_strip,cross-branch,3,0.2563658918799656,0.671875,0.1214165261382799,0.4949403896399879,0.34375,0.1132075471698113,0.3573220687379942,0.3467009646367962,0.1020755961834945,0.3010377980917473,0.5,0.9029612886614318,hard,jagged,connected,high,clustered_occlusion,-0.2385744977600222,0.328125,0.0082089789684686,-0.0903350727568306,globally hard,0.26672969964428983,0.29198635445935484,0.39012313757252465,0.2563658918799656,1,0.9933333333333333,1,1,0.9293184,0.42451406,-0.0464,1.0,1.0,1.0024045069907674,0.1715963011416351,1.2292899263454526,0.985285262036289,budget_15_vertical_strip,1.6,0.3375,5.4,90.0,0.13608193189140072,0.4730158730158731,0.8539339374548081,0,globally hard,1,optimization-limited zone,0.2588331463815613,0.5707837731186357
budget_15_vertical_strip,double-loop,0,0.242049994168615,0.671875,0.1637426900584795,0.6953289799889434,0.171875,0.1575342465753424,0.4957798611263471,0.2898412540513138,0.1658440820291555,0.3329220410145778,0.5,0.8471783142160032,hard,smooth,connected,high,clustered_occlusion,-0.4532789858203284,0.5,0.006208443483137,-0.0477912598826987,optimization-limited candidate,0.27313461811114054,0.11812445274333952,0.6999472532052403,0.242049994168615,1,0.9866666666666667,0,1,0.18488626,0.4492935,0.9536,1.0,3.0,1.9632453591236552,0.0817043512033122,1.848737586275187,0.9903565845479404,budget_15_vertical_strip,1.6,0.3375,5.4,90.0,0.13868832590742242,0.6730158730158731,0.6848952644985526,0,optimization-limited candidate,1,optimization-limited zone,-1.0188657907744578,-1.4380169167811911
budget_15_vertical_strip,double-loop,1,0.0890626472005745,0.984375,0.2625189681335356,0.6552146489421091,0.171875,0.2007168458781362,0.234269081607959,0.2328830371824411,0.1232835637994394,0.3116417818997197,0.5,0.8840129529447245,hard,smooth,connected,high,none,-0.5661520017415347,0.8125,0.0618021222553993,-0.1438203899818666,anchor-easy/blind-easy,0.3636137099628189,0.42517105283797163,0.6599525897180577,0.0890626472005745,0,0.0,0,1,0.42976275,0.39827067,0.9536,1.0,3.0,1.9632453591236552,0.0817043512033122,1.848737586275187,0.9903565845479404,budget_15_vertical_strip,1.6,0.3375,5.4,90.0,0.09091928984298567,0.6730158730158731,0.8820023367173583,1,anchor-easy/blind-easy,2,ambiguity zone,1.1324615706812968,-2.6720397527835966
budget_15_vertical_strip,double-loop,2,0.2423425981046519,0.71875,0.0626349892008639,0.632625334664249,0.25,0.0656,0.3066153626173462,0.2816723320689048,0.137326024988497,0.2353296791609151,0.3333333333333333,0.8716859883859867,hard,smooth,connected,high,moment_preserving_perturbation,-0.3902827365595971,0.46875,-0.0029650107991361,-0.0393297339642529,optimization-limited candidate,0.3433943471722918,0.42247869461264476,0.6480313173602997,0.2423425981046519,1,0.9933333333333333,1,1,0.16528256,0.41393197,-0.0464,1.0,3.0,1.9632453591236552,0.0817043512033122,1.848737586275187,0.9903565845479404,budget_15_vertical_strip,1.6,0.3375,5.4,90.0,0.17808962169548104,0.6730158730158731,0.7134059946005153,0,optimization-limited candidate,1,optimization-limited zone,-0.7987299595090727,-0.1788209531638402
budget_15_vertical_strip,double-loop,3,0.1157308116878244,0.984375,0.2534965034965035,0.6660316641056275,0.140625,0.1433566433566433,0.2507554918525562,0.237257846471606,0.1291744587693772,0.3145872293846886,0.5,0.878820634204627,hard,smooth,connected,high,structured_dropout,-0.5503008524178031,0.84375,0.1101398601398601,-0.1215270347837816,anchor-easy/blind-easy,0.4292064565387839,0.5126336903479867,0.6756510848369163,0.1157308116878244,0,0.013333333333333334,0,1,0.19250605,0.27757674,0.9536,1.0,3.0,1.9632453591236552,0.0817043512033122,1.848737586275187,0.9903565845479404,budget_15_vertical_strip,1.6,0.3375,5.4,90.0,0.09642918513028681,0.6730158730158731,0.8737706061402142,1,anchor-easy/blind-easy,2,ambiguity zone,0.9370979771356722,-2.5199276085030022
budget_15_vertical_strip,mean-reversion,0,0.2016387610103809,0.890625,0.1889862327909887,0.5806904629325965,0.34375,0.0794797687861271,0.3333921839619025,0.3158253279879406,0.1569103684313525,0.1617885175490095,0.1666666666666666,0.8547806707165774,hard,jagged,connected,high,structured_dropout,-0.3790517019222156,0.546875,0.1095064640048616,-0.1141865669775597,globally hard,0.29601975691459925,0.26140056540473144,0.6607288999906568,0.2016387610103809,0,0.05,0,0,0.5933901,0.89438725,-0.0464,1.0,39.0,1.9304818378078896,0.114849417410383,1.9184331762576816,0.8426395272372131,budget_15_vertical_strip,1.6,0.3375,5.4,90.0,0.17365646901566512,4.273015873015874,0.8384736792944014,0,globally hard,2,ambiguity zone,0.37528970395906514,-0.45899541997997095
budget_15_vertical_strip,mean-reversion,1,0.2215732519363215,0.828125,0.1438263229308005,0.60211872368702,0.328125,0.0506134969325153,0.302354707082139,0.2882077750245531,0.1051257583819511,0.2192295458576422,0.3333333333333333,0.9002113063501688,hard,jagged,connected,high,clustered_occlusion,-0.3805454717506985,0.5,0.0932128259982852,-0.0666345230882315,globally hard,0.40097621931726807,0.5566856150504149,0.6718593760287597,0.2215732519363215,1,0.9933333333333333,0,0,0.42719793,0.93174505,-0.0464,1.0,39.0,1.9304818378078896,0.114849417410383,1.9184331762576816,0.8426395272372131,budget_15_vertical_strip,1.6,0.3375,5.4,90.0,0.13640590710856326,4.273015873015874,0.746394890166976,0,globally hard,1,optimization-limited zone,-0.16190395411624978,0.3272875536308166
budget_15_vertical_strip,mean-reversion,2,0.1899230529802838,0.953125,0.2274881516587677,0.6052872581395218,0.296875,0.0892307692307692,0.2911251282515723,0.2911251282515723,0.1489070607122419,0.2411201970227876,0.3333333333333333,0.8616491922399593,hard,jagged,connected,high,none,-0.415364205159238,0.65625,0.1382573824279985,-0.1012020752712884,globally hard,0.38923597647309904,0.5403018863943782,0.6634267239145456,0.1899230529802838,0,0.0033333333333333335,0,0,0.4542951,0.9039418,-0.0464,1.0,39.0,1.9304818378078896,0.114849417410383,1.9184331762576816,0.8426395272372131,budget_15_vertical_strip,1.6,0.3375,5.4,90.0,0.1614324687018741,4.273015873015874,0.8539916293259563,0,globally hard,2,ambiguity zone,0.49289010017124624,-0.5933736741710143
budget_15_vertical_strip,mean-reversion,3,0.2374389157042651,0.765625,0.1107419712070874,0.6572970565170699,0.28125,0.0609579100145137,0.3235563719314328,0.3235563719314328,0.1735721187993067,0.1701193927329867,0.1666666666666666,0.8406565218366662,hard,jagged,connected,high,moment_preserving_perturbation,-0.4198581408128048,0.484375,0.0497840611925737,-0.0861174562271676,globally hard,0.3915793010148998,0.39687695630719866,0.7097105708817516,0.2374389157042651,1,1.0,0,0,0.47647822,0.87643725,-0.0464,1.0,39.0,1.9304818378078896,0.114849417410383,1.9184331762576816,0.8426395272372131,budget_15_vertical_strip,1.6,0.3375,5.4,90.0,0.20075040021688073,4.273015873015874,0.674098343580249,0,globally hard,1,optimization-limited zone,-1.0644176627009092,-0.20243131748643897
budget_15_vertical_strip,multi-hole,0,0.126797502855564,0.953125,0.1783317353787152,0.4933082617730501,0.328125,0.1821266968325791,0.2440182176124576,0.2329692532294138,0.0980022246540412,0.1323344456603539,0.1666666666666666,0.9066468867760168,hard,smooth,connected,high,structured_dropout,-0.3665107589174861,0.625,-0.0037949614538639,-0.1061717503738498,globally hard,0.24676740130833452,0.24865507466536002,0.42931240861079095,0.126797502855564,0,0.0033333333333333335,1,1,0.55630654,0.8759276,-0.0464,1.0,73.0,1.0002814165939322,0.0980752729044046,2.013166601186731,0.7876321647398156,budget_15_vertical_strip,1.6,0.3375,5.4,90.0,0.13072027931437524,7.673015873015874,0.9749443163711848,0,globally hard,4,effective-collapse zone,1.5129909329764526,0.31336646503058596
budget_15_vertical_strip,multi-hole,1,0.2491979465435953,0.640625,0.1303879310344827,0.5147920821795133,0.328125,0.0874035989717223,0.3194942226371099,0.2983267890407003,0.1191425785913693,0.3095712892956846,0.5,0.887681227399851,hard,smooth,connected,high,clustered_occlusion,-0.265594135635918,0.3125,0.0429843320627604,-0.049128842497105,optimization-limited candidate,0.2581195673894357,0.2830050851215186,0.4787762417180692,0.2491979465435953,1,0.9966666666666667,1,1,0.6403701,0.80497855,-0.0464,1.0,73.0,1.0002814165939322,0.0980752729044046,2.013166601186731,0.7876321647398156,budget_15_vertical_strip,1.6,0.3375,5.4,90.0,0.1500078242707274,7.673015873015874,0.7987338092294322,0,optimization-limited candidate,1,optimization-limited zone,-0.17633934456018419,1.4067675311604193
budget_15_vertical_strip,multi-hole,2,0.1301937164942007,0.9375,0.1573802541544477,0.4868657117305821,0.359375,0.1423948220064725,0.2730583806754065,0.2461206313849738,0.09793532052831,0.2156343269308216,0.3333333333333333,0.9067075472225178,hard,smooth,connected,high,none,-0.3566719952363814,0.578125,0.0149854321479752,-0.1159269148907731,globally hard,0.23442315779003234,0.25686208831224067,0.42550528692820827,0.1301937164942007,0,0.006666666666666667,1,1,0.3105779,0.8152627,-0.0464,1.0,73.0,1.0002814165939322,0.0980752729044046,2.013166601186731,0.7876321647398156,budget_15_vertical_strip,1.6,0.3375,5.4,90.0,0.12892223489286728,7.673015873015874,0.9744986382940034,0,globally hard,4,effective-collapse zone,1.5512569024881677,0.32699171591461856
budget_15_vertical_strip,multi-hole,3,0.2496547961112129,0.640625,0.1032315978456014,0.4654274946054365,0.4375,0.0783460282916213,0.3482118633481,0.323881131945694,0.1345450200702926,0.3172725100351463,0.5,0.8741135253383748,hard,smooth,connected,high,moment_preserving_perturbation,-0.2157726984942235,0.203125,0.0248855695539801,-0.0742263358344811,anchor-easy/blind-hard,0.29299952317383077,0.36018199810384566,0.430264439667456,0.2496547961112129,1,0.9966666666666667,1,1,0.4179803,0.8394188,-0.0464,1.0,73.0,1.0002814165939322,0.0980752729044046,2.013166601186731,0.7876321647398156,budget_15_vertical_strip,1.6,0.3375,5.4,90.0,0.16705572266626778,7.673015873015874,0.7826169828382851,0,anchor-easy/blind-hard,1,optimization-limited zone,-0.2979048202621955,1.5144784693407927
budget_15_vertical_strip,nested-rings,0,0.1024530179520979,1.0,0.2132424537487828,0.4526463546220657,0.328125,0.1627408993576017,0.2387657157523284,0.2358866553140912,0.0989650832097423,0.1328158749382045,0.1666666666666666,0.9057743342038512,hard,smooth,connected,high,none,-0.3501933366699678,0.671875,0.0505015543911811,-0.1334336373619933,anchor-easy/blind-easy,0.190189101521369,0.14800452313815077,0.3568891104529828,0.1024530179520979,0,0.03,0,1,0.27237147,0.18817112,0.9536,1.0,80.0,1.0113656184223867,0.0765667972526494,1.984999432522959,0.9893860467956732,budget_15_vertical_strip,1.6,0.3375,5.4,90.0,0.07786152603064439,8.373015873015873,0.9694523524497694,1,anchor-easy/blind-easy,4,effective-collapse zone,1.7229175910986365,-0.39041239002764844
budget_15_vertical_strip,nested-rings,1,0.2572815145772043,0.546875,0.1484674329501915,0.4184754197868679,0.46875,0.1019955654101995,0.2956456097729946,0.277061610869563,0.1320011145878187,0.232667223960576,0.3333333333333333,0.8763400183209195,hard,smooth,connected,high,moment_preserving_perturbation,-0.1611939052096636,0.078125,0.0464718675399919,-0.0197800962923587,anchor-easy/blind-hard,0.19591121713901682,0.21698762478876338,0.344844094012291,0.2572815145772043,1,0.9166666666666666,0,0,0.15654846,0.6370959,-0.0464,1.0,80.0,1.0113656184223867,0.0765667972526494,1.984999432522959,0.9893860467956732,budget_15_vertical_strip,1.6,0.3375,5.4,90.0,0.15880324795840117,8.373015873015873,0.7973279513408525,0,anchor-easy/blind-hard,1,optimization-limited zone,-0.3918175506011862,2.0649987752477807
budget_15_vertical_strip,nested-rings,2,0.1023556356904321,1.0,0.1814882032667876,0.4477008033215172,0.328125,0.1539256198347107,0.2515031439368785,0.2282478066779432,0.1087857460400057,0.2210595396866695,0.3333333333333333,0.8969225661247988,hard,smooth,connected,high,structured_dropout,-0.3453451676310851,0.671875,0.0275625834320769,-0.1258921709875111,anchor-easy/blind-easy,0.1790750220428142,0.15335608333840403,0.3699746145575085,0.1023556356904321,0,0.03,0,0,0.6114458,0.30817872,-0.0464,1.0,80.0,1.0113656184223867,0.0765667972526494,1.984999432522959,0.9893860467956732,budget_15_vertical_strip,1.6,0.3375,5.4,90.0,0.13544241645016802,8.373015873015873,0.9590788904037048,1,anchor-easy/blind-easy,4,effective-collapse zone,1.4186384987033114,0.4006114317173124
budget_15_vertical_strip,nested-rings,3,0.2610031789934009,0.625,0.121813031161473,0.4841582823136369,0.296875,0.1389830508474576,0.2474602374103411,0.2474602374103411,0.0981313630084181,0.3823990148375424,0.6666666666666666,0.9065298114486778,hard,smooth,connected,high,clustered_occlusion,-0.2231551033202359,0.328125,-0.0171700196859845,0.0135429415830598,optimization-limited candidate,0.19967228242309032,0.13513357253763766,0.3761222364045304,0.2544753943026792,1,0.9766666666666667,0,0,0.41285664,0.4165766,-0.0464,1.0,80.0,1.0113656184223867,0.0765667972526494,1.984999432522959,0.9893860467956732,budget_15_vertical_strip,1.6,0.3375,5.4,90.0,0.14974770391434034,8.373015873015873,0.8236429606902139,0,optimization-limited candidate,1,optimization-limited zone,-0.11515983825743148,2.046287109456503
budget_15_vertical_strip,pinwheel,0,0.1794000334329067,1.0,0.1599123767798466,0.3563828603844742,0.546875,0.1115196078431372,0.3184262483539391,0.2995248474771514,0.1488827418753185,0.2411080376043259,0.3333333333333333,0.8616701468009447,hard,jagged,connected,high,none,-0.1769828269515675,0.453125,0.0483927689367093,-0.1201248140442447,globally hard,0.23591459178807864,0.2814588413908618,0.3457204420870297,0.1794000334329067,0,0.006666666666666667,1,0,0.6386143,0.4183377,-1.0464,1.0,66.0,1.0084614575281672,0.1489407766853352,2.043908586001609,0.938995126702752,budget_15_vertical_strip,1.6,0.3375,5.4,90.0,1.171474548760536,6.973015873015874,0.9192643419529065,0,globally hard,3,decision-fragile zone,0.2308670230706813,2.6653779516618292
budget_15_vertical_strip,pinwheel,1,0.2345635767622564,0.9375,0.1224920802534318,0.415638508589068,0.5,0.0890052356020942,0.3030084498405704,0.2942700147942645,0.1440173899136164,0.2386753616234748,0.3333333333333333,0.8658726904769901,hard,jagged,connected,high,moment_preserving_perturbation,-0.1810749318268115,0.4375,0.0334868446513376,-0.0597064380320081,globally hard,0.23987000154155705,0.30918619445687356,0.41051580046571123,0.2345635767622564,1,0.9966666666666667,1,0,0.5485183,0.23381297,-1.0464,1.0,66.0,1.0084614575281672,0.1489407766853352,2.043908586001609,0.938995126702752,budget_15_vertical_strip,1.6,0.3375,5.4,90.0,1.172776400230428,6.973015873015874,0.7709082858746032,0,globally hard,3,decision-fragile zone,-1.0862560739928042,3.3278585453237524
budget_15_vertical_strip,pinwheel,2,0.2082508674474454,0.953125,0.1519396551724137,0.3562557025370064,0.515625,0.0882708585247883,0.2644463127468408,0.259352746434716,0.1399522169872112,0.2366427751602722,0.3333333333333333,0.8693997769469681,hard,jagged,connected,high,structured_dropout,-0.148004835089561,0.4375,0.0636687966476254,-0.0511018789872706,globally hard,0.1892177476714715,0.21675706271754341,0.34842583776841446,0.2082508674474454,0,0.15666666666666668,1,0,0.63845295,0.19753198,-1.0464,1.0,66.0,1.0084614575281672,0.1489407766853352,2.043908586001609,0.938995126702752,budget_15_vertical_strip,1.6,0.3375,5.4,90.0,1.1650879253975595,6.973015873015874,0.9052992434681583,0,globally hard,3,decision-fragile zone,-0.10687871218241816,3.181622143648646
budget_15_vertical_strip,pinwheel,3,0.2464528357695666,0.890625,0.1051502145922746,0.4018634836811636,0.46875,0.1207792207792207,0.3082974453089593,0.3058274479819911,0.1485280534862909,0.3242640267431455,0.5,0.8619758254043077,hard,jagged,connected,high,clustered_occlusion,-0.1554106479115969,0.421875,-0.0156290061869461,-0.0593746122124244,anchor-easy/blind-hard,0.2377171496273418,0.2833819394866029,0.35945097931162096,0.2464528357695666,1,0.9933333333333333,1,0,0.7095818,0.28288049,-1.0464,1.0,66.0,1.0084614575281672,0.1489407766853352,2.043908586001609,0.938995126702752,budget_15_vertical_strip,1.6,0.3375,5.4,90.0,1.1949393029761808,6.973015873015874,0.7667419715075294,0,anchor-easy/blind-hard,3,decision-fragile zone,-1.1587310867203184,3.4621665762127876
budget_15_vertical_strip,spiral,0,0.1174118311181385,1.0,0.1762977473065622,0.4441297749979553,0.453125,0.1036088474970896,0.3084419761426082,0.3084419761426082,0.1157874141672741,0.2245603737503037,0.3333333333333333,0.890664545837271,hard,smooth,connected,high,structured_dropout,-0.3267179438798168,0.546875,0.0726888998094726,-0.1910301450244697,anchor-easy/blind-easy,0.2919411789890242,0.3209133750817732,0.4759311476480206,0.1174118311181385,0,0.01,1,1,0.50805086,0.31578147,-0.0464,1.0,48.0,1.1364522233114445,0.1033335109422039,1.9971717461824172,0.8783513135867637,budget_15_vertical_strip,1.6,0.3375,5.4,90.0,0.14177435388313175,5.173015873015874,0.941453478979006,1,anchor-easy/blind-easy,4,effective-collapse zone,1.519931687139891,-0.19763698278235406
budget_15_vertical_strip,spiral,1,0.2141363527262093,0.859375,0.1380563124432334,0.5034830205321338,0.34375,0.0868055555555555,0.2854324549076851,0.2792055296844803,0.1255040660213419,0.2294186996773376,0.3333333333333333,0.8820521779767613,hard,smooth,connected,high,clustered_occlusion,-0.2893466678059245,0.515625,0.0512507568876779,-0.065069176958271,globally hard,0.2822146034387514,0.3247866584194047,0.504072735331612,0.2141363527262093,1,0.9866666666666667,0,1,0.31070888,0.56197625,0.9536,1.0,48.0,1.1364522233114445,0.1033335109422039,1.9971717461824172,0.8783513135867637,budget_15_vertical_strip,1.6,0.3375,5.4,90.0,0.10817743746980332,5.173015873015874,0.7799197389522701,0,globally hard,1,optimization-limited zone,-0.14241248170473342,0.09885905552677586
budget_15_vertical_strip,spiral,2,0.1242454820561363,0.96875,0.1986817325800376,0.4422616920198722,0.453125,0.1163594470046082,0.3082635774458619,0.2830356942141598,0.1175684461663,0.2254508897498167,0.3333333333333333,0.8890796555698267,hard,smooth,connected,high,none,-0.3180162099637359,0.515625,0.0823222855754294,-0.1587902121580235,anchor-easy/blind-easy,0.2765794899394119,0.3604051579904466,0.4630021287288928,0.1242454820561363,0,0.01,1,1,0.29278594,0.3831533,-0.0464,1.0,48.0,1.1364522233114445,0.1033335109422039,1.9971717461824172,0.8783513135867637,budget_15_vertical_strip,1.6,0.3375,5.4,90.0,0.14060974358523665,5.173015873015874,0.9395820854248232,1,anchor-easy/blind-easy,4,effective-collapse zone,1.358901956260351,-0.03764551103083607
budget_15_vertical_strip,spiral,3,0.249496828748251,0.703125,0.1396011396011396,0.4588153280473837,0.421875,0.0824622531939605,0.5576755357217232,0.350036480890292,0.1748495215164196,0.2540914274248764,0.3333333333333333,0.8395833504934379,hard,smooth,connected,high,moment_preserving_perturbation,-0.2093184992991326,0.28125,0.057138886407179,-0.100539652142041,anchor-easy/blind-hard,0.3030039268317744,0.2984789949107777,0.5285628334550336,0.249496828748251,1,1.0,0,1,0.21128547,0.22062509,0.9536,1.0,48.0,1.1364522233114445,0.1033335109422039,1.9971717461824172,0.8783513135867637,budget_15_vertical_strip,1.6,0.3375,5.4,90.0,0.15044032905401344,5.173015873015874,0.7267030522886652,0,anchor-easy/blind-hard,1,optimization-limited zone,-0.7157995264477118,0.1993331260896075
budget_15_vertical_strip,volatility-clustering,0,0.2406088489178229,0.90625,0.1398747390396659,0.5747378307947334,0.40625,0.0928217821782178,0.3646142081144408,0.3592742511034107,0.1331701521563429,0.2332517427448381,0.3333333333333333,0.8753161425079531,hard,jagged,connected,high,moment_preserving_perturbation,-0.3341289818769105,0.5,0.0470529568614481,-0.1186654021855878,globally hard,0.38255600187957456,0.5452170166433583,0.6286363599549564,0.2406088489178229,1,0.9433333333333334,0,0,0.57596487,0.23171079,-0.0464,1.0,37.0,1.071409286066147,0.1618705737123711,2.137595864061074,0.9432368914925192,budget_15_vertical_strip,1.6,0.3375,5.4,90.0,0.16094301187560184,4.073015873015874,0.7810359102849742,0,globally hard,1,optimization-limited zone,-0.11001402588612123,0.24668959340363095
budget_15_vertical_strip,volatility-clustering,1,0.160048827086926,0.921875,0.3216245883644347,0.5400576603827107,0.421875,0.1223529411764706,0.3599128559028789,0.3309258207048907,0.2080761674752168,0.270704750404275,0.3333333333333333,0.8121451753085427,hard,jagged,connected,high,structured_dropout,-0.3800088332957847,0.5,0.199271647187964,-0.1708769936179646,globally hard,0.3301851876229238,0.423201419766973,0.5757232080077592,0.160048827086926,0,0.02,0,0,0.6427075,0.69317377,-0.0464,1.0,37.0,1.071409286066147,0.1618705737123711,2.137595864061074,0.9432368914925192,budget_15_vertical_strip,1.6,0.3375,5.4,90.0,0.187553755762551,4.073015873015874,0.847093789818405,0,globally hard,2,ambiguity zone,0.13147078475415058,-0.9058630659896996
budget_15_vertical_strip,volatility-clustering,2,0.2392768224912473,0.8125,0.1682785299806576,0.5070924827233501,0.453125,0.0776255707762557,0.3640537866295526,0.3526382644852264,0.2249764133556074,0.3624882066778037,0.5,0.7985350532995916,hard,jagged,connected,high,clustered_occlusion,-0.2678156602321028,0.359375,0.0906529592044018,-0.1133614419939791,irreducibly ambiguous candidate,0.21963134367711112,0.11569538693689571,0.566818407290865,0.2392768224912473,1,0.98,1,0,0.6849994,0.35936317,-1.0464,1.0,37.0,1.071409286066147,0.1618705737123711,2.137595864061074,0.9432368914925192,budget_15_vertical_strip,1.6,0.3375,5.4,90.0,1.233517713235805,4.073015873015874,0.6812699769489745,0,irreducibly ambiguous candidate,3,decision-fragile zone,-2.0360233478425447,1.9878547294336575
budget_15_vertical_strip,volatility-clustering,3,0.182770806936809,0.84375,0.2087475149105367,0.5137450306179028,0.4375,0.1295399515738498,0.3387834130565118,0.3235193029546249,0.2035640570603486,0.1851153618635076,0.1666666666666666,0.8158179437496059,hard,jagged,connected,high,none,-0.3309742236810937,0.40625,0.0792075633366869,-0.1407484960178159,globally hard,0.41523228559074576,0.5294732141942535,0.6284684459193148,0.182770806936809,0,0.006666666666666667,0,1,0.51209235,0.5982674,0.9536,1.0,37.0,1.071409286066147,0.1618705737123711,2.137595864061074,0.9432368914925192,budget_15_vertical_strip,1.6,0.3375,5.4,90.0,0.16107056602389416,4.073015873015874,0.8537350901058793,0,globally hard,2,ambiguity zone,0.19493649244469258,-1.2728521586993753
budget_17_high_rot_aniso,barbell-bridge,0,0.2388498021827313,0.75,0.1454965357967667,0.713137526240033,0.1875,0.046767537826685,0.5825506268673407,0.3421263488755277,0.6238679334756597,0.4786006334044965,0.3333333333333333,0.5358677231821822,hard,jagged,connected,high,structured_dropout,-0.4742877240573017,0.5625,0.0987289979700817,-0.1032765466927963,globally hard,0.4250665181116347,0.343784674942261,0.918561653239906,0.2388498021827313,1,0.9833333333333333,1,1,0.46104756,0.82376933,-0.0464,1.0,40.0,4.195334447827693,0.1627607014971466,2.105285482509537,0.9827512428576958,budget_17_high_rot_aniso,2.1,0.637950138504155,4.7,76.0,0.5794973103602635,4.3730158730158735,0.17789616958901855,0,globally hard,0,information-limited zone,-6.919551933692288,-2.051303733543967
budget_17_high_rot_aniso,barbell-bridge,1,0.2863202385128674,0.53125,0.1402214022140221,0.719960968826386,0.203125,0.0568181818181818,0.7828437963727704,0.332831126412771,0.7305898634446194,0.5319615983889764,0.3333333333333333,0.4816248134142709,hard,jagged,connected,high,clustered_occlusion,-0.4336407303135186,0.328125,0.0834032203958403,-0.0465108878999036,optimization-limited candidate,0.43423144151315124,0.41084351581086004,0.8384070364826727,0.2863202385128674,1,0.9766666666666667,1,1,0.60017663,0.74682707,-0.0464,1.0,40.0,4.195334447827693,0.1627607014971466,2.105285482509537,0.9827512428576958,budget_17_high_rot_aniso,2.1,0.637950138504155,4.7,76.0,0.6745455283490639,4.3730158730158735,0.08651375580204103,0,optimization-limited candidate,0,information-limited zone,-8.362942691838656,-1.9155251945196012
budget_17_high_rot_aniso,barbell-bridge,2,0.1650140062670792,0.796875,0.3489361702127659,0.7076120847180147,0.21875,0.0467153284671532,0.3193357922842688,0.2907240115750792,0.2011000964575824,0.3505500482287912,0.5,0.8178305655141669,hard,jagged,connected,high,none,-0.5425980784509356,0.578125,0.3022208417456127,-0.125710005308,irreducibly ambiguous candidate,0.34455165720385944,0.1510623006967563,0.898902148045223,0.1650140062670792,0,0.03666666666666667,0,0,0.627668,0.93631655,-0.0464,1.0,40.0,4.195334447827693,0.1627607014971466,2.105285482509537,0.9827512428576958,budget_17_high_rot_aniso,2.1,0.637950138504155,4.7,76.0,0.17732899897025578,4.3730158730158735,0.723167612487071,0,irreducibly ambiguous candidate,2,ambiguity zone,-0.38845205301471386,-1.5844214308469806
budget_17_high_rot_aniso,barbell-bridge,3,0.239808296896898,0.765625,0.1490765171503957,0.7449643167696316,0.21875,0.0681159420289855,0.636212161305013,0.3924835108549293,0.3961021893196897,0.3647177613265115,0.3333333333333333,0.6729379253548513,hard,jagged,connected,high,moment_preserving_perturbation,-0.5051560198727336,0.546875,0.0809605751214102,-0.1526752139580312,globally hard,0.4740181517600532,0.34196591098294676,0.9938215461838841,0.239808296896898,1,0.9733333333333334,0,1,0.7262943,0.9549483,0.9536,1.0,40.0,4.195334447827693,0.1627607014971466,2.105285482509537,0.9827512428576958,budget_17_high_rot_aniso,2.1,0.637950138504155,4.7,76.0,0.33705265450026367,4.3730158730158735,0.3869953692504595,0,globally hard,0,information-limited zone,-3.8183516353389666,-2.4901112428547907
budget_17_high_rot_aniso,crescent,0,0.1148113982946949,0.953125,0.229585798816568,0.6027824779263066,0.1875,0.0904925544100801,0.3132858495421274,0.302077467367331,0.0921270955021803,0.2127302144177568,0.3333333333333333,0.9119892324494944,hard,smooth,connected,high,none,-0.4879710796316117,0.765625,0.1390932444064879,-0.1872660690726361,anchor-easy/blind-easy,0.41388184672377437,0.5923658846435372,0.6707893152067479,0.1148113982946949,0,0.006666666666666667,0,1,0.17047462,0.9999435,0.9536,1.0,12.0,1.926420323251142,0.1042283193607317,2.07937302735138,0.8077277247469214,budget_17_high_rot_aniso,2.1,0.637950138504155,4.7,76.0,0.070976022688662,1.5730158730158732,0.9081826947377469,1,anchor-easy/blind-easy,2,ambiguity zone,1.745220051218895,-2.193178430296874
budget_17_high_rot_aniso,crescent,1,0.2589267783888054,0.46875,0.1149425287356321,0.5737685000550261,0.21875,0.0822454308093994,0.3396400632989698,0.3364844055357842,0.1246164534412475,0.2289748933872904,0.3333333333333333,0.8828354461541518,hard,smooth,connected,high,moment_preserving_perturbation,-0.3148417216662207,0.25,0.0326970979262326,-0.0775576271469787,globally hard,0.37659949819255595,0.4903670119508116,0.6782212282325882,0.2589267783888054,1,0.9766666666666667,0,1,0.25877544,0.9999651,0.9536,1.0,12.0,1.926420323251142,0.1042283193607317,2.07937302735138,0.8077277247469214,budget_17_high_rot_aniso,2.1,0.637950138504155,4.7,76.0,0.11029272316064435,1.5730158730158732,0.7236199521336483,0,globally hard,1,optimization-limited zone,-0.3148806363496919,-0.5649260551632197
budget_17_high_rot_aniso,crescent,2,0.100180454693197,0.984375,0.2868741542625169,0.6037655978787287,0.15625,0.0635910224438902,0.3083318972621253,0.2764030329034623,0.1002607040887939,0.2167970187110636,0.3333333333333333,0.9046015539680832,hard,smooth,connected,high,structured_dropout,-0.5035851431855317,0.828125,0.2232831318186267,-0.1762225782102653,anchor-easy/blind-easy,0.2695083615685956,0.1471976706200567,0.6691064133271585,0.100180454693197,0,0.0033333333333333335,0,1,0.3186265,0.99942625,0.9536,1.0,12.0,1.926420323251142,0.1042283193607317,2.07937302735138,0.8077277247469214,budget_17_high_rot_aniso,2.1,0.637950138504155,4.7,76.0,0.07149849939755669,1.5730158730158732,0.9000804011911816,1,anchor-easy/blind-easy,2,ambiguity zone,1.5880811859733377,-2.271231381876975
budget_17_high_rot_aniso,crescent,3,0.278798116685342,0.5625,0.1660280970625798,0.575218345369622,0.1875,0.0330123796423658,0.3753537051950855,0.3593981463301176,0.0979774139545592,0.1323220403106129,0.1666666666666666,0.9066693815985158,hard,smooth,connected,high,clustered_occlusion,-0.29642022868428,0.375,0.1330157174202139,-0.0806000296447755,globally hard,0.32446241571793827,0.1601601234391272,0.6586026417766186,0.278798116685342,1,0.98,0,1,0.20063928,0.99999356,0.9536,1.0,12.0,1.926420323251142,0.1042283193607317,2.07937302735138,0.8077277247469214,budget_17_high_rot_aniso,2.1,0.637950138504155,4.7,76.0,0.08171041036057108,1.5730158730158732,0.7511562904851884,0,globally hard,1,optimization-limited zone,0.08115858719292696,-0.38250474597536094
budget_17_high_rot_aniso,cross-branch,0,0.1088224249237473,1.0,0.4734607218683652,0.5325510929400809,0.34375,0.0776699029126213,0.222490948729191,0.2199718849602353,0.1298450001776661,0.2315891667554997,0.3333333333333333,0.8782315461049883,hard,jagged,connected,high,none,-0.4237286680163336,0.65625,0.3957908189557438,-0.1111494600364879,anchor-easy/blind-easy,0.28411257063582956,0.2305184700279467,0.5505218731698577,0.1088224249237473,0,0.01,1,1,0.71208346,0.87199175,-0.0464,1.0,1.0,1.0024045069907674,0.1715963011416351,1.2292899263454526,0.985285262036289,budget_17_high_rot_aniso,2.1,0.637950138504155,4.7,76.0,0.11476849266255029,0.4730158730158731,0.9771203807936261,1,anchor-easy/blind-easy,2,ambiguity zone,1.1037144967638626,-1.0480008883134422
budget_17_high_rot_aniso,cross-branch,1,0.2452825335697792,0.796875,0.1304347826086956,0.4982382113781837,0.40625,0.0892561983471074,0.3223003636255351,0.3188650780842907,0.1239969339205771,0.2286651336269552,0.3333333333333333,0.8833825493996559,hard,jagged,connected,high,moment_preserving_perturbation,-0.2529556778084045,0.390625,0.0411785842615882,-0.0735825445145115,optimization-limited candidate,0.30166657749928966,0.32204565876688096,0.613512335131464,0.2452825335697792,1,0.9933333333333333,1,1,0.85862714,0.5679296,-0.0464,1.0,1.0,1.0024045069907674,0.1715963011416351,1.2292899263454526,0.985285262036289,budget_17_high_rot_aniso,2.1,0.637950138504155,4.7,76.0,0.15422342080050183,0.4730158730158731,0.8308657586872555,0,optimization-limited candidate,1,optimization-limited zone,-0.1275029239643524,0.47561776107182696
budget_17_high_rot_aniso,cross-branch,2,0.133335293771777,0.984375,0.1244094488188976,0.5395076353588353,0.328125,0.0801335559265442,0.3592817675618578,0.2364400363318518,0.2208963848085772,0.2771148590709552,0.3333333333333333,0.8017997546212975,hard,jagged,connected,high,structured_dropout,-0.4061723415870583,0.65625,0.0442758928923534,-0.1031047425600747,globally hard,0.3365545371228806,0.46561224212387914,0.5538969473328139,0.133335293771777,0,0.0033333333333333335,1,1,0.7951292,0.5845525,-0.0464,1.0,1.0,1.0024045069907674,0.1715963011416351,1.2292899263454526,0.985285262036289,budget_17_high_rot_aniso,2.1,0.637950138504155,4.7,76.0,0.23981478732845501,0.4730158730158731,0.8847062563538075,0,globally hard,2,ambiguity zone,-0.22351724549172938,-1.2187115487343378
budget_17_high_rot_aniso,cross-branch,3,0.2822161789513673,0.5625,0.1492281303602058,0.5516980357232204,0.296875,0.046925566343042,0.4268037953052294,0.3405238499995526,0.2016174073620247,0.267475370347679,0.3333333333333333,0.8174076022558255,hard,jagged,connected,high,clustered_occlusion,-0.2694818567718531,0.265625,0.1023025640171638,-0.0583076710481852,optimization-limited candidate,0.3456682724265881,0.36379877190036636,0.5331979493137663,0.2822161789513673,1,0.9966666666666667,1,1,0.7321603,0.84296036,-0.0464,1.0,1.0,1.0024045069907674,0.1715963011416351,1.2292899263454526,0.985285262036289,budget_17_high_rot_aniso,2.1,0.637950138504155,4.7,76.0,0.21793041861331774,0.4730158730158731,0.7502904960230866,0,optimization-limited candidate,1,optimization-limited zone,-1.288771533752116,0.15831149192796223
budget_17_high_rot_aniso,double-loop,0,0.2392445441905917,0.65625,0.1545064377682403,0.7083247318192194,0.1875,0.0842266462480857,0.3070057285709184,0.2876591822379718,0.1242469770597593,0.3121234885298797,0.5,0.8831616932668362,hard,smooth,connected,high,clustered_occlusion,-0.4690801876286277,0.46875,0.0702797915201546,-0.0484146380473801,optimization-limited candidate,0.38919990548185607,0.39091304843188623,0.7820201418863509,0.2392445441905917,1,0.9933333333333333,0,1,0.20627446,0.45339566,0.9536,1.0,3.0,1.9632453591236552,0.0817043512033122,1.848737586275187,0.9903565845479404,budget_17_high_rot_aniso,2.1,0.637950138504155,4.7,76.0,0.10505001923078361,0.6730158730158731,0.7270696973427954,0,optimization-limited candidate,1,optimization-limited zone,-0.43106770478384865,-1.361259237265385
budget_17_high_rot_aniso,double-loop,1,0.0875197029798099,1.0,0.2850082372322899,0.6949219058128386,0.171875,0.0814558058925476,0.2033438855553594,0.1876789390326346,0.1329572158965467,0.1498119412816067,0.1666666666666666,0.8755025488991135,hard,smooth,connected,high,none,-0.6074022028330287,0.828125,0.2035524313397423,-0.1001592360528247,anchor-easy/blind-easy,0.421349387338402,0.5094604454155784,0.7679437379958064,0.0875197029798099,0,0.006666666666666667,0,1,0.25003397,0.4001247,0.9536,1.0,3.0,1.9632453591236552,0.0817043512033122,1.848737586275187,0.9903565845479404,budget_17_high_rot_aniso,2.1,0.637950138504155,4.7,76.0,0.09506331416655892,0.6730158730158731,0.8708522551097759,1,anchor-easy/blind-easy,2,ambiguity zone,0.8073392706164737,-2.75651591730599
budget_17_high_rot_aniso,double-loop,2,0.2509096793433973,0.609375,0.0880281690140845,0.6802765344987906,0.21875,0.0413354531001589,0.2800226555882362,0.2746372663930223,0.1911530789302583,0.2622432061317958,0.3333333333333333,0.8260061343373023,hard,smooth,connected,high,moment_preserving_perturbation,-0.4293668551553932,0.390625,0.0466927159139256,-0.0237275870496249,optimization-limited candidate,0.3567474616797009,0.3635394008735262,0.7621782903995814,0.2509096793433973,1,0.9833333333333333,0,0,0.26682717,0.43524998,-0.0464,1.0,3.0,1.9632453591236552,0.0817043512033122,1.848737586275187,0.9903565845479404,budget_17_high_rot_aniso,2.1,0.637950138504155,4.7,76.0,0.22072622339062287,0.6730158730158731,0.6594722446998565,0,optimization-limited candidate,1,optimization-limited zone,-1.6074780714897323,-0.529936249896349
budget_17_high_rot_aniso,double-loop,3,0.1161988884433857,0.984375,0.2411873840445269,0.6824581036997022,0.171875,0.0398089171974522,0.2152976712709426,0.2104390730087106,0.1138236087677107,0.223578471050522,0.3333333333333333,0.8924153562443802,hard,smooth,connected,high,structured_dropout,-0.5662592152563165,0.8125,0.2013784668470747,-0.0942401845653248,anchor-easy/blind-easy,0.4275255428341373,0.42524865283559377,0.7994148731263069,0.1161988884433857,0,0.02666666666666667,0,0,0.26576364,0.34668547,-0.0464,1.0,3.0,1.9632453591236552,0.0817043512033122,1.848737586275187,0.9903565845479404,budget_17_high_rot_aniso,2.1,0.637950138504155,4.7,76.0,0.13277079032651887,0.6730158730158731,0.8878024546644365,1,anchor-easy/blind-easy,2,ambiguity zone,0.8999956404245426,-1.6584382515113216
budget_17_high_rot_aniso,mean-reversion,0,0.1958122481681675,0.90625,0.1698113207547169,0.6153918390834924,0.28125,0.0523255813953488,0.3198668166619118,0.3121417258987143,0.1845324110452574,0.2589328721892954,0.3333333333333333,0.8314929899057406,hard,jagged,connected,high,structured_dropout,-0.4195795909153249,0.625,0.1174857393593681,-0.1163294777305468,globally hard,0.38739349529645367,0.4303933725643324,0.7953426182152401,0.1958122481681675,0,0.05,0,0,0.26352146,0.58351636,-0.0464,1.0,39.0,1.9304818378078896,0.114849417410383,1.9184331762576816,0.8426395272372131,budget_17_high_rot_aniso,2.1,0.637950138504155,4.7,76.0,0.19959671860360992,4.273015873015874,0.8100760472069557,0,globally hard,2,ambiguity zone,-0.0017518786703173898,-0.7781758635723758
budget_17_high_rot_aniso,mean-reversion,1,0.2299486601749735,0.8125,0.1597796143250688,0.6345474587579818,0.28125,0.0417310664605873,0.3854287139729054,0.3370420541681952,0.1406492910222764,0.1536579788444715,0.1666666666666666,0.868793952113279,hard,jagged,connected,high,clustered_occlusion,-0.4045987985830083,0.53125,0.1180485478644814,-0.1070933939932217,globally hard,0.42984474179942445,0.5290382153899762,0.8047770967385759,0.2299486601749735,1,0.9933333333333333,0,0,0.43659645,0.7194427,-0.0464,1.0,39.0,1.9304818378078896,0.114849417410383,1.9184331762576816,0.8426395272372131,budget_17_high_rot_aniso,2.1,0.637950138504155,4.7,76.0,0.16457640154764272,4.273015873015874,0.709163013894589,0,globally hard,1,optimization-limited zone,-0.4999374587125926,-0.09153011721750456
budget_17_high_rot_aniso,mean-reversion,2,0.1917993541369574,0.9375,0.2054120541205412,0.6290193273271723,0.234375,0.0332850940665701,0.323907550591792,0.2799425623932941,0.1215722586372809,0.2274527959853071,0.3333333333333333,0.8855270640580816,hard,jagged,connected,high,none,-0.4372199731902149,0.703125,0.1721269600539711,-0.0881432082563367,globally hard,0.4351141224230219,0.5662384754486351,0.7973466628209821,0.1917993541369574,0,0.08333333333333333,0,0,0.2959066,0.62061435,-0.0464,1.0,39.0,1.9304818378078896,0.114849417410383,1.9184331762576816,0.8426395272372131,budget_17_high_rot_aniso,2.1,0.637950138504155,4.7,76.0,0.14299985126652331,4.273015873015874,0.8701005100022607,0,globally hard,2,ambiguity zone,0.7372729955318016,-0.5138723944345781
budget_17_high_rot_aniso,mean-reversion,3,0.2396554481186796,0.765625,0.1337016574585635,0.6853802713901577,0.21875,0.0306569343065693,0.5026059423143249,0.2975772697926153,0.1970415341226036,0.1818541003946351,0.1666666666666666,0.8211565265885142,hard,jagged,connected,high,moment_preserving_perturbation,-0.4457248232714781,0.546875,0.1030447231519942,-0.0579218216739357,optimization-limited candidate,0.441169210842632,0.4393664997983948,0.8526481136097468,0.2396554481186796,1,0.9833333333333333,0,0,0.40953878,0.49092108,-0.0464,1.0,39.0,1.9304818378078896,0.114849417410383,1.9184331762576816,0.8426395272372131,budget_17_high_rot_aniso,2.1,0.637950138504155,4.7,76.0,0.21709675442223342,4.273015873015874,0.6526913634154324,0,optimization-limited candidate,1,optimization-limited zone,-1.4879216220171672,-0.3253949433087525
budget_17_high_rot_aniso,multi-hole,0,0.1282623911083491,0.96875,0.1933267909715407,0.5578687263011154,0.25,0.0991649269311064,0.2790523179815243,0.2653516817888967,0.0957156778075978,0.2978578389037989,0.5,0.9087223492726644,hard,smooth,connected,high,structured_dropout,-0.4296063351927662,0.71875,0.0941618640404343,-0.1370892906805475,globally hard,0.35834135580825627,0.4431095220592126,0.589324721451476,0.1282623911083491,0,0.01,1,1,0.46575126,0.9127776,-0.0464,1.0,73.0,1.0002814165939322,0.0980752729044046,2.013166601186731,0.7876321647398156,budget_17_high_rot_aniso,2.1,0.637950138504155,4.7,76.0,0.12361127297138899,7.673015873015874,0.9763335526314749,0,globally hard,4,effective-collapse zone,1.6766740173801191,-0.12731255810701725
budget_17_high_rot_aniso,multi-hole,1,0.2594939034052735,0.609375,0.1059225512528473,0.5277440377577413,0.296875,0.0513513513513513,0.3280711265895484,0.310244445545556,0.1130018499383421,0.1398342583025044,0.1666666666666666,0.8931490078438924,hard,smooth,connected,high,clustered_occlusion,-0.2682501343524677,0.3125,0.054571199901496,-0.0507505421402825,optimization-limited candidate,0.3454490028602706,0.4154227953472966,0.6372785427307209,0.2594939034052735,1,1.0,1,1,0.423366,0.8686235,-0.0464,1.0,73.0,1.0002814165939322,0.0980752729044046,2.013166601186731,0.7876321647398156,budget_17_high_rot_aniso,2.1,0.637950138504155,4.7,76.0,0.1474324056965815,7.673015873015874,0.8046711768547476,0,optimization-limited candidate,1,optimization-limited zone,-0.08561038472084144,1.4143113919148316
budget_17_high_rot_aniso,multi-hole,2,0.1363424349671047,0.9375,0.2052083333333333,0.5377941446649459,0.296875,0.0766773162939297,0.2887882394281763,0.2733194587574402,0.1022481705543898,0.1344574186105282,0.1666666666666666,0.9028054741302824,hard,smooth,connected,high,none,-0.4014517096978412,0.640625,0.1285310170394036,-0.1369770237903355,globally hard,0.31265182887313964,0.3702927905818555,0.5738331073155837,0.1363424349671047,0,0.01,1,1,0.34752452,0.8798771,-0.0464,1.0,73.0,1.0002814165939322,0.0980752729044046,2.013166601186731,0.7876321647398156,budget_17_high_rot_aniso,2.1,0.637950138504155,4.7,76.0,0.12766599388854105,7.673015873015874,0.9694193697015958,0,globally hard,4,effective-collapse zone,1.5793569955571807,-0.007209035337596564
budget_17_high_rot_aniso,multi-hole,3,0.2561166338086433,0.6875,0.1155638397017707,0.5276475201647549,0.328125,0.0825791855203619,0.3220505019341471,0.3220505019341471,0.1084793217048928,0.3042396608524464,0.5,0.8971974471387364,hard,smooth,connected,high,moment_preserving_perturbation,-0.2715308863561116,0.359375,0.0329846541814087,-0.0659338681255037,optimization-limited candidate,0.32092866969410144,0.290068272475439,0.5933776898475392,0.2561166338086433,1,0.9966666666666667,1,1,0.8184401,0.904272,-0.0464,1.0,73.0,1.0002814165939322,0.0980752729044046,2.013166601186731,0.7876321647398156,budget_17_high_rot_aniso,2.1,0.637950138504155,4.7,76.0,0.14234303476043175,7.673015873015874,0.8099512854523226,0,optimization-limited candidate,1,optimization-limited zone,0.0485309834746871,1.3535392741214731
budget_17_high_rot_aniso,nested-rings,0,0.1020785311638392,1.0,0.1535545023696682,0.4650032049838074,0.3125,0.0601750547045951,0.3016259693032045,0.2887301009470547,0.1083904243226987,0.220861878828016,0.3333333333333333,0.8972772091883645,hard,smooth,connected,high,none,-0.3629246738199682,0.6875,0.093379447665073,-0.1866515697832155,anchor-easy/blind-easy,0.27644556382605495,0.2919089636043268,0.49044349990937297,0.1020785311638392,0,0.0033333333333333335,0,0,0.22722256,0.22520003,-0.0464,1.0,80.0,1.0113656184223867,0.0765667972526494,1.984999432522959,0.9893860467956732,budget_17_high_rot_aniso,2.1,0.637950138504155,4.7,76.0,0.13814658665418952,8.373015873015873,0.9636278211828521,1,anchor-easy/blind-easy,4,effective-collapse zone,1.7108348198744374,0.06811237552070114
budget_17_high_rot_aniso,nested-rings,1,0.2642814046994771,0.5,0.1547388781431334,0.4490841583916458,0.359375,0.0821428571428571,0.3045957640131176,0.2814246472217352,0.1171052653416875,0.2252192993375104,0.3333333333333333,0.8894915556025742,hard,smooth,connected,high,moment_preserving_perturbation,-0.1848027536921687,0.140625,0.0725960210002762,-0.0171432425222581,anchor-easy/blind-hard,0.24982600490128604,0.2639070033466048,0.4874846904824632,0.2642814046994771,1,0.9966666666666667,0,0,0.17503917,0.6929917,-0.0464,1.0,80.0,1.0113656184223867,0.0765667972526494,1.984999432522959,0.9893860467956732,budget_17_high_rot_aniso,2.1,0.637950138504155,4.7,76.0,0.1453845279580608,8.373015873015873,0.8005327503753465,0,anchor-easy/blind-hard,1,optimization-limited zone,-0.27761058559735474,2.043005459940878
budget_17_high_rot_aniso,nested-rings,2,0.1060433864869357,0.984375,0.201860465116279,0.4843556921886733,0.3125,0.1573770491803278,0.2930731521671714,0.2722474873649111,0.0945833082866649,0.2139583208099991,0.3333333333333333,0.9097519415934358,hard,smooth,connected,high,structured_dropout,-0.3783123057017376,0.671875,0.0444834159359512,-0.1662041008779754,anchor-easy/blind-easy,0.23084879538400913,0.20674811478712027,0.4948655731512943,0.1060433864869357,0,0.01,0,0,0.25717124,0.27237296,-0.0464,1.0,80.0,1.0113656184223867,0.0765667972526494,1.984999432522959,0.9893860467956732,budget_17_high_rot_aniso,2.1,0.637950138504155,4.7,76.0,0.12189067768368232,8.373015873015873,0.9771935243994787,1,anchor-easy/blind-easy,4,effective-collapse zone,1.8214252452648754,0.11879206640380595
budget_17_high_rot_aniso,nested-rings,3,0.2614363934899419,0.65625,0.119960668633235,0.5114265205517593,0.328125,0.05788876276958,0.2442167398441068,0.2367668412554192,0.0984650400229926,0.2992325200114963,0.5,0.9062273737486314,hard,smooth,connected,high,clustered_occlusion,-0.2499901270618174,0.328125,0.062071905863655,0.0246695522345227,optimization-limited candidate,0.30397237892159507,0.3008112307898178,0.5284063129932406,0.2471525797474328,1,0.9966666666666667,0,0,0.22654706,0.44239765,-0.0464,1.0,80.0,1.0113656184223867,0.0765667972526494,1.984999432522959,0.9893860467956732,budget_17_high_rot_aniso,2.1,0.637950138504155,4.7,76.0,0.13305310798483616,8.373015873015873,0.8201905608428558,0,optimization-limited candidate,1,optimization-limited zone,-0.1795575514089664,1.9402449684595755
budget_17_high_rot_aniso,pinwheel,0,0.1796645106802251,0.984375,0.1595022624434389,0.4268825615635157,0.4375,0.0779054916985951,0.3029526770608611,0.2869343558920483,0.1429991231374294,0.154832894902048,0.1666666666666666,0.8667548289200231,hard,jagged,connected,high,none,-0.2472180508832905,0.546875,0.0815967707448438,-0.1072698452118232,globally hard,0.278152837552819,0.3717785457549543,0.49140119377290453,0.1796645106802251,0,0.016666666666666666,1,0,0.66991115,0.30641058,-1.0464,1.0,66.0,1.0084614575281672,0.1489407766853352,2.043908586001609,0.938995126702752,budget_17_high_rot_aniso,2.1,0.637950138504155,4.7,76.0,1.1665904394695814,6.973015873015874,0.9238237932534701,0,globally hard,3,decision-fragile zone,0.254825622258061,2.3760043490612244
budget_17_high_rot_aniso,pinwheel,1,0.2304538692580554,0.96875,0.1287958115183246,0.4957368728865142,0.421875,0.0521628498727735,0.3096440015893117,0.3096440015893117,0.1388559679227902,0.2360946506280618,0.3333333333333333,0.8703533782358143,hard,jagged,connected,high,moment_preserving_perturbation,-0.2652830036284588,0.546875,0.076632961645551,-0.0791901323312563,globally hard,0.2931246621398233,0.3407835226428576,0.5684022913812666,0.2304538692580554,1,0.9966666666666667,1,0,0.65665394,0.31311387,-1.0464,1.0,66.0,1.0084614575281672,0.1489407766853352,2.043908586001609,0.938995126702752,budget_17_high_rot_aniso,2.1,0.637950138504155,4.7,76.0,1.167371900850012,6.973015873015874,0.7762771872559115,0,globally hard,3,decision-fragile zone,-0.9230562080162689,2.8331372618624613
budget_17_high_rot_aniso,pinwheel,2,0.2036524732436284,1.0,0.1217391304347826,0.4208232354302572,0.4375,0.0493046776232617,0.2851670834770296,0.2703050546403531,0.1309596280026411,0.1488131473346539,0.1666666666666666,0.8772531901396119,hard,jagged,connected,high,structured_dropout,-0.2171707621866287,0.5625,0.0724344528115209,-0.0666525813967247,globally hard,0.30600548915284753,0.4419704947907263,0.5009437320386868,0.2036524732436284,0,0.03,1,0,0.719816,0.28099114,-1.0464,1.0,66.0,1.0084614575281672,0.1489407766853352,2.043908586001609,0.938995126702752,budget_17_high_rot_aniso,2.1,0.637950138504155,4.7,76.0,1.1614167167675369,6.973015873015874,0.934303803180399,0,globally hard,3,decision-fragile zone,0.2357242376275071,2.7451169146242225
budget_17_high_rot_aniso,pinwheel,3,0.2545474604475346,0.875,0.1202672605790645,0.4673468241891279,0.390625,0.0611464968152866,0.3231378708064489,0.2947040592278037,0.1310518576604784,0.3155259288302392,0.5,0.8771722851090277,hard,jagged,connected,high,clustered_occlusion,-0.2127993637415932,0.484375,0.0591207637637779,-0.040156598780269,anchor-easy/blind-hard,0.3086996937743451,0.3406072424106849,0.5096171150678754,0.2545474604475346,1,1.0,1,1,0.7124132,0.39283767,-0.0464,1.0,66.0,1.0084614575281672,0.1489407766853352,2.043908586001609,0.938995126702752,budget_17_high_rot_aniso,2.1,0.637950138504155,4.7,76.0,0.16169060974585517,6.973015873015874,0.7838998282981603,0,anchor-easy/blind-hard,1,optimization-limited zone,-0.411085723567194,1.5846532064358634
budget_17_high_rot_aniso,spiral,0,0.1190270643572804,1.0,0.1967545638945233,0.511485624771199,0.375,0.0768292682926829,0.3498839647414811,0.3294021535472618,0.1011144180921619,0.1338905423794142,0.1666666666666666,0.9038296125094932,hard,smooth,connected,high,structured_dropout,-0.3924585604139186,0.625,0.1199252956018404,-0.2103750891899814,anchor-easy/blind-easy,0.3115069693223033,0.339314218748614,0.6119990462753689,0.1190270643572804,0,0.0,1,1,0.576058,0.43637764,-0.0464,1.0,48.0,1.1364522233114445,0.1033335109422039,1.9971717461824172,0.8783513135867637,budget_17_high_rot_aniso,2.1,0.637950138504155,4.7,76.0,0.1276196948569901,5.173015873015874,0.9584727683168202,1,anchor-easy/blind-easy,4,effective-collapse zone,1.8319090250677548,-0.5635551639364912
budget_17_high_rot_aniso,spiral,1,0.2230772135451412,0.8125,0.1819116135662898,0.5536095089370728,0.296875,0.0680437424058323,0.32108146019651,0.3071075426262531,0.1054333741303597,0.2193833537318465,0.3333333333333333,0.8999344297634225,hard,smooth,connected,high,clustered_occlusion,-0.3305322953919316,0.515625,0.1138678711604574,-0.0840303290811119,globally hard,0.32170643408677974,0.3424990404048688,0.623290263278879,0.2230772135451412,1,1.0,1,1,0.3991949,0.6048062,-0.0464,1.0,48.0,1.1364522233114445,0.1033335109422039,1.9971717461824172,0.8783513135867637,budget_17_high_rot_aniso,2.1,0.637950138504155,4.7,76.0,0.13265381891856765,5.173015873015874,0.7989532517996425,0,globally hard,1,optimization-limited zone,0.08999181084396615,0.6616503275430221
budget_17_high_rot_aniso,spiral,2,0.12742557771906,0.953125,0.1587147030185005,0.5098293598318633,0.375,0.0602549246813441,0.3264337696098131,0.3063139470572219,0.1092992366741284,0.2213162850037308,0.3333333333333333,0.89646212301429,hard,smooth,connected,high,none,-0.3824037821128033,0.578125,0.0984597783371563,-0.1788883693381619,globally hard,0.2937911851941324,0.294232647964494,0.607764523910645,0.12742557771906,0,0.0,1,1,0.52961737,0.46304983,-0.0464,1.0,48.0,1.1364522233114445,0.1033335109422039,1.9971717461824172,0.8783513135867637,budget_17_high_rot_aniso,2.1,0.637950138504155,4.7,76.0,0.13835184078524532,5.173015873015874,0.9498319887351342,0,globally hard,4,effective-collapse zone,1.57774970145459,-0.41794047825672187
budget_17_high_rot_aniso,spiral,3,0.2505548257496903,0.734375,0.1306042884990253,0.5374766688200021,0.34375,0.0754257907542579,0.3738059905206986,0.3633370958859556,0.1106879401532031,0.1386773034099349,0.1666666666666666,0.8952180669576182,hard,smooth,connected,high,moment_preserving_perturbation,-0.2869218430703118,0.390625,0.0551784977447674,-0.1127822701362653,globally hard,0.3825110719568756,0.39209480703681576,0.6850407385558063,0.2505548257496903,1,1.0,1,1,0.41121048,0.41824192,-0.0464,1.0,48.0,1.1364522233114445,0.1033335109422039,1.9971717461824172,0.8783513135867637,budget_17_high_rot_aniso,2.1,0.637950138504155,4.7,76.0,0.1426316204840713,5.173015873015874,0.7934124944603688,0,globally hard,1,optimization-limited zone,0.12870099543159355,0.762949656792093
budget_17_high_rot_aniso,volatility-clustering,0,0.2412981471243525,0.890625,0.1812933025404157,0.6271781892644074,0.328125,0.070855614973262,0.3794143943784209,0.3572313171316478,0.2180921427666451,0.1923794047166558,0.1666666666666666,0.8040513507371588,hard,jagged,connected,high,moment_preserving_perturbation,-0.3858800421400549,0.5625,0.1104376875671537,-0.1159331700072953,globally hard,0.34508297185036213,0.3015617342592767,0.7809149948181089,0.2412981471243525,1,1.0,1,0,0.66059166,0.2832362,-1.0464,1.0,37.0,1.071409286066147,0.1618705737123711,2.137595864061074,0.9432368914925192,budget_17_high_rot_aniso,2.1,0.637950138504155,4.7,76.0,1.224953497946364,4.073015873015874,0.6851090991135088,0,globally hard,3,decision-fragile zone,-1.9424932501337882,1.3942895580179915
budget_17_high_rot_aniso,volatility-clustering,1,0.1586081722782109,0.953125,0.275626423690205,0.5627695473360175,0.390625,0.0573099415204678,0.3624145878658131,0.3568479468576547,0.1326966087914343,0.1496816377290505,0.1666666666666666,0.8757307408168267,hard,jagged,connected,high,structured_dropout,-0.4041613750578066,0.5625,0.2183164821697372,-0.1982397745794438,globally hard,0.4052759619454118,0.5418001852347591,0.7033024489572356,0.1586081722782109,0,0.013333333333333334,0,1,0.5430188,0.6537448,0.9536,1.0,37.0,1.071409286066147,0.1618705737123711,2.137595864061074,0.9432368914925192,budget_17_high_rot_aniso,2.1,0.637950138504155,4.7,76.0,0.09612191707443304,4.073015873015874,0.9256395673411413,0,globally hard,2,ambiguity zone,1.43543434519753,-1.6135571117019916
budget_17_high_rot_aniso,volatility-clustering,2,0.2534111887878614,0.828125,0.1562156215621562,0.5506146033624385,0.390625,0.0634328358208955,0.360826641359214,0.3601545749626236,0.1897159141930101,0.1781912904298384,0.1666666666666666,0.8271940946691998,hard,jagged,connected,high,clustered_occlusion,-0.2972034145745771,0.4375,0.0927827857412607,-0.1067433861747622,globally hard,0.37976447882706227,0.5096990104408476,0.672177917102065,0.2534111887878614,1,0.9566666666666667,0,0,0.5102386,0.4742801,-0.0464,1.0,37.0,1.071409286066147,0.1618705737123711,2.137595864061074,0.9432368914925192,budget_17_high_rot_aniso,2.1,0.637950138504155,4.7,76.0,0.20647932473711633,4.073015873015874,0.7206187846160219,0,globally hard,1,optimization-limited zone,-0.9759416843848552,0.27707852543048406
budget_17_high_rot_aniso,volatility-clustering,3,0.1865624653831864,0.875,0.2758186397984886,0.552205146616686,0.390625,0.0600255427841634,0.3826046248746568,0.3794660636091132,0.176679569712783,0.3383397848563915,0.5,0.8380482775543254,hard,jagged,connected,high,none,-0.3656426812334995,0.484375,0.2157930970143252,-0.1929035982259268,irreducibly ambiguous candidate,0.41078928957865063,0.42466325736815846,0.7314629629799191,0.1865624653831864,0,0.03,1,0,0.5644529,0.5571645,-1.0464,1.0,37.0,1.071409286066147,0.1618705737123711,2.137595864061074,0.9432368914925192,budget_17_high_rot_aniso,2.1,0.637950138504155,4.7,76.0,1.1743480511144209,4.073015873015874,0.8775479111721953,0,irreducibly ambiguous candidate,3,decision-fragile zone,0.0686944176675706,0.920309333477372
budget_18_neg_diag_extreme,barbell-bridge,0,0.2208086387470605,0.734375,0.2458270106221547,0.6577003805371868,0.234375,0.0666666666666666,0.633826604683318,0.316007826587639,0.4595181012523516,0.3964257172928425,0.3333333333333333,0.6315879336172476,hard,jagged,connected,high,structured_dropout,-0.4368917417901263,0.5,0.1791603439554881,-0.0951991878405784,globally hard,0.4302638652461009,0.344270194156122,0.8979767281782615,0.2208086387470605,1,0.98,0,0,0.64908165,0.8139459,-0.0464,1.0,40.0,4.195334447827693,0.1627607014971466,2.105285482509537,0.9827512428576958,budget_18_neg_diag_extreme,2.5,0.5886426592797784,8.5,-62.0,0.3929561400947174,4.3730158730158735,0.32663228342056577,0,globally hard,0,information-limited zone,-4.972939489458981,-1.3832874606282772
budget_18_neg_diag_extreme,barbell-bridge,1,0.2196982406189938,0.703125,0.1966205837173579,0.7681450824749902,0.140625,0.0640138408304498,0.6932202843215176,0.3154634248056418,0.6903481599067406,0.511840746620037,0.3333333333333333,0.5014014707844505,hard,jagged,connected,high,clustered_occlusion,-0.5484468418559965,0.5625,0.1326067428869081,-0.095765184186648,globally hard,0.4044222360479203,0.2466116191481456,0.988762047201063,0.2196982406189938,1,0.9966666666666667,0,0,0.30940476,0.99724233,-0.0464,1.0,40.0,4.195334447827693,0.1627607014971466,2.105285482509537,0.9827512428576958,budget_18_neg_diag_extreme,2.5,0.5886426592797784,8.5,-62.0,0.6010115017376733,4.3730158730158735,0.11793407364847237,0,globally hard,0,information-limited zone,-7.700969401482943,-2.6228222615675625
budget_18_neg_diag_extreme,barbell-bridge,2,0.1281212863577988,0.828125,0.3847583643122677,0.6917185248265958,0.171875,0.0475352112676056,0.7326933557691309,0.29594975867294,0.6962060648540996,0.5147696990937165,0.3333333333333333,0.4984728946629197,hard,jagged,connected,high,none,-0.5635972384687971,0.65625,0.3372231530446621,-0.1678284723151412,globally hard,0.40259152630002415,0.2746604766659692,0.9590881319068938,0.1281212863577988,0,0.02,0,0,0.3608857,0.996287,-0.0464,1.0,40.0,4.195334447827693,0.1627607014971466,2.105285482509537,0.9827512428576958,budget_18_neg_diag_extreme,2.5,0.5886426592797784,8.5,-62.0,0.47473495811655575,4.3730158730158735,0.26422574015345357,0,globally hard,0,information-limited zone,-6.286229811908445,-3.545251282925273
budget_18_neg_diag_extreme,barbell-bridge,3,0.2176285350458885,0.53125,0.1871508379888268,0.7512109064176304,0.125,0.0422535211267605,0.5442275239191591,0.3380426802033719,0.358119368555272,0.2623930176109693,0.1666666666666666,0.6989896326438287,hard,jagged,connected,high,moment_preserving_perturbation,-0.5335823713717419,0.40625,0.1448973168620663,-0.1204141451574834,globally hard,0.6053276748106707,0.6433725131103853,1.1047566215316207,0.2176285350458885,1,0.9733333333333334,0,1,0.45697522,0.7238152,0.9536,1.0,40.0,4.195334447827693,0.1627607014971466,2.105285482509537,0.9827512428576958,budget_18_neg_diag_extreme,2.5,0.5886426592797784,8.5,-62.0,0.2910970286301233,4.3730158730158735,0.42315332163710645,0,globally hard,0,information-limited zone,-3.4606752657662976,-2.403004195351747
budget_18_neg_diag_extreme,crescent,0,0.1222511285376437,0.921875,0.3003048780487805,0.5478625253770002,0.234375,0.0743338008415147,0.3997369416881408,0.3698319158487894,0.111297001883802,0.305648500941901,0.5,0.8946729899021311,hard,smooth,connected,high,none,-0.4256113968393565,0.6875,0.2259710772072657,-0.2475807873111457,anchor-easy/blind-easy,0.3795922744202733,0.42445918645364017,0.7557299037697227,0.1222511285376437,0,0.01,0,1,0.5090387,1.0,0.9536,1.0,12.0,1.926420323251142,0.1042283193607317,2.07937302735138,0.8077277247469214,budget_18_neg_diag_extreme,2.5,0.5886426592797784,8.5,-62.0,0.07787396930589195,1.5730158730158732,0.8873989896424066,1,anchor-easy/blind-easy,2,ambiguity zone,1.7157527863773274,-2.1830390776780413
budget_18_neg_diag_extreme,crescent,1,0.2279777885244759,0.546875,0.1926829268292683,0.5338324540862467,0.234375,0.0817236255572065,0.3778460900481195,0.3381587519112302,0.1335211146908573,0.2334272240120953,0.3333333333333333,0.875008993238173,hard,smooth,connected,high,moment_preserving_perturbation,-0.3058546655617707,0.3125,0.1109593012720618,-0.1101809633867542,globally hard,0.406158148409589,0.4892151169523431,0.7770288061110396,0.2279777885244759,1,1.0,0,1,0.90989256,1.0,0.9536,1.0,12.0,1.926420323251142,0.1042283193607317,2.07937302735138,0.8077277247469214,budget_18_neg_diag_extreme,2.5,0.5886426592797784,8.5,-62.0,0.10779387551871653,1.5730158730158732,0.7106951006188246,0,globally hard,1,optimization-limited zone,-0.3279035433679031,-0.6774846878127436
budget_18_neg_diag_extreme,crescent,2,0.1077937615802005,0.9375,0.2736,0.5518966823999968,0.203125,0.0760059612518628,0.3924208959156908,0.3621656925568023,0.0864036583183046,0.2098684958258189,0.3333333333333333,0.9172239114222523,hard,smooth,connected,high,structured_dropout,-0.4441029208197963,0.734375,0.1975940387481372,-0.2543719309766018,anchor-easy/blind-easy,0.4284651858439091,0.5519493954916652,0.7575414445833025,0.1077937615802005,0,0.0,0,1,0.49032733,0.9999995,0.9536,1.0,12.0,1.926420323251142,0.1042283193607317,2.07937302735138,0.8077277247469214,budget_18_neg_diag_extreme,2.5,0.5886426592797784,8.5,-62.0,0.06276361740241646,1.5730158730158732,0.9152981010614298,1,anchor-easy/blind-easy,2,ambiguity zone,2.11728868106373,-2.2071261114721934
budget_18_neg_diag_extreme,crescent,3,0.1991830289822318,0.53125,0.1654247391952309,0.5513247672973626,0.21875,0.109546165884194,0.3666229026034342,0.3411107106540725,0.1035945391699967,0.3851306029183317,0.6666666666666666,0.9015907830683668,hard,smooth,connected,high,clustered_occlusion,-0.3521417383151307,0.3125,0.0558785733110369,-0.1419276816718407,globally hard,0.44975815820974324,0.47972436856604295,0.7675435048520164,0.1991830289822318,0,0.03333333333333333,0,1,0.6624857,1.0,0.9536,1.0,12.0,1.926420323251142,0.1042283193607317,2.07937302735138,0.8077277247469214,budget_18_neg_diag_extreme,2.5,0.5886426592797784,8.5,-62.0,0.08645743954574986,1.5730158730158732,0.8919073850964633,0,globally hard,2,ambiguity zone,1.342566801497741,-1.339208536225808
budget_18_neg_diag_extreme,cross-branch,0,0.1137867542417894,1.0,0.5643564356435643,0.5330213442275192,0.359375,0.0402010050251256,0.3421408913342678,0.3131566797392613,0.1342472066598261,0.4004569366632464,0.6666666666666666,0.8743738868361391,hard,jagged,connected,high,none,-0.4192345899857298,0.640625,0.5241554306184387,-0.1993699254974719,anchor-easy/blind-easy,0.2947705644243077,0.24277377522288007,0.6373812474330279,0.1137867542417894,0,0.0033333333333333335,1,1,0.7363327,0.46680936,-0.0464,1.0,1.0,1.0024045069907674,0.1715963011416351,1.2292899263454526,0.985285262036289,budget_18_neg_diag_extreme,2.5,0.5886426592797784,8.5,-62.0,0.10488393161418166,0.4730158730158731,0.9735567969028731,1,anchor-easy/blind-easy,2,ambiguity zone,1.4259147580197875,-1.3973108013479134
budget_18_neg_diag_extreme,cross-branch,1,0.2345715755257947,0.78125,0.1610169491525423,0.5118883922929374,0.390625,0.0941780821917808,0.3536136490488326,0.3416319847724989,0.1168989147114586,0.3084494573557293,0.5,0.889675121684493,hard,jagged,connected,high,moment_preserving_perturbation,-0.2773168167671427,0.390625,0.0668388669607615,-0.1070604092467042,globally hard,0.3612503668314421,0.41221847012966906,0.7108773352829125,0.2345715755257947,1,1.0,0,1,0.21343653,0.93061805,0.9536,1.0,1.0,1.0024045069907674,0.1715963011416351,1.2292899263454526,0.985285262036289,budget_18_neg_diag_extreme,2.5,0.5886426592797784,8.5,-62.0,0.0980762081053763,0.4730158730158731,0.8372793540994544,0,globally hard,1,optimization-limited zone,0.24003936494013714,-0.5256528564364898
budget_18_neg_diag_extreme,cross-branch,2,0.1320466609416796,0.984375,0.3426124197002141,0.5511972437511456,0.328125,0.0359477124183006,0.3656671886795658,0.3354838638378856,0.1231106475359584,0.3115553237679792,0.5,0.884165826378187,hard,jagged,connected,high,structured_dropout,-0.419150582809466,0.65625,0.3066647072819135,-0.2034372028962059,globally hard,0.2973929709958458,0.2368074079938407,0.6608804787167647,0.1320466609416796,0,0.01,1,1,0.5746806,0.79640704,-0.0464,1.0,1.0,1.0024045069907674,0.1715963011416351,1.2292899263454526,0.985285262036289,budget_18_neg_diag_extreme,2.5,0.5886426592797784,8.5,-62.0,0.12733141069280351,0.4730158730158731,0.9841681098246109,0,globally hard,2,ambiguity zone,1.5803984087784706,-1.3360431839638256
budget_18_neg_diag_extreme,cross-branch,3,0.2463943540445344,0.5625,0.2238532110091743,0.5568847277959471,0.3125,0.0348432055749128,0.4015864779902612,0.353381262906059,0.115081821814874,0.307540910907437,0.5,0.8912932136949014,hard,jagged,connected,high,clustered_occlusion,-0.3104903737514127,0.25,0.1890100054342615,-0.1069869088615245,globally hard,0.4346729784762591,0.5117433575943888,0.6399055737294623,0.2463943540445344,1,0.9766666666666667,1,1,0.4482458,0.59510994,-0.0464,1.0,1.0,1.0024045069907674,0.1715963011416351,1.2292899263454526,0.985285262036289,budget_18_neg_diag_extreme,2.5,0.5886426592797784,8.5,-62.0,0.1357203864728288,0.4730158730158731,0.8428048241597739,0,globally hard,1,optimization-limited zone,0.17071800968345816,0.0638687431090741
budget_18_neg_diag_extreme,double-loop,0,0.2426411728788186,0.640625,0.1410018552875695,0.6667815343497377,0.1875,0.028052805280528,0.3707502052377185,0.3671372640880969,0.2257445571511042,0.1962056119088854,0.1666666666666666,0.7979218990783671,hard,smooth,connected,high,clustered_occlusion,-0.4241403614709191,0.453125,0.1129490500070415,-0.1244960912092782,globally hard,0.42081306464700985,0.3377547226980815,0.9565987299778834,0.2426411728788186,1,0.9833333333333333,0,0,0.1793819,0.32295516,-0.0464,1.0,3.0,1.9632453591236552,0.0817043512033122,1.848737586275187,0.9903565845479404,budget_18_neg_diag_extreme,2.5,0.5886426592797784,8.5,-62.0,0.24031415577172774,0.6730158730158731,0.6244321038660003,0,globally hard,1,optimization-limited zone,-1.656167609224957,-1.0256853308346896
budget_18_neg_diag_extreme,double-loop,1,0.0862462101339215,0.96875,0.2997762863534675,0.6639095886964287,0.171875,0.0241448692152917,0.2915912046249543,0.2794613049640558,0.3436733025559341,0.2551699846113004,0.1666666666666666,0.7091605711548739,hard,smooth,connected,high,none,-0.5776633785625072,0.796875,0.2756314171381758,-0.1932150948301343,blind-easy/downstream-fragile,0.3879026221311796,0.344896647200068,0.8560746101173494,0.0862462101339215,0,0.023333333333333334,0,0,0.24479283,0.33863685,-0.0464,1.0,3.0,1.9632453591236552,0.0817043512033122,1.848737586275187,0.9903565845479404,budget_18_neg_diag_extreme,2.5,0.5886426592797784,8.5,-62.0,0.28704819619688454,0.6730158730158731,0.657113301324523,1,blind-easy/downstream-fragile,2,ambiguity zone,-1.8036076930392875,-2.9634972638744332
budget_18_neg_diag_extreme,double-loop,2,0.2304706764098384,0.671875,0.1677115987460815,0.6477578801211338,0.234375,0.0147058823529411,0.7216773868655688,0.3512268220246685,0.316675173711172,0.2416709201889193,0.1666666666666666,0.7285673745299495,hard,smooth,connected,high,moment_preserving_perturbation,-0.4172872037112953,0.4375,0.1530057163931404,-0.12075614561483,globally hard,0.3264192167860975,0.2260756882497857,0.7290648778220387,0.2304706764098384,1,0.99,0,0,0.16862361,0.28085664,-0.0464,1.0,3.0,1.9632453591236552,0.0817043512033122,1.848737586275187,0.9903565845479404,budget_18_neg_diag_extreme,2.5,0.5886426592797784,8.5,-62.0,0.3099650740448782,0.6730158730158731,0.5334538353960601,0,globally hard,1,optimization-limited zone,-2.8947047151119683,-1.296965804518218
budget_18_neg_diag_extreme,double-loop,3,0.104643727348105,1.0,0.2980769230769231,0.6492861490142783,0.21875,0.0213178294573643,0.6912011029473106,0.2798668724481146,0.3502988245572789,0.3418160789453061,0.3333333333333333,0.7044775430721045,hard,smooth,connected,high,structured_dropout,-0.5446424216661733,0.78125,0.2767590936195587,-0.1752231451000095,blind-easy/downstream-fragile,0.42809529398468377,0.33385777338184053,0.8643023479636026,0.104643727348105,0,0.043333333333333335,0,0,0.6115036,0.49580833,-0.0464,1.0,3.0,1.9632453591236552,0.0817043512033122,1.848737586275187,0.9903565845479404,budget_18_neg_diag_extreme,2.5,0.5886426592797784,8.5,-62.0,0.29228282877578227,0.6730158730158731,0.6476398063453267,1,blind-easy/downstream-fragile,2,ambiguity zone,-1.990512134372753,-2.7361693358163888
budget_18_neg_diag_extreme,mean-reversion,0,0.1801044755494077,1.0,0.1825726141078838,0.6260830169359105,0.265625,0.0507692307692307,0.3385889565875273,0.3270406967180941,0.1345426903983231,0.1506046785324949,0.1666666666666666,0.8741155617385249,hard,jagged,connected,high,structured_dropout,-0.4459785413865028,0.734375,0.1318033833386531,-0.1469362211686864,globally hard,0.45326865357968255,0.5111811920038483,0.7775424878768834,0.1801044755494077,0,0.02666666666666667,0,0,0.34647143,0.88789046,-0.0464,1.0,39.0,1.9304818378078896,0.114849417410383,1.9184331762576816,0.8426395272372131,budget_18_neg_diag_extreme,2.5,0.5886426592797784,8.5,-62.0,0.15637887970319356,4.273015873015874,0.8653160778436837,0,globally hard,2,ambiguity zone,0.8630179333385248,-0.8574819135599758
budget_18_neg_diag_extreme,mean-reversion,1,0.1998573383130965,0.8125,0.219047619047619,0.6425858056087403,0.203125,0.0427892234548335,0.3443451722535501,0.3227017334853539,0.3177415045343082,0.3255374189338208,0.3333333333333333,0.7277908947474949,hard,jagged,connected,high,clustered_occlusion,-0.4427284672956438,0.609375,0.1762583955927855,-0.1228443951722574,globally hard,0.5153072318195782,0.7061103690731803,0.8306626880182932,0.1998573383130965,0,0.10333333333333333,0,0,0.5774129,0.9908823,-0.0464,1.0,39.0,1.9304818378078896,0.114849417410383,1.9184331762576816,0.8426395272372131,budget_18_neg_diag_extreme,2.5,0.5886426592797784,8.5,-62.0,0.2945409844934598,4.273015873015874,0.6690287986401401,0,globally hard,2,ambiguity zone,-1.8265273975688938,-1.3884860560937886
budget_18_neg_diag_extreme,mean-reversion,2,0.1735119888181958,0.828125,0.3126843657817109,0.6430477701084185,0.234375,0.0416,0.3535362550663297,0.3318527895791292,0.3103804684538784,0.2385235675602725,0.1666666666666666,0.7331679558736344,hard,jagged,connected,high,none,-0.4695357812902227,0.59375,0.2710843657817109,-0.1583408007609334,globally hard,0.48976013640351973,0.6427369634206714,0.7626140880186467,0.1735119888181958,0,0.05333333333333334,0,0,0.28278238,0.9479299,-0.0464,1.0,39.0,1.9304818378078896,0.114849417410383,1.9184331762576816,0.8426395272372131,budget_18_neg_diag_extreme,2.5,0.5886426592797784,8.5,-62.0,0.25972934852434715,4.273015873015874,0.6839429509909848,0,globally hard,2,ambiguity zone,-1.5076921797253284,-1.689206557685505
budget_18_neg_diag_extreme,mean-reversion,3,0.2218819374669256,0.859375,0.2065613608748481,0.6659404772950387,0.234375,0.0467571644042232,0.2990418207006945,0.2990418207006945,0.1750132485872036,0.2541732909602685,0.3333333333333333,0.8394458992233365,hard,jagged,connected,high,moment_preserving_perturbation,-0.444058539828113,0.625,0.1598041964706249,-0.0771598832337689,globally hard,0.45715823058594646,0.33056644475247765,0.9326569910292575,0.2218819374669256,1,0.9866666666666667,0,0,0.6235632,0.90741885,-0.0464,1.0,39.0,1.9304818378078896,0.114849417410383,1.9184331762576816,0.8426395272372131,budget_18_neg_diag_extreme,2.5,0.5886426592797784,8.5,-62.0,0.18526227378790272,4.273015873015874,0.674684949097696,0,globally hard,1,optimization-limited zone,-1.0973451812076174,-0.3212860301781479
budget_18_neg_diag_extreme,multi-hole,0,0.1238357801793558,0.96875,0.1845493562231759,0.5243510672437015,0.359375,0.0867052023121387,0.3665929928426177,0.3568325531888369,0.0984064916315219,0.2158699124824276,0.3333333333333333,0.9062804334569362,hard,smooth,connected,high,structured_dropout,-0.4005152870643457,0.609375,0.0978441539110372,-0.232996773009481,anchor-easy/blind-easy,0.4050426792783211,0.5678529607446744,0.6813161819549838,0.1238357801793558,0,0.01,1,1,0.5735678,0.25220454,-0.0464,1.0,73.0,1.0002814165939322,0.0980752729044046,2.013166601186731,0.7876321647398156,budget_18_neg_diag_extreme,2.5,0.5886426592797784,8.5,-62.0,0.12664563695274317,7.673015873015874,0.9734832485312581,1,anchor-easy/blind-easy,4,effective-collapse zone,2.038727207157745,-0.35503683957593074
budget_18_neg_diag_extreme,multi-hole,1,0.2266144725581584,0.703125,0.1821561338289963,0.5808175043329521,0.28125,0.044359949302915,0.350218918694464,0.3452475781148649,0.0944208013150406,0.2138770673241869,0.3333333333333333,0.9098997946396434,hard,smooth,connected,high,clustered_occlusion,-0.3542030317747937,0.421875,0.1377961845260812,-0.1186331055567065,globally hard,0.40228571974625554,0.5298358797695426,0.6975243116394868,0.2266144725581584,1,0.9866666666666667,1,1,0.7969437,0.22425874,-0.0464,1.0,73.0,1.0002814165939322,0.0980752729044046,2.013166601186731,0.7876321647398156,budget_18_neg_diag_extreme,2.5,0.5886426592797784,8.5,-62.0,0.12362147319445699,7.673015873015874,0.8263656407854973,0,globally hard,1,optimization-limited zone,0.49664141875234546,0.7639593142026752
budget_18_neg_diag_extreme,multi-hole,2,0.1216949016171751,0.96875,0.2421686746987952,0.5207927553017299,0.375,0.1026252983293556,0.393594833775413,0.3721108529221261,0.1121018190189895,0.2227175761761614,0.3333333333333333,0.8939532314252968,hard,smooth,connected,high,none,-0.3990978536845547,0.59375,0.1395433763694396,-0.250415951304951,anchor-easy/blind-easy,0.38927469604358295,0.49742586244286013,0.6850515646790489,0.1216949016171751,0,0.0033333333333333335,1,1,0.4791642,0.26284304,-0.0464,1.0,73.0,1.0002814165939322,0.0980752729044046,2.013166601186731,0.7876321647398156,budget_18_neg_diag_extreme,2.5,0.5886426592797784,8.5,-62.0,0.1313542700758366,7.673015873015874,0.9600582746325865,1,anchor-easy/blind-easy,4,effective-collapse zone,1.923900181809266,-0.47737800562145605
budget_18_neg_diag_extreme,multi-hole,3,0.2246455912773461,0.828125,0.1984126984126984,0.5224943756407944,0.40625,0.0681265206812652,0.4275440117294646,0.3738754561346885,0.1170303571273335,0.2251818452303334,0.3333333333333333,0.8895581883223252,hard,smooth,connected,high,moment_preserving_perturbation,-0.2978487843634483,0.421875,0.1302861777314332,-0.1492298648573423,globally hard,0.3954402871980278,0.42100311384191325,0.6996307707747756,0.2246455912773461,1,1.0,1,1,0.461509,0.25456756,-0.0464,1.0,73.0,1.0002814165939322,0.0980752729044046,2.013166601186731,0.7876321647398156,budget_18_neg_diag_extreme,2.5,0.5886426592797784,8.5,-62.0,0.1402100481734975,7.673015873015874,0.8004353931747252,0,globally hard,1,optimization-limited zone,0.27851186535323336,0.8551247331776847
budget_18_neg_diag_extreme,nested-rings,0,0.0985001102128864,1.0,0.2325056433408578,0.4492004027049881,0.421875,0.0714285714285714,0.343762158602848,0.3365405311623278,0.1181969050884535,0.3090984525442267,0.5,0.8885210810667283,hard,smooth,connected,high,none,-0.3507002924921017,0.578125,0.1610770719122864,-0.2380404209494414,anchor-easy/blind-easy,0.31534723340038456,0.36058590731704787,0.5867255241208279,0.0985001102128864,0,0.0033333333333333335,0,0,0.16627158,0.22317238,-0.0464,1.0,80.0,1.0113656184223867,0.0765667972526494,1.984999432522959,0.9893860467956732,budget_18_neg_diag_extreme,2.5,0.5886426592797784,8.5,-62.0,0.1371154576299643,8.373015873015873,0.9533094620887336,1,anchor-easy/blind-easy,4,effective-collapse zone,1.788830972889738,-0.11308030437259925
budget_18_neg_diag_extreme,nested-rings,1,0.2369832413747835,0.765625,0.2249134948096885,0.4507265412310723,0.4375,0.0651629072681704,0.3566394743031414,0.3408632595649591,0.1399935877768564,0.3199967938884282,0.5,0.8693638099356754,hard,smooth,connected,high,moment_preserving_perturbation,-0.2137432998562888,0.328125,0.1597505875415181,-0.1038800181901756,globally hard,0.31931117347863036,0.4066765527663302,0.5681494689268577,0.2369832413747835,1,1.0,0,0,0.23817715,0.30637422,-0.0464,1.0,80.0,1.0113656184223867,0.0765667972526494,1.984999432522959,0.9893860467956732,budget_18_neg_diag_extreme,2.5,0.5886426592797784,8.5,-62.0,0.15490714069901673,8.373015873015873,0.7760828389337063,0,globally hard,1,optimization-limited zone,-0.2375103074803458,1.4628790917095984
budget_18_neg_diag_extreme,nested-rings,2,0.1020694929068278,1.0,0.2462365591397849,0.4465192225547822,0.421875,0.0582959641255605,0.3545382914116485,0.3494084453413774,0.1016488132691977,0.2174910733012655,0.3333333333333333,0.903346739357739,hard,smooth,connected,high,structured_dropout,-0.3444497296479544,0.578125,0.1879405950142244,-0.2473389524345495,anchor-easy/blind-easy,0.32567259236755614,0.38817843930553836,0.5940509374495833,0.1020694929068278,0,0.01,0,0,0.2620887,0.21684867,-0.0464,1.0,80.0,1.0113656184223867,0.0765667972526494,1.984999432522959,0.9893860467956732,budget_18_neg_diag_extreme,2.5,0.5886426592797784,8.5,-62.0,0.12301915924914794,8.373015873015873,0.9697125002288527,1,anchor-easy/blind-easy,4,effective-collapse zone,2.059708321758642,-0.04969908367232124
budget_18_neg_diag_extreme,nested-rings,3,0.2291780025615969,0.5625,0.1894510226049515,0.4910767892627938,0.3125,0.1003911342894393,0.393396732949087,0.3786402437116014,0.0937209048410972,0.2968604524205486,0.5,0.9105368532090712,hard,smooth,connected,high,clustered_occlusion,-0.2618987867011969,0.25,0.0890598883155122,-0.1494622411500044,globally hard,0.36912781626738495,0.40847476027200424,0.6225482486773064,0.2291780025615969,1,1.0,0,0,0.20884189,0.307266,-0.0464,1.0,80.0,1.0113656184223867,0.0765667972526494,1.984999432522959,0.9893860467956732,budget_18_neg_diag_extreme,2.5,0.5886426592797784,8.5,-62.0,0.12236538357948998,8.373015873015873,0.8247013905897048,0,globally hard,1,optimization-limited zone,0.62363040250207,1.221035319703687
budget_18_neg_diag_extreme,pinwheel,0,0.1664110664283863,0.953125,0.1866330390920554,0.473756664349979,0.453125,0.0616438356164383,0.3025942881228556,0.2884633123211725,0.151941634262739,0.2426374837980361,0.3333333333333333,0.8590384176885532,hard,jagged,connected,high,none,-0.3073455979215926,0.5,0.1249892034756171,-0.1220522458927862,globally hard,0.36133344065026757,0.5167807895240333,0.6103193549370242,0.1664110664283863,0,0.013333333333333334,1,0,0.5106408,0.403138,-1.0464,1.0,66.0,1.0084614575281672,0.1489407766853352,2.043908586001609,0.938995126702752,budget_18_neg_diag_extreme,2.5,0.5886426592797784,8.5,-62.0,1.1699843052956704,6.973015873015874,0.9150609364067189,0,globally hard,3,decision-fragile zone,0.2007193296062807,1.9669768363362674
budget_18_neg_diag_extreme,pinwheel,1,0.2421417117135537,0.78125,0.159178433889602,0.4878219163536291,0.359375,0.0544412607449856,0.3264282321305379,0.3107770055930929,0.1395512573662853,0.2364422953498093,0.3333333333333333,0.8697484410474075,hard,jagged,connected,high,moment_preserving_perturbation,-0.2456802046400754,0.421875,0.1047371731446164,-0.0686352938795392,optimization-limited candidate,0.33456581422156345,0.384703194464692,0.6486707585132496,0.2421417117135537,1,0.9966666666666667,1,0,0.6116008,0.5318066,-1.0464,1.0,66.0,1.0084614575281672,0.1489407766853352,2.043908586001609,0.938995126702752,budget_18_neg_diag_extreme,2.5,0.5886426592797784,8.5,-62.0,1.1637377067713952,6.973015873015874,0.7755532954009815,0,optimization-limited candidate,3,decision-fragile zone,-0.9771143326697993,2.9690340893871374
budget_18_neg_diag_extreme,pinwheel,2,0.2171937485643312,0.890625,0.2012903225806451,0.4304080705196911,0.46875,0.0683060109289617,0.3161726479002063,0.3047693241244533,0.1357681620657119,0.1512174143661893,0.1666666666666666,0.8730450139805411,hard,jagged,connected,high,structured_dropout,-0.2132143219553599,0.421875,0.1329843116516834,-0.087575575560122,globally hard,0.3302203619744306,0.4292271218415513,0.5966742248720438,0.2171937485643312,1,0.99,1,0,0.61046714,0.47378382,-1.0464,1.0,66.0,1.0084614575281672,0.1489407766853352,2.043908586001609,0.938995126702752,budget_18_neg_diag_extreme,2.5,0.5886426592797784,8.5,-62.0,1.1548393449273235,6.973015873015874,0.7805275231995815,0,globally hard,3,decision-fragile zone,-0.8356980312350034,3.070929274179234
budget_18_neg_diag_extreme,pinwheel,3,0.2165542076163863,0.84375,0.1391200951248513,0.4711760567905327,0.359375,0.0798319327731092,0.3119568271061716,0.3119568271061716,0.152762982839523,0.2430481580864281,0.3333333333333333,0.8583331373869172,hard,jagged,connected,high,clustered_occlusion,-0.2546218491741464,0.484375,0.0592881623517421,-0.0954026194897853,globally hard,0.37144719020751377,0.4108931844619068,0.6263120731282034,0.2165542076163863,1,1.0,1,0,0.3807967,0.49110198,-1.0464,1.0,66.0,1.0084614575281672,0.1489407766853352,2.043908586001609,0.938995126702752,budget_18_neg_diag_extreme,2.5,0.5886426592797784,8.5,-62.0,1.1779105821353326,6.973015873015874,0.7613200832888852,0,globally hard,3,decision-fragile zone,-1.0567704356890661,2.7739584623883853
budget_18_neg_diag_extreme,spiral,0,0.1160570343063233,1.0,0.2588235294117647,0.5299811497966963,0.390625,0.0739348370927318,0.3678507485401556,0.3678507485401556,0.1092629458246203,0.1379648062456435,0.1666666666666666,0.896494656976625,hard,smooth,connected,high,structured_dropout,-0.413924115490373,0.609375,0.1848886923190328,-0.2517937142338323,anchor-easy/blind-easy,0.3542711470282891,0.3772735438112097,0.7242091955643745,0.1160570343063233,0,0.023333333333333334,0,0,0.22465505,0.34533823,-0.0464,1.0,48.0,1.1364522233114445,0.1033335109422039,1.9971717461824172,0.8783513135867637,budget_18_neg_diag_extreme,2.5,0.5886426592797784,8.5,-62.0,0.12738312455236564,5.173015873015874,0.9462545894306599,1,anchor-easy/blind-easy,4,effective-collapse zone,1.8665522674427817,-0.8632189214094266
budget_18_neg_diag_extreme,spiral,1,0.1935752768219257,0.84375,0.2108294930875576,0.5552209861151242,0.34375,0.0593325092707045,0.3826984891840479,0.3745036158845063,0.1119283145345743,0.2226308239339538,0.3333333333333333,0.8941083497762822,hard,smooth,connected,high,clustered_occlusion,-0.3616457092931984,0.5,0.1514969838168531,-0.1809283390625806,globally hard,0.40768842801498306,0.510703955451181,0.746881301305529,0.1935752768219257,0,0.013333333333333334,0,0,0.19164903,0.42973885,-0.0464,1.0,48.0,1.1364522233114445,0.1033335109422039,1.9971717461824172,0.8783513135867637,budget_18_neg_diag_extreme,2.5,0.5886426592797784,8.5,-62.0,0.1347305247191053,5.173015873015874,0.9449965478971314,0,globally hard,4,effective-collapse zone,1.5340494514502832,-0.3278789744986003
budget_18_neg_diag_extreme,spiral,2,0.1143697560784895,0.953125,0.2722029988465975,0.5190663469646031,0.359375,0.053639846743295,0.3809473782930378,0.3736674216898221,0.1234535313274046,0.1450600989970356,0.1666666666666666,0.8838627122168075,hard,smooth,connected,high,none,-0.4046965908861136,0.59375,0.2185631521033025,-0.2592976656113326,anchor-easy/blind-easy,0.44879305215610055,0.638919951117413,0.7167555559601112,0.1143697560784895,0,0.03333333333333333,0,1,0.28306887,0.22876783,0.9536,1.0,48.0,1.1364522233114445,0.1033335109422039,1.9971717461824172,0.8783513135867637,budget_18_neg_diag_extreme,2.5,0.5886426592797784,8.5,-62.0,0.08984910988188269,5.173015873015874,0.9297924685193459,1,anchor-easy/blind-easy,4,effective-collapse zone,1.8105226335866043,-1.6694104264033376
budget_18_neg_diag_extreme,spiral,3,0.225448672046457,0.78125,0.1975028376844494,0.5632830180477711,0.3125,0.028395061728395,0.4435615467350073,0.3774697681312098,0.1358796585810116,0.2346064959571724,0.3333333333333333,0.8729476779301986,hard,smooth,connected,high,moment_preserving_perturbation,-0.3378343460013141,0.46875,0.1691077759560544,-0.1520210960847528,globally hard,0.403417840441979,0.30896267582665105,0.8184949415317577,0.225448672046457,1,0.9966666666666667,0,0,0.22755012,0.27807245,-0.0464,1.0,48.0,1.1364522233114445,0.1033335109422039,1.9971717461824172,0.8783513135867637,budget_18_neg_diag_extreme,2.5,0.5886426592797784,8.5,-62.0,0.15544304042766766,5.173015873015874,0.7675303716706775,0,globally hard,1,optimization-limited zone,-0.05653156940841105,0.24073588393391165
budget_18_neg_diag_extreme,volatility-clustering,0,0.2214707079322616,0.84375,0.2116182572614107,0.5720307460348755,0.296875,0.0365853658536585,0.3170949927815108,0.3170949927815108,0.1432421356420032,0.1549544011543349,0.1666666666666666,0.8665442222492595,hard,jagged,connected,high,moment_preserving_perturbation,-0.3505600381026139,0.546875,0.1750328914077522,-0.0956242848492492,globally hard,0.4697773671429057,0.6210058317105371,0.827412578360826,0.2214707079322616,1,0.9633333333333334,1,1,0.74736327,0.8553936,-0.0464,1.0,37.0,1.071409286066147,0.1618705737123711,2.137595864061074,0.9432368914925192,budget_18_neg_diag_extreme,2.5,0.5886426592797784,8.5,-62.0,0.15932948453103987,4.073015873015874,0.7674462123132905,0,globally hard,1,optimization-limited zone,-0.3676828820378824,0.21048036742116658
budget_18_neg_diag_extreme,volatility-clustering,1,0.1520615307931505,0.890625,0.4072900158478605,0.5507274934512831,0.375,0.0504908835904628,0.3687496708024156,0.357949346219881,0.1286642662744528,0.3143321331372264,0.5,0.8792691162929523,hard,jagged,connected,high,structured_dropout,-0.3986659626581326,0.515625,0.3567991322573977,-0.2058878154267305,globally hard,0.3898942437380753,0.47855498541145314,0.7309307459699305,0.1520615307931505,0,0.01,1,0,0.823431,0.7987817,-1.0464,1.0,37.0,1.071409286066147,0.1618705737123711,2.137595864061074,0.9432368914925192,budget_18_neg_diag_extreme,2.5,0.5886426592797784,8.5,-62.0,1.1226605952244775,4.073015873015874,0.9303688538980587,0,globally hard,3,decision-fragile zone,0.83511097754753,0.8593385096686124
budget_18_neg_diag_extreme,volatility-clustering,2,0.2119084952396844,0.796875,0.2236842105263158,0.5581679448544672,0.296875,0.046419098143236,0.4124522508277444,0.395196139429857,0.1290471605129108,0.231190246923122,0.3333333333333333,0.8789325136599866,hard,jagged,connected,high,clustered_occlusion,-0.3462594496147828,0.5,0.1772651123830798,-0.1832876441901725,globally hard,0.47719680246386464,0.7138570828626737,0.7632171949636138,0.2119084952396844,1,0.89,1,1,0.5753807,0.72393316,-0.0464,1.0,37.0,1.071409286066147,0.1618705737123711,2.137595864061074,0.9432368914925192,budget_18_neg_diag_extreme,2.5,0.5886426592797784,8.5,-62.0,0.14658134829291758,4.073015873015874,0.7936069680169657,0,globally hard,1,optimization-limited zone,0.28830056937233384,-0.08326858148657013
budget_18_neg_diag_extreme,volatility-clustering,3,0.1601359516751551,0.859375,0.2792553191489361,0.568831965070454,0.328125,0.0400572246065808,0.3719936031253952,0.3684484084687844,0.143753743383669,0.3218768716918345,0.5,0.8661010049030412,hard,jagged,connected,high,none,-0.4086960133952989,0.53125,0.2391980945423553,-0.2083124567936293,globally hard,0.4912055452891182,0.5082159624164301,0.8667270070442173,0.1601359516751551,0,0.11,1,1,0.46414578,0.51672244,-0.0464,1.0,37.0,1.071409286066147,0.1618705737123711,2.137595864061074,0.9432368914925192,budget_18_neg_diag_extreme,2.5,0.5886426592797784,8.5,-62.0,0.15000974589620825,4.073015873015874,0.8991438758342031,0,globally hard,4,effective-collapse zone,1.0828608793239183,-0.9059401755741487
budget_22_broad_high_cond,barbell-bridge,0,0.2265754601245124,0.828125,0.1258823529411764,0.5932597774258103,0.15625,0.0410764872521246,0.3633601148014223,0.3188370941397567,0.1712611741554069,0.3356305870777035,0.5,0.8426014790017544,hard,jagged,connected,high,structured_dropout,-0.3666843173012978,0.671875,0.0848058656890518,-0.0922616340152442,irreducibly ambiguous candidate,0.406444846762003,0.44167927886846003,0.8126687050789494,0.2265754601245124,1,0.9866666666666667,1,0,0.76090103,0.70123804,-1.0464,1.0,40.0,4.195334447827693,0.1627607014971466,2.105285482509537,0.9827512428576958,budget_22_broad_high_cond,2.7,0.8520087655222791,6.4,15.0,1.1961024145852557,4.3730158730158735,0.6064490561673449,0,irreducibly ambiguous candidate,3,decision-fragile zone,-1.8056842632282137,1.726590815270361
budget_22_broad_high_cond,barbell-bridge,1,0.2381656994039286,0.8125,0.1390644753476612,0.5634724540656572,0.234375,0.0693215339233038,0.3079010755611125,0.3079010755611125,0.1430911767343406,0.2382122550338369,0.3333333333333333,0.8666750446926498,hard,jagged,connected,high,clustered_occlusion,-0.3253067546617285,0.578125,0.0697429414243574,-0.0697353761571839,globally hard,0.3570581447375396,0.29572184068229485,0.8106695436813057,0.2381656994039286,1,0.9966666666666667,1,0,0.8138981,0.55090237,-1.0464,1.0,40.0,4.195334447827693,0.1627607014971466,2.105285482509537,0.9827512428576958,budget_22_broad_high_cond,2.7,0.8520087655222791,6.4,15.0,1.1695922773149001,4.3730158730158735,0.634017317007217,0,globally hard,3,decision-fragile zone,-1.5155876678622517,2.1358506691619707
budget_22_broad_high_cond,barbell-bridge,2,0.1502462630508089,0.953125,0.3571428571428571,0.5460426099538703,0.234375,0.0608203677510608,0.4413586756707476,0.2860958455230232,0.1733356621174292,0.3366678310587146,0.5,0.8408553241915647,hard,jagged,connected,high,none,-0.3957963469030614,0.71875,0.2963224893917963,-0.1358495824722143,irreducibly ambiguous candidate,0.3858463205118643,0.44756919505967274,0.750791235029087,0.1502462630508089,0,0.013333333333333334,1,0,0.6655098,0.5248824,-1.0464,1.0,40.0,4.195334447827693,0.1627607014971466,2.105285482509537,0.9827512428576958,budget_22_broad_high_cond,2.7,0.8520087655222791,6.4,15.0,1.1578300685040617,4.3730158730158735,0.7551418330341424,0,irreducibly ambiguous candidate,3,decision-fragile zone,-0.5194794558043647,0.9401706465742755
budget_22_broad_high_cond,barbell-bridge,3,0.225611105895981,0.828125,0.1842818428184282,0.5961016518660373,0.1875,0.0417910447761194,0.3537278548658346,0.3345205201680111,0.1441087715273174,0.155387719096992,0.1666666666666666,0.8657935692484425,hard,jagged,connected,high,moment_preserving_perturbation,-0.3704905459700562,0.640625,0.1424907980423088,-0.1089094142720301,globally hard,0.5073208530179545,0.5317834788053099,0.866501664842578,0.225611105895981,1,0.9633333333333334,1,1,0.5161672,0.58474004,-0.0464,1.0,40.0,4.195334447827693,0.1627607014971466,2.105285482509537,0.9827512428576958,budget_22_broad_high_cond,2.7,0.8520087655222791,6.4,15.0,0.16395214154396354,4.3730158730158735,0.6381249523734918,0,globally hard,1,optimization-limited zone,-0.7468283826672139,0.02136202750096558
budget_22_broad_high_cond,crescent,0,0.1267882776903412,0.984375,0.250936329588015,0.6946088481311602,0.28125,0.0910209102091021,0.2693961589183291,0.2319914106651518,0.1220787732465719,0.3943727199566193,0.6666666666666666,0.8850786452381423,hard,smooth,connected,high,none,-0.567820570440819,0.703125,0.1599154193789129,-0.1052031329748106,globally hard,0.42836333903970325,0.35572335552623113,0.9908091237639353,0.1267882776903412,0,0.08333333333333333,0,1,0.4161613,0.99916303,0.9536,1.0,12.0,1.926420323251142,0.1042283193607317,2.07937302735138,0.8077277247469214,budget_22_broad_high_cond,2.7,0.8520087655222791,6.4,15.0,0.0914447739674696,1.5730158730158732,0.8647067605208596,0,globally hard,2,ambiguity zone,0.8862926340827679,-2.3801378879796498
budget_22_broad_high_cond,crescent,1,0.2257922036547717,0.75,0.1056410256410256,0.6915016873859806,0.265625,0.0727272727272727,0.3107359170427777,0.2813708461959898,0.2358935971317614,0.201280131899214,0.1666666666666666,0.7898647133327259,hard,smooth,connected,high,moment_preserving_perturbation,-0.4657094837312089,0.484375,0.0329137529137529,-0.055578642541218,globally hard,0.44209790770552043,0.39409956541392904,1.0052210478100891,0.2257922036547717,1,0.9933333333333333,0,1,0.3559291,0.99976784,0.9536,1.0,12.0,1.926420323251142,0.1042283193607317,2.07937302735138,0.8077277247469214,budget_22_broad_high_cond,2.7,0.8520087655222791,6.4,15.0,0.21097355558861122,1.5730158730158732,0.6070449511688024,0,globally hard,1,optimization-limited zone,-1.9741062384888903,-1.6625067918495164
budget_22_broad_high_cond,crescent,2,0.1002058496832832,0.9375,0.2784810126582278,0.705533975073924,0.21875,0.0689655172413793,0.2942543606306567,0.2482067234596526,0.0993672799135166,0.2163503066234249,0.3333333333333333,0.9054101080024696,hard,smooth,connected,high,structured_dropout,-0.6053281253906408,0.71875,0.2095154954168485,-0.1480008737763694,anchor-easy/blind-easy,0.4542544156663098,0.41024228616995284,1.0064354657177643,0.1002058496832832,0,0.11333333333333333,0,1,0.7694184,0.9968189,0.9536,1.0,12.0,1.926420323251142,0.1042283193607317,2.07937302735138,0.8077277247469214,budget_22_broad_high_cond,2.7,0.8520087655222791,6.4,15.0,0.07169537917810692,1.5730158730158732,0.883980505779567,1,anchor-easy/blind-easy,2,ambiguity zone,1.3647128759750051,-2.6400824604793764
budget_22_broad_high_cond,crescent,3,0.2756087071746927,0.578125,0.1936708860759493,0.7040448098238964,0.234375,0.047945205479452,0.3387532437849155,0.3177272239277532,0.1214005175942829,0.2273669254638081,0.3333333333333333,0.8856791584597176,hard,smooth,connected,high,clustered_occlusion,-0.4284361026492037,0.34375,0.1457256805964973,-0.0421185167530605,optimization-limited candidate,0.5762535259553349,0.5865889073530173,1.0082669996466602,0.2756087071746927,1,0.98,0,1,0.31548777,0.9998242,0.9536,1.0,12.0,1.926420323251142,0.1042283193607317,2.07937302735138,0.8077277247469214,budget_22_broad_high_cond,2.7,0.8520087655222791,6.4,15.0,0.09788877178171926,1.5730158730158732,0.7264737844017283,0,optimization-limited candidate,1,optimization-limited zone,-0.40771730885668006,-1.015262001388358
budget_22_broad_high_cond,cross-branch,0,0.0809036301053633,0.984375,0.5697115384615384,0.5458890354217475,0.296875,0.0577281191806331,0.2931923306297093,0.2931923306297093,0.1496576419883439,0.324828820994172,0.5,0.8610026971436041,hard,jagged,connected,high,none,-0.4649854053163842,0.6875,0.5119834192809053,-0.2122887005243459,blind-easy/downstream-fragile,0.3400326012445724,0.3399682693547873,0.6922881161720925,0.0809036301053633,0,0.0033333333333333335,0,1,0.39882252,0.943546,0.9536,1.0,1.0,1.0024045069907674,0.1715963011416351,1.2292899263454526,0.985285262036289,budget_22_broad_high_cond,2.7,0.8520087655222791,6.4,15.0,0.06439595652863836,0.4730158730158731,0.9575301745769572,1,blind-easy/downstream-fragile,2,ambiguity zone,1.3957838853538345,-2.5223782776480896
budget_22_broad_high_cond,cross-branch,1,0.2402079524981896,0.796875,0.1129870129870129,0.5608147408676336,0.34375,0.0593900481540931,0.3733628898602557,0.3606164809812583,0.1193750985489926,0.2263542159411629,0.3333333333333333,0.8874748477930915,hard,jagged,connected,high,moment_preserving_perturbation,-0.320606788369444,0.453125,0.0535969648329198,-0.1204085284830687,globally hard,0.35225302052878754,0.3376798211842353,0.7845599711212953,0.2402079524981896,1,0.9866666666666667,0,1,0.30322608,0.92519665,0.9536,1.0,1.0,1.0024045069907674,0.1715963011416351,1.2292899263454526,0.985285262036289,budget_22_broad_high_cond,2.7,0.8520087655222791,6.4,15.0,0.10588726273891164,0.4730158730158731,0.8367451796938102,0,globally hard,1,optimization-limited zone,0.2766980896189217,-0.812007198327709
budget_22_broad_high_cond,cross-branch,2,0.1441796601912886,0.96875,0.1450252951096121,0.5691510935506408,0.296875,0.0910714285714285,0.2937013923180141,0.2937013923180141,0.175211466261649,0.2542723997974911,0.3333333333333333,0.8392795226992984,hard,jagged,connected,high,structured_dropout,-0.4249714333593521,0.671875,0.0539538665381836,-0.1495217321267255,globally hard,0.33592573617781074,0.3141627040262921,0.704702031429934,0.1441796601912886,0,0.006666666666666667,1,1,0.5275679,0.93653053,-0.0464,1.0,1.0,1.0024045069907674,0.1715963011416351,1.2292899263454526,0.985285262036289,budget_22_broad_high_cond,2.7,0.8520087655222791,6.4,15.0,0.1962013716604655,0.4730158730158731,0.9306555496599693,0,globally hard,2,ambiguity zone,0.605737730541162,-1.3320126865382098
budget_22_broad_high_cond,cross-branch,3,0.3326948394325919,0.546875,0.1035031847133758,0.6010624774079169,0.234375,0.0783333333333333,0.3397020915749071,0.3104194901857185,0.097771642152634,0.298885821076317,0.5,0.9068559677873476,hard,jagged,connected,high,clustered_occlusion,-0.2683676379753249,0.3125,0.0251698513800425,0.0222753492468734,optimization-limited candidate,0.41384696361382733,0.35989403000024817,0.7386182183182529,0.3150523714433619,1,0.9933333333333333,1,1,0.57912207,0.936674,-0.0464,1.0,1.0,1.0024045069907674,0.1715963011416351,1.2292899263454526,0.985285262036289,budget_22_broad_high_cond,2.7,0.8520087655222791,6.4,15.0,0.13405196581517984,0.4730158730158731,0.8584875905715935,0,optimization-limited candidate,1,optimization-limited zone,-0.15120441905193235,0.8677467126584326
budget_22_broad_high_cond,double-loop,0,0.2589604636510121,0.46875,0.1469648562300319,0.6074465484904892,0.265625,0.0951612903225806,0.3167699677908958,0.3087393716332783,0.0795611093551167,0.1231138880108917,0.1666666666666666,0.9235215824358542,hard,smooth,connected,high,clustered_occlusion,-0.3484860848394771,0.203125,0.0518035659074512,-0.0497789079822661,optimization-limited candidate,0.43183246340154385,0.5921682911976222,0.7133428543560019,0.2589604636510121,1,0.9866666666666667,0,1,0.3477365,0.77183825,0.9536,1.0,3.0,1.9632453591236552,0.0817043512033122,1.848737586275187,0.9903565845479404,budget_22_broad_high_cond,2.7,0.8520087655222791,6.4,15.0,0.06786842235724014,0.6730158730158731,0.7753439824114094,0,optimization-limited candidate,1,optimization-limited zone,0.22212319709466205,-0.5678316257603765
budget_22_broad_high_cond,double-loop,1,0.0696374527623183,1.0,0.4045643153526971,0.550674633322868,0.328125,0.0757575757575757,0.2530621539932953,0.2483421090773516,0.1037825912279564,0.1352246289473115,0.1666666666666666,0.9014212530069114,hard,smooth,connected,high,none,-0.4810371805605497,0.671875,0.3288067395951214,-0.1787046563150333,anchor-easy/blind-easy,0.4052650360736325,0.5659231968188514,0.6574547313651345,0.0696374527623183,0,0.0033333333333333335,0,1,0.45572948,0.7490425,0.9536,1.0,3.0,1.9632453591236552,0.0817043512033122,1.848737586275187,0.9903565845479404,budget_22_broad_high_cond,2.7,0.8520087655222791,6.4,15.0,0.06179585826228939,0.6730158730158731,0.9020027806615141,1,anchor-easy/blind-easy,2,ambiguity zone,1.5564902640082916,-2.299272326746877
budget_22_broad_high_cond,double-loop,2,0.2608402282887433,0.546875,0.0667539267015706,0.5628427653085105,0.296875,0.0809352517985611,0.2947372889735415,0.2947372889735415,0.1114363535132261,0.2223848434232797,0.3333333333333333,0.8945483244495551,hard,smooth,connected,high,moment_preserving_perturbation,-0.3020025370197672,0.25,-0.0141813250969905,-0.0338970606847982,optimization-limited candidate,0.345545292511447,0.3656327661164612,0.6943842382367703,0.2608402282887433,1,0.9933333333333333,1,1,0.17730775,0.75296706,-0.0464,1.0,3.0,1.9632453591236552,0.0817043512033122,1.848737586275187,0.9903565845479404,budget_22_broad_high_cond,2.7,0.8520087655222791,6.4,15.0,0.1645788644359044,0.6730158730158731,0.7405238909520216,0,optimization-limited candidate,1,optimization-limited zone,-0.4604857010069655,0.40869960623658114
budget_22_broad_high_cond,double-loop,3,0.1064422935873756,0.890625,0.24408014571949,0.5714613712752336,0.28125,0.0884244372990353,0.2396474766665344,0.2311939150460811,0.0950568754560942,0.2975284377280471,0.5,0.9093212149386236,hard,smooth,connected,high,structured_dropout,-0.4650190776878579,0.609375,0.1556557084204546,-0.1247516214587055,anchor-easy/blind-easy,0.38392571641750556,0.4320367358754368,0.6621067731957188,0.1064422935873756,0,0.006666666666666667,0,1,0.3103109,0.7167369,0.9536,1.0,3.0,1.9632453591236552,0.0817043512033122,1.848737586275187,0.9903565845479404,budget_22_broad_high_cond,2.7,0.8520087655222791,6.4,15.0,0.07185537944313132,0.6730158730158731,0.9107201445831058,1,anchor-easy/blind-easy,2,ambiguity zone,1.443005945182253,-1.9557287344773777
budget_22_broad_high_cond,mean-reversion,0,0.1184943495290344,1.0,0.2010376134889753,0.5653792815473366,0.28125,0.0592592592592592,0.3365372977381654,0.3184096900658472,0.1040836626253478,0.2187084979793405,0.3333333333333333,0.9011499017007386,hard,jagged,connected,high,structured_dropout,-0.4468849320183022,0.71875,0.1417783542297161,-0.1999153405368127,anchor-easy/blind-easy,0.46584305340268034,0.6484324781353938,0.7917060966074646,0.1184943495290344,0,0.04666666666666667,0,1,0.32664293,0.45402208,0.9536,1.0,39.0,1.9304818378078896,0.114849417410383,1.9184331762576816,0.8426395272372131,budget_22_broad_high_cond,2.7,0.8520087655222791,6.4,15.0,0.08315893148795622,4.273015873015874,0.8941872952619453,1,anchor-easy/blind-easy,2,ambiguity zone,1.6312581808890203,-1.7137625525032838
budget_22_broad_high_cond,mean-reversion,1,0.2379730487467869,0.65625,0.2057057057057057,0.5695970725275682,0.21875,0.0400641025641025,0.518213803486187,0.4181806292519134,0.0929803067366383,0.1298234867016525,0.1666666666666666,0.911211444846408,hard,jagged,connected,high,clustered_occlusion,-0.3316240237807812,0.4375,0.1656416031416032,-0.1802075805051265,globally hard,0.44091320423186514,0.5094804034201734,0.7950717001334514,0.2379730487467869,1,0.99,0,1,0.34946078,0.36470887,0.9536,1.0,39.0,1.9304818378078896,0.114849417410383,1.9184331762576816,0.8426395272372131,budget_22_broad_high_cond,2.7,0.8520087655222791,6.4,15.0,0.07385372712264514,4.273015873015874,0.759766159843701,0,globally hard,1,optimization-limited zone,0.6240592942640228,-0.5875149048331513
budget_22_broad_high_cond,mean-reversion,2,0.1368819313148401,0.984375,0.219573400250941,0.5696778097536244,0.296875,0.0439882697947214,0.3674345720403029,0.3494821043905611,0.144003217435651,0.1553349420511588,0.1666666666666666,0.8658849621255764,hard,jagged,connected,high,none,-0.4327958784387842,0.6875,0.1755851304562196,-0.212600173075721,globally hard,0.41036717867793143,0.5057510973827382,0.7780333777459635,0.1368819313148401,0,0.013333333333333334,0,1,0.3058118,0.43865618,0.9536,1.0,39.0,1.9304818378078896,0.114849417410383,1.9184331762576816,0.8426395272372131,budget_22_broad_high_cond,2.7,0.8520087655222791,6.4,15.0,0.11238394133622953,4.273015873015874,0.8575327150343752,0,globally hard,2,ambiguity zone,1.1493549601888005,-1.860844494970209
budget_22_broad_high_cond,mean-reversion,3,0.2344474318754782,0.8125,0.1503496503496503,0.5673597591631272,0.203125,0.0507131537242472,0.3018457563088984,0.3018457563088984,0.1483565102416593,0.1575115884541629,0.1666666666666666,0.8621237042176347,hard,jagged,connected,high,moment_preserving_perturbation,-0.3329123272876489,0.609375,0.0996364966254031,-0.0673983244334202,globally hard,0.45533643075409386,0.4878050560774781,0.8125872962301264,0.2344474318754782,1,0.9733333333333334,0,0,0.47145462,0.4583626,-0.0464,1.0,39.0,1.9304818378078896,0.114849417410383,1.9184331762576816,0.8426395272372131,budget_22_broad_high_cond,2.7,0.8520087655222791,6.4,15.0,0.1724511607997315,4.273015873015874,0.7042550201196445,0,globally hard,1,optimization-limited zone,-0.7607147666056822,0.3979749281648589
budget_22_broad_high_cond,multi-hole,0,0.1254225650520873,0.921875,0.1756487025948103,0.6083365450629793,0.25,0.0913140311804008,0.2933797379787067,0.2868915004993345,0.1095988479105774,0.2214660906219553,0.3333333333333333,0.8961935731214756,hard,smooth,connected,high,structured_dropout,-0.482913980010892,0.671875,0.0843346714144095,-0.1614689354472472,anchor-easy/blind-easy,0.35110474885311166,0.30485984944216904,0.758853048826003,0.1254225650520873,0,0.006666666666666667,1,1,0.40122712,0.92843837,-0.0464,1.0,73.0,1.0002814165939322,0.0980752729044046,2.013166601186731,0.7876321647398156,budget_22_broad_high_cond,2.7,0.8520087655222791,6.4,15.0,0.13674795246919852,7.673015873015874,0.9621780180488441,1,anchor-easy/blind-easy,4,effective-collapse zone,1.5850722474826668,-0.5525310976165065
budget_22_broad_high_cond,multi-hole,1,0.290593582125272,0.53125,0.1053811659192825,0.6645079658599153,0.203125,0.0488826815642458,0.3013605313315102,0.2955667338554821,0.0790582409758803,0.1228624538212735,0.1666666666666666,0.9239861090252812,hard,smooth,connected,high,clustered_occlusion,-0.3739143837346433,0.328125,0.0564984843550366,-0.0049731517302101,optimization-limited candidate,0.3891211474371406,0.44626853945583755,0.7434890629501041,0.290593582125272,1,0.99,1,1,0.38627347,0.88401514,-0.0464,1.0,73.0,1.0002814165939322,0.0980752729044046,2.013166601186731,0.7876321647398156,budget_22_broad_high_cond,2.7,0.8520087655222791,6.4,15.0,0.11712699136631444,7.673015873015874,0.8421923588235972,0,optimization-limited candidate,1,optimization-limited zone,0.2378303265105136,1.1671324332451831
budget_22_broad_high_cond,multi-hole,2,0.1485855217563528,0.828125,0.1780383795309168,0.6208772784104823,0.21875,0.0886339937434828,0.2890231567536016,0.2557824556358654,0.1055739686321045,0.3027869843160522,0.5,0.8998079128246684,hard,smooth,connected,high,none,-0.4722917566541295,0.609375,0.089404385787434,-0.1071969338795125,globally hard,0.3558183815742632,0.333580990761135,0.7515583376684662,0.1485855217563528,0,0.006666666666666667,0,1,0.2531152,0.90746695,0.9536,1.0,73.0,1.0002814165939322,0.0980752729044046,2.013166601186731,0.7876321647398156,budget_22_broad_high_cond,2.7,0.8520087655222791,6.4,15.0,0.08677775033619677,7.673015873015874,0.9664229424357369,0,globally hard,4,effective-collapse zone,1.5420144021696554,-1.0448424268753884
budget_22_broad_high_cond,multi-hole,3,0.2450259453099951,0.515625,0.1323251417769376,0.6262227998516849,0.203125,0.0957683741648107,0.313998956788358,0.3030011395994372,0.1210067971705755,0.2271700652519544,0.3333333333333333,0.8860279370893845,hard,smooth,connected,high,moment_preserving_perturbation,-0.3811968545416898,0.3125,0.0365567676121269,-0.057975194289442,optimization-limited candidate,0.40660052227990945,0.3986695874839117,0.7741421660804374,0.2450259453099951,1,1.0,1,1,0.6058661,0.9247909,-0.0464,1.0,73.0,1.0002814165939322,0.0980752729044046,2.013166601186731,0.7876321647398156,budget_22_broad_high_cond,2.7,0.8520087655222791,6.4,15.0,0.15139455557900597,7.673015873015874,0.7962612115254875,0,optimization-limited candidate,1,optimization-limited zone,-0.16002309295304246,0.765240746827978
budget_22_broad_high_cond,nested-rings,0,0.0975462582127688,1.0,0.1655034895314057,0.4521101565026514,0.40625,0.0784090909090909,0.3600207480622109,0.319905735631541,0.1117641461223302,0.2225487397278318,0.3333333333333333,0.8942551461737752,hard,smooth,connected,high,none,-0.3545638982898826,0.59375,0.0870943986223148,-0.2223594774187722,anchor-easy/blind-easy,0.3272442875637596,0.34783349538765074,0.6355764582422984,0.0975462582127688,0,0.006666666666666667,0,0,0.2878326,0.35064542,-0.0464,1.0,80.0,1.0113656184223867,0.0765667972526494,1.984999432522959,0.9893860467956732,budget_22_broad_high_cond,2.7,0.8520087655222791,6.4,15.0,0.13966678993458662,8.373015873015873,0.959556782772229,1,anchor-easy/blind-easy,4,effective-collapse zone,1.8085210884593346,-0.038790479087688824
budget_22_broad_high_cond,nested-rings,1,0.2426433232052555,0.703125,0.1584258324924319,0.4720733286161571,0.421875,0.0812807881773399,0.3263011834426484,0.3263011834426484,0.1249206249842406,0.1457936458254536,0.1666666666666666,0.8825669535702579,hard,smooth,connected,high,moment_preserving_perturbation,-0.2294300054109015,0.28125,0.0771450443150919,-0.0836578602373929,globally hard,0.31235842509312994,0.33165695512787685,0.6342320444098157,0.2426433232052555,1,0.9933333333333333,0,0,0.28748387,0.5990541,-0.0464,1.0,80.0,1.0113656184223867,0.0765667972526494,1.984999432522959,0.9893860467956732,budget_22_broad_high_cond,2.7,0.8520087655222791,6.4,15.0,0.1515299709756374,8.373015873015873,0.792851955017199,0,globally hard,1,optimization-limited zone,-0.10224076839049454,1.522760742908784
budget_22_broad_high_cond,nested-rings,2,0.1240646575776428,1.0,0.2250489236790606,0.4411725664315328,0.453125,0.0622986036519871,0.3755413638574559,0.3291497291018621,0.1182903556732648,0.225811844503299,0.3333333333333333,0.8884380521316972,hard,smooth,connected,high,structured_dropout,-0.31710790885389,0.546875,0.1627503200270735,-0.2050850715242193,anchor-easy/blind-easy,0.3258588648301031,0.3564540968181553,0.6313607186850151,0.1240646575776428,0,0.01,0,0,0.30199355,0.25717828,-0.0464,1.0,80.0,1.0113656184223867,0.0765667972526494,1.984999432522959,0.9893860467956732,budget_22_broad_high_cond,2.7,0.8520087655222791,6.4,15.0,0.13806923844738328,8.373015873015873,0.9521782911069434,1,anchor-easy/blind-easy,4,effective-collapse zone,1.637820579209609,0.19202004327637365
budget_22_broad_high_cond,nested-rings,3,0.215340635869782,0.75,0.1395582329317269,0.4894550412647884,0.296875,0.0393325387365911,0.3521764146788099,0.3521764146788099,0.1046110227566918,0.2189721780450126,0.3333333333333333,0.9006747964570098,hard,smooth,connected,high,clustered_occlusion,-0.2741144053950064,0.453125,0.1002256941951358,-0.1368357788090279,globally hard,0.41589289124103107,0.4954679000555573,0.6798288698124667,0.215340635869782,1,0.9766666666666667,0,0,0.24380814,0.23394409,-0.0464,1.0,80.0,1.0113656184223867,0.0765667972526494,1.984999432522959,0.9893860467956732,budget_22_broad_high_cond,2.7,0.8520087655222791,6.4,15.0,0.13641169327558722,8.373015873015873,0.816791480055392,0,globally hard,1,optimization-limited zone,0.4371507857437369,1.1584105141673506
budget_22_broad_high_cond,pinwheel,0,0.16065415001956,0.96875,0.1542857142857142,0.4724590609116219,0.4375,0.0586666666666666,0.3199129675032572,0.3199129675032572,0.1357601419267998,0.2345467376300665,0.3333333333333333,0.8730520159509081,hard,jagged,connected,high,none,-0.3118049108920618,0.53125,0.0956190476190475,-0.1592588174836972,globally hard,0.3605938109960536,0.4627922065469108,0.6629546214832652,0.16065415001956,0,0.0,1,0,0.40676984,0.52732676,-1.0464,1.0,66.0,1.0084614575281672,0.1489407766853352,2.043908586001609,0.938995126702752,budget_22_broad_high_cond,2.7,0.8520087655222791,6.4,15.0,1.1612142914580936,6.973015873015874,0.9339426426037281,0,globally hard,3,decision-fragile zone,0.6012599524175412,1.8606414742663444
budget_22_broad_high_cond,pinwheel,1,0.2326203227819214,0.90625,0.1169527896995708,0.5258350657112922,0.390625,0.0630872483221476,0.4131330618915295,0.2973621142924767,0.1830861880065278,0.3415430940032639,0.5,0.8326963842028153,hard,jagged,connected,high,moment_preserving_perturbation,-0.2932147429293708,0.515625,0.0538655413774232,-0.0647417915105553,irreducibly ambiguous candidate,0.32480799327741455,0.30264452082290827,0.7099348236430068,0.2326203227819214,1,1.0,1,0,0.60990447,0.67599046,-1.0464,1.0,66.0,1.0084614575281672,0.1489407766853352,2.043908586001609,0.938995126702752,budget_22_broad_high_cond,2.7,0.8520087655222791,6.4,15.0,1.2080737475637042,6.973015873015874,0.7301106910668019,0,irreducibly ambiguous candidate,3,decision-fragile zone,-1.611643821721686,2.582849528601316
budget_22_broad_high_cond,pinwheel,2,0.2059052938083413,0.984375,0.1523255813953488,0.4921228338972335,0.40625,0.053763440860215,0.3206048974251252,0.2909208131909391,0.1238657245269681,0.2285995289301507,0.3333333333333333,0.8834984650927349,hard,jagged,connected,high,structured_dropout,-0.2862175400888922,0.578125,0.0985621405351337,-0.0850155193825978,globally hard,0.269544459771947,0.1951825656772367,0.6560685603069686,0.2059052938083413,0,0.04666666666666667,1,0,0.6042408,0.6782918,-1.0464,1.0,66.0,1.0084614575281672,0.1489407766853352,2.043908586001609,0.938995126702752,budget_22_broad_high_cond,2.7,0.8520087655222791,6.4,15.0,1.1513978060234416,6.973015873015874,0.9391423811588042,0,globally hard,3,decision-fragile zone,0.4035887995167538,2.345444310255979
budget_22_broad_high_cond,pinwheel,3,0.2462179622846694,0.859375,0.1357882623705408,0.5421719053890152,0.34375,0.0447957839262187,0.3158398330367779,0.2933307879660526,0.1244794371176197,0.3122397185588098,0.5,0.8829564173086744,hard,jagged,connected,high,clustered_occlusion,-0.2959539431043457,0.515625,0.0909924784443221,-0.0471128256813832,optimization-limited candidate,0.39416593100653863,0.38860275695898655,0.7162602642926242,0.2462179622846694,1,0.9966666666666667,0,0,0.32176176,0.57185346,-0.0464,1.0,66.0,1.0084614575281672,0.1489407766853352,2.043908586001609,0.938995126702752,budget_22_broad_high_cond,2.7,0.8520087655222791,6.4,15.0,0.1539765906505551,6.973015873015874,0.7912910013113922,0,optimization-limited candidate,1,optimization-limited zone,-0.2756612255444878,1.146688818785342
budget_22_broad_high_cond,spiral,0,0.1259967659291212,0.984375,0.2148309705561614,0.5526643726515275,0.21875,0.0472154963680387,0.3966601616290491,0.3870031622614855,0.0931597120542398,0.2965798560271199,0.5,0.9110479833311144,hard,smooth,connected,high,structured_dropout,-0.4266676067224062,0.765625,0.1676154741881227,-0.2610063963323643,anchor-easy/blind-easy,0.4015799714925726,0.5083628373258805,0.7297165217906146,0.1259967659291212,0,0.0,1,0,0.25071552,0.5263841,-1.0464,1.0,48.0,1.1364522233114445,0.1033335109422039,1.9971717461824172,0.8783513135867637,budget_22_broad_high_cond,2.7,0.8520087655222791,6.4,15.0,1.1195461206968949,5.173015873015874,0.9668987093223912,1,anchor-easy/blind-easy,3,decision-fragile zone,1.5913520069544669,0.7969916891857306
budget_22_broad_high_cond,spiral,1,0.220321172232446,0.671875,0.229800629590766,0.5636641106970329,0.25,0.0561097256857855,0.4531179438129482,0.427954950077797,0.0952743893592335,0.1309705280129501,0.1666666666666666,0.9091234464414336,hard,smooth,connected,high,clustered_occlusion,-0.3433429384645869,0.421875,0.1736909039049805,-0.207633777845351,globally hard,0.398191641931877,0.48422340658975016,0.7350185610854334,0.220321172232446,1,0.9766666666666667,0,1,0.23859975,0.53619945,0.9536,1.0,48.0,1.1364522233114445,0.1033335109422039,1.9971717461824172,0.8783513135867637,budget_22_broad_high_cond,2.7,0.8520087655222791,6.4,15.0,0.07338027470060587,5.173015873015874,0.8133153705830726,0,globally hard,1,optimization-limited zone,0.9163904605200887,-0.6278470390331491
budget_22_broad_high_cond,spiral,2,0.1186393516973755,1.0,0.2181425485961123,0.5649350657694836,0.203125,0.0569007263922518,0.3525637677594566,0.3525637677594566,0.1166732292521177,0.2250032812927255,0.3333333333333333,0.8898759310820228,hard,smooth,connected,high,none,-0.4462957140721081,0.796875,0.1612418222038605,-0.2339244160620811,anchor-easy/blind-easy,0.42985521436129553,0.5759076974061784,0.7341033913753557,0.1186393516973755,0,0.016666666666666666,1,0,0.38732493,0.5030687,-1.0464,1.0,48.0,1.1364522233114445,0.1033335109422039,1.9971717461824172,0.8783513135867637,budget_22_broad_high_cond,2.7,0.8520087655222791,6.4,15.0,1.1376218336701223,5.173015873015874,0.9394895086250555,1,anchor-easy/blind-easy,3,decision-fragile zone,1.119133292984826,0.7135059877934469
budget_22_broad_high_cond,spiral,3,0.2367668904436478,0.625,0.1272365805168986,0.5852473232992448,0.21875,0.0480295566502463,0.3734382431986355,0.3532902129503457,0.1240287267909892,0.1453476967288279,0.1666666666666666,0.8833544645791894,hard,smooth,connected,high,moment_preserving_perturbation,-0.348480432855597,0.40625,0.0792070238666522,-0.1165233225066978,globally hard,0.33676451270994984,0.1719059397185385,0.7896430196895553,0.2367668904436478,1,0.9833333333333333,0,0,0.27702954,0.5916471,-0.0464,1.0,48.0,1.1364522233114445,0.1033335109422039,1.9971717461824172,0.8783513135867637,budget_22_broad_high_cond,2.7,0.8520087655222791,6.4,15.0,0.1546477357082391,5.173015873015874,0.781981329893451,0,globally hard,1,optimization-limited zone,-0.02431233865092758,0.3704739922751848
budget_22_broad_high_cond,volatility-clustering,0,0.2237468380207906,0.921875,0.1542497376705141,0.5882573028009893,0.234375,0.03841059602649,0.3607636124636228,0.3470341900687801,0.1317562813005576,0.2325448073169454,0.3333333333333333,0.8765546017958803,hard,jagged,connected,high,moment_preserving_perturbation,-0.3645104647801987,0.6875,0.115839141644024,-0.1232873520479895,globally hard,0.3044074444026546,0.14258457962916782,0.8298468800632884,0.2237468380207906,1,0.98,0,0,0.4516085,0.55390906,-0.0464,1.0,37.0,1.071409286066147,0.1618705737123711,2.137595864061074,0.9432368914925192,budget_22_broad_high_cond,2.7,0.8520087655222791,6.4,15.0,0.15783290947350415,4.073015873015874,0.7768302410940554,0,globally hard,1,optimization-limited zone,-0.10869721771472707,0.09013317917242501
budget_22_broad_high_cond,volatility-clustering,1,0.1180448672615331,0.984375,0.2597114317425083,0.5372384720173847,0.328125,0.0638540478905359,0.3458770608060894,0.3184573736074758,0.1188463575211091,0.1427565120938878,0.1666666666666666,0.887944216232575,hard,jagged,connected,high,structured_dropout,-0.4191936047558516,0.65625,0.1958573838519724,-0.2004125063459426,anchor-easy/blind-easy,0.3682829865287334,0.42264258631358387,0.7255089254181617,0.1180448672615331,0,0.013333333333333334,0,0,0.5260639,0.4165208,-0.0464,1.0,37.0,1.071409286066147,0.1618705737123711,2.137595864061074,0.9432368914925192,budget_22_broad_high_cond,2.7,0.8520087655222791,6.4,15.0,0.13438059985191983,4.073015873015874,0.9401385383125981,1,anchor-easy/blind-easy,4,effective-collapse zone,1.5152382627721002,-0.8717269362934117
budget_22_broad_high_cond,volatility-clustering,2,0.2728083052828528,0.796875,0.1475583864118896,0.5706540188431996,0.28125,0.0438489646772229,0.3625248468252535,0.3487796200529008,0.1213053799939325,0.2273193566636329,0.3333333333333333,0.8857634238578741,hard,jagged,connected,high,clustered_occlusion,-0.2978457135603467,0.515625,0.1037094217346666,-0.0759713147700479,globally hard,0.4497013698250563,0.631352693152505,0.7789102605430364,0.2728083052828528,1,0.97,1,0,0.5707374,0.42426935,-1.0464,1.0,37.0,1.071409286066147,0.1618705737123711,2.137595864061074,0.9432368914925192,budget_22_broad_high_cond,2.7,0.8520087655222791,6.4,15.0,1.1498057538589468,4.073015873015874,0.7893168033776528,0,globally hard,3,decision-fragile zone,-0.7257820628764319,2.359561664659172
budget_22_broad_high_cond,volatility-clustering,3,0.1580166167810142,1.0,0.2270011947431302,0.5408590497702196,0.328125,0.0689655172413793,0.3490562313930446,0.3399446285833338,0.1195432576806076,0.1431049621736371,0.1666666666666666,0.8873256233404353,hard,jagged,connected,high,none,-0.3828424329892054,0.671875,0.1580356775017509,-0.1819280118023196,globally hard,0.4532688735079276,0.5140349760992875,0.7730841895110263,0.1580166167810142,0,0.02,0,1,0.6666553,0.40693656,0.9536,1.0,37.0,1.071409286066147,0.1618705737123711,2.137595864061074,0.9432368914925192,budget_22_broad_high_cond,2.7,0.8520087655222791,6.4,15.0,0.0924067953636238,4.073015873015874,0.9383739933382695,0,globally hard,2,ambiguity zone,1.5429003642379655,-1.3794284666364787
budget_23_small_high_cond,barbell-bridge,0,0.5113534354418738,0.140625,0.0764462809917355,0.629486387804659,0.265625,0.0902777777777777,0.487782408471831,0.3213216156136793,0.435363769542919,0.4676818847714595,0.5,0.6470292547264617,hard,jagged,connected,high,structured_dropout,-0.1181329523627852,-0.125,-0.0138314967860422,0.1900318198281945,optimization-limited candidate,0.23083834048993482,0.0064450716003283115,0.5746535060944552,0.2191390693169462,1,0.9866666666666667,0,0,0.37634134,0.4458904,-0.0464,1.0,40.0,4.195334447827693,0.1627607014971466,2.105285482509537,0.9827512428576958,budget_23_small_high_cond,1.2,0.1273356401384083,9.2,58.0,0.46231332526886204,4.3730158730158735,0.34804798899921824,0,optimization-limited candidate,0,information-limited zone,-5.951753684588094,1.5404631790709562
budget_23_small_high_cond,barbell-bridge,1,0.2614635029742048,0.5625,0.2216666666666666,0.6338598792255635,0.171875,0.0699300699300699,0.519855043244096,0.337208124049746,0.6014553969796129,0.4673943651564731,0.3333333333333333,0.5480134782556193,hard,jagged,connected,high,clustered_occlusion,-0.3723963762513587,0.390625,0.1517365967365967,-0.0757446210755412,optimization-limited candidate,0.3628730440118346,0.4491600548185123,0.6216717071437693,0.2614635029742048,1,0.9566666666666667,0,0,0.67446184,0.24028684,-0.0464,1.0,40.0,4.195334447827693,0.1627607014971466,2.105285482509537,0.9827512428576958,budget_23_small_high_cond,1.2,0.1273356401384083,9.2,58.0,0.5145327839824654,4.3730158730158735,0.20180163718921834,0,optimization-limited candidate,0,information-limited zone,-6.732609210776432,-1.407226160832528
budget_23_small_high_cond,barbell-bridge,2,0.1575078193815813,0.75,0.3634751773049645,0.6419318904958968,0.171875,0.054054054054054,0.4915172319913825,0.345160018054183,0.6735798017245836,0.5867899008622919,0.5,0.509880037396045,hard,jagged,connected,high,none,-0.4844240711143155,0.578125,0.3094211232509105,-0.1876521986726017,irreducibly ambiguous candidate,0.30715020134008836,0.2996943734999965,0.5929492443680787,0.1575078193815813,0,0.0033333333333333335,0,0,0.46204785,0.89435834,-0.0464,1.0,40.0,4.195334447827693,0.1627607014971466,2.105285482509537,0.9827512428576958,budget_23_small_high_cond,1.2,0.1273356401384083,9.2,58.0,0.4751502638636978,4.3730158730158735,0.2863564531819715,0,irreducibly ambiguous candidate,0,information-limited zone,-5.944454566063217,-3.1351671576169897
budget_23_small_high_cond,barbell-bridge,3,0.2192470195342951,0.75,0.1863799283154122,0.6590415699221689,0.28125,0.0968309859154929,0.5487080630939227,0.3297741445013054,0.5445452670711145,0.5222726335355572,0.5,0.5801055164517953,hard,jagged,connected,high,moment_preserving_perturbation,-0.4397945503878738,0.46875,0.0895489423999193,-0.1105271249670102,irreducibly ambiguous candidate,0.40729760013474886,0.416188325077781,0.6504539437548008,0.2192470195342951,1,1.0,0,1,0.48724768,0.34819978,0.9536,1.0,40.0,4.195334447827693,0.1627607014971466,2.105285482509537,0.9827512428576958,budget_23_small_high_cond,1.2,0.1273356401384083,9.2,58.0,0.44305295922990323,4.3730158730158735,0.2459014012234465,0,irreducibly ambiguous candidate,0,information-limited zone,-5.843379532641727,-2.455874506665994
budget_23_small_high_cond,crescent,0,0.1005969498510393,0.953125,0.396551724137931,0.5028635449561016,0.34375,0.0906002265005662,0.2796545488352219,0.2636760956866134,0.0958155774236032,0.2145744553784682,0.3333333333333333,0.9086315727932598,hard,smooth,connected,high,none,-0.4022665951050623,0.609375,0.3059514976373648,-0.1630791458355741,anchor-easy/blind-easy,0.2858575859296362,0.3766511836460692,0.3874348817535254,0.1005969498510393,0,0.016666666666666666,0,1,0.4443305,0.6560813,0.9536,1.0,12.0,1.926420323251142,0.1042283193607317,2.07937302735138,0.8077277247469214,budget_23_small_high_cond,1.2,0.1273356401384083,9.2,58.0,0.057819744997001925,1.5730158730158732,0.902721009090694,1,anchor-easy/blind-easy,2,ambiguity zone,1.578482571997923,-1.6800240642554454
budget_23_small_high_cond,crescent,1,0.2322198632137818,0.5625,0.1585677749360614,0.5053666935913331,0.328125,0.0870165745856353,0.2846041463855807,0.2846041463855807,0.1286059051526523,0.2309696192429928,0.3333333333333333,0.8793204329223773,hard,smooth,connected,high,moment_preserving_perturbation,-0.2731468303775513,0.234375,0.071551200350426,-0.0523842831717988,globally hard,0.2742453280792651,0.42773089691418276,0.3972102627727226,0.2322198632137818,1,0.99,0,1,0.4192258,0.8321979,0.9536,1.0,12.0,1.926420323251142,0.1042283193607317,2.07937302735138,0.8077277247469214,budget_23_small_high_cond,1.2,0.1273356401384083,9.2,58.0,0.10821315292895807,1.5730158730158732,0.7173790000716429,0,globally hard,1,optimization-limited zone,-0.4944020995819886,-0.26581718354988365
budget_23_small_high_cond,crescent,2,0.0904753448555748,0.984375,0.3667820069204152,0.4871174618574079,0.359375,0.0666666666666666,0.2849123013251577,0.2758469651532988,0.0894328182479097,0.3780497424572882,0.6666666666666666,0.9144496973935872,hard,smooth,connected,high,structured_dropout,-0.3966421170018331,0.625,0.3001153402537486,-0.185371620297724,anchor-easy/blind-easy,0.264177831225278,0.3724399549016105,0.38402132949653583,0.0904753448555748,0,0.0,0,0,0.6824751,0.6189908,-0.0464,1.0,12.0,1.926420323251142,0.1042283193607317,2.07937302735138,0.8077277247469214,budget_23_small_high_cond,1.2,0.1273356401384083,9.2,58.0,0.10303046968639265,1.5730158730158732,0.912077169901173,1,anchor-easy/blind-easy,2,ambiguity zone,1.6542743226138097,-0.9427683829224477
budget_23_small_high_cond,crescent,3,0.2570417452699435,0.609375,0.2003058103975535,0.5014918891789948,0.375,0.0499286733238231,0.2867284234608344,0.2838362753236791,0.0940629671086841,0.297031483554342,0.5,0.910225446171676,hard,smooth,connected,high,clustered_occlusion,-0.2444501439090513,0.234375,0.1503771370737304,-0.0267945300537356,optimization-limited candidate,0.3430051101413563,0.4174679824220887,0.4062230743136983,0.2570417452699435,1,0.9966666666666667,0,1,0.61418587,0.73031324,0.9536,1.0,12.0,1.926420323251142,0.1042283193607317,2.07937302735138,0.8077277247469214,budget_23_small_high_cond,1.2,0.1273356401384083,9.2,58.0,0.07522160825358072,1.5730158730158732,0.7527219416480951,0,optimization-limited candidate,1,optimization-limited zone,-0.11027436655325473,0.11449367077865856
budget_23_small_high_cond,cross-branch,0,0.0950608820943521,0.96875,0.4595185995623632,0.486276649355916,0.34375,0.0459965928449744,0.3496530502075193,0.3315316714186057,0.1509104003497003,0.4087885335081834,0.6666666666666666,0.85992474416389,hard,jagged,connected,high,none,-0.3912157672615639,0.625,0.4135220067173888,-0.2364707893242535,blind-easy/downstream-fragile,0.23188669051721109,0.2850789960496935,0.2667057986143432,0.0950608820943521,0,0.043333333333333335,1,0,0.96970403,0.3393121,-1.0464,1.0,1.0,1.0024045069907674,0.1715963011416351,1.2292899263454526,0.985285262036289,budget_23_small_high_cond,1.2,0.1273356401384083,9.2,58.0,1.1279642645216104,0.4730158730158731,0.9500334440971221,1,blind-easy/downstream-fragile,3,decision-fragile zone,0.7191778970945514,0.27257388358498846
budget_23_small_high_cond,cross-branch,1,0.2194601924895918,0.8125,0.0939226519337016,0.4469800279043807,0.484375,0.094551282051282,0.3413421809325864,0.3222481119795443,0.1431858784948545,0.3215929392474272,0.5,0.8665929729263556,hard,jagged,connected,high,moment_preserving_perturbation,-0.2275198354147888,0.328125,-0.0006286301175804,-0.1027879194899524,globally hard,0.23463455813768028,0.3268615441723226,0.34752495098606034,0.2194601924895918,1,0.92,1,0,0.8882892,0.5119256,-1.0464,1.0,1.0,1.0024045069907674,0.1715963011416351,1.2292899263454526,0.985285262036289,budget_23_small_high_cond,1.2,0.1273356401384083,9.2,58.0,1.1767661111847414,0.4730158730158731,0.822205269832638,0,globally hard,3,decision-fragile zone,-0.7739635056558435,2.1009550700794195
budget_23_small_high_cond,cross-branch,2,0.1255688713771448,0.90625,0.3134020618556701,0.4836654090530485,0.3125,0.0411449016100178,0.3567464568704593,0.3090636484267731,0.1370490113039914,0.3185245056519957,0.5,0.8719274907815512,hard,jagged,connected,high,structured_dropout,-0.3580965376759037,0.59375,0.2722571602456523,-0.1834947770496283,anchor-easy/blind-easy,0.21288185824081415,0.2669481343512692,0.31606200496124087,0.1255688713771448,0,0.0033333333333333335,1,0,0.96500766,0.34017324,-1.0464,1.0,1.0,1.0024045069907674,0.1715963011416351,1.2292899263454526,0.985285262036289,budget_23_small_high_cond,1.2,0.1273356401384083,9.2,58.0,1.1404975685860395,0.4730158730158731,0.9706355283818637,1,anchor-easy/blind-easy,3,decision-fragile zone,0.7249625127441955,0.7077275994058229
budget_23_small_high_cond,cross-branch,3,0.2604464592265092,0.65625,0.255533199195171,0.4925634534215966,0.296875,0.0325900514579759,0.4188745160097399,0.3493635070150576,0.1221694169421735,0.3110847084710867,0.5,0.8849984220747568,hard,jagged,connected,high,clustered_occlusion,-0.2321169941950873,0.359375,0.2229431477371951,-0.0889170477885483,globally hard,0.2596199125788045,0.344449502420492,0.270566060506846,0.2604464592265092,1,0.9566666666666667,1,0,0.96064055,0.44231987,-1.0464,1.0,1.0,1.0024045069907674,0.1715963011416351,1.2292899263454526,0.985285262036289,budget_23_small_high_cond,1.2,0.1273356401384083,9.2,58.0,1.1373510749871312,0.4730158730158731,0.8384626994481669,0,globally hard,3,decision-fragile zone,-0.5627059525722233,2.2050893680687964
budget_23_small_high_cond,double-loop,0,0.1976377766425861,0.75,0.2391713747645951,0.562618513955272,0.21875,0.057471264367816,0.3031974857403487,0.297822559655387,0.0989909746726644,0.1328288206696655,0.1666666666666666,0.9057508826848596,hard,smooth,connected,high,clustered_occlusion,-0.3649807373126859,0.53125,0.1817001103967791,-0.1001847830128009,globally hard,0.3363001524726641,0.5091705126862045,0.44585846466643186,0.1976377766425861,0,0.02666666666666667,0,1,0.61216277,0.4961644,0.9536,1.0,3.0,1.9632453591236552,0.0817043512033122,1.848737586275187,0.9903565845479404,budget_23_small_high_cond,1.2,0.1273356401384083,9.2,58.0,0.07531516717091603,0.6730158730158731,0.9034536716571597,0,globally hard,2,ambiguity zone,1.2509019778698518,-1.3470972932811167
budget_23_small_high_cond,double-loop,1,0.0786033693169981,0.953125,0.4680851063829787,0.5253410245102127,0.15625,0.0565302144249512,0.2544840339836297,0.2477553110081378,0.1288923224396947,0.231112827886514,0.3333333333333333,0.8790686164135608,hard,smooth,connected,high,none,-0.4467376551932146,0.796875,0.4115548919580274,-0.1691519416911397,anchor-easy/blind-easy,0.3536793522924368,0.5444464788360242,0.4625285870928543,0.0786033693169981,0,0.0033333333333333335,0,1,0.6023074,0.45223913,0.9536,1.0,3.0,1.9632453591236552,0.0817043512033122,1.848737586275187,0.9903565845479404,budget_23_small_high_cond,1.2,0.1273356401384083,9.2,58.0,0.06855974597856102,0.6730158730158731,0.8756151271134074,1,anchor-easy/blind-easy,2,ambiguity zone,1.1574847046602004,-2.194679884636337
budget_23_small_high_cond,double-loop,2,0.2225689611096259,0.59375,0.103244837758112,0.4746586345776866,0.3125,0.0451263537906137,0.3172021209992394,0.2951036924100061,0.1367133477876075,0.151690007227137,0.1666666666666666,0.8722202141546687,hard,smooth,connected,high,moment_preserving_perturbation,-0.2520896734680606,0.28125,0.0581184839674982,-0.0725347313003802,globally hard,0.2565666254093913,0.3448501491565552,0.4156368652758818,0.2225689611096259,1,0.9966666666666667,0,1,0.82324725,0.5101266,0.9536,1.0,3.0,1.9632453591236552,0.0817043512033122,1.848737586275187,0.9903565845479404,budget_23_small_high_cond,1.2,0.1273356401384083,9.2,58.0,0.12259840037590762,0.6730158730158731,0.713527919037039,0,globally hard,1,optimization-limited zone,-0.5333692170586084,-0.36421012187449825
budget_23_small_high_cond,double-loop,3,0.1076696309679414,0.984375,0.2401656314699793,0.544548144975202,0.171875,0.0508474576271186,0.2451315993817774,0.2362880310359794,0.1319180031501822,0.3159590015750911,0.5,0.8764128552264485,hard,smooth,connected,high,structured_dropout,-0.4368785140072606,0.8125,0.1893181738428607,-0.1286184000680379,anchor-easy/blind-easy,0.3823016406221909,0.5118372703594692,0.47431233702610265,0.1076696309679414,0,0.01,0,1,0.36802813,0.48644266,0.9536,1.0,3.0,1.9632453591236552,0.0817043512033122,1.848737586275187,0.9903565845479404,budget_23_small_high_cond,1.2,0.1273356401384083,9.2,58.0,0.10023583262135999,0.6730158730158731,0.8714206697484119,1,anchor-easy/blind-easy,2,ambiguity zone,0.9212921762173821,-1.9674624945629124
budget_23_small_high_cond,mean-reversion,0,0.1723972478750222,0.890625,0.2768115942028985,0.5275544893427714,0.40625,0.079136690647482,0.3440531240285874,0.3274558298871963,0.1445361543900457,0.2389347438616895,0.3333333333333333,0.8654236229742653,hard,jagged,connected,high,structured_dropout,-0.3551572414677492,0.484375,0.1976749035554165,-0.1550585820121741,globally hard,0.30987379147657484,0.45575951489414496,0.4801748528615419,0.1723972478750222,0,0.02,0,0,0.6384111,0.60345614,-0.0464,1.0,39.0,1.9304818378078896,0.114849417410383,1.9184331762576816,0.8426395272372131,budget_23_small_high_cond,1.2,0.1273356401384083,9.2,58.0,0.15092687107338087,4.273015873015874,0.8559459469161762,0,globally hard,4,effective-collapse zone,0.7611153346957786,-0.47047383249255514
budget_23_small_high_cond,mean-reversion,1,0.2111036443497647,0.71875,0.1885625965996908,0.5521668910051523,0.3125,0.0291411042944785,0.3575430464036858,0.3575430464036858,0.0948876100751979,0.2141104717042656,0.3333333333333333,0.9094751445675384,hard,jagged,connected,high,clustered_occlusion,-0.3410632466553875,0.40625,0.1594214923052123,-0.146439402053921,globally hard,0.23784923289993046,0.2216223629210912,0.4660790817320053,0.2111036443497647,1,0.7433333333333333,0,0,0.5249207,0.53591806,-0.0464,1.0,39.0,1.9304818378078896,0.114849417410383,1.9184331762576816,0.8426395272372131,budget_23_small_high_cond,1.2,0.1273356401384083,9.2,58.0,0.1233953559342796,4.273015873015874,0.7959657407199182,0,globally hard,1,optimization-limited zone,0.6074246292610622,0.15297517730415594
budget_23_small_high_cond,mean-reversion,2,0.1790078465404827,0.96875,0.2899850523168908,0.5217941521265949,0.40625,0.0404463040446304,0.3213492481549345,0.3213492481549345,0.1414676195801675,0.3207338097900837,0.5,0.8680832840309941,hard,jagged,connected,high,none,-0.3427863055861121,0.5625,0.2495387482722604,-0.1423414016144517,globally hard,0.37710431502110686,0.6495032944977067,0.472118722004707,0.1790078465404827,0,0.013333333333333334,0,0,0.5469659,0.6822334,-0.0464,1.0,39.0,1.9304818378078896,0.114849417410383,1.9184331762576816,0.8426395272372131,budget_23_small_high_cond,1.2,0.1273356401384083,9.2,58.0,0.14684412451506662,4.273015873015874,0.8601688548025049,0,globally hard,4,effective-collapse zone,0.7585329676565138,-0.3498574469894672
budget_23_small_high_cond,mean-reversion,3,0.2134599705335433,0.875,0.1434058898847631,0.4936213360170932,0.390625,0.051051051051051,0.3160930663486646,0.3088499562347558,0.1571104256187158,0.2452218794760245,0.3333333333333333,0.8546096828040319,hard,jagged,connected,high,moment_preserving_perturbation,-0.2801613654835498,0.484375,0.0923548388337121,-0.0953899857012125,globally hard,0.2737545799722095,0.21315408323888818,0.47615250154040084,0.2134599705335433,1,0.93,0,0,0.6289856,0.21448655,-0.0464,1.0,39.0,1.9304818378078896,0.114849417410383,1.9184331762576816,0.8426395272372131,budget_23_small_high_cond,1.2,0.1273356401384083,9.2,58.0,0.18097986522268997,4.273015873015874,0.701905317464622,0,globally hard,1,optimization-limited zone,-0.7223986462547243,0.5141838088360653
budget_23_small_high_cond,multi-hole,0,0.1178403911381546,0.953125,0.2734839476813318,0.4350387964957223,0.4375,0.0950173812282734,0.3526595646629242,0.3388495973029339,0.1176916977906896,0.3088458488953448,0.5,0.8889700818107766,hard,smooth,connected,high,structured_dropout,-0.3171984053575677,0.515625,0.1784665664530583,-0.2210092061647793,anchor-easy/blind-easy,0.24400059200198107,0.2954378732976689,0.3159067201680563,0.1178403911381546,0,0.0,1,1,0.23351222,0.9201746,-0.0464,1.0,73.0,1.0002814165939322,0.0980752729044046,2.013166601186731,0.7876321647398156,budget_23_small_high_cond,1.2,0.1273356401384083,9.2,58.0,0.13190490766957352,7.673015873015874,0.954697014598507,1,anchor-easy/blind-easy,4,effective-collapse zone,1.7181407245016627,0.035023767423824514
budget_23_small_high_cond,multi-hole,1,0.2266959109748196,0.71875,0.1377899045020464,0.4899940285522013,0.3125,0.0641940085592011,0.405181212189046,0.3644526655197337,0.1341970664782763,0.4004318665724715,0.6666666666666666,0.8744177292006903,hard,smooth,connected,high,clustered_occlusion,-0.2632981175773817,0.40625,0.0735958959428453,-0.1377567545449141,globally hard,0.2597346067332313,0.3231502167019233,0.4285494745554239,0.2266959109748196,1,1.0,0,1,0.49052498,0.9160083,0.9536,1.0,73.0,1.0002814165939322,0.0980752729044046,2.013166601186731,0.7876321647398156,budget_23_small_high_cond,1.2,0.1273356401384083,9.2,58.0,0.11570606550377985,7.673015873015874,0.7824634394253024,0,globally hard,1,optimization-limited zone,0.10509202262896604,0.24870199605892093
budget_23_small_high_cond,multi-hole,2,0.1296976909078024,0.96875,0.2105882352941176,0.4418308378853957,0.4375,0.1145945945945945,0.3195206184288088,0.3021682954498536,0.10225296343642,0.30112648171821,0.5,0.902801147100518,hard,smooth,connected,high,none,-0.3121331469775933,0.53125,0.0959936406995231,-0.1724706045420511,globally hard,0.22770119140894177,0.3193246463160008,0.3128348095656523,0.1296976909078024,0,0.0,1,1,0.2882215,0.9022129,-0.0464,1.0,73.0,1.0002814165939322,0.0980752729044046,2.013166601186731,0.7876321647398156,budget_23_small_high_cond,1.2,0.1273356401384083,9.2,58.0,0.1271196923127504,7.673015873015874,0.9709638668467636,0,globally hard,4,effective-collapse zone,1.7330532387813289,0.3160055338326178
budget_23_small_high_cond,multi-hole,3,0.2229887993073146,0.734375,0.1863285556780595,0.4377544509303526,0.46875,0.0697142857142857,0.2824889287994173,0.2824889287994173,0.1181187957429476,0.2257260645381404,0.3333333333333333,0.8885904855773739,hard,smooth,connected,high,moment_preserving_perturbation,-0.2147656516230379,0.265625,0.1166142699637738,-0.0595001294921026,globally hard,0.2290423150128663,0.30204250673442057,0.2898199946336455,0.2229887993073146,1,0.9766666666666667,1,1,0.24104173,0.9282046,-0.0464,1.0,73.0,1.0002814165939322,0.0980752729044046,2.013166601186731,0.7876321647398156,budget_23_small_high_cond,1.2,0.1273356401384083,9.2,58.0,0.14250989113373247,7.673015873015874,0.8029077999604795,0,globally hard,1,optimization-limited zone,-0.09619198087453568,1.6201336799355637
budget_23_small_high_cond,nested-rings,0,0.0913324242215976,1.0,0.2275312855517633,0.4359439549482559,0.28125,0.1214528944381384,0.3173557434036113,0.3100699164900999,0.0944886617252858,0.4639109975293096,0.8333333333333334,0.90983805056131,hard,smooth,connected,high,none,-0.3446115307266583,0.71875,0.1060783911136249,-0.2187374922685023,anchor-easy/blind-easy,0.18578857562554163,0.1905287088349006,0.27756977700503677,0.0913324242215976,0,0.023333333333333334,0,0,0.611187,0.373808,-0.0464,1.0,80.0,1.0113656184223867,0.0765667972526494,1.984999432522959,0.9893860467956732,budget_23_small_high_cond,1.2,0.1273356401384083,9.2,58.0,0.11938953505286583,8.373015873015873,0.975227801730183,1,anchor-easy/blind-easy,4,effective-collapse zone,2.0272504694173272,0.09559723362247441
budget_23_small_high_cond,nested-rings,1,0.2321744941163813,0.640625,0.1903669724770642,0.3491442690988571,0.546875,0.0980629539951573,0.2888141942325991,0.2783774509338347,0.1324675121364879,0.316233756068244,0.5,0.8759313907834221,hard,smooth,connected,high,moment_preserving_perturbation,-0.1169697749824758,0.09375,0.0923040184819068,-0.0462029568174534,globally hard,0.15250406846904763,0.1744369381307338,0.23374503863966203,0.2321744941163813,1,0.9033333333333333,0,0,0.42230648,0.8061228,-0.0464,1.0,80.0,1.0113656184223867,0.0765667972526494,1.984999432522959,0.9893860467956732,budget_23_small_high_cond,1.2,0.1273356401384083,9.2,58.0,0.15365007289949595,8.373015873015873,0.7989070774397269,0,globally hard,1,optimization-limited zone,-0.27305577646500556,2.1804113457314838
budget_23_small_high_cond,nested-rings,2,0.1038558907912127,0.984375,0.2833146696528555,0.4331122700270977,0.203125,0.1794310722100656,0.2943073041175931,0.2925398699072051,0.11572952066562,0.4745314269994767,0.8333333333333334,0.8907161110192586,hard,smooth,connected,high,structured_dropout,-0.3292563792358849,0.78125,0.1038835974427899,-0.1886839791159923,anchor-easy/blind-easy,0.16240159064727175,0.154962036927655,0.3005441537747306,0.1038558907912127,0,0.04,0,0,0.44077614,0.62479204,-0.0464,1.0,80.0,1.0113656184223867,0.0765667972526494,1.984999432522959,0.9893860467956732,budget_23_small_high_cond,1.2,0.1273356401384083,9.2,58.0,0.12934164974915657,8.373015873015873,0.950219995589782,1,anchor-easy/blind-easy,4,effective-collapse zone,1.5755391430628853,0.20835065425328872
budget_23_small_high_cond,nested-rings,3,0.2147878086013603,0.75,0.1688311688311688,0.4903111139209346,0.234375,0.0663329161451814,0.3191673088574432,0.3156723823428212,0.0818582518281883,0.4575957925807608,0.8333333333333334,0.9214025565680212,hard,smooth,connected,high,clustered_occlusion,-0.2755233053195743,0.515625,0.1024982526859874,-0.1008845737414609,globally hard,0.24074056292080223,0.2605284638816574,0.3314296407040433,0.2147878086013603,1,0.8633333333333333,0,0,0.49846035,0.72754914,-0.0464,1.0,80.0,1.0113656184223867,0.0765667972526494,1.984999432522959,0.9893860467956732,budget_23_small_high_cond,1.2,0.1273356401384083,9.2,58.0,0.11443802749355911,8.373015873015873,0.8584931186415738,0,globally hard,1,optimization-limited zone,0.7488965004474302,1.3267397610695897
budget_23_small_high_cond,pinwheel,0,0.1574316300630147,0.953125,0.2588699080157687,0.3091650399900775,0.609375,0.0862745098039215,0.2511708189560604,0.2511708189560604,0.1654890687609378,0.2494112010471356,0.3333333333333333,0.8474791271512284,hard,jagged,connected,high,none,-0.1517334099270628,0.34375,0.1725953982118472,-0.0937391888930457,globally hard,0.19450146373483868,0.265964807286973,0.22201161425341778,0.1574316300630147,0,0.023333333333333334,1,0,0.4803976,0.48716262,-1.0464,1.0,66.0,1.0084614575281672,0.1489407766853352,2.043908586001609,0.938995126702752,budget_23_small_high_cond,1.2,0.1273356401384083,9.2,58.0,1.1690489287531787,6.973015873015874,0.899516877223983,0,globally hard,3,decision-fragile zone,-0.12870705756689796,2.8272996610119194
budget_23_small_high_cond,pinwheel,1,0.2033487505925977,0.953125,0.1571072319201995,0.3572278405813464,0.546875,0.1134453781512605,0.2848303111564537,0.2817188572715124,0.1274870707285041,0.2304102020309187,0.3333333333333333,0.8803047974603683,hard,jagged,connected,high,moment_preserving_perturbation,-0.1538790899887487,0.40625,0.043661853768939,-0.0783701066789147,globally hard,0.19168240828600455,0.24918887283663307,0.294611428182286,0.2033487505925977,0,0.08333333333333333,1,0,0.53921795,0.29319185,-1.0464,1.0,66.0,1.0084614575281672,0.1489407766853352,2.043908586001609,0.938995126702752,budget_23_small_high_cond,1.2,0.1273356401384083,9.2,58.0,1.153857929940734,6.973015873015874,0.9296695506230266,0,globally hard,3,decision-fragile zone,0.27095156594299347,3.0610894362238774
budget_23_small_high_cond,pinwheel,2,0.182715397994032,0.953125,0.2009864364981504,0.3299350975609803,0.609375,0.0860349127182044,0.2881894680354643,0.2486214483556295,0.1452707629357734,0.3226353814678867,0.5,0.86478810884079,hard,jagged,connected,high,structured_dropout,-0.1472196995669482,0.34375,0.114951523779946,-0.0659060503615975,globally hard,0.15830311915395534,0.2133988680538546,0.23377326596753534,0.182715397994032,0,0.07333333333333333,1,0,0.4839984,0.2820568,-1.0464,1.0,66.0,1.0084614575281672,0.1489407766853352,2.043908586001609,0.938995126702752,budget_23_small_high_cond,1.2,0.1273356401384083,9.2,58.0,1.1624733099659448,6.973015873015874,0.9126825536999363,0,globally hard,3,decision-fragile zone,-0.021970839665180843,3.0656570444447895
budget_23_small_high_cond,pinwheel,3,0.2339883367095245,0.8125,0.1619170984455958,0.383147512445081,0.453125,0.0570291777188328,0.3253693297368801,0.3089097385253571,0.1386540089123765,0.3193270044561883,0.5,0.8705291716937319,hard,jagged,connected,high,clustered_occlusion,-0.1491591757355564,0.359375,0.1048879207267629,-0.0749214018158325,globally hard,0.23645107458714743,0.3067001282971303,0.29306690907878535,0.2339883367095245,1,0.9866666666666667,1,0,0.60164267,0.24172969,-1.0464,1.0,66.0,1.0084614575281672,0.1489407766853352,2.043908586001609,0.938995126702752,budget_23_small_high_cond,1.2,0.1273356401384083,9.2,58.0,1.1626035541014348,6.973015873015874,0.7780370557267362,0,globally hard,3,decision-fragile zone,-0.9342763962580836,3.4458043229624944
budget_23_small_high_cond,spiral,0,0.1128645351097276,1.0,0.3033112582781457,0.4287372919180878,0.359375,0.0803897685749086,0.3457516321752678,0.3457516321752678,0.1009704986851443,0.3838185826759054,0.6666666666666666,0.9039597004922384,hard,smooth,connected,high,structured_dropout,-0.3158727568083602,0.640625,0.2229214897032371,-0.2328870970655401,anchor-easy/blind-easy,0.2529162683922006,0.3280668266896132,0.3137676423899672,0.1128645351097276,0,0.01,0,1,0.3947197,0.34355846,0.9536,1.0,48.0,1.1364522233114445,0.1033335109422039,1.9971717461824172,0.8783513135867637,budget_23_small_high_cond,1.2,0.1273356401384083,9.2,58.0,0.07034500967998132,5.173015873015874,0.9570754036050472,1,anchor-easy/blind-easy,4,effective-collapse zone,2.0441009261547216,-1.029364370462007
budget_23_small_high_cond,spiral,1,0.2075997721654575,0.640625,0.2093301435406698,0.4350417479033531,0.3125,0.0949367088607595,0.3396924404204647,0.3396924404204647,0.1093003349448206,0.471316834139077,0.8333333333333334,0.8964611384567542,hard,smooth,connected,high,clustered_occlusion,-0.2274419757378956,0.328125,0.1143934346799103,-0.1320926682550072,globally hard,0.2710559756972086,0.4071442851989955,0.3562703411849004,0.2075997721654575,0,0.12666666666666668,0,1,0.3517117,0.64968884,0.9536,1.0,48.0,1.1364522233114445,0.1033335109422039,1.9971717461824172,0.8783513135867637,budget_23_small_high_cond,1.2,0.1273356401384083,9.2,58.0,0.08642048014177801,5.173015873015874,0.9302030305905987,0,globally hard,4,effective-collapse zone,1.3537372976818278,-0.15406807149616683
budget_23_small_high_cond,spiral,2,0.1217367465496119,0.9375,0.1982651796778191,0.4285857787653676,0.46875,0.0841968911917098,0.3459505458575417,0.3392574012155052,0.1034580727632329,0.3017290363816164,0.5,0.9017138283184842,hard,smooth,connected,high,none,-0.3068490322157556,0.46875,0.1140682884861093,-0.2175206546658932,anchor-easy/blind-easy,0.20970693029143614,0.2598402447887068,0.3345878200700012,0.1217367465496119,0,0.0,1,1,0.31671664,0.41227582,-0.0464,1.0,48.0,1.1364522233114445,0.1033335109422039,1.9971717461824172,0.8783513135867637,budget_23_small_high_cond,1.2,0.1273356401384083,9.2,58.0,0.12934593937770966,5.173015873015874,0.9559955677266602,1,anchor-easy/blind-easy,4,effective-collapse zone,1.8209089240343364,-0.1549330452977585
budget_23_small_high_cond,spiral,3,0.2191387790365607,0.875,0.1746617466174661,0.422609045043714,0.53125,0.0661577608142493,0.3256237608016873,0.303316827396263,0.1392993261548016,0.3196496630774008,0.5,0.8699675854293423,hard,smooth,connected,high,moment_preserving_perturbation,-0.2034702660071533,0.34375,0.1085039858032168,-0.0841780483597022,globally hard,0.2730256426583849,0.3714038305086548,0.36244677269074255,0.2191387790365607,1,0.9866666666666667,0,1,0.23342583,0.29657856,0.9536,1.0,48.0,1.1364522233114445,0.1033335109422039,1.9971717461824172,0.8783513135867637,budget_23_small_high_cond,1.2,0.1273356401384083,9.2,58.0,0.11496906254596787,5.173015873015874,0.7655172629250174,0,globally hard,1,optimization-limited zone,-0.264415193072245,0.41488415372998266
budget_23_small_high_cond,volatility-clustering,0,0.2193978410415546,0.828125,0.1696658097686375,0.5102832724207411,0.390625,0.0559540889526542,0.351553314900514,0.351553314900514,0.1518005349950477,0.2425669341641905,0.3333333333333333,0.8591596359319094,hard,jagged,connected,high,moment_preserving_perturbation,-0.2908854313791865,0.4375,0.1137117208159833,-0.1321554738589594,globally hard,0.3398124471861031,0.5194253281512645,0.4868864936238064,0.2193978410415546,1,0.92,1,0,0.8347024,0.81156,-1.0464,1.0,37.0,1.071409286066147,0.1618705737123711,2.137595864061074,0.9432368914925192,budget_23_small_high_cond,1.2,0.1273356401384083,9.2,58.0,1.1724451743018005,4.073015873015874,0.7652803728905255,0,globally hard,3,decision-fragile zone,-0.8671005343306608,2.039005737839631
budget_23_small_high_cond,volatility-clustering,1,0.140372549493724,0.9375,0.3443328550932568,0.4710114535595396,0.421875,0.0877914951989026,0.3329887340576477,0.3221225530581577,0.1389126616252485,0.3194563308126242,0.5,0.870304036079063,hard,jagged,connected,high,structured_dropout,-0.3306389040658156,0.515625,0.2565413598943541,-0.1817500035644337,globally hard,0.31449258367070715,0.5093637018717989,0.39942466729078857,0.140372549493724,0,0.006666666666666667,1,0,0.8895271,0.2680521,-1.0464,1.0,37.0,1.071409286066147,0.1618705737123711,2.137595864061074,0.9432368914925192,budget_23_small_high_cond,1.2,0.1273356401384083,9.2,58.0,1.1374804682392232,4.073015873015874,0.9201919233922988,0,globally hard,3,decision-fragile zone,0.581957129780047,1.2719063969230833
budget_23_small_high_cond,volatility-clustering,2,0.2335851777240199,0.78125,0.2348596750369276,0.4117652555078081,0.453125,0.1231671554252199,0.301495112223319,0.2936488146747309,0.143577790193445,0.2384555617633891,0.3333333333333333,0.8662534115457344,hard,jagged,connected,high,clustered_occlusion,-0.1781800777837882,0.328125,0.1116925196117076,-0.060063636950711,globally hard,0.15778790566169287,0.09811981675355388,0.35288144011952244,0.2335851777240199,1,0.9433333333333334,1,0,0.8255224,0.24216144,-1.0464,1.0,37.0,1.071409286066147,0.1618705737123711,2.137595864061074,0.9432368914925192,budget_23_small_high_cond,1.2,0.1273356401384083,9.2,58.0,1.1562571570460922,4.073015873015874,0.7701964698141575,0,globally hard,3,decision-fragile zone,-1.085639107934156,2.935169580823247
budget_23_small_high_cond,volatility-clustering,3,0.1732963418468909,0.921875,0.3631578947368421,0.4100579885942103,0.546875,0.0794117647058823,0.3351332066355738,0.3248999689586633,0.1467031324443152,0.2400182328888243,0.3333333333333333,0.8635502994341954,hard,jagged,connected,high,none,-0.2367616467473193,0.375,0.2837461300309598,-0.1516036271117724,globally hard,0.29722950823263855,0.4015204862585141,0.3818562551113693,0.1732963418468909,0,0.03,1,0,0.76372445,0.3746401,-1.0464,1.0,37.0,1.071409286066147,0.1618705737123711,2.137595864061074,0.9432368914925192,budget_23_small_high_cond,1.2,0.1273356401384083,9.2,58.0,1.1398267317145376,4.073015873015874,0.908477125798173,0,globally hard,3,decision-fragile zone,0.31145316352076224,1.8530021206489757
budget_24_rotated_slender,barbell-bridge,0,0.5304691119167605,0.078125,0.0326086956521739,0.7266704795778398,0.140625,0.0832025117739403,0.4653296809990785,0.4653296809990785,0.8352707897815262,0.5009687282240964,0.1666666666666666,0.4337570085628981,hard,jagged,connected,high,structured_dropout,-0.1962013676610793,-0.0625,-0.0505938161217663,0.0651394309176819,optimization-limited candidate,0.46149687697704594,0.48892846777841614,0.8642334612790288,0.2199815868187681,1,0.9666666666666667,0,0,0.56728476,0.19481792,-0.0464,1.0,40.0,4.195334447827693,0.1627607014971466,2.105285482509537,0.9827512428576958,budget_24_rotated_slender,1.8,0.3263429752066115,7.8,72.0,0.9050275149321557,4.3730158730158735,0.0,0,optimization-limited candidate,0,information-limited zone,-10.047265820876914,-0.39111017957530925
budget_24_rotated_slender,barbell-bridge,1,0.2718993616311833,0.4375,0.172027972027972,0.7220960922611841,0.1875,0.0682539682539682,0.5244205530100802,0.3180766137635716,0.5407639186232518,0.3537152926449592,0.1666666666666666,0.582303250125727,hard,jagged,connected,high,clustered_occlusion,-0.4501967306300008,0.25,0.1037740037740037,-0.0461772521323883,optimization-limited candidate,0.5145450253272967,0.6931434291634073,0.8905921862701597,0.2718993616311833,1,0.97,0,1,0.39924702,0.8030822,0.9536,1.0,40.0,4.195334447827693,0.1627607014971466,2.105285482509537,0.9827512428576958,budget_24_rotated_slender,1.8,0.3263429752066115,7.8,72.0,0.4477373983565945,4.3730158730158735,0.25395809348862164,0,optimization-limited candidate,0,information-limited zone,-6.03807701450322,-2.2561559464660568
budget_24_rotated_slender,barbell-bridge,2,0.1578575760877228,0.8125,0.3258928571428571,0.7189420869870308,0.171875,0.053680981595092,0.6537277033699658,0.3244918791993994,0.52135262199092,0.5940096443287933,0.6666666666666666,0.5937169300211351,hard,jagged,connected,high,none,-0.561084510899308,0.640625,0.2722118755477651,-0.1666343031116766,irreducibly ambiguous candidate,0.4433996823080936,0.4890599125611381,0.8529292506309881,0.1578575760877228,0,0.02,0,0,0.6352884,0.89516735,-0.0464,1.0,40.0,4.195334447827693,0.1627607014971466,2.105285482509537,0.9827512428576958,budget_24_rotated_slender,1.8,0.3263429752066115,7.8,72.0,0.39784752643137916,4.3730158730158735,0.41872515405289956,0,irreducibly ambiguous candidate,0,information-limited zone,-4.295972270313819,-2.9551233055147277
budget_24_rotated_slender,barbell-bridge,3,0.2236539500203335,0.71875,0.1409495548961424,0.747621632807403,0.171875,0.0663507109004739,0.5205127627192705,0.3662783819244941,0.6136147785504465,0.3901407226085566,0.1666666666666666,0.5413903216148658,hard,jagged,connected,high,moment_preserving_perturbation,-0.5239676827870695,0.546875,0.0745988439956684,-0.1426244319041605,globally hard,0.3567373690734073,0.03428243341853954,0.8872944664592447,0.2236539500203335,1,0.9966666666666667,0,1,0.47512144,0.65109915,0.9536,1.0,40.0,4.195334447827693,0.1627607014971466,2.105285482509537,0.9827512428576958,budget_24_rotated_slender,1.8,0.3263429752066115,7.8,72.0,0.5271260486360662,4.3730158730158735,0.184859504766554,0,globally hard,0,information-limited zone,-6.519642228346747,-3.1956484469212874
budget_24_rotated_slender,crescent,0,0.1046753696447697,0.9375,0.2692307692307692,0.5640863547192426,0.1875,0.0961098398169336,0.2617804362108163,0.2548888876695772,0.0957656286012751,0.2978828143006375,0.5,0.9086769590037354,hard,smooth,connected,high,none,-0.4594109850744729,0.75,0.1731209294138356,-0.1502135180248074,anchor-easy/blind-easy,0.37471667167324413,0.4872657706932824,0.5771261780415889,0.1046753696447697,0,0.006666666666666667,0,1,0.5520162,0.9924596,0.9536,1.0,12.0,1.926420323251142,0.1042283193607317,2.07937302735138,0.8077277247469214,budget_24_rotated_slender,1.8,0.3263429752066115,7.8,72.0,0.06998257474708566,1.5730158730158732,0.9043235095933163,1,anchor-easy/blind-easy,2,ambiguity zone,1.5354777652383134,-1.92003156665191
budget_24_rotated_slender,crescent,1,0.2391088440720644,0.4375,0.1464208242950108,0.5422837484588839,0.234375,0.0610211706102117,0.3109024100629972,0.2947016870781611,0.1178782496185222,0.3089391248092611,0.5,0.8888042582849481,hard,smooth,connected,high,moment_preserving_perturbation,-0.3031749043868195,0.203125,0.0853996536847991,-0.0555928430060966,optimization-limited candidate,0.2972408288906303,0.3445815953966286,0.5727951557312072,0.2391088440720644,1,1.0,0,1,0.18713982,0.9944496,0.9536,1.0,12.0,1.926420323251142,0.1042283193607317,2.07937302735138,0.8077277247469214,budget_24_rotated_slender,1.8,0.3263429752066115,7.8,72.0,0.10061841914292513,1.5730158730158732,0.7270711423912465,0,optimization-limited candidate,1,optimization-limited zone,-0.3360848049745741,-0.3876091381503826
budget_24_rotated_slender,crescent,2,0.0920272011872265,0.96875,0.3120567375886525,0.5690943069593075,0.15625,0.0565110565110565,0.2768031515167607,0.2596118795645982,0.117260792332319,0.3086303961661595,0.5,0.8893532264149792,hard,smooth,connected,high,structured_dropout,-0.477067105772081,0.8125,0.255545681077596,-0.1675846783773716,anchor-easy/blind-easy,0.33817669867021155,0.4412055805394013,0.5670140766847108,0.0920272011872265,0,0.006666666666666667,0,1,0.8624229,0.9126066,0.9536,1.0,12.0,1.926420323251142,0.1042283193607317,2.07937302735138,0.8077277247469214,budget_24_rotated_slender,1.8,0.3263429752066115,7.8,72.0,0.08066877203003506,1.5730158730158732,0.8816429682994819,1,anchor-easy/blind-easy,2,ambiguity zone,1.3016306200567658,-2.1693038913562686
budget_24_rotated_slender,crescent,3,0.260168873898239,0.578125,0.2036553524804177,0.5533839782013861,0.140625,0.0395550061804697,0.3335073229665795,0.3149209972350837,0.073633205061677,0.2034832691975051,0.3333333333333333,0.9290123883966516,hard,smooth,connected,high,clustered_occlusion,-0.293215104303147,0.4375,0.164100346299948,-0.0547521233368447,optimization-limited candidate,0.36376057612511675,0.35148795757861,0.5645874843908802,0.260168873898239,1,0.9933333333333333,0,1,0.34520978,0.99634534,0.9536,1.0,12.0,1.926420323251142,0.1042283193607317,2.07937302735138,0.8077277247469214,budget_24_rotated_slender,1.8,0.3263429752066115,7.8,72.0,0.0586374087305783,1.5730158730158732,0.7749987065485472,0,optimization-limited candidate,1,optimization-limited zone,0.31506270829588795,-0.16747107418641774
budget_24_rotated_slender,cross-branch,0,0.1052350380729138,1.0,0.4824561403508772,0.5284844745723865,0.296875,0.0445632798573975,0.3785815185250546,0.3469537521951908,0.1711273614238055,0.2522303473785694,0.3333333333333333,0.8427142373513942,hard,jagged,connected,high,none,-0.4232494364994726,0.703125,0.4378928604934797,-0.241718714122277,blind-easy/downstream-fragile,0.3449075406296427,0.45547889757022686,0.44390128889313735,0.1052350380729138,0,0.0033333333333333335,1,1,0.95448047,0.3696455,-0.0464,1.0,1.0,1.0024045069907674,0.1715963011416351,1.2292899263454526,0.985285262036289,budget_24_rotated_slender,1.8,0.3263429752066115,7.8,72.0,0.13496591512284672,0.4730158730158731,0.9353667232498654,1,blind-easy/downstream-fragile,2,ambiguity zone,1.0821617081365882,-1.7208986634303733
budget_24_rotated_slender,cross-branch,1,0.2233816031924334,0.84375,0.1198945981554677,0.4826512474785176,0.453125,0.1090604026845637,0.3114109150308166,0.2991727418271478,0.0944350993361853,0.2138842163347593,0.3333333333333333,0.9098867849661466,hard,jagged,connected,high,moment_preserving_perturbation,-0.2592696442860842,0.390625,0.010834195470904,-0.0757911386347144,globally hard,0.29194557269423344,0.3664637762439588,0.5172357997281305,0.2233816031924334,1,0.9933333333333333,1,0,0.8301885,0.30167785,-1.0464,1.0,1.0,1.0024045069907674,0.1715963011416351,1.2292899263454526,0.985285262036289,budget_24_rotated_slender,1.8,0.3263429752066115,7.8,72.0,1.1295128410495017,0.4730158730158731,0.8620233025421088,0,globally hard,3,decision-fragile zone,-0.2626714326151643,2.2526292493575317
budget_24_rotated_slender,cross-branch,2,0.125318495118389,0.984375,0.1860068259385665,0.529242443190121,0.3125,0.0342019543973941,0.4058144535860632,0.332070510069883,0.1670601115167614,0.416863389091714,0.6666666666666666,0.8461487465238637,hard,jagged,connected,high,structured_dropout,-0.403923948071732,0.671875,0.1518048715411724,-0.2067520149514939,blind-easy/downstream-fragile,0.27083620164725586,0.3041517929248805,0.48552730216044887,0.125318495118389,0,0.0033333333333333335,1,0,0.7668919,0.32959744,-1.0464,1.0,1.0,1.0024045069907674,0.1715963011416351,1.2292899263454526,0.985285262036289,budget_24_rotated_slender,1.8,0.3263429752066115,7.8,72.0,1.1823857904325856,0.4730158730158731,0.9395508291566695,1,blind-easy/downstream-fragile,3,decision-fragile zone,0.3933161339218287,0.28305705700686024
budget_24_rotated_slender,cross-branch,3,0.2544502712804791,0.609375,0.1645338208409506,0.5332856101695187,0.265625,0.0670194003527336,0.4366032305259353,0.3908239867792641,0.1258115568782081,0.3962391117724374,0.6666666666666666,0.881780996691774,hard,jagged,connected,high,clustered_occlusion,-0.2788353388890396,0.34375,0.097514420488217,-0.136373715498785,globally hard,0.3035870395067899,0.3015568276475865,0.4465432838523354,0.2544502712804791,1,1.0,1,1,0.89954865,0.3177128,-0.0464,1.0,1.0,1.0024045069907674,0.1715963011416351,1.2292899263454526,0.985285262036289,budget_24_rotated_slender,1.8,0.3263429752066115,7.8,72.0,0.15151130071908794,0.4730158730158731,0.8279324338730529,0,globally hard,1,optimization-limited zone,0.10748739242510816,0.09090934358471028
budget_24_rotated_slender,double-loop,0,0.2076177562564802,0.734375,0.1628664495114006,0.6748167380292104,0.140625,0.0739495798319327,0.2923898019043773,0.2894990046954613,0.1057266599756527,0.219529996654493,0.3333333333333333,0.8996705304343416,hard,smooth,connected,high,clustered_occlusion,-0.4671989817727301,0.59375,0.0889168696794679,-0.081881248438981,globally hard,0.4045080016082417,0.4948966032040018,0.7174330322820787,0.2076177562564802,0,0.09666666666666666,0,1,0.21556547,0.48956692,0.9536,1.0,3.0,1.9632453591236552,0.0817043512033122,1.848737586275187,0.9903565845479404,budget_24_rotated_slender,1.8,0.3263429752066115,7.8,72.0,0.08850733424671904,0.6730158730158731,0.8854874404700899,0,globally hard,2,ambiguity zone,1.0009563165770932,-1.7971004545628375
budget_24_rotated_slender,double-loop,1,0.0852255159104636,0.96875,0.3862745098039216,0.6459840133739765,0.140625,0.0288808664259927,0.2521206975616936,0.2086095530822996,0.1107655531604993,0.2220494432469163,0.3333333333333333,0.8951485890874838,hard,smooth,connected,high,none,-0.5607584974635129,0.828125,0.3573936433779289,-0.1233840371718359,anchor-easy/blind-easy,0.4448374158467214,0.609872693150263,0.723368002146505,0.0852255159104636,0,0.006666666666666667,0,1,0.29795602,0.4209741,0.9536,1.0,3.0,1.9632453591236552,0.0817043512033122,1.848737586275187,0.9903565845479404,budget_24_rotated_slender,1.8,0.3263429752066115,7.8,72.0,0.06797964341026722,0.6730158730158731,0.8941205778464141,1,anchor-easy/blind-easy,2,ambiguity zone,1.2248043156166286,-2.5263540436534324
budget_24_rotated_slender,double-loop,2,0.228807321231505,0.609375,0.0733830845771144,0.615276036098063,0.25,0.0732142857142857,0.2937463665436552,0.2780963077176064,0.1565870171002499,0.1616268418834583,0.1666666666666666,0.8550571098753306,hard,smooth,connected,high,moment_preserving_perturbation,-0.386468714866558,0.359375,0.0001687988628286,-0.0492889864861014,globally hard,0.3461163160450304,0.39587034072134364,0.6849334783845601,0.228807321231505,1,0.9933333333333333,0,1,0.62342924,0.4340137,0.9536,1.0,3.0,1.9632453591236552,0.0817043512033122,1.848737586275187,0.9903565845479404,budget_24_rotated_slender,1.8,0.3263429752066115,7.8,72.0,0.1450961787807042,0.6730158730158731,0.693415201468377,0,globally hard,1,optimization-limited zone,-0.901654263908463,-1.0447568249819936
budget_24_rotated_slender,double-loop,3,0.1122089252592059,0.984375,0.3632567849686847,0.6363005678701468,0.140625,0.0170068027210884,0.2287134458684377,0.2099816949998405,0.1289739465254831,0.1478203065960749,0.1666666666666666,0.8789968661697146,hard,smooth,connected,high,structured_dropout,-0.5240916426109409,0.84375,0.3462499822475963,-0.0977727697406346,anchor-easy/blind-easy,0.45915238787056323,0.5470581613247878,0.7455839972625845,0.1122089252592059,0,0.0033333333333333335,0,0,0.37139383,0.35439315,-0.0464,1.0,3.0,1.9632453591236552,0.0817043512033122,1.848737586275187,0.9903565845479404,budget_24_rotated_slender,1.8,0.3263429752066115,7.8,72.0,0.12852328536591304,0.6730158730158731,0.8755297902106257,1,anchor-easy/blind-easy,2,ambiguity zone,0.7277025413081268,-1.5374205007488198
budget_24_rotated_slender,mean-reversion,0,0.187985804637273,0.84375,0.1766917293233082,0.6070294394350166,0.3125,0.0599721059972106,0.364113071077016,0.3513004326175922,0.1628906880813119,0.1647786773739892,0.1666666666666666,0.8496840639336045,hard,jagged,connected,high,structured_dropout,-0.4190436347977436,0.53125,0.1167196233260976,-0.1633146279803192,globally hard,0.2918310279672572,0.2078024864991066,0.7164483247421979,0.187985804637273,0,0.03,0,1,0.57921416,0.37088743,0.9536,1.0,39.0,1.9304818378078896,0.114849417410383,1.9184331762576816,0.8426395272372131,budget_24_rotated_slender,1.8,0.3263429752066115,7.8,72.0,0.1341092507135613,4.273015873015874,0.8353980791512433,0,globally hard,2,ambiguity zone,0.6511033390299517,-1.6575515426964642
budget_24_rotated_slender,mean-reversion,1,0.2132356624250587,0.75,0.1938325991189427,0.6256969025323614,0.296875,0.0361067503924646,0.3421408705971479,0.3421408705971479,0.1145350414897192,0.2239341874115263,0.3333333333333333,0.8917806885467778,hard,jagged,connected,high,clustered_occlusion,-0.4124612401073027,0.453125,0.1577258487264781,-0.1289052081720891,globally hard,0.42427026369488835,0.5824716341707186,0.723659733450465,0.2132356624250587,1,0.95,0,1,0.62422556,0.46332708,0.9536,1.0,39.0,1.9304818378078896,0.114849417410383,1.9184331762576816,0.8426395272372131,budget_24_rotated_slender,1.8,0.3263429752066115,7.8,72.0,0.09233441670757099,4.273015873015874,0.7431951227589028,0,globally hard,1,optimization-limited zone,0.14686038220807238,-0.911160813009604
budget_24_rotated_slender,mean-reversion,2,0.1867844521900792,0.890625,0.2532637075718015,0.6178601909701436,0.25,0.0516499282639885,0.3112461070513435,0.3112461070513435,0.1325364922698631,0.1496015794682649,0.1666666666666666,0.8758709710031645,hard,jagged,connected,high,none,-0.4310757387800643,0.640625,0.201613779307813,-0.1244616548612642,globally hard,0.430485770121476,0.6206986799906613,0.7134901105163994,0.1867844521900792,0,0.06666666666666667,0,1,0.40830603,0.34149563,0.9536,1.0,39.0,1.9304818378078896,0.114849417410383,1.9184331762576816,0.8426395272372131,budget_24_rotated_slender,1.8,0.3263429752066115,7.8,72.0,0.09896980884903617,4.273015873015874,0.8612113540856229,0,globally hard,2,ambiguity zone,0.8825390818734955,-1.4495827090200708
budget_24_rotated_slender,mean-reversion,3,0.2208488892773635,0.78125,0.1340909090909091,0.6413395383852586,0.25,0.0513552068473609,0.548934163573506,0.3112203910933662,0.2462375488844087,0.289785441108871,0.3333333333333333,0.7817365022332343,hard,jagged,connected,high,moment_preserving_perturbation,-0.4204906491078951,0.53125,0.0827357022435482,-0.0903715018160026,globally hard,0.418515981759877,0.43983973381524666,0.7447247366440773,0.2208488892773635,1,0.99,0,1,0.3933874,0.46971926,0.9536,1.0,39.0,1.9304818378078896,0.114849417410383,1.9184331762576816,0.8426395272372131,budget_24_rotated_slender,1.8,0.3263429752066115,7.8,72.0,0.2132193321021812,4.273015873015874,0.602076693898215,0,globally hard,1,optimization-limited zone,-1.9078898139348297,-1.2641834147414057
budget_24_rotated_slender,multi-hole,0,0.1207425488907774,0.984375,0.2094240837696335,0.4953551124706392,0.40625,0.1275862068965517,0.3080474981393363,0.2895745939887587,0.1156078745055618,0.1411372705861142,0.1666666666666666,0.8908244698044475,hard,smooth,connected,high,structured_dropout,-0.3746125635798618,0.578125,0.0818378768730818,-0.1688320450979812,anchor-easy/blind-easy,0.3271170599305253,0.40993352000932004,0.49573387401352315,0.1207425488907774,0,0.03,1,1,0.7038216,0.8890353,-0.0464,1.0,73.0,1.0002814165939322,0.0980752729044046,2.013166601186731,0.7876321647398156,budget_24_rotated_slender,1.8,0.3263429752066115,7.8,72.0,0.13779680131067973,7.673015873015874,0.9522378973957982,1,anchor-easy/blind-easy,4,effective-collapse zone,1.4953785710592615,-0.03434761451567033
budget_24_rotated_slender,multi-hole,1,0.2298578603717341,0.625,0.1311881188118812,0.5221294794635567,0.265625,0.0618846694796061,0.3180826025186836,0.3118781548918077,0.1057310633131345,0.3028655316565672,0.5,0.8996665688900957,hard,smooth,connected,high,clustered_occlusion,-0.2922716190918226,0.359375,0.069303449332275,-0.0820202945200735,globally hard,0.38023446056088206,0.5611697920505508,0.5768167509111405,0.2298578603717341,1,0.9466666666666667,1,1,0.5342325,0.87111694,-0.0464,1.0,73.0,1.0002814165939322,0.0980752729044046,2.013166601186731,0.7876321647398156,budget_24_rotated_slender,1.8,0.3263429752066115,7.8,72.0,0.1382604040171045,7.673015873015874,0.8205981853548613,0,globally hard,1,optimization-limited zone,0.2157850052492586,1.1709801026131457
budget_24_rotated_slender,multi-hole,2,0.1273174909256533,0.984375,0.1993355481727574,0.4940752640029967,0.34375,0.0808510638297872,0.2939217856380274,0.2778348059059815,0.0998883997731443,0.2166108665532388,0.3333333333333333,0.9049384037319884,hard,smooth,connected,high,none,-0.3667577730773433,0.640625,0.1184844843429702,-0.1505173149803281,globally hard,0.2731172262897291,0.320916440726911,0.48408999536481057,0.1273174909256533,0,0.0,1,1,0.36384022,0.86843735,-0.0464,1.0,73.0,1.0002814165939322,0.0980752729044046,2.013166601186731,0.7876321647398156,budget_24_rotated_slender,1.8,0.3263429752066115,7.8,72.0,0.12637709084826504,7.673015873015874,0.9734644251413682,0,globally hard,4,effective-collapse zone,1.6789413140106313,0.126715405994354
budget_24_rotated_slender,multi-hole,3,0.232115281176616,0.734375,0.1279296875,0.4773607814629936,0.421875,0.0952914798206278,0.3191932917651429,0.3191932917651429,0.1270596511557355,0.2301964922445344,0.3333333333333333,0.8806811373826,hard,smooth,connected,high,moment_preserving_perturbation,-0.2452455002863776,0.3125,0.0326382076793722,-0.0870780105885268,globally hard,0.3228901182197245,0.39141280609122586,0.5019420081092009,0.232115281176616,1,1.0,1,1,0.39895537,0.90299416,-0.0464,1.0,73.0,1.0002814165939322,0.0980752729044046,2.013166601186731,0.7876321647398156,budget_24_rotated_slender,1.8,0.3263429752066115,7.8,72.0,0.15720494968952325,7.673015873015874,0.7899203733025036,0,globally hard,1,optimization-limited zone,-0.13613881914018938,1.3381249679690286
budget_24_rotated_slender,nested-rings,0,0.0981203047239598,1.0,0.1743486973947896,0.452827108081942,0.328125,0.0853131749460043,0.3148472676451532,0.2999586154190003,0.1000499673326966,0.3000249836663483,0.5,0.9047922068532068,hard,smooth,connected,high,none,-0.3547068033579822,0.671875,0.0890355224487852,-0.2018383106950405,anchor-easy/blind-easy,0.22460438480051428,0.17882025857530912,0.4207406005654631,0.0981203047239598,0,0.02,0,0,0.2620832,0.1963279,-0.0464,1.0,80.0,1.0113656184223867,0.0765667972526494,1.984999432522959,0.9893860467956732,budget_24_rotated_slender,1.8,0.3263429752066115,7.8,72.0,0.1290063858538497,8.373015873015873,0.9698538931717506,1,anchor-easy/blind-easy,4,effective-collapse zone,1.8772962755836133,0.08986317809224212
budget_24_rotated_slender,nested-rings,1,0.240172294436786,0.625,0.1619433198380566,0.4243528767869431,0.453125,0.1031175059952038,0.3071059868527501,0.2734836263724703,0.1458145028086739,0.2395739180710036,0.3333333333333333,0.8643180168798568,hard,smooth,connected,high,moment_preserving_perturbation,-0.1841805823501571,0.171875,0.0588258138428527,-0.0333113319356843,anchor-easy/blind-hard,0.21949024817875218,0.244848947434334,0.40118861191456784,0.240172294436786,1,0.9566666666666667,0,0,0.2882848,0.7055461,-0.0464,1.0,80.0,1.0113656184223867,0.0765667972526494,1.984999432522959,0.9893860467956732,budget_24_rotated_slender,1.8,0.3263429752066115,7.8,72.0,0.1686008181433016,8.373015873015873,0.7767462952541337,0,anchor-easy/blind-hard,1,optimization-limited zone,-0.5748998086782229,1.8563596032957317
budget_24_rotated_slender,nested-rings,2,0.1008779875120112,0.984375,0.2181818181818181,0.4589238775231484,0.296875,0.1166150670794633,0.2786904353381438,0.2786904353381438,0.096181868247076,0.2147576007902046,0.3333333333333333,0.9082988103338662,hard,smooth,connected,high,structured_dropout,-0.3580458900111372,0.6875,0.1015667511023547,-0.1778124478261326,anchor-easy/blind-easy,0.20784852068071577,0.17796140126507742,0.4285982011471157,0.1008779875120112,0,0.02,0,0,0.4029016,0.38259605,-0.0464,1.0,80.0,1.0113656184223867,0.0765667972526494,1.984999432522959,0.9893860467956732,budget_24_rotated_slender,1.8,0.3263429752066115,7.8,72.0,0.12159673335680489,8.373015873015873,0.9739494712040434,1,anchor-easy/blind-easy,4,effective-collapse zone,1.8346680481315867,0.17602358465935095
budget_24_rotated_slender,nested-rings,3,0.2382927804007373,0.671875,0.1439153439153439,0.5213234257796827,0.3125,0.0437352245862884,0.2793350342022377,0.2726670165936259,0.0940771397126847,0.463705236523009,0.8333333333333334,0.910212545998291,hard,smooth,connected,high,clustered_occlusion,-0.2830306453789454,0.359375,0.1001801193290555,-0.0343742361928886,globally hard,0.28970449650512237,0.2916597452782842,0.46351184785985255,0.2382927804007373,1,1.0,0,0,0.26061916,0.54247016,-0.0464,1.0,80.0,1.0113656184223867,0.0765667972526494,1.984999432522959,0.9893860467956732,budget_24_rotated_slender,1.8,0.3263429752066115,7.8,72.0,0.12693799579636184,8.373015873015873,0.824323545171184,0,globally hard,1,optimization-limited zone,0.1333030703028004,1.5570971522145518
budget_24_rotated_slender,pinwheel,0,0.1653764117478178,0.953125,0.2122641509433962,0.3861313919833031,0.484375,0.0888324873096446,0.3046452597366961,0.2875612206785071,0.1400482786465707,0.1533574726566187,0.1666666666666666,0.8693162649729614,hard,jagged,connected,high,none,-0.2207549802354853,0.46875,0.1234316636337516,-0.1221848089306892,globally hard,0.28160608753656313,0.35708090412808746,0.4114651405010463,0.1653764117478178,0,0.01,1,0,0.6051004,0.26764014,-1.0464,1.0,66.0,1.0084614575281672,0.1489407766853352,2.043908586001609,0.938995126702752,budget_24_rotated_slender,1.8,0.3263429752066115,7.8,72.0,1.1567210496885723,6.973015873015874,0.9279261893756581,0,globally hard,3,decision-fragile zone,0.3685918217718879,2.4573451002200244
budget_24_rotated_slender,pinwheel,1,0.2114979048144553,0.921875,0.1334792122538293,0.4446595062284811,0.4375,0.0730717185385656,0.3262528857671438,0.316088687453928,0.1275763929692268,0.23045486315128,0.3333333333333333,0.8802261701749752,hard,jagged,connected,high,moment_preserving_perturbation,-0.2331616014140258,0.484375,0.0604074937152637,-0.1045907826394726,globally hard,0.28388814779436383,0.37899648331504626,0.48599979822614897,0.2114979048144553,1,0.97,1,0,0.7321908,0.3040567,-1.0464,1.0,66.0,1.0084614575281672,0.1489407766853352,2.043908586001609,0.938995126702752,budget_24_rotated_slender,1.8,0.3263429752066115,7.8,72.0,1.1569475965335094,6.973015873015874,0.7921815075454027,0,globally hard,3,decision-fragile zone,-0.6263479791639247,2.9329778365665997
budget_24_rotated_slender,pinwheel,2,0.18483596841835,0.984375,0.1415628539071347,0.3671084837938296,0.5,0.0690537084398976,0.2939656199466648,0.279563457319991,0.1340325839449268,0.1503496253057967,0.1666666666666666,0.8745615674731124,hard,jagged,connected,high,structured_dropout,-0.1822725153754796,0.484375,0.0725091454672371,-0.0947274889016409,globally hard,0.26190482209775207,0.37534222099385606,0.40988578372967815,0.18483596841835,0,0.023333333333333334,1,0,0.57052803,0.23262732,-1.0464,1.0,66.0,1.0084614575281672,0.1489407766853352,2.043908586001609,0.938995126702752,budget_24_rotated_slender,1.8,0.3263429752066115,7.8,72.0,1.1614585488451354,6.973015873015874,0.9321287622010872,0,globally hard,3,decision-fragile zone,0.3158809746179174,2.8015220673249566
budget_24_rotated_slender,pinwheel,3,0.2387871778452526,0.859375,0.1315496098104793,0.4250254870909835,0.4375,0.0769230769230769,0.3058466837064745,0.2899911805801348,0.1550779828090944,0.3275389914045472,0.5,0.8563483944263213,hard,jagged,connected,high,clustered_occlusion,-0.1862383092457308,0.421875,0.0546265328874024,-0.0512040027348821,anchor-easy/blind-hard,0.3139685745491445,0.4074712775783056,0.4323299292114833,0.2387871778452526,1,0.9966666666666667,1,0,0.56960136,0.2743249,-1.0464,1.0,66.0,1.0084614575281672,0.1489407766853352,2.043908586001609,0.938995126702752,budget_24_rotated_slender,1.8,0.3263429752066115,7.8,72.0,1.181077534680362,6.973015873015874,0.7594406198861149,0,anchor-easy/blind-hard,3,decision-fragile zone,-1.2782577994243693,3.291083046731152
budget_24_rotated_slender,spiral,0,0.1135921338532208,1.0,0.223728813559322,0.4657687189035142,0.4375,0.062200956937799,0.3345793424240257,0.3120966143846592,0.1250552471954072,0.2291942902643702,0.3333333333333333,0.8824481484525489,hard,smooth,connected,high,structured_dropout,-0.3521765850502933,0.5625,0.161527856621523,-0.1985044805314383,anchor-easy/blind-easy,0.28061711352491386,0.3181869588520788,0.5194943331262212,0.1135921338532208,0,0.0033333333333333335,1,1,0.36574817,0.31957194,-0.0464,1.0,48.0,1.1364522233114445,0.1033335109422039,1.9971717461824172,0.8783513135867637,budget_24_rotated_slender,1.8,0.3263429752066115,7.8,72.0,0.143476785111011,5.173015873015874,0.9327633879149668,1,anchor-easy/blind-easy,4,effective-collapse zone,1.4304393070915933,-0.40331362716464186
budget_24_rotated_slender,spiral,1,0.2074190348143015,0.84375,0.213519313304721,0.5056481917299012,0.375,0.0557620817843866,0.2956743501451661,0.2920969095456293,0.1097944575967944,0.2215638954650639,0.3333333333333333,0.8960182861223239,hard,smooth,connected,high,clustered_occlusion,-0.2982291569155997,0.46875,0.1577572315203343,-0.0846778747313277,globally hard,0.3865673782814663,0.592418459627666,0.5494812390740709,0.2074190348143015,0,0.03,1,1,0.46240145,0.4998209,-0.0464,1.0,48.0,1.1364522233114445,0.1033335109422039,1.9971717461824172,0.8783513135867637,budget_24_rotated_slender,1.8,0.3263429752066115,7.8,72.0,0.13275122040606258,5.173015873015874,0.9446614257470837,0,globally hard,4,effective-collapse zone,1.135211650532133,0.38807097348182046
budget_24_rotated_slender,spiral,2,0.1242670059375927,0.9375,0.1819160387513455,0.4594845990529692,0.453125,0.0569395017793594,0.324678715946483,0.3236264987782854,0.1084613392847841,0.2208973363090587,0.3333333333333333,0.8972135810652144,hard,smooth,connected,high,none,-0.3352175931153764,0.484375,0.124976536971986,-0.1993594928406927,anchor-easy/blind-easy,0.25510890433591465,0.2453124467899778,0.5237357696717732,0.1242670059375927,0,0.01,1,1,0.45610255,0.2948685,-0.0464,1.0,48.0,1.1364522233114445,0.1033335109422039,1.9971717461824172,0.8783513135867637,budget_24_rotated_slender,1.8,0.3263429752066115,7.8,72.0,0.1351304820844305,5.173015873015874,0.9491656604345983,1,anchor-easy/blind-easy,4,effective-collapse zone,1.6619777064170915,-0.24614009517434673
budget_24_rotated_slender,spiral,3,0.2304178475361549,0.828125,0.1643090315560391,0.4793219490573169,0.4375,0.07002457002457,0.3544543876274482,0.323296947299818,0.1385641508020742,0.1526154087343704,0.1666666666666666,0.8706073993147039,hard,smooth,connected,high,moment_preserving_perturbation,-0.248904101521162,0.390625,0.0942844615314691,-0.0928790997636631,globally hard,0.37213770789496375,0.4681909609858439,0.5913849700904513,0.2304178475361549,1,0.96,1,1,0.28261772,0.29059786,-0.0464,1.0,48.0,1.1364522233114445,0.1033335109422039,1.9971717461824172,0.8783513135867637,budget_24_rotated_slender,1.8,0.3263429752066115,7.8,72.0,0.16219680937540043,5.173015873015874,0.7704149342719246,0,globally hard,1,optimization-limited zone,-0.31174174900070173,0.9096434746275723
budget_24_rotated_slender,volatility-clustering,0,0.2259036429086164,0.859375,0.1709401709401709,0.56211300648314,0.375,0.0691562932226832,0.3399394504734118,0.3287471625980601,0.1581684125034055,0.162417539585036,0.1666666666666666,0.8537059950972615,hard,jagged,connected,high,moment_preserving_perturbation,-0.3362093635745236,0.484375,0.1017838777174876,-0.1028435196894436,globally hard,0.35787649608538574,0.4010469576699951,0.7021353275488743,0.2259036429086164,1,1.0,1,0,0.89429766,0.51693606,-1.0464,1.0,37.0,1.071409286066147,0.1618705737123711,2.137595864061074,0.9432368914925192,budget_24_rotated_slender,1.8,0.3263429752066115,7.8,72.0,1.1775310770327378,4.073015873015874,0.7462960328627586,0,globally hard,3,decision-fragile zone,-1.1681640390676953,1.926411834947317
budget_24_rotated_slender,volatility-clustering,1,0.1496985280725841,0.9375,0.2885057471264368,0.5319260049281517,0.40625,0.0841584158415841,0.3394636738597325,0.3139596648907447,0.2412528570900361,0.2039597618783514,0.1666666666666666,0.7856429458814137,hard,jagged,connected,high,structured_dropout,-0.3822274768555675,0.53125,0.2043473312848527,-0.1642611368181606,globally hard,0.35491823819511725,0.4509018760345598,0.6335281433379296,0.1496985280725841,0,0.01,1,0,0.6778026,0.19971083,-1.0464,1.0,37.0,1.071409286066147,0.1618705737123711,2.137595864061074,0.9432368914925192,budget_24_rotated_slender,1.8,0.3263429752066115,7.8,72.0,1.2180500213088878,4.073015873015874,0.8152462020780444,0,globally hard,3,decision-fragile zone,-0.9135607802841653,0.6909775856927168
budget_24_rotated_slender,volatility-clustering,2,0.2358469194047743,0.8125,0.2381578947368421,0.4957665792398311,0.40625,0.0768194070080862,0.3402080194078108,0.3402080194078108,0.2125014032620464,0.2729173682976898,0.3333333333333333,0.8085591817002444,hard,jagged,connected,high,clustered_occlusion,-0.2599196598350567,0.40625,0.1613384877287559,-0.1043611000030365,globally hard,0.22372522764136513,0.10756519132921269,0.593005104431279,0.2358469194047743,1,0.98,1,0,0.8723738,0.38615873,-1.0464,1.0,37.0,1.071409286066147,0.1618705737123711,2.137595864061074,0.9432368914925192,budget_24_rotated_slender,1.8,0.3263429752066115,7.8,72.0,1.2082925164325327,4.073015873015874,0.6938563725472405,0,globally hard,3,decision-fragile zone,-1.896461939604698,2.0942004410809925
budget_24_rotated_slender,volatility-clustering,3,0.1773430560076946,0.84375,0.314868804664723,0.5201562933541714,0.4375,0.0567081604426002,0.3686545137803642,0.3630451973850881,0.1465939811962369,0.2399636572647851,0.3333333333333333,0.8636445621715112,hard,jagged,connected,high,none,-0.3428132373464767,0.40625,0.2581606442221228,-0.1857021413773935,globally hard,0.39064130106966877,0.442212363247664,0.6495909113411528,0.1773430560076946,0,0.02,0,1,0.46126613,0.53243345,0.9536,1.0,37.0,1.071409286066147,0.1618705737123711,2.137595864061074,0.9432368914925192,budget_24_rotated_slender,1.8,0.3263429752066115,7.8,72.0,0.1004361095659349,4.073015873015874,0.9101399893573074,0,globally hard,2,ambiguity zone,1.1749926524764467,-1.303058028370014
