representation,query_index,neighbor_rank,distance,query_budget,query_family,query_seed,neighbor_budget,neighbor_family,neighbor_seed,action_disagree,view_disagree,family_disagree,phase_disagree,query_key,neighbor_key,q_topology_code,q_geometry_score,q_random_label,q_feasible_set_divergence,q_blind_search_barrier,q_task_sensitivity,q_internal_divergence_proxy,q_phase_name,n_topology_code,n_geometry_score,n_random_label,n_feasible_set_divergence,n_blind_search_barrier,n_task_sensitivity,n_internal_divergence_proxy,n_phase_name,topology_disagree,geometry_distance,geometry_fragile,random_disagree
Base summary,0,1,3.8220929361664615e-08,budget_06_thin_strip,barbell-bridge,0,budget_06_thin_strip,barbell-bridge,3,0.0,0.0,0.0,0.0,budget_06_thin_strip|barbell-bridge|0,budget_06_thin_strip|barbell-bridge|3,1_1,1.37352009580138,0,0.8339575530586767,0.6890958245719434,0.9323383084577115,0.8339575530586767,decision-fragile zone,1_1,1.37352009580138,0,0.3071161048689139,0.7194352658455991,0.9074626865671642,0.3071161048689139,decision-fragile zone,0.0,0.0,0.0,0.0
Base summary,0,2,7.56979790525003e-08,budget_06_thin_strip,barbell-bridge,0,budget_06_thin_strip,barbell-bridge,1,1.0,0.0,0.0,0.0,budget_06_thin_strip|barbell-bridge|0,budget_06_thin_strip|barbell-bridge|1,1_1,1.37352009580138,0,0.8339575530586767,0.6890958245719434,0.9323383084577115,0.8339575530586767,decision-fragile zone,1_1,1.37352009580138,1,0.6092384519350812,0.7954340642835686,0.9213930348258708,0.6092384519350812,decision-fragile zone,0.0,0.0,0.0,1.0
Base summary,0,3,8.747398515793983e-08,budget_06_thin_strip,barbell-bridge,0,budget_06_thin_strip,barbell-bridge,2,0.0,0.0,0.0,0.0,budget_06_thin_strip|barbell-bridge|0,budget_06_thin_strip|barbell-bridge|2,1_1,1.37352009580138,0,0.8339575530586767,0.6890958245719434,0.9323383084577115,0.8339575530586767,decision-fragile zone,1_1,1.37352009580138,1,0.6433624635871826,0.3385401021327725,0.7383084577114428,0.6433624635871826,decision-fragile zone,0.0,0.0,0.0,1.0
Base summary,0,4,3.9502519276787013e-07,budget_06_thin_strip,barbell-bridge,0,budget_06_thin_strip,mean-reversion,2,0.0,0.0,1.0,0.0,budget_06_thin_strip|barbell-bridge|0,budget_06_thin_strip|mean-reversion|2,1_1,1.37352009580138,0,0.8339575530586767,0.6890958245719434,0.9323383084577115,0.8339575530586767,decision-fragile zone,1_0,-0.2321875606103716,0,0.45776113191843526,0.313307299489336,0.2736318407960199,0.45776113191843526,effective-collapse zone,1.0,1.6057076564117516,1.0,0.0
Base summary,0,5,3.9661710978175673e-07,budget_06_thin_strip,barbell-bridge,0,budget_06_thin_strip,mean-reversion,0,0.0,0.0,1.0,0.0,budget_06_thin_strip|barbell-bridge|0,budget_06_thin_strip|mean-reversion|0,1_1,1.37352009580138,0,0.8339575530586767,0.6890958245719434,0.9323383084577115,0.8339575530586767,decision-fragile zone,1_0,-0.2321875606103716,1,0.4760715771951727,0.15500150195253828,0.2338308457711442,0.4760715771951727,effective-collapse zone,1.0,1.6057076564117516,1.0,1.0
Base summary,1,1,1.322804775775815e-08,budget_06_thin_strip,barbell-bridge,1,budget_06_thin_strip,barbell-bridge,2,1.0,0.0,0.0,0.0,budget_06_thin_strip|barbell-bridge|1,budget_06_thin_strip|barbell-bridge|2,1_1,1.37352009580138,1,0.6092384519350812,0.7954340642835686,0.9213930348258708,0.6092384519350812,decision-fragile zone,1_1,1.37352009580138,1,0.6433624635871826,0.3385401021327725,0.7383084577114428,0.6433624635871826,decision-fragile zone,0.0,0.0,0.0,0.0
Base summary,1,2,4.138179497318262e-08,budget_06_thin_strip,barbell-bridge,1,budget_06_thin_strip,barbell-bridge,3,1.0,0.0,0.0,0.0,budget_06_thin_strip|barbell-bridge|1,budget_06_thin_strip|barbell-bridge|3,1_1,1.37352009580138,1,0.6092384519350812,0.7954340642835686,0.9213930348258708,0.6092384519350812,decision-fragile zone,1_1,1.37352009580138,0,0.3071161048689139,0.7194352658455991,0.9074626865671642,0.3071161048689139,decision-fragile zone,0.0,0.0,0.0,1.0
Base summary,1,3,7.56979790525003e-08,budget_06_thin_strip,barbell-bridge,1,budget_06_thin_strip,barbell-bridge,0,1.0,0.0,0.0,0.0,budget_06_thin_strip|barbell-bridge|1,budget_06_thin_strip|barbell-bridge|0,1_1,1.37352009580138,1,0.6092384519350812,0.7954340642835686,0.9213930348258708,0.6092384519350812,decision-fragile zone,1_1,1.37352009580138,0,0.8339575530586767,0.6890958245719434,0.9323383084577115,0.8339575530586767,decision-fragile zone,0.0,0.0,0.0,1.0
Base summary,1,4,3.209251837983361e-07,budget_06_thin_strip,barbell-bridge,1,budget_06_thin_strip,mean-reversion,2,1.0,0.0,1.0,0.0,budget_06_thin_strip|barbell-bridge|1,budget_06_thin_strip|mean-reversion|2,1_1,1.37352009580138,1,0.6092384519350812,0.7954340642835686,0.9213930348258708,0.6092384519350812,decision-fragile zone,1_0,-0.2321875606103716,0,0.45776113191843526,0.313307299489336,0.2736318407960199,0.45776113191843526,effective-collapse zone,1.0,1.6057076564117516,1.0,1.0
Base summary,1,5,3.224364007835239e-07,budget_06_thin_strip,barbell-bridge,1,budget_06_thin_strip,mean-reversion,0,1.0,0.0,1.0,0.0,budget_06_thin_strip|barbell-bridge|1,budget_06_thin_strip|mean-reversion|0,1_1,1.37352009580138,1,0.6092384519350812,0.7954340642835686,0.9213930348258708,0.6092384519350812,decision-fragile zone,1_0,-0.2321875606103716,1,0.4760715771951727,0.15500150195253828,0.2338308457711442,0.4760715771951727,effective-collapse zone,1.0,1.6057076564117516,1.0,0.0
Base summary,2,1,1.322804775775815e-08,budget_06_thin_strip,barbell-bridge,2,budget_06_thin_strip,barbell-bridge,1,1.0,0.0,0.0,0.0,budget_06_thin_strip|barbell-bridge|2,budget_06_thin_strip|barbell-bridge|1,1_1,1.37352009580138,1,0.6433624635871826,0.3385401021327725,0.7383084577114428,0.6433624635871826,decision-fragile zone,1_1,1.37352009580138,1,0.6092384519350812,0.7954340642835686,0.9213930348258708,0.6092384519350812,decision-fragile zone,0.0,0.0,0.0,0.0
Base summary,2,2,5.3328747881211874e-08,budget_06_thin_strip,barbell-bridge,2,budget_06_thin_strip,barbell-bridge,3,0.0,0.0,0.0,0.0,budget_06_thin_strip|barbell-bridge|2,budget_06_thin_strip|barbell-bridge|3,1_1,1.37352009580138,1,0.6433624635871826,0.3385401021327725,0.7383084577114428,0.6433624635871826,decision-fragile zone,1_1,1.37352009580138,0,0.3071161048689139,0.7194352658455991,0.9074626865671642,0.3071161048689139,decision-fragile zone,0.0,0.0,0.0,1.0
Base summary,2,3,8.747398515793983e-08,budget_06_thin_strip,barbell-bridge,2,budget_06_thin_strip,barbell-bridge,0,0.0,0.0,0.0,0.0,budget_06_thin_strip|barbell-bridge|2,budget_06_thin_strip|barbell-bridge|0,1_1,1.37352009580138,1,0.6433624635871826,0.3385401021327725,0.7383084577114428,0.6433624635871826,decision-fragile zone,1_1,1.37352009580138,0,0.8339575530586767,0.6890958245719434,0.9323383084577115,0.8339575530586767,decision-fragile zone,0.0,0.0,0.0,1.0
Base summary,2,4,3.089716327043737e-07,budget_06_thin_strip,barbell-bridge,2,budget_06_thin_strip,mean-reversion,2,0.0,0.0,1.0,0.0,budget_06_thin_strip|barbell-bridge|2,budget_06_thin_strip|mean-reversion|2,1_1,1.37352009580138,1,0.6433624635871826,0.3385401021327725,0.7383084577114428,0.6433624635871826,decision-fragile zone,1_0,-0.2321875606103716,0,0.45776113191843526,0.313307299489336,0.2736318407960199,0.45776113191843526,effective-collapse zone,1.0,1.6057076564117516,1.0,1.0
Base summary,2,5,3.105356763121899e-07,budget_06_thin_strip,barbell-bridge,2,budget_06_thin_strip,mean-reversion,0,0.0,0.0,1.0,0.0,budget_06_thin_strip|barbell-bridge|2,budget_06_thin_strip|mean-reversion|0,1_1,1.37352009580138,1,0.6433624635871826,0.3385401021327725,0.7383084577114428,0.6433624635871826,decision-fragile zone,1_0,-0.2321875606103716,1,0.4760715771951727,0.15500150195253828,0.2338308457711442,0.4760715771951727,effective-collapse zone,1.0,1.6057076564117516,1.0,0.0
Base summary,3,1,3.8220929361664615e-08,budget_06_thin_strip,barbell-bridge,3,budget_06_thin_strip,barbell-bridge,0,0.0,0.0,0.0,0.0,budget_06_thin_strip|barbell-bridge|3,budget_06_thin_strip|barbell-bridge|0,1_1,1.37352009580138,0,0.3071161048689139,0.7194352658455991,0.9074626865671642,0.3071161048689139,decision-fragile zone,1_1,1.37352009580138,0,0.8339575530586767,0.6890958245719434,0.9323383084577115,0.8339575530586767,decision-fragile zone,0.0,0.0,0.0,0.0
Base summary,3,2,4.138179497318262e-08,budget_06_thin_strip,barbell-bridge,3,budget_06_thin_strip,barbell-bridge,1,1.0,0.0,0.0,0.0,budget_06_thin_strip|barbell-bridge|3,budget_06_thin_strip|barbell-bridge|1,1_1,1.37352009580138,0,0.3071161048689139,0.7194352658455991,0.9074626865671642,0.3071161048689139,decision-fragile zone,1_1,1.37352009580138,1,0.6092384519350812,0.7954340642835686,0.9213930348258708,0.6092384519350812,decision-fragile zone,0.0,0.0,0.0,1.0
Base summary,3,3,5.3328747881211874e-08,budget_06_thin_strip,barbell-bridge,3,budget_06_thin_strip,barbell-bridge,2,0.0,0.0,0.0,0.0,budget_06_thin_strip|barbell-bridge|3,budget_06_thin_strip|barbell-bridge|2,1_1,1.37352009580138,0,0.3071161048689139,0.7194352658455991,0.9074626865671642,0.3071161048689139,decision-fragile zone,1_1,1.37352009580138,1,0.6433624635871826,0.3385401021327725,0.7383084577114428,0.6433624635871826,decision-fragile zone,0.0,0.0,0.0,1.0
Base summary,3,4,3.580582677142294e-07,budget_06_thin_strip,barbell-bridge,3,budget_06_thin_strip,mean-reversion,2,0.0,0.0,1.0,0.0,budget_06_thin_strip|barbell-bridge|3,budget_06_thin_strip|mean-reversion|2,1_1,1.37352009580138,0,0.3071161048689139,0.7194352658455991,0.9074626865671642,0.3071161048689139,decision-fragile zone,1_0,-0.2321875606103716,0,0.45776113191843526,0.313307299489336,0.2736318407960199,0.45776113191843526,effective-collapse zone,1.0,1.6057076564117516,1.0,0.0
Base summary,3,5,3.59590007553215e-07,budget_06_thin_strip,barbell-bridge,3,budget_06_thin_strip,mean-reversion,0,0.0,0.0,1.0,0.0,budget_06_thin_strip|barbell-bridge|3,budget_06_thin_strip|mean-reversion|0,1_1,1.37352009580138,0,0.3071161048689139,0.7194352658455991,0.9074626865671642,0.3071161048689139,decision-fragile zone,1_0,-0.2321875606103716,1,0.4760715771951727,0.15500150195253828,0.2338308457711442,0.4760715771951727,effective-collapse zone,1.0,1.6057076564117516,1.0,1.0
Base summary,4,1,6.5629564556830906e-09,budget_06_thin_strip,crescent,0,budget_06_thin_strip,crescent,1,0.0,0.0,0.0,1.0,budget_06_thin_strip|crescent|0,budget_06_thin_strip|crescent|1,1_0,-0.26659513240484733,1,0.6662505201831045,0.37218383899068785,0.3412935323383085,0.6662505201831045,ambiguity zone,1_0,-0.26659513240484733,1,0.5276737411568873,0.8116551516972064,0.6766169154228855,0.5276737411568873,optimization-limited zone,0.0,0.0,0.0,0.0
Base summary,4,2,1.0433546576639032e-08,budget_06_thin_strip,crescent,0,budget_06_thin_strip,crescent,3,0.0,0.0,0.0,1.0,budget_06_thin_strip|crescent|0,budget_06_thin_strip|crescent|3,1_0,-0.26659513240484733,1,0.6662505201831045,0.37218383899068785,0.3412935323383085,0.6662505201831045,ambiguity zone,1_0,-0.26659513240484733,0,0.3254265501456513,0.9176930009011713,0.49950248756218907,0.3254265501456513,optimization-limited zone,0.0,0.0,0.0,1.0
Base summary,4,3,1.99177191076168e-08,budget_06_thin_strip,crescent,0,budget_06_thin_strip,crescent,2,0.0,0.0,0.0,0.0,budget_06_thin_strip|crescent|0,budget_06_thin_strip|crescent|2,1_0,-0.26659513240484733,1,0.6662505201831045,0.37218383899068785,0.3412935323383085,0.6662505201831045,ambiguity zone,1_0,-0.26659513240484733,1,0.4735746982937994,0.1733253229197957,0.33432835820895523,0.4735746982937994,ambiguity zone,0.0,0.0,0.0,0.0
Base summary,4,4,1.7748824385137565e-07,budget_06_thin_strip,crescent,0,budget_06_thin_strip,cross-branch,3,1.0,1.0,1.0,1.0,budget_06_thin_strip|crescent|0,budget_06_thin_strip|cross-branch|3,1_0,-0.26659513240484733,1,0.6662505201831045,0.37218383899068785,0.3412935323383085,0.6662505201831045,ambiguity zone,1_0,-0.2736144549003908,1,0.8064918851435705,0.9894863322319014,0.31940298507462694,0.8064918851435705,optimization-limited zone,0.0,0.00701932249554349,0.0,0.0
Base summary,4,5,1.7829712188631546e-07,budget_06_thin_strip,crescent,0,budget_06_thin_strip,cross-branch,1,1.0,1.0,1.0,1.0,budget_06_thin_strip|crescent|0,budget_06_thin_strip|cross-branch|1,1_0,-0.26659513240484733,1,0.6662505201831045,0.37218383899068785,0.3412935323383085,0.6662505201831045,ambiguity zone,1_0,-0.2736144549003908,1,0.6425301706200582,0.7918293781916491,0.28656716417910444,0.6425301706200582,optimization-limited zone,0.0,0.00701932249554349,0.0,0.0
Base summary,5,1,6.5629564556830906e-09,budget_06_thin_strip,crescent,1,budget_06_thin_strip,crescent,0,0.0,0.0,0.0,1.0,budget_06_thin_strip|crescent|1,budget_06_thin_strip|crescent|0,1_0,-0.26659513240484733,1,0.5276737411568873,0.8116551516972064,0.6766169154228855,0.5276737411568873,optimization-limited zone,1_0,-0.26659513240484733,1,0.6662505201831045,0.37218383899068785,0.3412935323383085,0.6662505201831045,ambiguity zone,0.0,0.0,0.0,0.0
Base summary,5,2,1.3932086758493609e-08,budget_06_thin_strip,crescent,1,budget_06_thin_strip,crescent,3,0.0,0.0,0.0,0.0,budget_06_thin_strip|crescent|1,budget_06_thin_strip|crescent|3,1_0,-0.26659513240484733,1,0.5276737411568873,0.8116551516972064,0.6766169154228855,0.5276737411568873,optimization-limited zone,1_0,-0.26659513240484733,0,0.3254265501456513,0.9176930009011713,0.49950248756218907,0.3254265501456513,optimization-limited zone,0.0,0.0,0.0,1.0
Base summary,5,3,1.42498387727449e-08,budget_06_thin_strip,crescent,1,budget_06_thin_strip,crescent,2,0.0,0.0,0.0,1.0,budget_06_thin_strip|crescent|1,budget_06_thin_strip|crescent|2,1_0,-0.26659513240484733,1,0.5276737411568873,0.8116551516972064,0.6766169154228855,0.5276737411568873,optimization-limited zone,1_0,-0.26659513240484733,1,0.4735746982937994,0.1733253229197957,0.33432835820895523,0.4735746982937994,ambiguity zone,0.0,0.0,0.0,0.0
Base summary,5,4,1.7101558635387576e-07,budget_06_thin_strip,crescent,1,budget_06_thin_strip,cross-branch,3,1.0,1.0,1.0,1.0,budget_06_thin_strip|crescent|1,budget_06_thin_strip|cross-branch|3,1_0,-0.26659513240484733,1,0.5276737411568873,0.8116551516972064,0.6766169154228855,0.5276737411568873,optimization-limited zone,1_0,-0.2736144549003908,1,0.8064918851435705,0.9894863322319014,0.31940298507462694,0.8064918851435705,optimization-limited zone,0.0,0.00701932249554349,0.0,0.0
Base summary,5,5,1.718290572746881e-07,budget_06_thin_strip,crescent,1,budget_06_thin_strip,cross-branch,1,1.0,1.0,1.0,1.0,budget_06_thin_strip|crescent|1,budget_06_thin_strip|cross-branch|1,1_0,-0.26659513240484733,1,0.5276737411568873,0.8116551516972064,0.6766169154228855,0.5276737411568873,optimization-limited zone,1_0,-0.2736144549003908,1,0.6425301706200582,0.7918293781916491,0.28656716417910444,0.6425301706200582,optimization-limited zone,0.0,0.00701932249554349,0.0,0.0
Base summary,6,1,1.42498387727449e-08,budget_06_thin_strip,crescent,2,budget_06_thin_strip,crescent,1,0.0,0.0,0.0,1.0,budget_06_thin_strip|crescent|2,budget_06_thin_strip|crescent|1,1_0,-0.26659513240484733,1,0.4735746982937994,0.1733253229197957,0.33432835820895523,0.4735746982937994,ambiguity zone,1_0,-0.26659513240484733,1,0.5276737411568873,0.8116551516972064,0.6766169154228855,0.5276737411568873,optimization-limited zone,0.0,0.0,0.0,0.0
Base summary,6,2,1.99177191076168e-08,budget_06_thin_strip,crescent,2,budget_06_thin_strip,crescent,0,0.0,0.0,0.0,0.0,budget_06_thin_strip|crescent|2,budget_06_thin_strip|crescent|0,1_0,-0.26659513240484733,1,0.4735746982937994,0.1733253229197957,0.33432835820895523,0.4735746982937994,ambiguity zone,1_0,-0.26659513240484733,1,0.6662505201831045,0.37218383899068785,0.3412935323383085,0.6662505201831045,ambiguity zone,0.0,0.0,0.0,0.0
Base summary,6,3,2.129976534327397e-08,budget_06_thin_strip,crescent,2,budget_06_thin_strip,crescent,3,0.0,0.0,0.0,1.0,budget_06_thin_strip|crescent|2,budget_06_thin_strip|crescent|3,1_0,-0.26659513240484733,1,0.4735746982937994,0.1733253229197957,0.33432835820895523,0.4735746982937994,ambiguity zone,1_0,-0.26659513240484733,0,0.3254265501456513,0.9176930009011713,0.49950248756218907,0.3254265501456513,optimization-limited zone,0.0,0.0,0.0,1.0
Base summary,6,4,1.6137340162683289e-07,budget_06_thin_strip,crescent,2,budget_06_thin_strip,cross-branch,3,1.0,1.0,1.0,1.0,budget_06_thin_strip|crescent|2,budget_06_thin_strip|cross-branch|3,1_0,-0.26659513240484733,1,0.4735746982937994,0.1733253229197957,0.33432835820895523,0.4735746982937994,ambiguity zone,1_0,-0.2736144549003908,1,0.8064918851435705,0.9894863322319014,0.31940298507462694,0.8064918851435705,optimization-limited zone,0.0,0.00701932249554349,0.0,0.0
Base summary,6,5,1.6225099928092661e-07,budget_06_thin_strip,crescent,2,budget_06_thin_strip,cross-branch,1,1.0,1.0,1.0,1.0,budget_06_thin_strip|crescent|2,budget_06_thin_strip|cross-branch|1,1_0,-0.26659513240484733,1,0.4735746982937994,0.1733253229197957,0.33432835820895523,0.4735746982937994,ambiguity zone,1_0,-0.2736144549003908,1,0.6425301706200582,0.7918293781916491,0.28656716417910444,0.6425301706200582,optimization-limited zone,0.0,0.00701932249554349,0.0,0.0
Base summary,7,1,1.0433546576639032e-08,budget_06_thin_strip,crescent,3,budget_06_thin_strip,crescent,0,0.0,0.0,0.0,1.0,budget_06_thin_strip|crescent|3,budget_06_thin_strip|crescent|0,1_0,-0.26659513240484733,0,0.3254265501456513,0.9176930009011713,0.49950248756218907,0.3254265501456513,optimization-limited zone,1_0,-0.26659513240484733,1,0.6662505201831045,0.37218383899068785,0.3412935323383085,0.6662505201831045,ambiguity zone,0.0,0.0,0.0,1.0
Base summary,7,2,1.3932086758493609e-08,budget_06_thin_strip,crescent,3,budget_06_thin_strip,crescent,1,0.0,0.0,0.0,0.0,budget_06_thin_strip|crescent|3,budget_06_thin_strip|crescent|1,1_0,-0.26659513240484733,0,0.3254265501456513,0.9176930009011713,0.49950248756218907,0.3254265501456513,optimization-limited zone,1_0,-0.26659513240484733,1,0.5276737411568873,0.8116551516972064,0.6766169154228855,0.5276737411568873,optimization-limited zone,0.0,0.0,0.0,1.0
Base summary,7,3,2.129976534327397e-08,budget_06_thin_strip,crescent,3,budget_06_thin_strip,crescent,2,0.0,0.0,0.0,1.0,budget_06_thin_strip|crescent|3,budget_06_thin_strip|crescent|2,1_0,-0.26659513240484733,0,0.3254265501456513,0.9176930009011713,0.49950248756218907,0.3254265501456513,optimization-limited zone,1_0,-0.26659513240484733,1,0.4735746982937994,0.1733253229197957,0.33432835820895523,0.4735746982937994,ambiguity zone,0.0,0.0,0.0,1.0
Base summary,7,4,1.8242615937807722e-07,budget_06_thin_strip,crescent,3,budget_06_thin_strip,cross-branch,3,1.0,1.0,1.0,1.0,budget_06_thin_strip|crescent|3,budget_06_thin_strip|cross-branch|3,1_0,-0.26659513240484733,0,0.3254265501456513,0.9176930009011713,0.49950248756218907,0.3254265501456513,optimization-limited zone,1_0,-0.2736144549003908,1,0.8064918851435705,0.9894863322319014,0.31940298507462694,0.8064918851435705,optimization-limited zone,0.0,0.00701932249554349,0.0,1.0
Base summary,7,5,1.8329044697154785e-07,budget_06_thin_strip,crescent,3,budget_06_thin_strip,cross-branch,1,1.0,1.0,1.0,1.0,budget_06_thin_strip|crescent|3,budget_06_thin_strip|cross-branch|1,1_0,-0.26659513240484733,0,0.3254265501456513,0.9176930009011713,0.49950248756218907,0.3254265501456513,optimization-limited zone,1_0,-0.2736144549003908,1,0.6425301706200582,0.7918293781916491,0.28656716417910444,0.6425301706200582,optimization-limited zone,0.0,0.00701932249554349,0.0,1.0
Base summary,8,1,4.705062152105683e-09,budget_06_thin_strip,cross-branch,0,budget_06_thin_strip,cross-branch,2,0.0,0.0,0.0,0.0,budget_06_thin_strip|cross-branch|0,budget_06_thin_strip|cross-branch|2,1_0,-0.2736144549003908,1,0.4136496046608406,0.06338239711625111,0.0,0.4136496046608406,ambiguity zone,1_0,-0.2736144549003908,1,0.6450270495214315,0.463802943826975,0.12139303482587059,0.6450270495214315,ambiguity zone,0.0,0.0,0.0,0.0
Base summary,8,2,5.5937865927660046e-09,budget_06_thin_strip,cross-branch,0,budget_06_thin_strip,cross-branch,1,1.0,0.0,0.0,0.0,budget_06_thin_strip|cross-branch|0,budget_06_thin_strip|cross-branch|1,1_0,-0.2736144549003908,1,0.4136496046608406,0.06338239711625111,0.0,0.4136496046608406,ambiguity zone,1_0,-0.2736144549003908,1,0.6425301706200582,0.7918293781916491,0.28656716417910444,0.6425301706200582,optimization-limited zone,0.0,0.0,0.0,0.0
Base summary,8,3,6.404100997797005e-09,budget_06_thin_strip,cross-branch,0,budget_06_thin_strip,cross-branch,3,1.0,0.0,0.0,0.0,budget_06_thin_strip|cross-branch|0,budget_06_thin_strip|cross-branch|3,1_0,-0.2736144549003908,1,0.4136496046608406,0.06338239711625111,0.0,0.4136496046608406,ambiguity zone,1_0,-0.2736144549003908,1,0.8064918851435705,0.9894863322319014,0.31940298507462694,0.8064918851435705,optimization-limited zone,0.0,0.0,0.0,0.0
Base summary,8,4,1.7890854103871287e-08,budget_06_thin_strip,cross-branch,0,budget_06_thin_strip,pinwheel,1,1.0,0.0,1.0,1.0,budget_06_thin_strip|cross-branch|0,budget_06_thin_strip|pinwheel|1,1_0,-0.2736144549003908,1,0.4136496046608406,0.06338239711625111,0.0,0.4136496046608406,ambiguity zone,1_1,0.22351500627580145,0,0.32958801498127344,0.7632922799639529,0.5263681592039801,0.32958801498127344,optimization-limited zone,1.0,0.4971294611761923,1.0,1.0
Base summary,8,5,1.816065129978773e-08,budget_06_thin_strip,cross-branch,0,budget_06_thin_strip,pinwheel,0,1.0,0.0,1.0,1.0,budget_06_thin_strip|cross-branch|0,budget_06_thin_strip|pinwheel|0,1_0,-0.2736144549003908,1,0.4136496046608406,0.06338239711625111,0.0,0.4136496046608406,ambiguity zone,1_1,0.22351500627580145,1,0.47191011235955055,0.46710723941123444,0.38706467661691546,0.47191011235955055,effective-collapse zone,1.0,0.4971294611761923,1.0,0.0
Base summary,9,1,1.7201353663376015e-09,budget_06_thin_strip,cross-branch,1,budget_06_thin_strip,cross-branch,3,1.0,0.0,0.0,0.0,budget_06_thin_strip|cross-branch|1,budget_06_thin_strip|cross-branch|3,1_0,-0.2736144549003908,1,0.6425301706200582,0.7918293781916491,0.28656716417910444,0.6425301706200582,optimization-limited zone,1_0,-0.2736144549003908,1,0.8064918851435705,0.9894863322319014,0.31940298507462694,0.8064918851435705,optimization-limited zone,0.0,0.0,0.0,0.0
Base summary,9,2,2.403955171406281e-09,budget_06_thin_strip,cross-branch,1,budget_06_thin_strip,cross-branch,2,1.0,0.0,0.0,0.0,budget_06_thin_strip|cross-branch|1,budget_06_thin_strip|cross-branch|2,1_0,-0.2736144549003908,1,0.6425301706200582,0.7918293781916491,0.28656716417910444,0.6425301706200582,optimization-limited zone,1_0,-0.2736144549003908,1,0.6450270495214315,0.463802943826975,0.12139303482587059,0.6450270495214315,ambiguity zone,0.0,0.0,0.0,0.0
Base summary,9,3,5.5937865927660046e-09,budget_06_thin_strip,cross-branch,1,budget_06_thin_strip,cross-branch,0,1.0,0.0,0.0,0.0,budget_06_thin_strip|cross-branch|1,budget_06_thin_strip|cross-branch|0,1_0,-0.2736144549003908,1,0.6425301706200582,0.7918293781916491,0.28656716417910444,0.6425301706200582,optimization-limited zone,1_0,-0.2736144549003908,1,0.4136496046608406,0.06338239711625111,0.0,0.4136496046608406,ambiguity zone,0.0,0.0,0.0,0.0
Base summary,9,4,2.2666404711019023e-08,budget_06_thin_strip,cross-branch,1,budget_06_thin_strip,volatility-clustering,0,0.0,0.0,1.0,1.0,budget_06_thin_strip|cross-branch|1,budget_06_thin_strip|volatility-clustering|0,1_0,-0.2736144549003908,1,0.6425301706200582,0.7918293781916491,0.28656716417910444,0.6425301706200582,optimization-limited zone,1_0,0.4439176548542998,1,0.3445692883895131,0.6623610693902072,0.3900497512437811,0.3445692883895131,optimization-limited zone,0.0,0.7175321097546906,1.0,0.0
Base summary,9,5,2.3361778929170543e-08,budget_06_thin_strip,cross-branch,1,budget_06_thin_strip,pinwheel,1,0.0,0.0,1.0,1.0,budget_06_thin_strip|cross-branch|1,budget_06_thin_strip|pinwheel|1,1_0,-0.2736144549003908,1,0.6425301706200582,0.7918293781916491,0.28656716417910444,0.6425301706200582,optimization-limited zone,1_1,0.22351500627580145,0,0.32958801498127344,0.7632922799639529,0.5263681592039801,0.32958801498127344,optimization-limited zone,1.0,0.4971294611761923,1.0,1.0
Base summary,10,1,2.403955171406281e-09,budget_06_thin_strip,cross-branch,2,budget_06_thin_strip,cross-branch,1,1.0,0.0,0.0,0.0,budget_06_thin_strip|cross-branch|2,budget_06_thin_strip|cross-branch|1,1_0,-0.2736144549003908,1,0.6450270495214315,0.463802943826975,0.12139303482587059,0.6450270495214315,ambiguity zone,1_0,-0.2736144549003908,1,0.6425301706200582,0.7918293781916491,0.28656716417910444,0.6425301706200582,optimization-limited zone,0.0,0.0,0.0,0.0
Base summary,10,2,2.5360163361854292e-09,budget_06_thin_strip,cross-branch,2,budget_06_thin_strip,cross-branch,3,1.0,0.0,0.0,0.0,budget_06_thin_strip|cross-branch|2,budget_06_thin_strip|cross-branch|3,1_0,-0.2736144549003908,1,0.6450270495214315,0.463802943826975,0.12139303482587059,0.6450270495214315,ambiguity zone,1_0,-0.2736144549003908,1,0.8064918851435705,0.9894863322319014,0.31940298507462694,0.8064918851435705,optimization-limited zone,0.0,0.0,0.0,0.0
Base summary,10,3,4.705062152105683e-09,budget_06_thin_strip,cross-branch,2,budget_06_thin_strip,cross-branch,0,0.0,0.0,0.0,0.0,budget_06_thin_strip|cross-branch|2,budget_06_thin_strip|cross-branch|0,1_0,-0.2736144549003908,1,0.6450270495214315,0.463802943826975,0.12139303482587059,0.6450270495214315,ambiguity zone,1_0,-0.2736144549003908,1,0.4136496046608406,0.06338239711625111,0.0,0.4136496046608406,ambiguity zone,0.0,0.0,0.0,0.0
Base summary,10,4,2.2066031527574174e-08,budget_06_thin_strip,cross-branch,2,budget_06_thin_strip,pinwheel,1,1.0,0.0,1.0,1.0,budget_06_thin_strip|cross-branch|2,budget_06_thin_strip|pinwheel|1,1_0,-0.2736144549003908,1,0.6450270495214315,0.463802943826975,0.12139303482587059,0.6450270495214315,ambiguity zone,1_1,0.22351500627580145,0,0.32958801498127344,0.7632922799639529,0.5263681592039801,0.32958801498127344,optimization-limited zone,1.0,0.4971294611761923,1.0,1.0
Base summary,10,5,2.2142656585589827e-08,budget_06_thin_strip,cross-branch,2,budget_06_thin_strip,pinwheel,0,1.0,0.0,1.0,1.0,budget_06_thin_strip|cross-branch|2,budget_06_thin_strip|pinwheel|0,1_0,-0.2736144549003908,1,0.6450270495214315,0.463802943826975,0.12139303482587059,0.6450270495214315,ambiguity zone,1_1,0.22351500627580145,1,0.47191011235955055,0.46710723941123444,0.38706467661691546,0.47191011235955055,effective-collapse zone,1.0,0.4971294611761923,1.0,0.0
Base summary,11,1,1.7201353663376015e-09,budget_06_thin_strip,cross-branch,3,budget_06_thin_strip,cross-branch,1,1.0,0.0,0.0,0.0,budget_06_thin_strip|cross-branch|3,budget_06_thin_strip|cross-branch|1,1_0,-0.2736144549003908,1,0.8064918851435705,0.9894863322319014,0.31940298507462694,0.8064918851435705,optimization-limited zone,1_0,-0.2736144549003908,1,0.6425301706200582,0.7918293781916491,0.28656716417910444,0.6425301706200582,optimization-limited zone,0.0,0.0,0.0,0.0
Base summary,11,2,2.5360163361854292e-09,budget_06_thin_strip,cross-branch,3,budget_06_thin_strip,cross-branch,2,1.0,0.0,0.0,0.0,budget_06_thin_strip|cross-branch|3,budget_06_thin_strip|cross-branch|2,1_0,-0.2736144549003908,1,0.8064918851435705,0.9894863322319014,0.31940298507462694,0.8064918851435705,optimization-limited zone,1_0,-0.2736144549003908,1,0.6450270495214315,0.463802943826975,0.12139303482587059,0.6450270495214315,ambiguity zone,0.0,0.0,0.0,0.0
Base summary,11,3,6.404100997797005e-09,budget_06_thin_strip,cross-branch,3,budget_06_thin_strip,cross-branch,0,1.0,0.0,0.0,0.0,budget_06_thin_strip|cross-branch|3,budget_06_thin_strip|cross-branch|0,1_0,-0.2736144549003908,1,0.8064918851435705,0.9894863322319014,0.31940298507462694,0.8064918851435705,optimization-limited zone,1_0,-0.2736144549003908,1,0.4136496046608406,0.06338239711625111,0.0,0.4136496046608406,ambiguity zone,0.0,0.0,0.0,0.0
Base summary,11,4,2.375285476017803e-08,budget_06_thin_strip,cross-branch,3,budget_06_thin_strip,pinwheel,1,1.0,0.0,1.0,1.0,budget_06_thin_strip|cross-branch|3,budget_06_thin_strip|pinwheel|1,1_0,-0.2736144549003908,1,0.8064918851435705,0.9894863322319014,0.31940298507462694,0.8064918851435705,optimization-limited zone,1_1,0.22351500627580145,0,0.32958801498127344,0.7632922799639529,0.5263681592039801,0.32958801498127344,optimization-limited zone,1.0,0.4971294611761923,1.0,1.0
Base summary,11,5,2.3808210904864285e-08,budget_06_thin_strip,cross-branch,3,budget_06_thin_strip,pinwheel,0,1.0,0.0,1.0,1.0,budget_06_thin_strip|cross-branch|3,budget_06_thin_strip|pinwheel|0,1_0,-0.2736144549003908,1,0.8064918851435705,0.9894863322319014,0.31940298507462694,0.8064918851435705,optimization-limited zone,1_1,0.22351500627580145,1,0.47191011235955055,0.46710723941123444,0.38706467661691546,0.47191011235955055,effective-collapse zone,1.0,0.4971294611761923,1.0,0.0
Base summary,12,1,9.447356734240183e-10,budget_06_thin_strip,double-loop,0,budget_06_thin_strip,double-loop,2,0.0,0.0,0.0,0.0,budget_06_thin_strip|double-loop|0,budget_06_thin_strip|double-loop|2,1_0,-0.04713477352374962,1,0.3703703703703704,0.9522379092820668,0.5024875621890547,0.3703703703703704,optimization-limited zone,1_0,-0.04713477352374962,0,0.3603828547648772,0.9693601682186842,0.5044776119402984,0.3603828547648772,optimization-limited zone,0.0,0.0,0.0,1.0
Base summary,12,2,2.27459770234506e-09,budget_06_thin_strip,double-loop,0,budget_06_thin_strip,double-loop,1,1.0,0.0,0.0,1.0,budget_06_thin_strip|double-loop|0,budget_06_thin_strip|double-loop|1,1_0,-0.04713477352374962,1,0.3703703703703704,0.9522379092820668,0.5024875621890547,0.3703703703703704,optimization-limited zone,1_0,-0.04713477352374962,0,0.55264253017062,0.11414839291078402,0.2696517412935324,0.55264253017062,ambiguity zone,0.0,0.0,0.0,1.0
Base summary,12,3,2.906237297215898e-09,budget_06_thin_strip,double-loop,0,budget_06_thin_strip,double-loop,3,1.0,0.0,0.0,1.0,budget_06_thin_strip|double-loop|0,budget_06_thin_strip|double-loop|3,1_0,-0.04713477352374962,1,0.3703703703703704,0.9522379092820668,0.5024875621890547,0.3703703703703704,optimization-limited zone,1_0,-0.04713477352374962,1,0.2704952143154391,0.2550315410033042,0.2845771144278607,0.2704952143154391,ambiguity zone,0.0,0.0,0.0,0.0
Base summary,12,4,2.8940942611696723e-08,budget_06_thin_strip,double-loop,0,budget_06_thin_strip,volatility-clustering,2,0.0,0.0,1.0,0.0,budget_06_thin_strip|double-loop|0,budget_06_thin_strip|volatility-clustering|2,1_0,-0.04713477352374962,1,0.3703703703703704,0.9522379092820668,0.5024875621890547,0.3703703703703704,optimization-limited zone,1_0,0.4439176548542998,1,0.5143570536828963,0.892159807750075,0.3562189054726369,0.5143570536828963,optimization-limited zone,0.0,0.4910524283780494,1.0,0.0
Base summary,12,5,2.916519502627573e-08,budget_06_thin_strip,double-loop,0,budget_06_thin_strip,spiral,3,1.0,1.0,1.0,0.0,budget_06_thin_strip|double-loop|0,budget_06_thin_strip|spiral|3,1_0,-0.04713477352374962,1,0.3703703703703704,0.9522379092820668,0.5024875621890547,0.3703703703703704,optimization-limited zone,1_1,-0.3289846515378983,1,0.32043279234290467,0.8119555422048663,0.48457711442786067,0.32043279234290467,optimization-limited zone,1.0,0.2818498780141487,0.0,0.0
Base summary,13,1,2.27459770234506e-09,budget_06_thin_strip,double-loop,1,budget_06_thin_strip,double-loop,0,1.0,0.0,0.0,1.0,budget_06_thin_strip|double-loop|1,budget_06_thin_strip|double-loop|0,1_0,-0.04713477352374962,0,0.55264253017062,0.11414839291078402,0.2696517412935324,0.55264253017062,ambiguity zone,1_0,-0.04713477352374962,1,0.3703703703703704,0.9522379092820668,0.5024875621890547,0.3703703703703704,optimization-limited zone,0.0,0.0,0.0,1.0
Base summary,13,2,2.53778820039625e-09,budget_06_thin_strip,double-loop,1,budget_06_thin_strip,double-loop,3,0.0,0.0,0.0,1.0,budget_06_thin_strip|double-loop|1,budget_06_thin_strip|double-loop|3,1_0,-0.04713477352374962,0,0.55264253017062,0.11414839291078402,0.2696517412935324,0.55264253017062,ambiguity zone,1_0,-0.04713477352374962,1,0.2704952143154391,0.2550315410033042,0.2845771144278607,0.2704952143154391,ambiguity zone,0.0,0.0,0.0,1.0
Base summary,13,3,2.849982200152398e-09,budget_06_thin_strip,double-loop,1,budget_06_thin_strip,double-loop,2,1.0,0.0,0.0,1.0,budget_06_thin_strip|double-loop|1,budget_06_thin_strip|double-loop|2,1_0,-0.04713477352374962,0,0.55264253017062,0.11414839291078402,0.2696517412935324,0.55264253017062,ambiguity zone,1_0,-0.04713477352374962,0,0.3603828547648772,0.9693601682186842,0.5044776119402984,0.3603828547648772,optimization-limited zone,0.0,0.0,0.0,0.0
Base summary,13,4,2.7133831473912786e-08,budget_06_thin_strip,double-loop,1,budget_06_thin_strip,volatility-clustering,2,1.0,0.0,1.0,1.0,budget_06_thin_strip|double-loop|1,budget_06_thin_strip|volatility-clustering|2,1_0,-0.04713477352374962,0,0.55264253017062,0.11414839291078402,0.2696517412935324,0.55264253017062,ambiguity zone,1_0,0.4439176548542998,1,0.5143570536828963,0.892159807750075,0.3562189054726369,0.5143570536828963,optimization-limited zone,0.0,0.4910524283780494,1.0,1.0
Base summary,13,5,2.8637707874670333e-08,budget_06_thin_strip,double-loop,1,budget_06_thin_strip,spiral,3,1.0,1.0,1.0,1.0,budget_06_thin_strip|double-loop|1,budget_06_thin_strip|spiral|3,1_0,-0.04713477352374962,0,0.55264253017062,0.11414839291078402,0.2696517412935324,0.55264253017062,ambiguity zone,1_1,-0.3289846515378983,1,0.32043279234290467,0.8119555422048663,0.48457711442786067,0.32043279234290467,optimization-limited zone,1.0,0.2818498780141487,0.0,1.0
Base summary,14,1,9.447356734240183e-10,budget_06_thin_strip,double-loop,2,budget_06_thin_strip,double-loop,0,0.0,0.0,0.0,0.0,budget_06_thin_strip|double-loop|2,budget_06_thin_strip|double-loop|0,1_0,-0.04713477352374962,0,0.3603828547648772,0.9693601682186842,0.5044776119402984,0.3603828547648772,optimization-limited zone,1_0,-0.04713477352374962,1,0.3703703703703704,0.9522379092820668,0.5024875621890547,0.3703703703703704,optimization-limited zone,0.0,0.0,0.0,1.0
Base summary,14,2,2.849982200152398e-09,budget_06_thin_strip,double-loop,2,budget_06_thin_strip,double-loop,1,1.0,0.0,0.0,1.0,budget_06_thin_strip|double-loop|2,budget_06_thin_strip|double-loop|1,1_0,-0.04713477352374962,0,0.3603828547648772,0.9693601682186842,0.5044776119402984,0.3603828547648772,optimization-limited zone,1_0,-0.04713477352374962,0,0.55264253017062,0.11414839291078402,0.2696517412935324,0.55264253017062,ambiguity zone,0.0,0.0,0.0,0.0
Base summary,14,3,3.683918963926485e-09,budget_06_thin_strip,double-loop,2,budget_06_thin_strip,double-loop,3,1.0,0.0,0.0,1.0,budget_06_thin_strip|double-loop|2,budget_06_thin_strip|double-loop|3,1_0,-0.04713477352374962,0,0.3603828547648772,0.9693601682186842,0.5044776119402984,0.3603828547648772,optimization-limited zone,1_0,-0.04713477352374962,1,0.2704952143154391,0.2550315410033042,0.2845771144278607,0.2704952143154391,ambiguity zone,0.0,0.0,0.0,1.0
Base summary,14,4,2.978511151651581e-08,budget_06_thin_strip,double-loop,2,budget_06_thin_strip,volatility-clustering,2,0.0,0.0,1.0,0.0,budget_06_thin_strip|double-loop|2,budget_06_thin_strip|volatility-clustering|2,1_0,-0.04713477352374962,0,0.3603828547648772,0.9693601682186842,0.5044776119402984,0.3603828547648772,optimization-limited zone,1_0,0.4439176548542998,1,0.5143570536828963,0.892159807750075,0.3562189054726369,0.5143570536828963,optimization-limited zone,0.0,0.4910524283780494,1.0,1.0
Base summary,14,5,3.0083698395830444e-08,budget_06_thin_strip,double-loop,2,budget_06_thin_strip,spiral,3,1.0,1.0,1.0,0.0,budget_06_thin_strip|double-loop|2,budget_06_thin_strip|spiral|3,1_0,-0.04713477352374962,0,0.3603828547648772,0.9693601682186842,0.5044776119402984,0.3603828547648772,optimization-limited zone,1_1,-0.3289846515378983,1,0.32043279234290467,0.8119555422048663,0.48457711442786067,0.32043279234290467,optimization-limited zone,1.0,0.2818498780141487,0.0,1.0
Base summary,15,1,2.53778820039625e-09,budget_06_thin_strip,double-loop,3,budget_06_thin_strip,double-loop,1,0.0,0.0,0.0,1.0,budget_06_thin_strip|double-loop|3,budget_06_thin_strip|double-loop|1,1_0,-0.04713477352374962,1,0.2704952143154391,0.2550315410033042,0.2845771144278607,0.2704952143154391,ambiguity zone,1_0,-0.04713477352374962,0,0.55264253017062,0.11414839291078402,0.2696517412935324,0.55264253017062,ambiguity zone,0.0,0.0,0.0,1.0
Base summary,15,2,2.906237297215898e-09,budget_06_thin_strip,double-loop,3,budget_06_thin_strip,double-loop,0,1.0,0.0,0.0,1.0,budget_06_thin_strip|double-loop|3,budget_06_thin_strip|double-loop|0,1_0,-0.04713477352374962,1,0.2704952143154391,0.2550315410033042,0.2845771144278607,0.2704952143154391,ambiguity zone,1_0,-0.04713477352374962,1,0.3703703703703704,0.9522379092820668,0.5024875621890547,0.3703703703703704,optimization-limited zone,0.0,0.0,0.0,0.0
Base summary,15,3,3.683918963926485e-09,budget_06_thin_strip,double-loop,3,budget_06_thin_strip,double-loop,2,1.0,0.0,0.0,1.0,budget_06_thin_strip|double-loop|3,budget_06_thin_strip|double-loop|2,1_0,-0.04713477352374962,1,0.2704952143154391,0.2550315410033042,0.2845771144278607,0.2704952143154391,ambiguity zone,1_0,-0.04713477352374962,0,0.3603828547648772,0.9693601682186842,0.5044776119402984,0.3603828547648772,optimization-limited zone,0.0,0.0,0.0,1.0
Base summary,15,4,2.7006744182808778e-08,budget_06_thin_strip,double-loop,3,budget_06_thin_strip,volatility-clustering,2,1.0,0.0,1.0,1.0,budget_06_thin_strip|double-loop|3,budget_06_thin_strip|volatility-clustering|2,1_0,-0.04713477352374962,1,0.2704952143154391,0.2550315410033042,0.2845771144278607,0.2704952143154391,ambiguity zone,1_0,0.4439176548542998,1,0.5143570536828963,0.892159807750075,0.3562189054726369,0.5143570536828963,optimization-limited zone,0.0,0.4910524283780494,1.0,0.0
Base summary,15,5,2.7350620153053463e-08,budget_06_thin_strip,double-loop,3,budget_06_thin_strip,spiral,3,1.0,1.0,1.0,1.0,budget_06_thin_strip|double-loop|3,budget_06_thin_strip|spiral|3,1_0,-0.04713477352374962,1,0.2704952143154391,0.2550315410033042,0.2845771144278607,0.2704952143154391,ambiguity zone,1_1,-0.3289846515378983,1,0.32043279234290467,0.8119555422048663,0.48457711442786067,0.32043279234290467,optimization-limited zone,1.0,0.2818498780141487,0.0,0.0
Base summary,16,1,2.514501262001713e-09,budget_06_thin_strip,mean-reversion,0,budget_06_thin_strip,mean-reversion,3,1.0,0.0,0.0,0.0,budget_06_thin_strip|mean-reversion|0,budget_06_thin_strip|mean-reversion|3,1_0,-0.2321875606103716,1,0.4760715771951727,0.15500150195253828,0.2338308457711442,0.4760715771951727,effective-collapse zone,1_0,-0.2321875606103716,0,0.6933000416146483,0.7738059477320516,0.45472636815920403,0.6933000416146483,optimization-limited zone,0.0,0.0,0.0,1.0
Base summary,16,2,3.6661125715831446e-09,budget_06_thin_strip,mean-reversion,0,budget_06_thin_strip,mean-reversion,2,0.0,0.0,0.0,0.0,budget_06_thin_strip|mean-reversion|0,budget_06_thin_strip|mean-reversion|2,1_0,-0.2321875606103716,1,0.4760715771951727,0.15500150195253828,0.2338308457711442,0.4760715771951727,effective-collapse zone,1_0,-0.2321875606103716,0,0.45776113191843526,0.313307299489336,0.2736318407960199,0.45776113191843526,effective-collapse zone,0.0,0.0,0.0,1.0
Base summary,16,3,5.092768185679017e-09,budget_06_thin_strip,mean-reversion,0,budget_06_thin_strip,mean-reversion,1,1.0,0.0,0.0,0.0,budget_06_thin_strip|mean-reversion|0,budget_06_thin_strip|mean-reversion|1,1_0,-0.2321875606103716,1,0.4760715771951727,0.15500150195253828,0.2338308457711442,0.4760715771951727,effective-collapse zone,1_0,-0.2321875606103716,0,0.5110278818143986,0.8606188044457794,0.417910447761194,0.5110278818143986,optimization-limited zone,0.0,0.0,0.0,1.0
Base summary,16,4,3.611395219004636e-08,budget_06_thin_strip,mean-reversion,0,budget_06_thin_strip,volatility-clustering,1,1.0,1.0,1.0,1.0,budget_06_thin_strip|mean-reversion|0,budget_06_thin_strip|volatility-clustering|1,1_0,-0.2321875606103716,1,0.4760715771951727,0.15500150195253828,0.2338308457711442,0.4760715771951727,effective-collapse zone,1_0,0.4439176548542998,1,0.40366208905534745,0.1727245419044758,0.1781094527363184,0.40366208905534745,effective-collapse zone,0.0,0.6761052154646714,1.0,0.0
Base summary,16,5,4.143161168088232e-08,budget_06_thin_strip,mean-reversion,0,budget_06_thin_strip,volatility-clustering,3,1.0,0.0,1.0,1.0,budget_06_thin_strip|mean-reversion|0,budget_06_thin_strip|volatility-clustering|3,1_0,-0.2321875606103716,1,0.4760715771951727,0.15500150195253828,0.2338308457711442,0.4760715771951727,effective-collapse zone,1_0,0.4439176548542998,0,0.23553890969621305,0.3586662661459898,0.1412935323383084,0.23553890969621305,effective-collapse zone,0.0,0.6761052154646714,1.0,1.0
Base summary,17,1,2.773291352499129e-09,budget_06_thin_strip,mean-reversion,1,budget_06_thin_strip,mean-reversion,3,0.0,0.0,0.0,0.0,budget_06_thin_strip|mean-reversion|1,budget_06_thin_strip|mean-reversion|3,1_0,-0.2321875606103716,0,0.5110278818143986,0.8606188044457794,0.417910447761194,0.5110278818143986,optimization-limited zone,1_0,-0.2321875606103716,0,0.6933000416146483,0.7738059477320516,0.45472636815920403,0.6933000416146483,optimization-limited zone,0.0,0.0,0.0,0.0
Base summary,17,2,5.092768185679017e-09,budget_06_thin_strip,mean-reversion,1,budget_06_thin_strip,mean-reversion,0,1.0,0.0,0.0,0.0,budget_06_thin_strip|mean-reversion|1,budget_06_thin_strip|mean-reversion|0,1_0,-0.2321875606103716,0,0.5110278818143986,0.8606188044457794,0.417910447761194,0.5110278818143986,optimization-limited zone,1_0,-0.2321875606103716,1,0.4760715771951727,0.15500150195253828,0.2338308457711442,0.4760715771951727,effective-collapse zone,0.0,0.0,0.0,1.0
Base summary,17,3,5.566270311878429e-09,budget_06_thin_strip,mean-reversion,1,budget_06_thin_strip,mean-reversion,2,1.0,0.0,0.0,0.0,budget_06_thin_strip|mean-reversion|1,budget_06_thin_strip|mean-reversion|2,1_0,-0.2321875606103716,0,0.5110278818143986,0.8606188044457794,0.417910447761194,0.5110278818143986,optimization-limited zone,1_0,-0.2321875606103716,0,0.45776113191843526,0.313307299489336,0.2736318407960199,0.45776113191843526,effective-collapse zone,0.0,0.0,0.0,0.0
Base summary,17,4,3.1141397405152467e-08,budget_06_thin_strip,mean-reversion,1,budget_06_thin_strip,volatility-clustering,1,1.0,1.0,1.0,1.0,budget_06_thin_strip|mean-reversion|1,budget_06_thin_strip|volatility-clustering|1,1_0,-0.2321875606103716,0,0.5110278818143986,0.8606188044457794,0.417910447761194,0.5110278818143986,optimization-limited zone,1_0,0.4439176548542998,1,0.40366208905534745,0.1727245419044758,0.1781094527363184,0.40366208905534745,effective-collapse zone,0.0,0.6761052154646714,1.0,1.0
Base summary,17,5,3.677395750076285e-08,budget_06_thin_strip,mean-reversion,1,budget_06_thin_strip,volatility-clustering,3,0.0,0.0,1.0,1.0,budget_06_thin_strip|mean-reversion|1,budget_06_thin_strip|volatility-clustering|3,1_0,-0.2321875606103716,0,0.5110278818143986,0.8606188044457794,0.417910447761194,0.5110278818143986,optimization-limited zone,1_0,0.4439176548542998,0,0.23553890969621305,0.3586662661459898,0.1412935323383084,0.23553890969621305,effective-collapse zone,0.0,0.6761052154646714,1.0,0.0
Base summary,18,1,3.6661125715831446e-09,budget_06_thin_strip,mean-reversion,2,budget_06_thin_strip,mean-reversion,0,0.0,0.0,0.0,0.0,budget_06_thin_strip|mean-reversion|2,budget_06_thin_strip|mean-reversion|0,1_0,-0.2321875606103716,0,0.45776113191843526,0.313307299489336,0.2736318407960199,0.45776113191843526,effective-collapse zone,1_0,-0.2321875606103716,1,0.4760715771951727,0.15500150195253828,0.2338308457711442,0.4760715771951727,effective-collapse zone,0.0,0.0,0.0,1.0
Base summary,18,2,4.167488845721648e-09,budget_06_thin_strip,mean-reversion,2,budget_06_thin_strip,mean-reversion,3,1.0,0.0,0.0,0.0,budget_06_thin_strip|mean-reversion|2,budget_06_thin_strip|mean-reversion|3,1_0,-0.2321875606103716,0,0.45776113191843526,0.313307299489336,0.2736318407960199,0.45776113191843526,effective-collapse zone,1_0,-0.2321875606103716,0,0.6933000416146483,0.7738059477320516,0.45472636815920403,0.6933000416146483,optimization-limited zone,0.0,0.0,0.0,0.0
Base summary,18,3,5.566270311878429e-09,budget_06_thin_strip,mean-reversion,2,budget_06_thin_strip,mean-reversion,1,1.0,0.0,0.0,0.0,budget_06_thin_strip|mean-reversion|2,budget_06_thin_strip|mean-reversion|1,1_0,-0.2321875606103716,0,0.45776113191843526,0.313307299489336,0.2736318407960199,0.45776113191843526,effective-collapse zone,1_0,-0.2321875606103716,0,0.5110278818143986,0.8606188044457794,0.417910447761194,0.5110278818143986,optimization-limited zone,0.0,0.0,0.0,0.0
Base summary,18,4,3.6133807334751774e-08,budget_06_thin_strip,mean-reversion,2,budget_06_thin_strip,volatility-clustering,1,1.0,1.0,1.0,1.0,budget_06_thin_strip|mean-reversion|2,budget_06_thin_strip|volatility-clustering|1,1_0,-0.2321875606103716,0,0.45776113191843526,0.313307299489336,0.2736318407960199,0.45776113191843526,effective-collapse zone,1_0,0.4439176548542998,1,0.40366208905534745,0.1727245419044758,0.1781094527363184,0.40366208905534745,effective-collapse zone,0.0,0.6761052154646714,1.0,1.0
Base summary,18,5,4.2068174022702474e-08,budget_06_thin_strip,mean-reversion,2,budget_06_thin_strip,volatility-clustering,3,1.0,0.0,1.0,1.0,budget_06_thin_strip|mean-reversion|2,budget_06_thin_strip|volatility-clustering|3,1_0,-0.2321875606103716,0,0.45776113191843526,0.313307299489336,0.2736318407960199,0.45776113191843526,effective-collapse zone,1_0,0.4439176548542998,0,0.23553890969621305,0.3586662661459898,0.1412935323383084,0.23553890969621305,effective-collapse zone,0.0,0.6761052154646714,1.0,0.0
Base summary,19,1,2.514501262001713e-09,budget_06_thin_strip,mean-reversion,3,budget_06_thin_strip,mean-reversion,0,1.0,0.0,0.0,0.0,budget_06_thin_strip|mean-reversion|3,budget_06_thin_strip|mean-reversion|0,1_0,-0.2321875606103716,0,0.6933000416146483,0.7738059477320516,0.45472636815920403,0.6933000416146483,optimization-limited zone,1_0,-0.2321875606103716,1,0.4760715771951727,0.15500150195253828,0.2338308457711442,0.4760715771951727,effective-collapse zone,0.0,0.0,0.0,1.0
Base summary,19,2,2.773291352499129e-09,budget_06_thin_strip,mean-reversion,3,budget_06_thin_strip,mean-reversion,1,0.0,0.0,0.0,0.0,budget_06_thin_strip|mean-reversion|3,budget_06_thin_strip|mean-reversion|1,1_0,-0.2321875606103716,0,0.6933000416146483,0.7738059477320516,0.45472636815920403,0.6933000416146483,optimization-limited zone,1_0,-0.2321875606103716,0,0.5110278818143986,0.8606188044457794,0.417910447761194,0.5110278818143986,optimization-limited zone,0.0,0.0,0.0,0.0
Base summary,19,3,4.167488845721648e-09,budget_06_thin_strip,mean-reversion,3,budget_06_thin_strip,mean-reversion,2,1.0,0.0,0.0,0.0,budget_06_thin_strip|mean-reversion|3,budget_06_thin_strip|mean-reversion|2,1_0,-0.2321875606103716,0,0.6933000416146483,0.7738059477320516,0.45472636815920403,0.6933000416146483,optimization-limited zone,1_0,-0.2321875606103716,0,0.45776113191843526,0.313307299489336,0.2736318407960199,0.45776113191843526,effective-collapse zone,0.0,0.0,0.0,0.0
Base summary,19,4,3.3784051511810374e-08,budget_06_thin_strip,mean-reversion,3,budget_06_thin_strip,volatility-clustering,1,1.0,1.0,1.0,1.0,budget_06_thin_strip|mean-reversion|3,budget_06_thin_strip|volatility-clustering|1,1_0,-0.2321875606103716,0,0.6933000416146483,0.7738059477320516,0.45472636815920403,0.6933000416146483,optimization-limited zone,1_0,0.4439176548542998,1,0.40366208905534745,0.1727245419044758,0.1781094527363184,0.40366208905534745,effective-collapse zone,0.0,0.6761052154646714,1.0,1.0
Base summary,19,5,3.902560762449469e-08,budget_06_thin_strip,mean-reversion,3,budget_06_thin_strip,volatility-clustering,3,0.0,0.0,1.0,1.0,budget_06_thin_strip|mean-reversion|3,budget_06_thin_strip|volatility-clustering|3,1_0,-0.2321875606103716,0,0.6933000416146483,0.7738059477320516,0.45472636815920403,0.6933000416146483,optimization-limited zone,1_0,0.4439176548542998,0,0.23553890969621305,0.3586662661459898,0.1412935323383084,0.23553890969621305,effective-collapse zone,0.0,0.6761052154646714,1.0,0.0
Base summary,20,1,3.1655942996517493e-09,budget_06_thin_strip,multi-hole,0,budget_06_thin_strip,pinwheel,2,1.0,1.0,1.0,0.0,budget_06_thin_strip|multi-hole|0,budget_06_thin_strip|pinwheel|2,1_1,-0.689700722662991,0,0.531002913025385,0.41123460498648234,0.3442786069651742,0.531002913025385,effective-collapse zone,1_1,0.22351500627580145,0,0.7906783187682064,0.57104235506158,0.37711442786069654,0.7906783187682064,effective-collapse zone,0.0,0.9132157289387924,1.0,0.0
Base summary,20,2,3.580782105802224e-09,budget_06_thin_strip,multi-hole,0,budget_06_thin_strip,multi-hole,2,0.0,0.0,0.0,0.0,budget_06_thin_strip|multi-hole|0,budget_06_thin_strip|multi-hole|2,1_1,-0.689700722662991,0,0.531002913025385,0.41123460498648234,0.3442786069651742,0.531002913025385,effective-collapse zone,1_1,-0.689700722662991,0,0.4486059092800666,0.5611294683088014,0.3213930348258708,0.4486059092800666,effective-collapse zone,0.0,0.0,0.0,0.0
Base summary,20,3,5.215529567756247e-09,budget_06_thin_strip,multi-hole,0,budget_06_thin_strip,pinwheel,3,1.0,1.0,1.0,1.0,budget_06_thin_strip|multi-hole|0,budget_06_thin_strip|pinwheel|3,1_1,-0.689700722662991,0,0.531002913025385,0.41123460498648234,0.3442786069651742,0.531002913025385,effective-collapse zone,1_1,0.22351500627580145,1,0.7515605493133583,0.8434965455091619,0.5343283582089552,0.7515605493133583,optimization-limited zone,0.0,0.9132157289387924,1.0,1.0
Base summary,20,4,5.4597098579093785e-09,budget_06_thin_strip,multi-hole,0,budget_06_thin_strip,multi-hole,3,0.0,0.0,0.0,1.0,budget_06_thin_strip|multi-hole|0,budget_06_thin_strip|multi-hole|3,1_1,-0.689700722662991,0,0.531002913025385,0.41123460498648234,0.3442786069651742,0.531002913025385,effective-collapse zone,1_1,-0.689700722662991,0,0.5925925925925926,0.9113848002403123,0.5671641791044776,0.5925925925925926,optimization-limited zone,0.0,0.0,0.0,0.0
Base summary,20,5,5.566731759632967e-09,budget_06_thin_strip,multi-hole,0,budget_06_thin_strip,spiral,0,1.0,1.0,1.0,0.0,budget_06_thin_strip|multi-hole|0,budget_06_thin_strip|spiral|0,1_1,-0.689700722662991,0,0.531002913025385,0.41123460498648234,0.3442786069651742,0.531002913025385,effective-collapse zone,1_1,-0.3289846515378983,1,0.31543903454015815,0.3103033944127365,0.2636815920398009,0.31543903454015815,effective-collapse zone,0.0,0.3607160711250927,0.0,1.0
Base summary,21,1,2.9457379938961354e-09,budget_06_thin_strip,multi-hole,1,budget_06_thin_strip,multi-hole,3,0.0,0.0,0.0,0.0,budget_06_thin_strip|multi-hole|1,budget_06_thin_strip|multi-hole|3,1_1,-0.689700722662991,1,0.00832292967124427,1.0,0.44975124378109455,0.00832292967124427,optimization-limited zone,1_1,-0.689700722662991,0,0.5925925925925926,0.9113848002403123,0.5671641791044776,0.5925925925925926,optimization-limited zone,0.0,0.0,0.0,1.0
Base summary,21,2,3.2394521218190404e-09,budget_06_thin_strip,multi-hole,1,budget_06_thin_strip,multi-hole,2,0.0,0.0,0.0,1.0,budget_06_thin_strip|multi-hole|1,budget_06_thin_strip|multi-hole|2,1_1,-0.689700722662991,1,0.00832292967124427,1.0,0.44975124378109455,0.00832292967124427,optimization-limited zone,1_1,-0.689700722662991,0,0.4486059092800666,0.5611294683088014,0.3213930348258708,0.4486059092800666,effective-collapse zone,0.0,0.0,0.0,1.0
Base summary,21,3,6.00620436571211e-09,budget_06_thin_strip,multi-hole,1,budget_06_thin_strip,multi-hole,0,0.0,0.0,0.0,1.0,budget_06_thin_strip|multi-hole|1,budget_06_thin_strip|multi-hole|0,1_1,-0.689700722662991,1,0.00832292967124427,1.0,0.44975124378109455,0.00832292967124427,optimization-limited zone,1_1,-0.689700722662991,0,0.531002913025385,0.41123460498648234,0.3442786069651742,0.531002913025385,effective-collapse zone,0.0,0.0,0.0,1.0
Base summary,21,4,7.161207271110354e-09,budget_06_thin_strip,multi-hole,1,budget_06_thin_strip,spiral,3,0.0,0.0,1.0,0.0,budget_06_thin_strip|multi-hole|1,budget_06_thin_strip|spiral|3,1_1,-0.689700722662991,1,0.00832292967124427,1.0,0.44975124378109455,0.00832292967124427,optimization-limited zone,1_1,-0.3289846515378983,1,0.32043279234290467,0.8119555422048663,0.48457711442786067,0.32043279234290467,optimization-limited zone,0.0,0.3607160711250927,0.0,0.0
Base summary,21,5,7.483828198451592e-09,budget_06_thin_strip,multi-hole,1,budget_06_thin_strip,spiral,2,1.0,1.0,1.0,1.0,budget_06_thin_strip|multi-hole|1,budget_06_thin_strip|spiral|2,1_1,-0.689700722662991,1,0.00832292967124427,1.0,0.44975124378109455,0.00832292967124427,optimization-limited zone,1_1,-0.3289846515378983,1,0.29047024552642525,0.1910483628717332,0.26865671641791045,0.29047024552642525,effective-collapse zone,0.0,0.3607160711250927,0.0,0.0
Base summary,22,1,1.931794354382482e-09,budget_06_thin_strip,multi-hole,2,budget_06_thin_strip,multi-hole,3,0.0,0.0,0.0,1.0,budget_06_thin_strip|multi-hole|2,budget_06_thin_strip|multi-hole|3,1_1,-0.689700722662991,0,0.4486059092800666,0.5611294683088014,0.3213930348258708,0.4486059092800666,effective-collapse zone,1_1,-0.689700722662991,0,0.5925925925925926,0.9113848002403123,0.5671641791044776,0.5925925925925926,optimization-limited zone,0.0,0.0,0.0,0.0
Base summary,22,2,3.2394521218190404e-09,budget_06_thin_strip,multi-hole,2,budget_06_thin_strip,multi-hole,1,0.0,0.0,0.0,1.0,budget_06_thin_strip|multi-hole|2,budget_06_thin_strip|multi-hole|1,1_1,-0.689700722662991,0,0.4486059092800666,0.5611294683088014,0.3213930348258708,0.4486059092800666,effective-collapse zone,1_1,-0.689700722662991,1,0.00832292967124427,1.0,0.44975124378109455,0.00832292967124427,optimization-limited zone,0.0,0.0,0.0,1.0
Base summary,22,3,3.580782105802224e-09,budget_06_thin_strip,multi-hole,2,budget_06_thin_strip,multi-hole,0,0.0,0.0,0.0,0.0,budget_06_thin_strip|multi-hole|2,budget_06_thin_strip|multi-hole|0,1_1,-0.689700722662991,0,0.4486059092800666,0.5611294683088014,0.3213930348258708,0.4486059092800666,effective-collapse zone,1_1,-0.689700722662991,0,0.531002913025385,0.41123460498648234,0.3442786069651742,0.531002913025385,effective-collapse zone,0.0,0.0,0.0,0.0
Base summary,22,4,5.190889475754632e-09,budget_06_thin_strip,multi-hole,2,budget_06_thin_strip,spiral,2,1.0,1.0,1.0,0.0,budget_06_thin_strip|multi-hole|2,budget_06_thin_strip|spiral|2,1_1,-0.689700722662991,0,0.4486059092800666,0.5611294683088014,0.3213930348258708,0.4486059092800666,effective-collapse zone,1_1,-0.3289846515378983,1,0.29047024552642525,0.1910483628717332,0.26865671641791045,0.29047024552642525,effective-collapse zone,0.0,0.3607160711250927,0.0,1.0
Base summary,22,5,5.2339416091412485e-09,budget_06_thin_strip,multi-hole,2,budget_06_thin_strip,spiral,3,0.0,0.0,1.0,1.0,budget_06_thin_strip|multi-hole|2,budget_06_thin_strip|spiral|3,1_1,-0.689700722662991,0,0.4486059092800666,0.5611294683088014,0.3213930348258708,0.4486059092800666,effective-collapse zone,1_1,-0.3289846515378983,1,0.32043279234290467,0.8119555422048663,0.48457711442786067,0.32043279234290467,optimization-limited zone,0.0,0.3607160711250927,0.0,1.0
Base summary,23,1,1.931794354382482e-09,budget_06_thin_strip,multi-hole,3,budget_06_thin_strip,multi-hole,2,0.0,0.0,0.0,1.0,budget_06_thin_strip|multi-hole|3,budget_06_thin_strip|multi-hole|2,1_1,-0.689700722662991,0,0.5925925925925926,0.9113848002403123,0.5671641791044776,0.5925925925925926,optimization-limited zone,1_1,-0.689700722662991,0,0.4486059092800666,0.5611294683088014,0.3213930348258708,0.4486059092800666,effective-collapse zone,0.0,0.0,0.0,0.0
Base summary,23,2,2.9457379938961354e-09,budget_06_thin_strip,multi-hole,3,budget_06_thin_strip,multi-hole,1,0.0,0.0,0.0,0.0,budget_06_thin_strip|multi-hole|3,budget_06_thin_strip|multi-hole|1,1_1,-0.689700722662991,0,0.5925925925925926,0.9113848002403123,0.5671641791044776,0.5925925925925926,optimization-limited zone,1_1,-0.689700722662991,1,0.00832292967124427,1.0,0.44975124378109455,0.00832292967124427,optimization-limited zone,0.0,0.0,0.0,1.0
Base summary,23,3,5.409452888947459e-09,budget_06_thin_strip,multi-hole,3,budget_06_thin_strip,spiral,2,1.0,1.0,1.0,1.0,budget_06_thin_strip|multi-hole|3,budget_06_thin_strip|spiral|2,1_1,-0.689700722662991,0,0.5925925925925926,0.9113848002403123,0.5671641791044776,0.5925925925925926,optimization-limited zone,1_1,-0.3289846515378983,1,0.29047024552642525,0.1910483628717332,0.26865671641791045,0.29047024552642525,effective-collapse zone,0.0,0.3607160711250927,0.0,1.0
Base summary,23,4,5.4132350017283276e-09,budget_06_thin_strip,multi-hole,3,budget_06_thin_strip,spiral,3,0.0,0.0,1.0,0.0,budget_06_thin_strip|multi-hole|3,budget_06_thin_strip|spiral|3,1_1,-0.689700722662991,0,0.5925925925925926,0.9113848002403123,0.5671641791044776,0.5925925925925926,optimization-limited zone,1_1,-0.3289846515378983,1,0.32043279234290467,0.8119555422048663,0.48457711442786067,0.32043279234290467,optimization-limited zone,0.0,0.3607160711250927,0.0,1.0
Base summary,23,5,5.4597098579093785e-09,budget_06_thin_strip,multi-hole,3,budget_06_thin_strip,multi-hole,0,0.0,0.0,0.0,1.0,budget_06_thin_strip|multi-hole|3,budget_06_thin_strip|multi-hole|0,1_1,-0.689700722662991,0,0.5925925925925926,0.9113848002403123,0.5671641791044776,0.5925925925925926,optimization-limited zone,1_1,-0.689700722662991,0,0.531002913025385,0.41123460498648234,0.3442786069651742,0.531002913025385,effective-collapse zone,0.0,0.0,0.0,0.0
Base summary,24,1,1.9133967928606263e-09,budget_06_thin_strip,nested-rings,0,budget_06_thin_strip,nested-rings,2,0.0,0.0,0.0,0.0,budget_06_thin_strip|nested-rings|0,budget_06_thin_strip|nested-rings|2,1_1,-0.20273546129123288,1,0.45859342488555976,0.17302493241213573,0.4049751243781095,0.45859342488555976,effective-collapse zone,1_1,-0.20273546129123288,0,0.1706200582605077,0.15259837789125863,0.3054726368159204,0.1706200582605077,effective-collapse zone,0.0,0.0,0.0,1.0
Base summary,24,2,3.3441239218490596e-09,budget_06_thin_strip,nested-rings,0,budget_06_thin_strip,nested-rings,3,0.0,0.0,0.0,1.0,budget_06_thin_strip|nested-rings|0,budget_06_thin_strip|nested-rings|3,1_1,-0.20273546129123288,1,0.45859342488555976,0.17302493241213573,0.4049751243781095,0.45859342488555976,effective-collapse zone,1_1,-0.20273546129123288,1,0.47066167290886385,0.6984079303094021,0.47263681592039786,0.47066167290886385,optimization-limited zone,0.0,0.0,0.0,0.0
Base summary,24,3,5.680580932459614e-09,budget_06_thin_strip,nested-rings,0,budget_06_thin_strip,nested-rings,1,0.0,0.0,0.0,1.0,budget_06_thin_strip|nested-rings|0,budget_06_thin_strip|nested-rings|1,1_1,-0.20273546129123288,1,0.45859342488555976,0.17302493241213573,0.4049751243781095,0.45859342488555976,effective-collapse zone,1_1,-0.20273546129123288,1,0.5884311277569705,0.8233703814959447,0.5950248756218904,0.5884311277569705,optimization-limited zone,0.0,0.0,0.0,0.0
Base summary,24,4,9.608504639133681e-09,budget_06_thin_strip,nested-rings,0,budget_06_thin_strip,multi-hole,1,1.0,1.0,1.0,1.0,budget_06_thin_strip|nested-rings|0,budget_06_thin_strip|multi-hole|1,1_1,-0.20273546129123288,1,0.45859342488555976,0.17302493241213573,0.4049751243781095,0.45859342488555976,effective-collapse zone,1_1,-0.689700722662991,1,0.00832292967124427,1.0,0.44975124378109455,0.00832292967124427,optimization-limited zone,0.0,0.4869652613717581,0.0,0.0
Base summary,24,5,1.1258582308549325e-08,budget_06_thin_strip,nested-rings,0,budget_06_thin_strip,multi-hole,3,1.0,1.0,1.0,1.0,budget_06_thin_strip|nested-rings|0,budget_06_thin_strip|multi-hole|3,1_1,-0.20273546129123288,1,0.45859342488555976,0.17302493241213573,0.4049751243781095,0.45859342488555976,effective-collapse zone,1_1,-0.689700722662991,0,0.5925925925925926,0.9113848002403123,0.5671641791044776,0.5925925925925926,optimization-limited zone,0.0,0.4869652613717581,0.0,1.0
Base summary,25,1,5.680580932459614e-09,budget_06_thin_strip,nested-rings,1,budget_06_thin_strip,nested-rings,0,0.0,0.0,0.0,1.0,budget_06_thin_strip|nested-rings|1,budget_06_thin_strip|nested-rings|0,1_1,-0.20273546129123288,1,0.5884311277569705,0.8233703814959447,0.5950248756218904,0.5884311277569705,optimization-limited zone,1_1,-0.20273546129123288,1,0.45859342488555976,0.17302493241213573,0.4049751243781095,0.45859342488555976,effective-collapse zone,0.0,0.0,0.0,0.0
Base summary,25,2,6.483232218692808e-09,budget_06_thin_strip,nested-rings,1,budget_06_thin_strip,nested-rings,2,0.0,0.0,0.0,1.0,budget_06_thin_strip|nested-rings|1,budget_06_thin_strip|nested-rings|2,1_1,-0.20273546129123288,1,0.5884311277569705,0.8233703814959447,0.5950248756218904,0.5884311277569705,optimization-limited zone,1_1,-0.20273546129123288,0,0.1706200582605077,0.15259837789125863,0.3054726368159204,0.1706200582605077,effective-collapse zone,0.0,0.0,0.0,1.0
Base summary,25,3,7.112677888287578e-09,budget_06_thin_strip,nested-rings,1,budget_06_thin_strip,nested-rings,3,0.0,0.0,0.0,0.0,budget_06_thin_strip|nested-rings|1,budget_06_thin_strip|nested-rings|3,1_1,-0.20273546129123288,1,0.5884311277569705,0.8233703814959447,0.5950248756218904,0.5884311277569705,optimization-limited zone,1_1,-0.20273546129123288,1,0.47066167290886385,0.6984079303094021,0.47263681592039786,0.47066167290886385,optimization-limited zone,0.0,0.0,0.0,0.0
Base summary,25,4,1.4649822470570469e-08,budget_06_thin_strip,nested-rings,1,budget_06_thin_strip,multi-hole,1,1.0,1.0,1.0,0.0,budget_06_thin_strip|nested-rings|1,budget_06_thin_strip|multi-hole|1,1_1,-0.20273546129123288,1,0.5884311277569705,0.8233703814959447,0.5950248756218904,0.5884311277569705,optimization-limited zone,1_1,-0.689700722662991,1,0.00832292967124427,1.0,0.44975124378109455,0.00832292967124427,optimization-limited zone,0.0,0.4869652613717581,0.0,0.0
Base summary,25,5,1.564518632593106e-08,budget_06_thin_strip,nested-rings,1,budget_06_thin_strip,multi-hole,3,1.0,1.0,1.0,0.0,budget_06_thin_strip|nested-rings|1,budget_06_thin_strip|multi-hole|3,1_1,-0.20273546129123288,1,0.5884311277569705,0.8233703814959447,0.5950248756218904,0.5884311277569705,optimization-limited zone,1_1,-0.689700722662991,0,0.5925925925925926,0.9113848002403123,0.5671641791044776,0.5925925925925926,optimization-limited zone,0.0,0.4869652613717581,0.0,1.0
Base summary,26,1,1.5510430876213675e-09,budget_06_thin_strip,nested-rings,2,budget_06_thin_strip,nested-rings,3,0.0,0.0,0.0,1.0,budget_06_thin_strip|nested-rings|2,budget_06_thin_strip|nested-rings|3,1_1,-0.20273546129123288,0,0.1706200582605077,0.15259837789125863,0.3054726368159204,0.1706200582605077,effective-collapse zone,1_1,-0.20273546129123288,1,0.47066167290886385,0.6984079303094021,0.47263681592039786,0.47066167290886385,optimization-limited zone,0.0,0.0,0.0,1.0
Base summary,26,2,1.9133967928606263e-09,budget_06_thin_strip,nested-rings,2,budget_06_thin_strip,nested-rings,0,0.0,0.0,0.0,0.0,budget_06_thin_strip|nested-rings|2,budget_06_thin_strip|nested-rings|0,1_1,-0.20273546129123288,0,0.1706200582605077,0.15259837789125863,0.3054726368159204,0.1706200582605077,effective-collapse zone,1_1,-0.20273546129123288,1,0.45859342488555976,0.17302493241213573,0.4049751243781095,0.45859342488555976,effective-collapse zone,0.0,0.0,0.0,1.0
Base summary,26,3,6.483232218692808e-09,budget_06_thin_strip,nested-rings,2,budget_06_thin_strip,nested-rings,1,0.0,0.0,0.0,1.0,budget_06_thin_strip|nested-rings|2,budget_06_thin_strip|nested-rings|1,1_1,-0.20273546129123288,0,0.1706200582605077,0.15259837789125863,0.3054726368159204,0.1706200582605077,effective-collapse zone,1_1,-0.20273546129123288,1,0.5884311277569705,0.8233703814959447,0.5950248756218904,0.5884311277569705,optimization-limited zone,0.0,0.0,0.0,1.0
Base summary,26,4,8.941723162885034e-09,budget_06_thin_strip,nested-rings,2,budget_06_thin_strip,multi-hole,1,1.0,1.0,1.0,1.0,budget_06_thin_strip|nested-rings|2,budget_06_thin_strip|multi-hole|1,1_1,-0.20273546129123288,0,0.1706200582605077,0.15259837789125863,0.3054726368159204,0.1706200582605077,effective-collapse zone,1_1,-0.689700722662991,1,0.00832292967124427,1.0,0.44975124378109455,0.00832292967124427,optimization-limited zone,0.0,0.4869652613717581,0.0,1.0
Base summary,26,5,1.0545510239980802e-08,budget_06_thin_strip,nested-rings,2,budget_06_thin_strip,multi-hole,3,1.0,1.0,1.0,1.0,budget_06_thin_strip|nested-rings|2,budget_06_thin_strip|multi-hole|3,1_1,-0.20273546129123288,0,0.1706200582605077,0.15259837789125863,0.3054726368159204,0.1706200582605077,effective-collapse zone,1_1,-0.689700722662991,0,0.5925925925925926,0.9113848002403123,0.5671641791044776,0.5925925925925926,optimization-limited zone,0.0,0.4869652613717581,0.0,0.0
Base summary,27,1,1.5510430876213675e-09,budget_06_thin_strip,nested-rings,3,budget_06_thin_strip,nested-rings,2,0.0,0.0,0.0,1.0,budget_06_thin_strip|nested-rings|3,budget_06_thin_strip|nested-rings|2,1_1,-0.20273546129123288,1,0.47066167290886385,0.6984079303094021,0.47263681592039786,0.47066167290886385,optimization-limited zone,1_1,-0.20273546129123288,0,0.1706200582605077,0.15259837789125863,0.3054726368159204,0.1706200582605077,effective-collapse zone,0.0,0.0,0.0,1.0
Base summary,27,2,3.3441239218490596e-09,budget_06_thin_strip,nested-rings,3,budget_06_thin_strip,nested-rings,0,0.0,0.0,0.0,1.0,budget_06_thin_strip|nested-rings|3,budget_06_thin_strip|nested-rings|0,1_1,-0.20273546129123288,1,0.47066167290886385,0.6984079303094021,0.47263681592039786,0.47066167290886385,optimization-limited zone,1_1,-0.20273546129123288,1,0.45859342488555976,0.17302493241213573,0.4049751243781095,0.45859342488555976,effective-collapse zone,0.0,0.0,0.0,0.0
Base summary,27,3,7.112677888287578e-09,budget_06_thin_strip,nested-rings,3,budget_06_thin_strip,nested-rings,1,0.0,0.0,0.0,0.0,budget_06_thin_strip|nested-rings|3,budget_06_thin_strip|nested-rings|1,1_1,-0.20273546129123288,1,0.47066167290886385,0.6984079303094021,0.47263681592039786,0.47066167290886385,optimization-limited zone,1_1,-0.20273546129123288,1,0.5884311277569705,0.8233703814959447,0.5950248756218904,0.5884311277569705,optimization-limited zone,0.0,0.0,0.0,0.0
Base summary,27,4,8.550089991363759e-09,budget_06_thin_strip,nested-rings,3,budget_06_thin_strip,multi-hole,1,1.0,1.0,1.0,0.0,budget_06_thin_strip|nested-rings|3,budget_06_thin_strip|multi-hole|1,1_1,-0.20273546129123288,1,0.47066167290886385,0.6984079303094021,0.47263681592039786,0.47066167290886385,optimization-limited zone,1_1,-0.689700722662991,1,0.00832292967124427,1.0,0.44975124378109455,0.00832292967124427,optimization-limited zone,0.0,0.4869652613717581,0.0,0.0
Base summary,27,5,9.886765411863056e-09,budget_06_thin_strip,nested-rings,3,budget_06_thin_strip,multi-hole,3,1.0,1.0,1.0,0.0,budget_06_thin_strip|nested-rings|3,budget_06_thin_strip|multi-hole|3,1_1,-0.20273546129123288,1,0.47066167290886385,0.6984079303094021,0.47263681592039786,0.47066167290886385,optimization-limited zone,1_1,-0.689700722662991,0,0.5925925925925926,0.9113848002403123,0.5671641791044776,0.5925925925925926,optimization-limited zone,0.0,0.4869652613717581,0.0,1.0
Base summary,28,1,1.6777291955356524e-09,budget_06_thin_strip,pinwheel,0,budget_06_thin_strip,pinwheel,3,0.0,0.0,0.0,1.0,budget_06_thin_strip|pinwheel|0,budget_06_thin_strip|pinwheel|3,1_1,0.22351500627580145,1,0.47191011235955055,0.46710723941123444,0.38706467661691546,0.47191011235955055,effective-collapse zone,1_1,0.22351500627580145,1,0.7515605493133583,0.8434965455091619,0.5343283582089552,0.7515605493133583,optimization-limited zone,0.0,0.0,0.0,0.0
Base summary,28,2,1.7177694892184032e-09,budget_06_thin_strip,pinwheel,0,budget_06_thin_strip,pinwheel,1,0.0,0.0,0.0,1.0,budget_06_thin_strip|pinwheel|0,budget_06_thin_strip|pinwheel|1,1_1,0.22351500627580145,1,0.47191011235955055,0.46710723941123444,0.38706467661691546,0.47191011235955055,effective-collapse zone,1_1,0.22351500627580145,0,0.32958801498127344,0.7632922799639529,0.5263681592039801,0.32958801498127344,optimization-limited zone,0.0,0.0,0.0,1.0
Base summary,28,3,4.679708415565666e-09,budget_06_thin_strip,pinwheel,0,budget_06_thin_strip,pinwheel,2,0.0,0.0,0.0,0.0,budget_06_thin_strip|pinwheel|0,budget_06_thin_strip|pinwheel|2,1_1,0.22351500627580145,1,0.47191011235955055,0.46710723941123444,0.38706467661691546,0.47191011235955055,effective-collapse zone,1_1,0.22351500627580145,0,0.7906783187682064,0.57104235506158,0.37711442786069654,0.7906783187682064,effective-collapse zone,0.0,0.0,0.0,1.0
Base summary,28,4,5.807102254352934e-09,budget_06_thin_strip,pinwheel,0,budget_06_thin_strip,multi-hole,0,1.0,1.0,1.0,0.0,budget_06_thin_strip|pinwheel|0,budget_06_thin_strip|multi-hole|0,1_1,0.22351500627580145,1,0.47191011235955055,0.46710723941123444,0.38706467661691546,0.47191011235955055,effective-collapse zone,1_1,-0.689700722662991,0,0.531002913025385,0.41123460498648234,0.3442786069651742,0.531002913025385,effective-collapse zone,0.0,0.9132157289387924,1.0,1.0
Base summary,28,5,7.095358888472755e-09,budget_06_thin_strip,pinwheel,0,budget_06_thin_strip,spiral,1,0.0,0.0,1.0,1.0,budget_06_thin_strip|pinwheel|0,budget_06_thin_strip|spiral|1,1_1,0.22351500627580145,1,0.47191011235955055,0.46710723941123444,0.38706467661691546,0.47191011235955055,effective-collapse zone,1_1,-0.3289846515378983,0,0.2446941323345818,0.5764493841994591,0.39502487562189054,0.2446941323345818,optimization-limited zone,0.0,0.5524996578136998,1.0,1.0
Base summary,29,1,7.890378263422895e-10,budget_06_thin_strip,pinwheel,1,budget_06_thin_strip,pinwheel,3,0.0,0.0,0.0,0.0,budget_06_thin_strip|pinwheel|1,budget_06_thin_strip|pinwheel|3,1_1,0.22351500627580145,0,0.32958801498127344,0.7632922799639529,0.5263681592039801,0.32958801498127344,optimization-limited zone,1_1,0.22351500627580145,1,0.7515605493133583,0.8434965455091619,0.5343283582089552,0.7515605493133583,optimization-limited zone,0.0,0.0,0.0,1.0
Base summary,29,2,1.7177694892184032e-09,budget_06_thin_strip,pinwheel,1,budget_06_thin_strip,pinwheel,0,0.0,0.0,0.0,1.0,budget_06_thin_strip|pinwheel|1,budget_06_thin_strip|pinwheel|0,1_1,0.22351500627580145,0,0.32958801498127344,0.7632922799639529,0.5263681592039801,0.32958801498127344,optimization-limited zone,1_1,0.22351500627580145,1,0.47191011235955055,0.46710723941123444,0.38706467661691546,0.47191011235955055,effective-collapse zone,0.0,0.0,0.0,1.0
Base summary,29,3,4.0366336994624235e-09,budget_06_thin_strip,pinwheel,1,budget_06_thin_strip,pinwheel,2,0.0,0.0,0.0,1.0,budget_06_thin_strip|pinwheel|1,budget_06_thin_strip|pinwheel|2,1_1,0.22351500627580145,0,0.32958801498127344,0.7632922799639529,0.5263681592039801,0.32958801498127344,optimization-limited zone,1_1,0.22351500627580145,0,0.7906783187682064,0.57104235506158,0.37711442786069654,0.7906783187682064,effective-collapse zone,0.0,0.0,0.0,0.0
Base summary,29,4,5.577893218911078e-09,budget_06_thin_strip,pinwheel,1,budget_06_thin_strip,spiral,1,0.0,0.0,1.0,0.0,budget_06_thin_strip|pinwheel|1,budget_06_thin_strip|spiral|1,1_1,0.22351500627580145,0,0.32958801498127344,0.7632922799639529,0.5263681592039801,0.32958801498127344,optimization-limited zone,1_1,-0.3289846515378983,0,0.2446941323345818,0.5764493841994591,0.39502487562189054,0.2446941323345818,optimization-limited zone,0.0,0.5524996578136998,1.0,0.0
Base summary,29,5,5.884450559145649e-09,budget_06_thin_strip,pinwheel,1,budget_06_thin_strip,multi-hole,0,1.0,1.0,1.0,1.0,budget_06_thin_strip|pinwheel|1,budget_06_thin_strip|multi-hole|0,1_1,0.22351500627580145,0,0.32958801498127344,0.7632922799639529,0.5263681592039801,0.32958801498127344,optimization-limited zone,1_1,-0.689700722662991,0,0.531002913025385,0.41123460498648234,0.3442786069651742,0.531002913025385,effective-collapse zone,0.0,0.9132157289387924,1.0,0.0
Base summary,30,1,3.1655942996517493e-09,budget_06_thin_strip,pinwheel,2,budget_06_thin_strip,multi-hole,0,1.0,1.0,1.0,0.0,budget_06_thin_strip|pinwheel|2,budget_06_thin_strip|multi-hole|0,1_1,0.22351500627580145,0,0.7906783187682064,0.57104235506158,0.37711442786069654,0.7906783187682064,effective-collapse zone,1_1,-0.689700722662991,0,0.531002913025385,0.41123460498648234,0.3442786069651742,0.531002913025385,effective-collapse zone,0.0,0.9132157289387924,1.0,0.0
Base summary,30,2,3.3659637066865804e-09,budget_06_thin_strip,pinwheel,2,budget_06_thin_strip,pinwheel,3,0.0,0.0,0.0,1.0,budget_06_thin_strip|pinwheel|2,budget_06_thin_strip|pinwheel|3,1_1,0.22351500627580145,0,0.7906783187682064,0.57104235506158,0.37711442786069654,0.7906783187682064,effective-collapse zone,1_1,0.22351500627580145,1,0.7515605493133583,0.8434965455091619,0.5343283582089552,0.7515605493133583,optimization-limited zone,0.0,0.0,0.0,1.0
Base summary,30,3,4.0366336994624235e-09,budget_06_thin_strip,pinwheel,2,budget_06_thin_strip,pinwheel,1,0.0,0.0,0.0,1.0,budget_06_thin_strip|pinwheel|2,budget_06_thin_strip|pinwheel|1,1_1,0.22351500627580145,0,0.7906783187682064,0.57104235506158,0.37711442786069654,0.7906783187682064,effective-collapse zone,1_1,0.22351500627580145,0,0.32958801498127344,0.7632922799639529,0.5263681592039801,0.32958801498127344,optimization-limited zone,0.0,0.0,0.0,0.0
Base summary,30,4,4.471473468371486e-09,budget_06_thin_strip,pinwheel,2,budget_06_thin_strip,spiral,1,0.0,0.0,1.0,1.0,budget_06_thin_strip|pinwheel|2,budget_06_thin_strip|spiral|1,1_1,0.22351500627580145,0,0.7906783187682064,0.57104235506158,0.37711442786069654,0.7906783187682064,effective-collapse zone,1_1,-0.3289846515378983,0,0.2446941323345818,0.5764493841994591,0.39502487562189054,0.2446941323345818,optimization-limited zone,0.0,0.5524996578136998,1.0,0.0
Base summary,30,5,4.679708415565666e-09,budget_06_thin_strip,pinwheel,2,budget_06_thin_strip,pinwheel,0,0.0,0.0,0.0,0.0,budget_06_thin_strip|pinwheel|2,budget_06_thin_strip|pinwheel|0,1_1,0.22351500627580145,0,0.7906783187682064,0.57104235506158,0.37711442786069654,0.7906783187682064,effective-collapse zone,1_1,0.22351500627580145,1,0.47191011235955055,0.46710723941123444,0.38706467661691546,0.47191011235955055,effective-collapse zone,0.0,0.0,0.0,1.0
Base summary,31,1,7.890378263422895e-10,budget_06_thin_strip,pinwheel,3,budget_06_thin_strip,pinwheel,1,0.0,0.0,0.0,0.0,budget_06_thin_strip|pinwheel|3,budget_06_thin_strip|pinwheel|1,1_1,0.22351500627580145,1,0.7515605493133583,0.8434965455091619,0.5343283582089552,0.7515605493133583,optimization-limited zone,1_1,0.22351500627580145,0,0.32958801498127344,0.7632922799639529,0.5263681592039801,0.32958801498127344,optimization-limited zone,0.0,0.0,0.0,1.0
Base summary,31,2,1.6777291955356524e-09,budget_06_thin_strip,pinwheel,3,budget_06_thin_strip,pinwheel,0,0.0,0.0,0.0,1.0,budget_06_thin_strip|pinwheel|3,budget_06_thin_strip|pinwheel|0,1_1,0.22351500627580145,1,0.7515605493133583,0.8434965455091619,0.5343283582089552,0.7515605493133583,optimization-limited zone,1_1,0.22351500627580145,1,0.47191011235955055,0.46710723941123444,0.38706467661691546,0.47191011235955055,effective-collapse zone,0.0,0.0,0.0,0.0
Base summary,31,3,3.3659637066865804e-09,budget_06_thin_strip,pinwheel,3,budget_06_thin_strip,pinwheel,2,0.0,0.0,0.0,1.0,budget_06_thin_strip|pinwheel|3,budget_06_thin_strip|pinwheel|2,1_1,0.22351500627580145,1,0.7515605493133583,0.8434965455091619,0.5343283582089552,0.7515605493133583,optimization-limited zone,1_1,0.22351500627580145,0,0.7906783187682064,0.57104235506158,0.37711442786069654,0.7906783187682064,effective-collapse zone,0.0,0.0,0.0,1.0
Base summary,31,4,5.215529567756247e-09,budget_06_thin_strip,pinwheel,3,budget_06_thin_strip,multi-hole,0,1.0,1.0,1.0,1.0,budget_06_thin_strip|pinwheel|3,budget_06_thin_strip|multi-hole|0,1_1,0.22351500627580145,1,0.7515605493133583,0.8434965455091619,0.5343283582089552,0.7515605493133583,optimization-limited zone,1_1,-0.689700722662991,0,0.531002913025385,0.41123460498648234,0.3442786069651742,0.531002913025385,effective-collapse zone,0.0,0.9132157289387924,1.0,1.0
Base summary,31,5,5.512578256676893e-09,budget_06_thin_strip,pinwheel,3,budget_06_thin_strip,spiral,1,0.0,0.0,1.0,0.0,budget_06_thin_strip|pinwheel|3,budget_06_thin_strip|spiral|1,1_1,0.22351500627580145,1,0.7515605493133583,0.8434965455091619,0.5343283582089552,0.7515605493133583,optimization-limited zone,1_1,-0.3289846515378983,0,0.2446941323345818,0.5764493841994591,0.39502487562189054,0.2446941323345818,optimization-limited zone,0.0,0.5524996578136998,1.0,1.0
Base summary,32,1,2.1514126620943832e-09,budget_06_thin_strip,spiral,0,budget_06_thin_strip,spiral,3,1.0,1.0,0.0,1.0,budget_06_thin_strip|spiral|0,budget_06_thin_strip|spiral|3,1_1,-0.3289846515378983,1,0.31543903454015815,0.3103033944127365,0.2636815920398009,0.31543903454015815,effective-collapse zone,1_1,-0.3289846515378983,1,0.32043279234290467,0.8119555422048663,0.48457711442786067,0.32043279234290467,optimization-limited zone,0.0,0.0,0.0,0.0
Base summary,32,2,2.9015130475507633e-09,budget_06_thin_strip,spiral,0,budget_06_thin_strip,spiral,2,0.0,0.0,0.0,0.0,budget_06_thin_strip|spiral|0,budget_06_thin_strip|spiral|2,1_1,-0.3289846515378983,1,0.31543903454015815,0.3103033944127365,0.2636815920398009,0.31543903454015815,effective-collapse zone,1_1,-0.3289846515378983,1,0.29047024552642525,0.1910483628717332,0.26865671641791045,0.29047024552642525,effective-collapse zone,0.0,0.0,0.0,0.0
Base summary,32,3,2.9606400798857347e-09,budget_06_thin_strip,spiral,0,budget_06_thin_strip,spiral,1,0.0,0.0,0.0,1.0,budget_06_thin_strip|spiral|0,budget_06_thin_strip|spiral|1,1_1,-0.3289846515378983,1,0.31543903454015815,0.3103033944127365,0.2636815920398009,0.31543903454015815,effective-collapse zone,1_1,-0.3289846515378983,0,0.2446941323345818,0.5764493841994591,0.39502487562189054,0.2446941323345818,optimization-limited zone,0.0,0.0,0.0,1.0
Base summary,32,4,4.870690447037347e-09,budget_06_thin_strip,spiral,0,budget_06_thin_strip,pinwheel,2,0.0,0.0,1.0,0.0,budget_06_thin_strip|spiral|0,budget_06_thin_strip|pinwheel|2,1_1,-0.3289846515378983,1,0.31543903454015815,0.3103033944127365,0.2636815920398009,0.31543903454015815,effective-collapse zone,1_1,0.22351500627580145,0,0.7906783187682064,0.57104235506158,0.37711442786069654,0.7906783187682064,effective-collapse zone,0.0,0.5524996578136998,1.0,1.0
Base summary,32,5,5.566731759632967e-09,budget_06_thin_strip,spiral,0,budget_06_thin_strip,multi-hole,0,1.0,1.0,1.0,0.0,budget_06_thin_strip|spiral|0,budget_06_thin_strip|multi-hole|0,1_1,-0.3289846515378983,1,0.31543903454015815,0.3103033944127365,0.2636815920398009,0.31543903454015815,effective-collapse zone,1_1,-0.689700722662991,0,0.531002913025385,0.41123460498648234,0.3442786069651742,0.531002913025385,effective-collapse zone,0.0,0.3607160711250927,0.0,1.0
Base summary,33,1,2.9606400798857347e-09,budget_06_thin_strip,spiral,1,budget_06_thin_strip,spiral,0,0.0,0.0,0.0,1.0,budget_06_thin_strip|spiral|1,budget_06_thin_strip|spiral|0,1_1,-0.3289846515378983,0,0.2446941323345818,0.5764493841994591,0.39502487562189054,0.2446941323345818,optimization-limited zone,1_1,-0.3289846515378983,1,0.31543903454015815,0.3103033944127365,0.2636815920398009,0.31543903454015815,effective-collapse zone,0.0,0.0,0.0,1.0
Base summary,33,2,4.471473468371486e-09,budget_06_thin_strip,spiral,1,budget_06_thin_strip,pinwheel,2,0.0,0.0,1.0,1.0,budget_06_thin_strip|spiral|1,budget_06_thin_strip|pinwheel|2,1_1,-0.3289846515378983,0,0.2446941323345818,0.5764493841994591,0.39502487562189054,0.2446941323345818,optimization-limited zone,1_1,0.22351500627580145,0,0.7906783187682064,0.57104235506158,0.37711442786069654,0.7906783187682064,effective-collapse zone,0.0,0.5524996578136998,1.0,0.0
Base summary,33,3,5.004883654132696e-09,budget_06_thin_strip,spiral,1,budget_06_thin_strip,spiral,3,1.0,1.0,0.0,0.0,budget_06_thin_strip|spiral|1,budget_06_thin_strip|spiral|3,1_1,-0.3289846515378983,0,0.2446941323345818,0.5764493841994591,0.39502487562189054,0.2446941323345818,optimization-limited zone,1_1,-0.3289846515378983,1,0.32043279234290467,0.8119555422048663,0.48457711442786067,0.32043279234290467,optimization-limited zone,0.0,0.0,0.0,1.0
Base summary,33,4,5.507418985217608e-09,budget_06_thin_strip,spiral,1,budget_06_thin_strip,spiral,2,0.0,0.0,0.0,1.0,budget_06_thin_strip|spiral|1,budget_06_thin_strip|spiral|2,1_1,-0.3289846515378983,0,0.2446941323345818,0.5764493841994591,0.39502487562189054,0.2446941323345818,optimization-limited zone,1_1,-0.3289846515378983,1,0.29047024552642525,0.1910483628717332,0.26865671641791045,0.29047024552642525,effective-collapse zone,0.0,0.0,0.0,1.0
Base summary,33,5,5.512578256676893e-09,budget_06_thin_strip,spiral,1,budget_06_thin_strip,pinwheel,3,0.0,0.0,1.0,0.0,budget_06_thin_strip|spiral|1,budget_06_thin_strip|pinwheel|3,1_1,-0.3289846515378983,0,0.2446941323345818,0.5764493841994591,0.39502487562189054,0.2446941323345818,optimization-limited zone,1_1,0.22351500627580145,1,0.7515605493133583,0.8434965455091619,0.5343283582089552,0.7515605493133583,optimization-limited zone,0.0,0.5524996578136998,1.0,1.0
Base summary,34,1,1.0530709780619628e-09,budget_06_thin_strip,spiral,2,budget_06_thin_strip,spiral,3,1.0,1.0,0.0,1.0,budget_06_thin_strip|spiral|2,budget_06_thin_strip|spiral|3,1_1,-0.3289846515378983,1,0.29047024552642525,0.1910483628717332,0.26865671641791045,0.29047024552642525,effective-collapse zone,1_1,-0.3289846515378983,1,0.32043279234290467,0.8119555422048663,0.48457711442786067,0.32043279234290467,optimization-limited zone,0.0,0.0,0.0,0.0
Base summary,34,2,2.9015130475507633e-09,budget_06_thin_strip,spiral,2,budget_06_thin_strip,spiral,0,0.0,0.0,0.0,0.0,budget_06_thin_strip|spiral|2,budget_06_thin_strip|spiral|0,1_1,-0.3289846515378983,1,0.29047024552642525,0.1910483628717332,0.26865671641791045,0.29047024552642525,effective-collapse zone,1_1,-0.3289846515378983,1,0.31543903454015815,0.3103033944127365,0.2636815920398009,0.31543903454015815,effective-collapse zone,0.0,0.0,0.0,0.0
Base summary,34,3,5.190889475754632e-09,budget_06_thin_strip,spiral,2,budget_06_thin_strip,multi-hole,2,1.0,1.0,1.0,0.0,budget_06_thin_strip|spiral|2,budget_06_thin_strip|multi-hole|2,1_1,-0.3289846515378983,1,0.29047024552642525,0.1910483628717332,0.26865671641791045,0.29047024552642525,effective-collapse zone,1_1,-0.689700722662991,0,0.4486059092800666,0.5611294683088014,0.3213930348258708,0.4486059092800666,effective-collapse zone,0.0,0.3607160711250927,0.0,1.0
Base summary,34,4,5.409452888947459e-09,budget_06_thin_strip,spiral,2,budget_06_thin_strip,multi-hole,3,1.0,1.0,1.0,1.0,budget_06_thin_strip|spiral|2,budget_06_thin_strip|multi-hole|3,1_1,-0.3289846515378983,1,0.29047024552642525,0.1910483628717332,0.26865671641791045,0.29047024552642525,effective-collapse zone,1_1,-0.689700722662991,0,0.5925925925925926,0.9113848002403123,0.5671641791044776,0.5925925925925926,optimization-limited zone,0.0,0.3607160711250927,0.0,1.0
Base summary,34,5,5.507418985217608e-09,budget_06_thin_strip,spiral,2,budget_06_thin_strip,spiral,1,0.0,0.0,0.0,1.0,budget_06_thin_strip|spiral|2,budget_06_thin_strip|spiral|1,1_1,-0.3289846515378983,1,0.29047024552642525,0.1910483628717332,0.26865671641791045,0.29047024552642525,effective-collapse zone,1_1,-0.3289846515378983,0,0.2446941323345818,0.5764493841994591,0.39502487562189054,0.2446941323345818,optimization-limited zone,0.0,0.0,0.0,1.0
Base summary,35,1,1.0530709780619628e-09,budget_06_thin_strip,spiral,3,budget_06_thin_strip,spiral,2,1.0,1.0,0.0,1.0,budget_06_thin_strip|spiral|3,budget_06_thin_strip|spiral|2,1_1,-0.3289846515378983,1,0.32043279234290467,0.8119555422048663,0.48457711442786067,0.32043279234290467,optimization-limited zone,1_1,-0.3289846515378983,1,0.29047024552642525,0.1910483628717332,0.26865671641791045,0.29047024552642525,effective-collapse zone,0.0,0.0,0.0,0.0
Base summary,35,2,2.1514126620943832e-09,budget_06_thin_strip,spiral,3,budget_06_thin_strip,spiral,0,1.0,1.0,0.0,1.0,budget_06_thin_strip|spiral|3,budget_06_thin_strip|spiral|0,1_1,-0.3289846515378983,1,0.32043279234290467,0.8119555422048663,0.48457711442786067,0.32043279234290467,optimization-limited zone,1_1,-0.3289846515378983,1,0.31543903454015815,0.3103033944127365,0.2636815920398009,0.31543903454015815,effective-collapse zone,0.0,0.0,0.0,0.0
Base summary,35,3,5.004883654132696e-09,budget_06_thin_strip,spiral,3,budget_06_thin_strip,spiral,1,1.0,1.0,0.0,0.0,budget_06_thin_strip|spiral|3,budget_06_thin_strip|spiral|1,1_1,-0.3289846515378983,1,0.32043279234290467,0.8119555422048663,0.48457711442786067,0.32043279234290467,optimization-limited zone,1_1,-0.3289846515378983,0,0.2446941323345818,0.5764493841994591,0.39502487562189054,0.2446941323345818,optimization-limited zone,0.0,0.0,0.0,1.0
Base summary,35,4,5.2339416091412485e-09,budget_06_thin_strip,spiral,3,budget_06_thin_strip,multi-hole,2,0.0,0.0,1.0,1.0,budget_06_thin_strip|spiral|3,budget_06_thin_strip|multi-hole|2,1_1,-0.3289846515378983,1,0.32043279234290467,0.8119555422048663,0.48457711442786067,0.32043279234290467,optimization-limited zone,1_1,-0.689700722662991,0,0.4486059092800666,0.5611294683088014,0.3213930348258708,0.4486059092800666,effective-collapse zone,0.0,0.3607160711250927,0.0,1.0
Base summary,35,5,5.4132350017283276e-09,budget_06_thin_strip,spiral,3,budget_06_thin_strip,multi-hole,3,0.0,0.0,1.0,0.0,budget_06_thin_strip|spiral|3,budget_06_thin_strip|multi-hole|3,1_1,-0.3289846515378983,1,0.32043279234290467,0.8119555422048663,0.48457711442786067,0.32043279234290467,optimization-limited zone,1_1,-0.689700722662991,0,0.5925925925925926,0.9113848002403123,0.5671641791044776,0.5925925925925926,optimization-limited zone,0.0,0.3607160711250927,0.0,1.0
Base summary,36,1,7.0699364716814695e-09,budget_06_thin_strip,volatility-clustering,0,budget_06_thin_strip,volatility-clustering,1,1.0,1.0,0.0,1.0,budget_06_thin_strip|volatility-clustering|0,budget_06_thin_strip|volatility-clustering|1,1_0,0.4439176548542998,1,0.3445692883895131,0.6623610693902072,0.3900497512437811,0.3445692883895131,optimization-limited zone,1_0,0.4439176548542998,1,0.40366208905534745,0.1727245419044758,0.1781094527363184,0.40366208905534745,effective-collapse zone,0.0,0.0,0.0,0.0
Base summary,36,2,9.598380480185342e-09,budget_06_thin_strip,volatility-clustering,0,budget_06_thin_strip,volatility-clustering,3,0.0,0.0,0.0,1.0,budget_06_thin_strip|volatility-clustering|0,budget_06_thin_strip|volatility-clustering|3,1_0,0.4439176548542998,1,0.3445692883895131,0.6623610693902072,0.3900497512437811,0.3445692883895131,optimization-limited zone,1_0,0.4439176548542998,0,0.23553890969621305,0.3586662661459898,0.1412935323383084,0.23553890969621305,effective-collapse zone,0.0,0.0,0.0,1.0
Base summary,36,3,1.645114836969642e-08,budget_06_thin_strip,volatility-clustering,0,budget_06_thin_strip,volatility-clustering,2,0.0,0.0,0.0,0.0,budget_06_thin_strip|volatility-clustering|0,budget_06_thin_strip|volatility-clustering|2,1_0,0.4439176548542998,1,0.3445692883895131,0.6623610693902072,0.3900497512437811,0.3445692883895131,optimization-limited zone,1_0,0.4439176548542998,1,0.5143570536828963,0.892159807750075,0.3562189054726369,0.5143570536828963,optimization-limited zone,0.0,0.0,0.0,0.0
Base summary,36,4,2.19140345920904e-08,budget_06_thin_strip,volatility-clustering,0,budget_06_thin_strip,cross-branch,0,1.0,0.0,1.0,1.0,budget_06_thin_strip|volatility-clustering|0,budget_06_thin_strip|cross-branch|0,1_0,0.4439176548542998,1,0.3445692883895131,0.6623610693902072,0.3900497512437811,0.3445692883895131,optimization-limited zone,1_0,-0.2736144549003908,1,0.4136496046608406,0.06338239711625111,0.0,0.4136496046608406,ambiguity zone,0.0,0.7175321097546906,1.0,0.0
Base summary,36,5,2.2666404711019023e-08,budget_06_thin_strip,volatility-clustering,0,budget_06_thin_strip,cross-branch,1,0.0,0.0,1.0,1.0,budget_06_thin_strip|volatility-clustering|0,budget_06_thin_strip|cross-branch|1,1_0,0.4439176548542998,1,0.3445692883895131,0.6623610693902072,0.3900497512437811,0.3445692883895131,optimization-limited zone,1_0,-0.2736144549003908,1,0.6425301706200582,0.7918293781916491,0.28656716417910444,0.6425301706200582,optimization-limited zone,0.0,0.7175321097546906,1.0,0.0
Base summary,37,1,7.0699364716814695e-09,budget_06_thin_strip,volatility-clustering,1,budget_06_thin_strip,volatility-clustering,0,1.0,1.0,0.0,1.0,budget_06_thin_strip|volatility-clustering|1,budget_06_thin_strip|volatility-clustering|0,1_0,0.4439176548542998,1,0.40366208905534745,0.1727245419044758,0.1781094527363184,0.40366208905534745,effective-collapse zone,1_0,0.4439176548542998,1,0.3445692883895131,0.6623610693902072,0.3900497512437811,0.3445692883895131,optimization-limited zone,0.0,0.0,0.0,0.0
Base summary,37,2,1.2857081707995725e-08,budget_06_thin_strip,volatility-clustering,1,budget_06_thin_strip,volatility-clustering,3,1.0,1.0,0.0,0.0,budget_06_thin_strip|volatility-clustering|1,budget_06_thin_strip|volatility-clustering|3,1_0,0.4439176548542998,1,0.40366208905534745,0.1727245419044758,0.1781094527363184,0.40366208905534745,effective-collapse zone,1_0,0.4439176548542998,0,0.23553890969621305,0.3586662661459898,0.1412935323383084,0.23553890969621305,effective-collapse zone,0.0,0.0,0.0,1.0
Base summary,37,3,2.0235745935537373e-08,budget_06_thin_strip,volatility-clustering,1,budget_06_thin_strip,volatility-clustering,2,1.0,1.0,0.0,1.0,budget_06_thin_strip|volatility-clustering|1,budget_06_thin_strip|volatility-clustering|2,1_0,0.4439176548542998,1,0.40366208905534745,0.1727245419044758,0.1781094527363184,0.40366208905534745,effective-collapse zone,1_0,0.4439176548542998,1,0.5143570536828963,0.892159807750075,0.3562189054726369,0.5143570536828963,optimization-limited zone,0.0,0.0,0.0,0.0
Base summary,37,4,2.8866159816452043e-08,budget_06_thin_strip,volatility-clustering,1,budget_06_thin_strip,cross-branch,0,1.0,1.0,1.0,1.0,budget_06_thin_strip|volatility-clustering|1,budget_06_thin_strip|cross-branch|0,1_0,0.4439176548542998,1,0.40366208905534745,0.1727245419044758,0.1781094527363184,0.40366208905534745,effective-collapse zone,1_0,-0.2736144549003908,1,0.4136496046608406,0.06338239711625111,0.0,0.4136496046608406,ambiguity zone,0.0,0.7175321097546906,1.0,0.0
Base summary,37,5,2.931475103142664e-08,budget_06_thin_strip,volatility-clustering,1,budget_06_thin_strip,cross-branch,1,1.0,1.0,1.0,1.0,budget_06_thin_strip|volatility-clustering|1,budget_06_thin_strip|cross-branch|1,1_0,0.4439176548542998,1,0.40366208905534745,0.1727245419044758,0.1781094527363184,0.40366208905534745,effective-collapse zone,1_0,-0.2736144549003908,1,0.6425301706200582,0.7918293781916491,0.28656716417910444,0.6425301706200582,optimization-limited zone,0.0,0.7175321097546906,1.0,0.0
Base summary,38,1,8.243822413155956e-09,budget_06_thin_strip,volatility-clustering,2,budget_06_thin_strip,volatility-clustering,3,0.0,0.0,0.0,1.0,budget_06_thin_strip|volatility-clustering|2,budget_06_thin_strip|volatility-clustering|3,1_0,0.4439176548542998,1,0.5143570536828963,0.892159807750075,0.3562189054726369,0.5143570536828963,optimization-limited zone,1_0,0.4439176548542998,0,0.23553890969621305,0.3586662661459898,0.1412935323383084,0.23553890969621305,effective-collapse zone,0.0,0.0,0.0,1.0
Base summary,38,2,1.645114836969642e-08,budget_06_thin_strip,volatility-clustering,2,budget_06_thin_strip,volatility-clustering,0,0.0,0.0,0.0,0.0,budget_06_thin_strip|volatility-clustering|2,budget_06_thin_strip|volatility-clustering|0,1_0,0.4439176548542998,1,0.5143570536828963,0.892159807750075,0.3562189054726369,0.5143570536828963,optimization-limited zone,1_0,0.4439176548542998,1,0.3445692883895131,0.6623610693902072,0.3900497512437811,0.3445692883895131,optimization-limited zone,0.0,0.0,0.0,0.0
Base summary,38,3,1.7573816578915444e-08,budget_06_thin_strip,volatility-clustering,2,budget_06_thin_strip,spiral,1,0.0,0.0,1.0,0.0,budget_06_thin_strip|volatility-clustering|2,budget_06_thin_strip|spiral|1,1_0,0.4439176548542998,1,0.5143570536828963,0.892159807750075,0.3562189054726369,0.5143570536828963,optimization-limited zone,1_1,-0.3289846515378983,0,0.2446941323345818,0.5764493841994591,0.39502487562189054,0.2446941323345818,optimization-limited zone,1.0,0.772902306392198,1.0,1.0
Base summary,38,4,1.8663696782394705e-08,budget_06_thin_strip,volatility-clustering,2,budget_06_thin_strip,spiral,0,0.0,0.0,1.0,1.0,budget_06_thin_strip|volatility-clustering|2,budget_06_thin_strip|spiral|0,1_0,0.4439176548542998,1,0.5143570536828963,0.892159807750075,0.3562189054726369,0.5143570536828963,optimization-limited zone,1_1,-0.3289846515378983,1,0.31543903454015815,0.3103033944127365,0.2636815920398009,0.31543903454015815,effective-collapse zone,1.0,0.772902306392198,1.0,0.0
Base summary,38,5,1.9352536431980413e-08,budget_06_thin_strip,volatility-clustering,2,budget_06_thin_strip,spiral,3,1.0,1.0,1.0,0.0,budget_06_thin_strip|volatility-clustering|2,budget_06_thin_strip|spiral|3,1_0,0.4439176548542998,1,0.5143570536828963,0.892159807750075,0.3562189054726369,0.5143570536828963,optimization-limited zone,1_1,-0.3289846515378983,1,0.32043279234290467,0.8119555422048663,0.48457711442786067,0.32043279234290467,optimization-limited zone,1.0,0.772902306392198,1.0,0.0
Base summary,39,1,8.243822413155956e-09,budget_06_thin_strip,volatility-clustering,3,budget_06_thin_strip,volatility-clustering,2,0.0,0.0,0.0,1.0,budget_06_thin_strip|volatility-clustering|3,budget_06_thin_strip|volatility-clustering|2,1_0,0.4439176548542998,0,0.23553890969621305,0.3586662661459898,0.1412935323383084,0.23553890969621305,effective-collapse zone,1_0,0.4439176548542998,1,0.5143570536828963,0.892159807750075,0.3562189054726369,0.5143570536828963,optimization-limited zone,0.0,0.0,0.0,1.0
Base summary,39,2,9.598380480185342e-09,budget_06_thin_strip,volatility-clustering,3,budget_06_thin_strip,volatility-clustering,0,0.0,0.0,0.0,1.0,budget_06_thin_strip|volatility-clustering|3,budget_06_thin_strip|volatility-clustering|0,1_0,0.4439176548542998,0,0.23553890969621305,0.3586662661459898,0.1412935323383084,0.23553890969621305,effective-collapse zone,1_0,0.4439176548542998,1,0.3445692883895131,0.6623610693902072,0.3900497512437811,0.3445692883895131,optimization-limited zone,0.0,0.0,0.0,1.0
Base summary,39,3,1.2857081707995725e-08,budget_06_thin_strip,volatility-clustering,3,budget_06_thin_strip,volatility-clustering,1,1.0,1.0,0.0,0.0,budget_06_thin_strip|volatility-clustering|3,budget_06_thin_strip|volatility-clustering|1,1_0,0.4439176548542998,0,0.23553890969621305,0.3586662661459898,0.1412935323383084,0.23553890969621305,effective-collapse zone,1_0,0.4439176548542998,1,0.40366208905534745,0.1727245419044758,0.1781094527363184,0.40366208905534745,effective-collapse zone,0.0,0.0,0.0,1.0
Base summary,39,4,2.3637155779464485e-08,budget_06_thin_strip,volatility-clustering,3,budget_06_thin_strip,cross-branch,0,1.0,0.0,1.0,1.0,budget_06_thin_strip|volatility-clustering|3,budget_06_thin_strip|cross-branch|0,1_0,0.4439176548542998,0,0.23553890969621305,0.3586662661459898,0.1412935323383084,0.23553890969621305,effective-collapse zone,1_0,-0.2736144549003908,1,0.4136496046608406,0.06338239711625111,0.0,0.4136496046608406,ambiguity zone,0.0,0.7175321097546906,1.0,1.0
Base summary,39,5,2.4537866706950617e-08,budget_06_thin_strip,volatility-clustering,3,budget_06_thin_strip,spiral,1,0.0,0.0,1.0,1.0,budget_06_thin_strip|volatility-clustering|3,budget_06_thin_strip|spiral|1,1_0,0.4439176548542998,0,0.23553890969621305,0.3586662661459898,0.1412935323383084,0.23553890969621305,effective-collapse zone,1_1,-0.3289846515378983,0,0.2446941323345818,0.5764493841994591,0.39502487562189054,0.2446941323345818,optimization-limited zone,1.0,0.772902306392198,1.0,0.0
Base summary,40,1,1.1724611242261863e-07,budget_10_extreme,barbell-bridge,0,budget_10_extreme,barbell-bridge,3,0.0,0.0,0.0,0.0,budget_10_extreme|barbell-bridge|0,budget_10_extreme|barbell-bridge|3,1_1,1.37352009580138,0,0.8564294631710361,0.6158005407029137,0.4796019900497511,0.8564294631710361,optimization-limited zone,1_1,1.37352009580138,1,0.47440699126092384,0.7395614298588165,0.6706467661691543,0.47440699126092384,optimization-limited zone,0.0,0.0,0.0,1.0
Base summary,40,2,2.512973652350861e-07,budget_10_extreme,barbell-bridge,0,budget_10_extreme,barbell-bridge,1,1.0,1.0,0.0,0.0,budget_10_extreme|barbell-bridge|0,budget_10_extreme|barbell-bridge|1,1_1,1.37352009580138,0,0.8564294631710361,0.6158005407029137,0.4796019900497511,0.8564294631710361,optimization-limited zone,1_1,1.37352009580138,0,0.71993341656263,0.8257735055572243,0.4905472636815919,0.71993341656263,optimization-limited zone,0.0,0.0,0.0,0.0
Base summary,40,3,2.922538424338765e-07,budget_10_extreme,barbell-bridge,0,budget_10_extreme,barbell-bridge,2,1.0,0.0,0.0,1.0,budget_10_extreme|barbell-bridge|0,budget_10_extreme|barbell-bridge|2,1_1,1.37352009580138,0,0.8564294631710361,0.6158005407029137,0.4796019900497511,0.8564294631710361,optimization-limited zone,1_1,1.37352009580138,0,0.8264669163545567,0.377891258636227,0.626865671641791,0.8264669163545567,ambiguity zone,0.0,0.0,0.0,0.0
Base summary,40,4,1.29188767316819e-06,budget_10_extreme,barbell-bridge,0,budget_10_extreme,mean-reversion,2,1.0,0.0,1.0,1.0,budget_10_extreme|barbell-bridge|0,budget_10_extreme|mean-reversion|2,1_1,1.37352009580138,0,0.8564294631710361,0.6158005407029137,0.4796019900497511,0.8564294631710361,optimization-limited zone,1_0,-0.2321875606103716,1,0.5343320848938826,0.2832682487233403,0.2965174129353233,0.5343320848938826,ambiguity zone,1.0,1.6057076564117516,1.0,1.0
Base summary,40,5,1.2968666178928415e-06,budget_10_extreme,barbell-bridge,0,budget_10_extreme,mean-reversion,0,1.0,0.0,1.0,1.0,budget_10_extreme|barbell-bridge|0,budget_10_extreme|mean-reversion|0,1_1,1.37352009580138,0,0.8564294631710361,0.6158005407029137,0.4796019900497511,0.8564294631710361,optimization-limited zone,1_0,-0.2321875606103716,0,0.06824802330420307,0.32472213878041445,0.15920398009950243,0.06824802330420307,effective-collapse zone,1.0,1.6057076564117516,1.0,0.0
Base summary,41,1,4.121725189101666e-08,budget_10_extreme,barbell-bridge,1,budget_10_extreme,barbell-bridge,2,1.0,1.0,0.0,1.0,budget_10_extreme|barbell-bridge|1,budget_10_extreme|barbell-bridge|2,1_1,1.37352009580138,0,0.71993341656263,0.8257735055572243,0.4905472636815919,0.71993341656263,optimization-limited zone,1_1,1.37352009580138,0,0.8264669163545567,0.377891258636227,0.626865671641791,0.8264669163545567,ambiguity zone,0.0,0.0,0.0,0.0
Base summary,41,2,1.3722670208172496e-07,budget_10_extreme,barbell-bridge,1,budget_10_extreme,barbell-bridge,3,1.0,1.0,0.0,0.0,budget_10_extreme|barbell-bridge|1,budget_10_extreme|barbell-bridge|3,1_1,1.37352009580138,0,0.71993341656263,0.8257735055572243,0.4905472636815919,0.71993341656263,optimization-limited zone,1_1,1.37352009580138,1,0.47440699126092384,0.7395614298588165,0.6706467661691543,0.47440699126092384,optimization-limited zone,0.0,0.0,0.0,1.0
Base summary,41,3,2.512973652350861e-07,budget_10_extreme,barbell-bridge,1,budget_10_extreme,barbell-bridge,0,1.0,1.0,0.0,0.0,budget_10_extreme|barbell-bridge|1,budget_10_extreme|barbell-bridge|0,1_1,1.37352009580138,0,0.71993341656263,0.8257735055572243,0.4905472636815919,0.71993341656263,optimization-limited zone,1_1,1.37352009580138,0,0.8564294631710361,0.6158005407029137,0.4796019900497511,0.8564294631710361,optimization-limited zone,0.0,0.0,0.0,0.0
Base summary,41,4,1.0416399285059685e-06,budget_10_extreme,barbell-bridge,1,budget_10_extreme,mean-reversion,2,1.0,1.0,1.0,1.0,budget_10_extreme|barbell-bridge|1,budget_10_extreme|mean-reversion|2,1_1,1.37352009580138,0,0.71993341656263,0.8257735055572243,0.4905472636815919,0.71993341656263,optimization-limited zone,1_0,-0.2321875606103716,1,0.5343320848938826,0.2832682487233403,0.2965174129353233,0.5343320848938826,ambiguity zone,1.0,1.6057076564117516,1.0,1.0
Base summary,41,5,1.0466016983213962e-06,budget_10_extreme,barbell-bridge,1,budget_10_extreme,mean-reversion,0,1.0,1.0,1.0,1.0,budget_10_extreme|barbell-bridge|1,budget_10_extreme|mean-reversion|0,1_1,1.37352009580138,0,0.71993341656263,0.8257735055572243,0.4905472636815919,0.71993341656263,optimization-limited zone,1_0,-0.2321875606103716,0,0.06824802330420307,0.32472213878041445,0.15920398009950243,0.06824802330420307,effective-collapse zone,1.0,1.6057076564117516,1.0,0.0
Base summary,42,1,4.121725189101666e-08,budget_10_extreme,barbell-bridge,2,budget_10_extreme,barbell-bridge,1,1.0,1.0,0.0,1.0,budget_10_extreme|barbell-bridge|2,budget_10_extreme|barbell-bridge|1,1_1,1.37352009580138,0,0.8264669163545567,0.377891258636227,0.626865671641791,0.8264669163545567,ambiguity zone,1_1,1.37352009580138,0,0.71993341656263,0.8257735055572243,0.4905472636815919,0.71993341656263,optimization-limited zone,0.0,0.0,0.0,0.0
Base summary,42,2,1.779778766994075e-07,budget_10_extreme,barbell-bridge,2,budget_10_extreme,barbell-bridge,3,1.0,0.0,0.0,1.0,budget_10_extreme|barbell-bridge|2,budget_10_extreme|barbell-bridge|3,1_1,1.37352009580138,0,0.8264669163545567,0.377891258636227,0.626865671641791,0.8264669163545567,ambiguity zone,1_1,1.37352009580138,1,0.47440699126092384,0.7395614298588165,0.6706467661691543,0.47440699126092384,optimization-limited zone,0.0,0.0,0.0,1.0
Base summary,42,3,2.922538424338765e-07,budget_10_extreme,barbell-bridge,2,budget_10_extreme,barbell-bridge,0,1.0,0.0,0.0,1.0,budget_10_extreme|barbell-bridge|2,budget_10_extreme|barbell-bridge|0,1_1,1.37352009580138,0,0.8264669163545567,0.377891258636227,0.626865671641791,0.8264669163545567,ambiguity zone,1_1,1.37352009580138,0,0.8564294631710361,0.6158005407029137,0.4796019900497511,0.8564294631710361,optimization-limited zone,0.0,0.0,0.0,0.0
Base summary,42,4,1.000839125774605e-06,budget_10_extreme,barbell-bridge,2,budget_10_extreme,mean-reversion,2,0.0,0.0,1.0,1.0,budget_10_extreme|barbell-bridge|2,budget_10_extreme|mean-reversion|2,1_1,1.37352009580138,0,0.8264669163545567,0.377891258636227,0.626865671641791,0.8264669163545567,ambiguity zone,1_0,-0.2321875606103716,1,0.5343320848938826,0.2832682487233403,0.2965174129353233,0.5343320848938826,ambiguity zone,1.0,1.6057076564117516,1.0,1.0
Base summary,42,5,1.005809597145144e-06,budget_10_extreme,barbell-bridge,2,budget_10_extreme,mean-reversion,0,0.0,0.0,1.0,1.0,budget_10_extreme|barbell-bridge|2,budget_10_extreme|mean-reversion|0,1_1,1.37352009580138,0,0.8264669163545567,0.377891258636227,0.626865671641791,0.8264669163545567,ambiguity zone,1_0,-0.2321875606103716,0,0.06824802330420307,0.32472213878041445,0.15920398009950243,0.06824802330420307,effective-collapse zone,1.0,1.6057076564117516,1.0,0.0
Base summary,43,1,1.1724611242261863e-07,budget_10_extreme,barbell-bridge,3,budget_10_extreme,barbell-bridge,0,0.0,0.0,0.0,0.0,budget_10_extreme|barbell-bridge|3,budget_10_extreme|barbell-bridge|0,1_1,1.37352009580138,1,0.47440699126092384,0.7395614298588165,0.6706467661691543,0.47440699126092384,optimization-limited zone,1_1,1.37352009580138,0,0.8564294631710361,0.6158005407029137,0.4796019900497511,0.8564294631710361,optimization-limited zone,0.0,0.0,0.0,1.0
Base summary,43,2,1.3722670208172496e-07,budget_10_extreme,barbell-bridge,3,budget_10_extreme,barbell-bridge,1,1.0,1.0,0.0,0.0,budget_10_extreme|barbell-bridge|3,budget_10_extreme|barbell-bridge|1,1_1,1.37352009580138,1,0.47440699126092384,0.7395614298588165,0.6706467661691543,0.47440699126092384,optimization-limited zone,1_1,1.37352009580138,0,0.71993341656263,0.8257735055572243,0.4905472636815919,0.71993341656263,optimization-limited zone,0.0,0.0,0.0,1.0
Base summary,43,3,1.779778766994075e-07,budget_10_extreme,barbell-bridge,3,budget_10_extreme,barbell-bridge,2,1.0,0.0,0.0,1.0,budget_10_extreme|barbell-bridge|3,budget_10_extreme|barbell-bridge|2,1_1,1.37352009580138,1,0.47440699126092384,0.7395614298588165,0.6706467661691543,0.47440699126092384,optimization-limited zone,1_1,1.37352009580138,0,0.8264669163545567,0.377891258636227,0.626865671641791,0.8264669163545567,ambiguity zone,0.0,0.0,0.0,1.0
Base summary,43,4,1.175305788194232e-06,budget_10_extreme,barbell-bridge,3,budget_10_extreme,mean-reversion,2,1.0,0.0,1.0,1.0,budget_10_extreme|barbell-bridge|3,budget_10_extreme|mean-reversion|2,1_1,1.37352009580138,1,0.47440699126092384,0.7395614298588165,0.6706467661691543,0.47440699126092384,optimization-limited zone,1_0,-0.2321875606103716,1,0.5343320848938826,0.2832682487233403,0.2965174129353233,0.5343320848938826,ambiguity zone,1.0,1.6057076564117516,1.0,0.0
Base summary,43,5,1.1802747952413496e-06,budget_10_extreme,barbell-bridge,3,budget_10_extreme,mean-reversion,0,1.0,0.0,1.0,1.0,budget_10_extreme|barbell-bridge|3,budget_10_extreme|mean-reversion|0,1_1,1.37352009580138,1,0.47440699126092384,0.7395614298588165,0.6706467661691543,0.47440699126092384,optimization-limited zone,1_0,-0.2321875606103716,0,0.06824802330420307,0.32472213878041445,0.15920398009950243,0.06824802330420307,effective-collapse zone,1.0,1.6057076564117516,1.0,1.0
Base summary,44,1,1.0173536351064162e-08,budget_10_extreme,crescent,0,budget_10_extreme,crescent,1,0.0,0.0,0.0,1.0,budget_10_extreme|crescent|0,budget_10_extreme|crescent|1,1_0,-0.26659513240484733,0,0.6858094049105284,0.13607689996996092,0.34626865671641804,0.6858094049105284,ambiguity zone,1_0,-0.26659513240484733,1,0.4893882646691635,0.7464704115349954,0.6129353233830847,0.4893882646691635,optimization-limited zone,0.0,0.0,0.0,1.0
Base summary,44,2,1.8667485367183608e-08,budget_10_extreme,crescent,0,budget_10_extreme,crescent,3,0.0,0.0,0.0,1.0,budget_10_extreme|crescent|0,budget_10_extreme|crescent|3,1_0,-0.26659513240484733,0,0.6858094049105284,0.13607689996996092,0.34626865671641804,0.6858094049105284,ambiguity zone,1_0,-0.26659513240484733,1,0.14814814814814814,0.8675277861219585,0.49154228855721394,0.14814814814814814,optimization-limited zone,0.0,0.0,0.0,1.0
Base summary,44,3,4.3105560361816484e-08,budget_10_extreme,crescent,0,budget_10_extreme,crescent,2,0.0,0.0,0.0,0.0,budget_10_extreme|crescent|0,budget_10_extreme|crescent|2,1_0,-0.26659513240484733,0,0.6858094049105284,0.13607689996996092,0.34626865671641804,0.6858094049105284,ambiguity zone,1_0,-0.26659513240484733,0,0.5185185185185185,0.10303394412736556,0.345273631840796,0.5185185185185185,ambiguity zone,0.0,0.0,0.0,0.0
Base summary,44,4,2.2742443988044158e-07,budget_10_extreme,crescent,0,budget_10_extreme,volatility-clustering,1,1.0,1.0,1.0,1.0,budget_10_extreme|crescent|0,budget_10_extreme|volatility-clustering|1,1_0,-0.26659513240484733,0,0.6858094049105284,0.13607689996996092,0.34626865671641804,0.6858094049105284,ambiguity zone,1_0,0.4439176548542998,1,0.42779858510195584,0.2772604385701412,0.6706467661691543,0.42779858510195584,decision-fragile zone,0.0,0.7105127872591471,1.0,1.0
Base summary,44,5,2.3042927186304e-07,budget_10_extreme,crescent,0,budget_10_extreme,volatility-clustering,0,1.0,1.0,1.0,1.0,budget_10_extreme|crescent|0,budget_10_extreme|volatility-clustering|0,1_0,-0.26659513240484733,0,0.6858094049105284,0.13607689996996092,0.34626865671641804,0.6858094049105284,ambiguity zone,1_0,0.4439176548542998,0,0.46691635455680397,0.592370081105437,0.8656716417910448,0.46691635455680397,decision-fragile zone,0.0,0.7105127872591471,1.0,0.0
Base summary,45,1,1.0173536351064162e-08,budget_10_extreme,crescent,1,budget_10_extreme,crescent,0,0.0,0.0,0.0,1.0,budget_10_extreme|crescent|1,budget_10_extreme|crescent|0,1_0,-0.26659513240484733,1,0.4893882646691635,0.7464704115349954,0.6129353233830847,0.4893882646691635,optimization-limited zone,1_0,-0.26659513240484733,0,0.6858094049105284,0.13607689996996092,0.34626865671641804,0.6858094049105284,ambiguity zone,0.0,0.0,0.0,1.0
Base summary,45,2,1.571408996935524e-08,budget_10_extreme,crescent,1,budget_10_extreme,crescent,3,0.0,0.0,0.0,0.0,budget_10_extreme|crescent|1,budget_10_extreme|crescent|3,1_0,-0.26659513240484733,1,0.4893882646691635,0.7464704115349954,0.6129353233830847,0.4893882646691635,optimization-limited zone,1_0,-0.26659513240484733,1,0.14814814814814814,0.8675277861219585,0.49154228855721394,0.14814814814814814,optimization-limited zone,0.0,0.0,0.0,0.0
Base summary,45,3,3.3609531326567836e-08,budget_10_extreme,crescent,1,budget_10_extreme,crescent,2,0.0,0.0,0.0,1.0,budget_10_extreme|crescent|1,budget_10_extreme|crescent|2,1_0,-0.26659513240484733,1,0.4893882646691635,0.7464704115349954,0.6129353233830847,0.4893882646691635,optimization-limited zone,1_0,-0.26659513240484733,0,0.5185185185185185,0.10303394412736556,0.345273631840796,0.5185185185185185,ambiguity zone,0.0,0.0,0.0,1.0
Base summary,45,4,2.184260007842009e-07,budget_10_extreme,crescent,1,budget_10_extreme,volatility-clustering,1,1.0,1.0,1.0,1.0,budget_10_extreme|crescent|1,budget_10_extreme|volatility-clustering|1,1_0,-0.26659513240484733,1,0.4893882646691635,0.7464704115349954,0.6129353233830847,0.4893882646691635,optimization-limited zone,1_0,0.4439176548542998,1,0.42779858510195584,0.2772604385701412,0.6706467661691543,0.42779858510195584,decision-fragile zone,0.0,0.7105127872591471,1.0,0.0
Base summary,45,5,2.2100125366799146e-07,budget_10_extreme,crescent,1,budget_10_extreme,volatility-clustering,0,1.0,1.0,1.0,0.0,budget_10_extreme|crescent|1,budget_10_extreme|volatility-clustering|0,1_0,-0.26659513240484733,1,0.4893882646691635,0.7464704115349954,0.6129353233830847,0.4893882646691635,optimization-limited zone,1_0,0.4439176548542998,0,0.46691635455680397,0.592370081105437,0.8656716417910448,0.46691635455680397,decision-fragile zone,0.0,0.7105127872591471,1.0,1.0
Base summary,46,1,3.0883210150500854e-08,budget_10_extreme,crescent,2,budget_10_extreme,crescent,3,0.0,0.0,0.0,1.0,budget_10_extreme|crescent|2,budget_10_extreme|crescent|3,1_0,-0.26659513240484733,0,0.5185185185185185,0.10303394412736556,0.345273631840796,0.5185185185185185,ambiguity zone,1_0,-0.26659513240484733,1,0.14814814814814814,0.8675277861219585,0.49154228855721394,0.14814814814814814,optimization-limited zone,0.0,0.0,0.0,1.0
Base summary,46,2,3.3609531326567836e-08,budget_10_extreme,crescent,2,budget_10_extreme,crescent,1,0.0,0.0,0.0,1.0,budget_10_extreme|crescent|2,budget_10_extreme|crescent|1,1_0,-0.26659513240484733,0,0.5185185185185185,0.10303394412736556,0.345273631840796,0.5185185185185185,ambiguity zone,1_0,-0.26659513240484733,1,0.4893882646691635,0.7464704115349954,0.6129353233830847,0.4893882646691635,optimization-limited zone,0.0,0.0,0.0,1.0
Base summary,46,3,4.3105560361816484e-08,budget_10_extreme,crescent,2,budget_10_extreme,crescent,0,0.0,0.0,0.0,0.0,budget_10_extreme|crescent|2,budget_10_extreme|crescent|0,1_0,-0.26659513240484733,0,0.5185185185185185,0.10303394412736556,0.345273631840796,0.5185185185185185,ambiguity zone,1_0,-0.26659513240484733,0,0.6858094049105284,0.13607689996996092,0.34626865671641804,0.6858094049105284,ambiguity zone,0.0,0.0,0.0,0.0
Base summary,46,4,1.992666422045365e-07,budget_10_extreme,crescent,2,budget_10_extreme,volatility-clustering,0,1.0,1.0,1.0,1.0,budget_10_extreme|crescent|2,budget_10_extreme|volatility-clustering|0,1_0,-0.26659513240484733,0,0.5185185185185185,0.10303394412736556,0.345273631840796,0.5185185185185185,ambiguity zone,1_0,0.4439176548542998,0,0.46691635455680397,0.592370081105437,0.8656716417910448,0.46691635455680397,decision-fragile zone,0.0,0.7105127872591471,1.0,0.0
Base summary,46,5,1.9949153464120879e-07,budget_10_extreme,crescent,2,budget_10_extreme,volatility-clustering,1,1.0,1.0,1.0,1.0,budget_10_extreme|crescent|2,budget_10_extreme|volatility-clustering|1,1_0,-0.26659513240484733,0,0.5185185185185185,0.10303394412736556,0.345273631840796,0.5185185185185185,ambiguity zone,1_0,0.4439176548542998,1,0.42779858510195584,0.2772604385701412,0.6706467661691543,0.42779858510195584,decision-fragile zone,0.0,0.7105127872591471,1.0,1.0
Base summary,47,1,1.571408996935524e-08,budget_10_extreme,crescent,3,budget_10_extreme,crescent,1,0.0,0.0,0.0,0.0,budget_10_extreme|crescent|3,budget_10_extreme|crescent|1,1_0,-0.26659513240484733,1,0.14814814814814814,0.8675277861219585,0.49154228855721394,0.14814814814814814,optimization-limited zone,1_0,-0.26659513240484733,1,0.4893882646691635,0.7464704115349954,0.6129353233830847,0.4893882646691635,optimization-limited zone,0.0,0.0,0.0,0.0
Base summary,47,2,1.8667485367183608e-08,budget_10_extreme,crescent,3,budget_10_extreme,crescent,0,0.0,0.0,0.0,1.0,budget_10_extreme|crescent|3,budget_10_extreme|crescent|0,1_0,-0.26659513240484733,1,0.14814814814814814,0.8675277861219585,0.49154228855721394,0.14814814814814814,optimization-limited zone,1_0,-0.26659513240484733,0,0.6858094049105284,0.13607689996996092,0.34626865671641804,0.6858094049105284,ambiguity zone,0.0,0.0,0.0,1.0
Base summary,47,3,3.0883210150500854e-08,budget_10_extreme,crescent,3,budget_10_extreme,crescent,2,0.0,0.0,0.0,1.0,budget_10_extreme|crescent|3,budget_10_extreme|crescent|2,1_0,-0.26659513240484733,1,0.14814814814814814,0.8675277861219585,0.49154228855721394,0.14814814814814814,optimization-limited zone,1_0,-0.26659513240484733,0,0.5185185185185185,0.10303394412736556,0.345273631840796,0.5185185185185185,ambiguity zone,0.0,0.0,0.0,1.0
Base summary,47,4,2.2617887534872894e-07,budget_10_extreme,crescent,3,budget_10_extreme,volatility-clustering,1,1.0,1.0,1.0,1.0,budget_10_extreme|crescent|3,budget_10_extreme|volatility-clustering|1,1_0,-0.26659513240484733,1,0.14814814814814814,0.8675277861219585,0.49154228855721394,0.14814814814814814,optimization-limited zone,1_0,0.4439176548542998,1,0.42779858510195584,0.2772604385701412,0.6706467661691543,0.42779858510195584,decision-fragile zone,0.0,0.7105127872591471,1.0,0.0
Base summary,47,5,2.2745968510258098e-07,budget_10_extreme,crescent,3,budget_10_extreme,volatility-clustering,0,1.0,1.0,1.0,0.0,budget_10_extreme|crescent|3,budget_10_extreme|volatility-clustering|0,1_0,-0.26659513240484733,1,0.14814814814814814,0.8675277861219585,0.49154228855721394,0.14814814814814814,optimization-limited zone,1_0,0.4439176548542998,0,0.46691635455680397,0.592370081105437,0.8656716417910448,0.46691635455680397,decision-fragile zone,0.0,0.7105127872591471,1.0,1.0
Base summary,48,1,4.514143482381844e-09,budget_10_extreme,cross-branch,0,budget_10_extreme,cross-branch,2,0.0,0.0,0.0,0.0,budget_10_extreme|cross-branch|0,budget_10_extreme|cross-branch|2,1_0,-0.2736144549003908,0,0.5909280066583437,0.0,0.008955223880597002,0.5909280066583437,ambiguity zone,1_0,-0.2736144549003908,0,0.6392009987515604,0.29558425953739864,0.14228855721393038,0.6392009987515604,ambiguity zone,0.0,0.0,0.0,0.0
Base summary,48,2,7.888314215925381e-09,budget_10_extreme,cross-branch,0,budget_10_extreme,cross-branch,3,1.0,0.0,0.0,1.0,budget_10_extreme|cross-branch|0,budget_10_extreme|cross-branch|3,1_0,-0.2736144549003908,0,0.5909280066583437,0.0,0.008955223880597002,0.5909280066583437,ambiguity zone,1_0,-0.2736144549003908,1,0.3712026633374948,0.9753679783718835,0.417910447761194,0.3712026633374948,optimization-limited zone,0.0,0.0,0.0,1.0
Base summary,48,3,8.951262880887067e-09,budget_10_extreme,cross-branch,0,budget_10_extreme,cross-branch,1,1.0,1.0,0.0,1.0,budget_10_extreme|cross-branch|0,budget_10_extreme|cross-branch|1,1_0,-0.2736144549003908,0,0.5909280066583437,0.0,0.008955223880597002,0.5909280066583437,ambiguity zone,1_0,-0.2736144549003908,1,0.35788597586350396,0.6512466206067887,0.444776119402985,0.35788597586350396,optimization-limited zone,0.0,0.0,0.0,1.0
Base summary,48,4,3.092806976007312e-08,budget_10_extreme,cross-branch,0,budget_10_extreme,spiral,1,1.0,1.0,1.0,1.0,budget_10_extreme|cross-branch|0,budget_10_extreme|spiral|1,1_0,-0.2736144549003908,0,0.5909280066583437,0.0,0.008955223880597002,0.5909280066583437,ambiguity zone,1_1,-0.3289846515378983,1,0.25801081980857266,0.4908380895163712,0.37611940298507474,0.25801081980857266,optimization-limited zone,1.0,0.055370196637507474,0.0,1.0
Base summary,48,5,3.6347895551626506e-08,budget_10_extreme,cross-branch,0,budget_10_extreme,pinwheel,1,1.0,1.0,1.0,1.0,budget_10_extreme|cross-branch|0,budget_10_extreme|pinwheel|1,1_0,-0.2736144549003908,0,0.5909280066583437,0.0,0.008955223880597002,0.5909280066583437,ambiguity zone,1_1,0.22351500627580145,0,0.4652517686225552,0.6028837488735355,0.964179104477612,0.4652517686225552,decision-fragile zone,1.0,0.4971294611761923,1.0,0.0
Base summary,49,1,4.56642900001012e-09,budget_10_extreme,cross-branch,1,budget_10_extreme,cross-branch,3,1.0,1.0,0.0,0.0,budget_10_extreme|cross-branch|1,budget_10_extreme|cross-branch|3,1_0,-0.2736144549003908,1,0.35788597586350396,0.6512466206067887,0.444776119402985,0.35788597586350396,optimization-limited zone,1_0,-0.2736144549003908,1,0.3712026633374948,0.9753679783718835,0.417910447761194,0.3712026633374948,optimization-limited zone,0.0,0.0,0.0,0.0
Base summary,49,2,5.622780202878803e-09,budget_10_extreme,cross-branch,1,budget_10_extreme,cross-branch,2,1.0,1.0,0.0,1.0,budget_10_extreme|cross-branch|1,budget_10_extreme|cross-branch|2,1_0,-0.2736144549003908,1,0.35788597586350396,0.6512466206067887,0.444776119402985,0.35788597586350396,optimization-limited zone,1_0,-0.2736144549003908,0,0.6392009987515604,0.29558425953739864,0.14228855721393038,0.6392009987515604,ambiguity zone,0.0,0.0,0.0,1.0
Base summary,49,3,8.951262880887067e-09,budget_10_extreme,cross-branch,1,budget_10_extreme,cross-branch,0,1.0,1.0,0.0,1.0,budget_10_extreme|cross-branch|1,budget_10_extreme|cross-branch|0,1_0,-0.2736144549003908,1,0.35788597586350396,0.6512466206067887,0.444776119402985,0.35788597586350396,optimization-limited zone,1_0,-0.2736144549003908,0,0.5909280066583437,0.0,0.008955223880597002,0.5909280066583437,ambiguity zone,0.0,0.0,0.0,1.0
Base summary,49,4,3.985759175921209e-08,budget_10_extreme,cross-branch,1,budget_10_extreme,spiral,1,0.0,0.0,1.0,0.0,budget_10_extreme|cross-branch|1,budget_10_extreme|spiral|1,1_0,-0.2736144549003908,1,0.35788597586350396,0.6512466206067887,0.444776119402985,0.35788597586350396,optimization-limited zone,1_1,-0.3289846515378983,1,0.25801081980857266,0.4908380895163712,0.37611940298507474,0.25801081980857266,optimization-limited zone,1.0,0.055370196637507474,0.0,0.0
Base summary,49,5,4.4785565823635236e-08,budget_10_extreme,cross-branch,1,budget_10_extreme,volatility-clustering,2,1.0,1.0,1.0,0.0,budget_10_extreme|cross-branch|1,budget_10_extreme|volatility-clustering|2,1_0,-0.2736144549003908,1,0.35788597586350396,0.6512466206067887,0.444776119402985,0.35788597586350396,optimization-limited zone,1_0,0.4439176548542998,0,0.34456928838951306,0.7074196455392009,0.8268656716417911,0.34456928838951306,decision-fragile zone,0.0,0.7175321097546906,1.0,1.0
Base summary,50,1,4.1388624887511194e-09,budget_10_extreme,cross-branch,2,budget_10_extreme,cross-branch,3,1.0,0.0,0.0,1.0,budget_10_extreme|cross-branch|2,budget_10_extreme|cross-branch|3,1_0,-0.2736144549003908,0,0.6392009987515604,0.29558425953739864,0.14228855721393038,0.6392009987515604,ambiguity zone,1_0,-0.2736144549003908,1,0.3712026633374948,0.9753679783718835,0.417910447761194,0.3712026633374948,optimization-limited zone,0.0,0.0,0.0,1.0
Base summary,50,2,4.514143482381844e-09,budget_10_extreme,cross-branch,2,budget_10_extreme,cross-branch,0,0.0,0.0,0.0,0.0,budget_10_extreme|cross-branch|2,budget_10_extreme|cross-branch|0,1_0,-0.2736144549003908,0,0.6392009987515604,0.29558425953739864,0.14228855721393038,0.6392009987515604,ambiguity zone,1_0,-0.2736144549003908,0,0.5909280066583437,0.0,0.008955223880597002,0.5909280066583437,ambiguity zone,0.0,0.0,0.0,0.0
Base summary,50,3,5.622780202878803e-09,budget_10_extreme,cross-branch,2,budget_10_extreme,cross-branch,1,1.0,1.0,0.0,1.0,budget_10_extreme|cross-branch|2,budget_10_extreme|cross-branch|1,1_0,-0.2736144549003908,0,0.6392009987515604,0.29558425953739864,0.14228855721393038,0.6392009987515604,ambiguity zone,1_0,-0.2736144549003908,1,0.35788597586350396,0.6512466206067887,0.444776119402985,0.35788597586350396,optimization-limited zone,0.0,0.0,0.0,1.0
Base summary,50,4,3.4949403305152656e-08,budget_10_extreme,cross-branch,2,budget_10_extreme,spiral,1,1.0,1.0,1.0,1.0,budget_10_extreme|cross-branch|2,budget_10_extreme|spiral|1,1_0,-0.2736144549003908,0,0.6392009987515604,0.29558425953739864,0.14228855721393038,0.6392009987515604,ambiguity zone,1_1,-0.3289846515378983,1,0.25801081980857266,0.4908380895163712,0.37611940298507474,0.25801081980857266,optimization-limited zone,1.0,0.055370196637507474,0.0,1.0
Base summary,50,5,3.97134308249835e-08,budget_10_extreme,cross-branch,2,budget_10_extreme,pinwheel,1,1.0,1.0,1.0,1.0,budget_10_extreme|cross-branch|2,budget_10_extreme|pinwheel|1,1_0,-0.2736144549003908,0,0.6392009987515604,0.29558425953739864,0.14228855721393038,0.6392009987515604,ambiguity zone,1_1,0.22351500627580145,0,0.4652517686225552,0.6028837488735355,0.964179104477612,0.4652517686225552,decision-fragile zone,1.0,0.4971294611761923,1.0,0.0
Base summary,51,1,4.1388624887511194e-09,budget_10_extreme,cross-branch,3,budget_10_extreme,cross-branch,2,1.0,0.0,0.0,1.0,budget_10_extreme|cross-branch|3,budget_10_extreme|cross-branch|2,1_0,-0.2736144549003908,1,0.3712026633374948,0.9753679783718835,0.417910447761194,0.3712026633374948,optimization-limited zone,1_0,-0.2736144549003908,0,0.6392009987515604,0.29558425953739864,0.14228855721393038,0.6392009987515604,ambiguity zone,0.0,0.0,0.0,1.0
Base summary,51,2,4.56642900001012e-09,budget_10_extreme,cross-branch,3,budget_10_extreme,cross-branch,1,1.0,1.0,0.0,0.0,budget_10_extreme|cross-branch|3,budget_10_extreme|cross-branch|1,1_0,-0.2736144549003908,1,0.3712026633374948,0.9753679783718835,0.417910447761194,0.3712026633374948,optimization-limited zone,1_0,-0.2736144549003908,1,0.35788597586350396,0.6512466206067887,0.444776119402985,0.35788597586350396,optimization-limited zone,0.0,0.0,0.0,0.0
Base summary,51,3,7.888314215925381e-09,budget_10_extreme,cross-branch,3,budget_10_extreme,cross-branch,0,1.0,0.0,0.0,1.0,budget_10_extreme|cross-branch|3,budget_10_extreme|cross-branch|0,1_0,-0.2736144549003908,1,0.3712026633374948,0.9753679783718835,0.417910447761194,0.3712026633374948,optimization-limited zone,1_0,-0.2736144549003908,0,0.5909280066583437,0.0,0.008955223880597002,0.5909280066583437,ambiguity zone,0.0,0.0,0.0,1.0
Base summary,51,4,3.788068224123428e-08,budget_10_extreme,cross-branch,3,budget_10_extreme,spiral,1,1.0,1.0,1.0,0.0,budget_10_extreme|cross-branch|3,budget_10_extreme|spiral|1,1_0,-0.2736144549003908,1,0.3712026633374948,0.9753679783718835,0.417910447761194,0.3712026633374948,optimization-limited zone,1_1,-0.3289846515378983,1,0.25801081980857266,0.4908380895163712,0.37611940298507474,0.25801081980857266,optimization-limited zone,1.0,0.055370196637507474,0.0,0.0
Base summary,51,5,4.1976142778904423e-08,budget_10_extreme,cross-branch,3,budget_10_extreme,pinwheel,1,1.0,1.0,1.0,0.0,budget_10_extreme|cross-branch|3,budget_10_extreme|pinwheel|1,1_0,-0.2736144549003908,1,0.3712026633374948,0.9753679783718835,0.417910447761194,0.3712026633374948,optimization-limited zone,1_1,0.22351500627580145,0,0.4652517686225552,0.6028837488735355,0.964179104477612,0.4652517686225552,decision-fragile zone,1.0,0.4971294611761923,1.0,1.0
Base summary,52,1,1.438282153301331e-09,budget_10_extreme,double-loop,0,budget_10_extreme,double-loop,2,0.0,0.0,0.0,0.0,budget_10_extreme|double-loop|0,budget_10_extreme|double-loop|2,1_0,-0.04713477352374962,0,0.5651269246774864,0.7032141784319614,0.49353233830845766,0.5651269246774864,optimization-limited zone,1_0,-0.04713477352374962,1,0.5027049521431544,0.9056773805947732,0.5064676616915423,0.5027049521431544,optimization-limited zone,0.0,0.0,0.0,1.0
Base summary,52,2,2.515497548384284e-09,budget_10_extreme,double-loop,0,budget_10_extreme,double-loop,3,1.0,0.0,0.0,1.0,budget_10_extreme|double-loop|0,budget_10_extreme|double-loop|3,1_0,-0.04713477352374962,0,0.5651269246774864,0.7032141784319614,0.49353233830845766,0.5651269246774864,optimization-limited zone,1_0,-0.04713477352374962,0,0.39450686641697874,0.23580654851306693,0.281592039800995,0.39450686641697874,ambiguity zone,0.0,0.0,0.0,0.0
Base summary,52,3,5.552116069060301e-09,budget_10_extreme,double-loop,0,budget_10_extreme,double-loop,1,1.0,0.0,0.0,1.0,budget_10_extreme|double-loop|0,budget_10_extreme|double-loop|1,1_0,-0.04713477352374962,0,0.5651269246774864,0.7032141784319614,0.49353233830845766,0.5651269246774864,optimization-limited zone,1_0,-0.04713477352374962,1,0.35289221806075743,0.07029137879243014,0.2875621890547264,0.35289221806075743,ambiguity zone,0.0,0.0,0.0,1.0
Base summary,52,4,3.9845456419262837e-08,budget_10_extreme,double-loop,0,budget_10_extreme,volatility-clustering,2,0.0,0.0,1.0,0.0,budget_10_extreme|double-loop|0,budget_10_extreme|volatility-clustering|2,1_0,-0.04713477352374962,0,0.5651269246774864,0.7032141784319614,0.49353233830845766,0.5651269246774864,optimization-limited zone,1_0,0.4439176548542998,0,0.34456928838951306,0.7074196455392009,0.8268656716417911,0.34456928838951306,decision-fragile zone,0.0,0.4910524283780494,1.0,0.0
Base summary,52,5,5.3765504410185426e-08,budget_10_extreme,double-loop,0,budget_10_extreme,volatility-clustering,3,1.0,1.0,1.0,1.0,budget_10_extreme|double-loop|0,budget_10_extreme|volatility-clustering|3,1_0,-0.04713477352374962,0,0.5651269246774864,0.7032141784319614,0.49353233830845766,0.5651269246774864,optimization-limited zone,1_0,0.4439176548542998,1,0.1889305035372451,0.32352057674977464,0.11243781094527368,0.1889305035372451,effective-collapse zone,0.0,0.4910524283780494,1.0,1.0
Base summary,53,1,5.178834939531095e-09,budget_10_extreme,double-loop,1,budget_10_extreme,double-loop,2,1.0,0.0,0.0,1.0,budget_10_extreme|double-loop|1,budget_10_extreme|double-loop|2,1_0,-0.04713477352374962,1,0.35289221806075743,0.07029137879243014,0.2875621890547264,0.35289221806075743,ambiguity zone,1_0,-0.04713477352374962,1,0.5027049521431544,0.9056773805947732,0.5064676616915423,0.5027049521431544,optimization-limited zone,0.0,0.0,0.0,0.0
Base summary,53,2,5.552116069060301e-09,budget_10_extreme,double-loop,1,budget_10_extreme,double-loop,0,1.0,0.0,0.0,1.0,budget_10_extreme|double-loop|1,budget_10_extreme|double-loop|0,1_0,-0.04713477352374962,1,0.35289221806075743,0.07029137879243014,0.2875621890547264,0.35289221806075743,ambiguity zone,1_0,-0.04713477352374962,0,0.5651269246774864,0.7032141784319614,0.49353233830845766,0.5651269246774864,optimization-limited zone,0.0,0.0,0.0,1.0
Base summary,53,3,6.706709042818381e-09,budget_10_extreme,double-loop,1,budget_10_extreme,double-loop,3,0.0,0.0,0.0,0.0,budget_10_extreme|double-loop|1,budget_10_extreme|double-loop|3,1_0,-0.04713477352374962,1,0.35289221806075743,0.07029137879243014,0.2875621890547264,0.35289221806075743,ambiguity zone,1_0,-0.04713477352374962,0,0.39450686641697874,0.23580654851306693,0.281592039800995,0.39450686641697874,ambiguity zone,0.0,0.0,0.0,1.0
Base summary,53,4,3.6355368800353016e-08,budget_10_extreme,double-loop,1,budget_10_extreme,volatility-clustering,2,1.0,0.0,1.0,1.0,budget_10_extreme|double-loop|1,budget_10_extreme|volatility-clustering|2,1_0,-0.04713477352374962,1,0.35289221806075743,0.07029137879243014,0.2875621890547264,0.35289221806075743,ambiguity zone,1_0,0.4439176548542998,0,0.34456928838951306,0.7074196455392009,0.8268656716417911,0.34456928838951306,decision-fragile zone,0.0,0.4910524283780494,1.0,1.0
Base summary,53,5,4.8971032006978326e-08,budget_10_extreme,double-loop,1,budget_10_extreme,volatility-clustering,3,1.0,1.0,1.0,1.0,budget_10_extreme|double-loop|1,budget_10_extreme|volatility-clustering|3,1_0,-0.04713477352374962,1,0.35289221806075743,0.07029137879243014,0.2875621890547264,0.35289221806075743,ambiguity zone,1_0,0.4439176548542998,1,0.1889305035372451,0.32352057674977464,0.11243781094527368,0.1889305035372451,effective-collapse zone,0.0,0.4910524283780494,1.0,0.0
Base summary,54,1,1.438282153301331e-09,budget_10_extreme,double-loop,2,budget_10_extreme,double-loop,0,0.0,0.0,0.0,0.0,budget_10_extreme|double-loop|2,budget_10_extreme|double-loop|0,1_0,-0.04713477352374962,1,0.5027049521431544,0.9056773805947732,0.5064676616915423,0.5027049521431544,optimization-limited zone,1_0,-0.04713477352374962,0,0.5651269246774864,0.7032141784319614,0.49353233830845766,0.5651269246774864,optimization-limited zone,0.0,0.0,0.0,1.0
Base summary,54,2,3.616998849083923e-09,budget_10_extreme,double-loop,2,budget_10_extreme,double-loop,3,1.0,0.0,0.0,1.0,budget_10_extreme|double-loop|2,budget_10_extreme|double-loop|3,1_0,-0.04713477352374962,1,0.5027049521431544,0.9056773805947732,0.5064676616915423,0.5027049521431544,optimization-limited zone,1_0,-0.04713477352374962,0,0.39450686641697874,0.23580654851306693,0.281592039800995,0.39450686641697874,ambiguity zone,0.0,0.0,0.0,1.0
Base summary,54,3,5.178834939531095e-09,budget_10_extreme,double-loop,2,budget_10_extreme,double-loop,1,1.0,0.0,0.0,1.0,budget_10_extreme|double-loop|2,budget_10_extreme|double-loop|1,1_0,-0.04713477352374962,1,0.5027049521431544,0.9056773805947732,0.5064676616915423,0.5027049521431544,optimization-limited zone,1_0,-0.04713477352374962,1,0.35289221806075743,0.07029137879243014,0.2875621890547264,0.35289221806075743,ambiguity zone,0.0,0.0,0.0,0.0
Base summary,54,4,4.0476439828356475e-08,budget_10_extreme,double-loop,2,budget_10_extreme,volatility-clustering,2,0.0,0.0,1.0,0.0,budget_10_extreme|double-loop|2,budget_10_extreme|volatility-clustering|2,1_0,-0.04713477352374962,1,0.5027049521431544,0.9056773805947732,0.5064676616915423,0.5027049521431544,optimization-limited zone,1_0,0.4439176548542998,0,0.34456928838951306,0.7074196455392009,0.8268656716417911,0.34456928838951306,decision-fragile zone,0.0,0.4910524283780494,1.0,1.0
Base summary,54,5,5.39430754048639e-08,budget_10_extreme,double-loop,2,budget_10_extreme,volatility-clustering,3,1.0,1.0,1.0,1.0,budget_10_extreme|double-loop|2,budget_10_extreme|volatility-clustering|3,1_0,-0.04713477352374962,1,0.5027049521431544,0.9056773805947732,0.5064676616915423,0.5027049521431544,optimization-limited zone,1_0,0.4439176548542998,1,0.1889305035372451,0.32352057674977464,0.11243781094527368,0.1889305035372451,effective-collapse zone,0.0,0.4910524283780494,1.0,0.0
Base summary,55,1,2.515497548384284e-09,budget_10_extreme,double-loop,3,budget_10_extreme,double-loop,0,1.0,0.0,0.0,1.0,budget_10_extreme|double-loop|3,budget_10_extreme|double-loop|0,1_0,-0.04713477352374962,0,0.39450686641697874,0.23580654851306693,0.281592039800995,0.39450686641697874,ambiguity zone,1_0,-0.04713477352374962,0,0.5651269246774864,0.7032141784319614,0.49353233830845766,0.5651269246774864,optimization-limited zone,0.0,0.0,0.0,0.0
Base summary,55,2,3.616998849083923e-09,budget_10_extreme,double-loop,3,budget_10_extreme,double-loop,2,1.0,0.0,0.0,1.0,budget_10_extreme|double-loop|3,budget_10_extreme|double-loop|2,1_0,-0.04713477352374962,0,0.39450686641697874,0.23580654851306693,0.281592039800995,0.39450686641697874,ambiguity zone,1_0,-0.04713477352374962,1,0.5027049521431544,0.9056773805947732,0.5064676616915423,0.5027049521431544,optimization-limited zone,0.0,0.0,0.0,1.0
Base summary,55,3,6.706709042818381e-09,budget_10_extreme,double-loop,3,budget_10_extreme,double-loop,1,0.0,0.0,0.0,0.0,budget_10_extreme|double-loop|3,budget_10_extreme|double-loop|1,1_0,-0.04713477352374962,0,0.39450686641697874,0.23580654851306693,0.281592039800995,0.39450686641697874,ambiguity zone,1_0,-0.04713477352374962,1,0.35289221806075743,0.07029137879243014,0.2875621890547264,0.35289221806075743,ambiguity zone,0.0,0.0,0.0,1.0
Base summary,55,4,3.951350305517189e-08,budget_10_extreme,double-loop,3,budget_10_extreme,volatility-clustering,2,1.0,0.0,1.0,1.0,budget_10_extreme|double-loop|3,budget_10_extreme|volatility-clustering|2,1_0,-0.04713477352374962,0,0.39450686641697874,0.23580654851306693,0.281592039800995,0.39450686641697874,ambiguity zone,1_0,0.4439176548542998,0,0.34456928838951306,0.7074196455392009,0.8268656716417911,0.34456928838951306,decision-fragile zone,0.0,0.4910524283780494,1.0,0.0
Base summary,55,5,5.3804365603172066e-08,budget_10_extreme,double-loop,3,budget_10_extreme,volatility-clustering,3,1.0,1.0,1.0,1.0,budget_10_extreme|double-loop|3,budget_10_extreme|volatility-clustering|3,1_0,-0.04713477352374962,0,0.39450686641697874,0.23580654851306693,0.281592039800995,0.39450686641697874,ambiguity zone,1_0,0.4439176548542998,1,0.1889305035372451,0.32352057674977464,0.11243781094527368,0.1889305035372451,effective-collapse zone,0.0,0.4910524283780494,1.0,1.0
Base summary,56,1,5.583632621523071e-09,budget_10_extreme,mean-reversion,0,budget_10_extreme,mean-reversion,2,0.0,0.0,0.0,0.0,budget_10_extreme|mean-reversion|0,budget_10_extreme|mean-reversion|2,1_0,-0.2321875606103716,0,0.06824802330420307,0.32472213878041445,0.15920398009950243,0.06824802330420307,effective-collapse zone,1_0,-0.2321875606103716,1,0.5343320848938826,0.2832682487233403,0.2965174129353233,0.5343320848938826,ambiguity zone,0.0,0.0,0.0,1.0
Base summary,56,2,7.203899690606906e-09,budget_10_extreme,mean-reversion,0,budget_10_extreme,mean-reversion,3,0.0,0.0,0.0,0.0,budget_10_extreme|mean-reversion|0,budget_10_extreme|mean-reversion|3,1_0,-0.2321875606103716,0,0.06824802330420307,0.32472213878041445,0.15920398009950243,0.06824802330420307,effective-collapse zone,1_0,-0.2321875606103716,1,0.4985434873075323,0.5929708621207569,0.4059701492537312,0.4985434873075323,optimization-limited zone,0.0,0.0,0.0,1.0
Base summary,56,3,1.2802511565620184e-08,budget_10_extreme,mean-reversion,0,budget_10_extreme,mean-reversion,1,0.0,0.0,0.0,0.0,budget_10_extreme|mean-reversion|0,budget_10_extreme|mean-reversion|1,1_0,-0.2321875606103716,0,0.06824802330420307,0.32472213878041445,0.15920398009950243,0.06824802330420307,effective-collapse zone,1_0,-0.2321875606103716,0,0.1506450270495214,0.520576749774707,0.3562189054726369,0.1506450270495214,optimization-limited zone,0.0,0.0,0.0,0.0
Base summary,56,4,9.791081281740396e-08,budget_10_extreme,mean-reversion,0,budget_10_extreme,volatility-clustering,1,1.0,0.0,1.0,1.0,budget_10_extreme|mean-reversion|0,budget_10_extreme|volatility-clustering|1,1_0,-0.2321875606103716,0,0.06824802330420307,0.32472213878041445,0.15920398009950243,0.06824802330420307,effective-collapse zone,1_0,0.4439176548542998,1,0.42779858510195584,0.2772604385701412,0.6706467661691543,0.42779858510195584,decision-fragile zone,0.0,0.6761052154646714,1.0,1.0
Base summary,56,5,1.204582028650983e-07,budget_10_extreme,mean-reversion,0,budget_10_extreme,volatility-clustering,0,1.0,0.0,1.0,1.0,budget_10_extreme|mean-reversion|0,budget_10_extreme|volatility-clustering|0,1_0,-0.2321875606103716,0,0.06824802330420307,0.32472213878041445,0.15920398009950243,0.06824802330420307,effective-collapse zone,1_0,0.4439176548542998,0,0.46691635455680397,0.592370081105437,0.8656716417910448,0.46691635455680397,decision-fragile zone,0.0,0.6761052154646714,1.0,0.0
Base summary,57,1,5.859205866280086e-09,budget_10_extreme,mean-reversion,1,budget_10_extreme,mean-reversion,3,0.0,0.0,0.0,0.0,budget_10_extreme|mean-reversion|1,budget_10_extreme|mean-reversion|3,1_0,-0.2321875606103716,0,0.1506450270495214,0.520576749774707,0.3562189054726369,0.1506450270495214,optimization-limited zone,1_0,-0.2321875606103716,1,0.4985434873075323,0.5929708621207569,0.4059701492537312,0.4985434873075323,optimization-limited zone,0.0,0.0,0.0,1.0
Base summary,57,2,1.2802511565620184e-08,budget_10_extreme,mean-reversion,1,budget_10_extreme,mean-reversion,0,0.0,0.0,0.0,0.0,budget_10_extreme|mean-reversion|1,budget_10_extreme|mean-reversion|0,1_0,-0.2321875606103716,0,0.1506450270495214,0.520576749774707,0.3562189054726369,0.1506450270495214,optimization-limited zone,1_0,-0.2321875606103716,0,0.06824802330420307,0.32472213878041445,0.15920398009950243,0.06824802330420307,effective-collapse zone,0.0,0.0,0.0,0.0
Base summary,57,3,1.751962466475283e-08,budget_10_extreme,mean-reversion,1,budget_10_extreme,mean-reversion,2,0.0,0.0,0.0,0.0,budget_10_extreme|mean-reversion|1,budget_10_extreme|mean-reversion|2,1_0,-0.2321875606103716,0,0.1506450270495214,0.520576749774707,0.3562189054726369,0.1506450270495214,optimization-limited zone,1_0,-0.2321875606103716,1,0.5343320848938826,0.2832682487233403,0.2965174129353233,0.5343320848938826,ambiguity zone,0.0,0.0,0.0,1.0
Base summary,57,4,8.515021310863639e-08,budget_10_extreme,mean-reversion,1,budget_10_extreme,volatility-clustering,1,1.0,0.0,1.0,1.0,budget_10_extreme|mean-reversion|1,budget_10_extreme|volatility-clustering|1,1_0,-0.2321875606103716,0,0.1506450270495214,0.520576749774707,0.3562189054726369,0.1506450270495214,optimization-limited zone,1_0,0.4439176548542998,1,0.42779858510195584,0.2772604385701412,0.6706467661691543,0.42779858510195584,decision-fragile zone,0.0,0.6761052154646714,1.0,1.0
Base summary,57,5,1.0769419980795e-07,budget_10_extreme,mean-reversion,1,budget_10_extreme,volatility-clustering,0,1.0,0.0,1.0,1.0,budget_10_extreme|mean-reversion|1,budget_10_extreme|volatility-clustering|0,1_0,-0.2321875606103716,0,0.1506450270495214,0.520576749774707,0.3562189054726369,0.1506450270495214,optimization-limited zone,1_0,0.4439176548542998,0,0.46691635455680397,0.592370081105437,0.8656716417910448,0.46691635455680397,decision-fragile zone,0.0,0.6761052154646714,1.0,0.0
Base summary,58,1,5.583632621523071e-09,budget_10_extreme,mean-reversion,2,budget_10_extreme,mean-reversion,0,0.0,0.0,0.0,0.0,budget_10_extreme|mean-reversion|2,budget_10_extreme|mean-reversion|0,1_0,-0.2321875606103716,1,0.5343320848938826,0.2832682487233403,0.2965174129353233,0.5343320848938826,ambiguity zone,1_0,-0.2321875606103716,0,0.06824802330420307,0.32472213878041445,0.15920398009950243,0.06824802330420307,effective-collapse zone,0.0,0.0,0.0,1.0
Base summary,58,2,1.21948155101817e-08,budget_10_extreme,mean-reversion,2,budget_10_extreme,mean-reversion,3,0.0,0.0,0.0,0.0,budget_10_extreme|mean-reversion|2,budget_10_extreme|mean-reversion|3,1_0,-0.2321875606103716,1,0.5343320848938826,0.2832682487233403,0.2965174129353233,0.5343320848938826,ambiguity zone,1_0,-0.2321875606103716,1,0.4985434873075323,0.5929708621207569,0.4059701492537312,0.4985434873075323,optimization-limited zone,0.0,0.0,0.0,0.0
Base summary,58,3,1.751962466475283e-08,budget_10_extreme,mean-reversion,2,budget_10_extreme,mean-reversion,1,0.0,0.0,0.0,0.0,budget_10_extreme|mean-reversion|2,budget_10_extreme|mean-reversion|1,1_0,-0.2321875606103716,1,0.5343320848938826,0.2832682487233403,0.2965174129353233,0.5343320848938826,ambiguity zone,1_0,-0.2321875606103716,0,0.1506450270495214,0.520576749774707,0.3562189054726369,0.1506450270495214,optimization-limited zone,0.0,0.0,0.0,1.0
Base summary,58,4,1.0248884800853145e-07,budget_10_extreme,mean-reversion,2,budget_10_extreme,volatility-clustering,1,1.0,0.0,1.0,1.0,budget_10_extreme|mean-reversion|2,budget_10_extreme|volatility-clustering|1,1_0,-0.2321875606103716,1,0.5343320848938826,0.2832682487233403,0.2965174129353233,0.5343320848938826,ambiguity zone,1_0,0.4439176548542998,1,0.42779858510195584,0.2772604385701412,0.6706467661691543,0.42779858510195584,decision-fragile zone,0.0,0.6761052154646714,1.0,0.0
Base summary,58,5,1.251036982592447e-07,budget_10_extreme,mean-reversion,2,budget_10_extreme,volatility-clustering,0,1.0,0.0,1.0,1.0,budget_10_extreme|mean-reversion|2,budget_10_extreme|volatility-clustering|0,1_0,-0.2321875606103716,1,0.5343320848938826,0.2832682487233403,0.2965174129353233,0.5343320848938826,ambiguity zone,1_0,0.4439176548542998,0,0.46691635455680397,0.592370081105437,0.8656716417910448,0.46691635455680397,decision-fragile zone,0.0,0.6761052154646714,1.0,1.0
Base summary,59,1,5.859205866280086e-09,budget_10_extreme,mean-reversion,3,budget_10_extreme,mean-reversion,1,0.0,0.0,0.0,0.0,budget_10_extreme|mean-reversion|3,budget_10_extreme|mean-reversion|1,1_0,-0.2321875606103716,1,0.4985434873075323,0.5929708621207569,0.4059701492537312,0.4985434873075323,optimization-limited zone,1_0,-0.2321875606103716,0,0.1506450270495214,0.520576749774707,0.3562189054726369,0.1506450270495214,optimization-limited zone,0.0,0.0,0.0,1.0
Base summary,59,2,7.203899690606906e-09,budget_10_extreme,mean-reversion,3,budget_10_extreme,mean-reversion,0,0.0,0.0,0.0,0.0,budget_10_extreme|mean-reversion|3,budget_10_extreme|mean-reversion|0,1_0,-0.2321875606103716,1,0.4985434873075323,0.5929708621207569,0.4059701492537312,0.4985434873075323,optimization-limited zone,1_0,-0.2321875606103716,0,0.06824802330420307,0.32472213878041445,0.15920398009950243,0.06824802330420307,effective-collapse zone,0.0,0.0,0.0,1.0
Base summary,59,3,1.21948155101817e-08,budget_10_extreme,mean-reversion,3,budget_10_extreme,mean-reversion,2,0.0,0.0,0.0,0.0,budget_10_extreme|mean-reversion|3,budget_10_extreme|mean-reversion|2,1_0,-0.2321875606103716,1,0.4985434873075323,0.5929708621207569,0.4059701492537312,0.4985434873075323,optimization-limited zone,1_0,-0.2321875606103716,1,0.5343320848938826,0.2832682487233403,0.2965174129353233,0.5343320848938826,ambiguity zone,0.0,0.0,0.0,0.0
Base summary,59,4,9.089905761037793e-08,budget_10_extreme,mean-reversion,3,budget_10_extreme,volatility-clustering,1,1.0,0.0,1.0,1.0,budget_10_extreme|mean-reversion|3,budget_10_extreme|volatility-clustering|1,1_0,-0.2321875606103716,1,0.4985434873075323,0.5929708621207569,0.4059701492537312,0.4985434873075323,optimization-limited zone,1_0,0.4439176548542998,1,0.42779858510195584,0.2772604385701412,0.6706467661691543,0.42779858510195584,decision-fragile zone,0.0,0.6761052154646714,1.0,0.0
Base summary,59,5,1.1337749866723824e-07,budget_10_extreme,mean-reversion,3,budget_10_extreme,volatility-clustering,0,1.0,0.0,1.0,1.0,budget_10_extreme|mean-reversion|3,budget_10_extreme|volatility-clustering|0,1_0,-0.2321875606103716,1,0.4985434873075323,0.5929708621207569,0.4059701492537312,0.4985434873075323,optimization-limited zone,1_0,0.4439176548542998,0,0.46691635455680397,0.592370081105437,0.8656716417910448,0.46691635455680397,decision-fragile zone,0.0,0.6761052154646714,1.0,1.0
Base summary,60,1,5.307662423439242e-09,budget_10_extreme,multi-hole,0,budget_10_extreme,multi-hole,2,0.0,0.0,0.0,0.0,budget_10_extreme|multi-hole|0,budget_10_extreme|multi-hole|2,1_1,-0.689700722662991,1,0.6837286724927174,0.16341243616701706,0.5223880597014924,0.6837286724927174,effective-collapse zone,1_1,-0.689700722662991,1,0.6096545984186434,0.36647641934514863,0.31840796019900497,0.6096545984186434,effective-collapse zone,0.0,0.0,0.0,0.0
Base summary,60,2,7.490231387085e-09,budget_10_extreme,multi-hole,0,budget_10_extreme,multi-hole,3,0.0,0.0,0.0,1.0,budget_10_extreme|multi-hole|0,budget_10_extreme|multi-hole|3,1_1,-0.689700722662991,1,0.6837286724927174,0.16341243616701706,0.5223880597014924,0.6837286724927174,effective-collapse zone,1_1,-0.689700722662991,1,0.1706200582605077,0.6933012916791828,0.5024875621890547,0.1706200582605077,optimization-limited zone,0.0,0.0,0.0,0.0
Base summary,60,3,7.813335753588224e-09,budget_10_extreme,multi-hole,0,budget_10_extreme,pinwheel,2,0.0,0.0,1.0,0.0,budget_10_extreme|multi-hole|0,budget_10_extreme|pinwheel|2,1_1,-0.689700722662991,1,0.6837286724927174,0.16341243616701706,0.5223880597014924,0.6837286724927174,effective-collapse zone,1_1,0.22351500627580145,0,0.478568456096546,0.5271853409432261,0.3353233830845771,0.478568456096546,effective-collapse zone,0.0,0.9132157289387924,1.0,1.0
Base summary,60,4,8.157556923821899e-09,budget_10_extreme,multi-hole,0,budget_10_extreme,multi-hole,1,0.0,0.0,0.0,1.0,budget_10_extreme|multi-hole|0,budget_10_extreme|multi-hole|1,1_1,-0.689700722662991,1,0.6837286724927174,0.16341243616701706,0.5223880597014924,0.6837286724927174,effective-collapse zone,1_1,-0.689700722662991,0,0.2854764877236788,0.9089816761790327,0.4985074626865672,0.2854764877236788,optimization-limited zone,0.0,0.0,0.0,1.0
Base summary,60,5,9.030509921459857e-09,budget_10_extreme,multi-hole,0,budget_10_extreme,pinwheel,0,1.0,1.0,1.0,0.0,budget_10_extreme|multi-hole|0,budget_10_extreme|pinwheel|0,1_1,-0.689700722662991,1,0.6837286724927174,0.16341243616701706,0.5223880597014924,0.6837286724927174,effective-collapse zone,1_1,0.22351500627580145,0,0.45526425301706197,0.4322619405226794,0.3791044776119403,0.45526425301706197,effective-collapse zone,0.0,0.9132157289387924,1.0,1.0
Base summary,61,1,4.426276009304891e-09,budget_10_extreme,multi-hole,1,budget_10_extreme,multi-hole,2,0.0,0.0,0.0,1.0,budget_10_extreme|multi-hole|1,budget_10_extreme|multi-hole|2,1_1,-0.689700722662991,0,0.2854764877236788,0.9089816761790327,0.4985074626865672,0.2854764877236788,optimization-limited zone,1_1,-0.689700722662991,1,0.6096545984186434,0.36647641934514863,0.31840796019900497,0.6096545984186434,effective-collapse zone,0.0,0.0,0.0,1.0
Base summary,61,2,5.4772049966092725e-09,budget_10_extreme,multi-hole,1,budget_10_extreme,multi-hole,3,0.0,0.0,0.0,0.0,budget_10_extreme|multi-hole|1,budget_10_extreme|multi-hole|3,1_1,-0.689700722662991,0,0.2854764877236788,0.9089816761790327,0.4985074626865672,0.2854764877236788,optimization-limited zone,1_1,-0.689700722662991,1,0.1706200582605077,0.6933012916791828,0.5024875621890547,0.1706200582605077,optimization-limited zone,0.0,0.0,0.0,1.0
Base summary,61,3,8.157556923821899e-09,budget_10_extreme,multi-hole,1,budget_10_extreme,multi-hole,0,0.0,0.0,0.0,1.0,budget_10_extreme|multi-hole|1,budget_10_extreme|multi-hole|0,1_1,-0.689700722662991,0,0.2854764877236788,0.9089816761790327,0.4985074626865672,0.2854764877236788,optimization-limited zone,1_1,-0.689700722662991,1,0.6837286724927174,0.16341243616701706,0.5223880597014924,0.6837286724927174,effective-collapse zone,0.0,0.0,0.0,1.0
Base summary,61,4,1.5318104032452385e-08,budget_10_extreme,multi-hole,1,budget_10_extreme,pinwheel,2,0.0,0.0,1.0,1.0,budget_10_extreme|multi-hole|1,budget_10_extreme|pinwheel|2,1_1,-0.689700722662991,0,0.2854764877236788,0.9089816761790327,0.4985074626865672,0.2854764877236788,optimization-limited zone,1_1,0.22351500627580145,0,0.478568456096546,0.5271853409432261,0.3353233830845771,0.478568456096546,effective-collapse zone,0.0,0.9132157289387924,1.0,0.0
Base summary,61,5,1.6894860073171466e-08,budget_10_extreme,multi-hole,1,budget_10_extreme,pinwheel,0,1.0,1.0,1.0,1.0,budget_10_extreme|multi-hole|1,budget_10_extreme|pinwheel|0,1_1,-0.689700722662991,0,0.2854764877236788,0.9089816761790327,0.4985074626865672,0.2854764877236788,optimization-limited zone,1_1,0.22351500627580145,0,0.45526425301706197,0.4322619405226794,0.3791044776119403,0.45526425301706197,effective-collapse zone,0.0,0.9132157289387924,1.0,0.0
Base summary,62,1,2.594283882967336e-09,budget_10_extreme,multi-hole,2,budget_10_extreme,multi-hole,3,0.0,0.0,0.0,1.0,budget_10_extreme|multi-hole|2,budget_10_extreme|multi-hole|3,1_1,-0.689700722662991,1,0.6096545984186434,0.36647641934514863,0.31840796019900497,0.6096545984186434,effective-collapse zone,1_1,-0.689700722662991,1,0.1706200582605077,0.6933012916791828,0.5024875621890547,0.1706200582605077,optimization-limited zone,0.0,0.0,0.0,0.0
Base summary,62,2,4.426276009304891e-09,budget_10_extreme,multi-hole,2,budget_10_extreme,multi-hole,1,0.0,0.0,0.0,1.0,budget_10_extreme|multi-hole|2,budget_10_extreme|multi-hole|1,1_1,-0.689700722662991,1,0.6096545984186434,0.36647641934514863,0.31840796019900497,0.6096545984186434,effective-collapse zone,1_1,-0.689700722662991,0,0.2854764877236788,0.9089816761790327,0.4985074626865672,0.2854764877236788,optimization-limited zone,0.0,0.0,0.0,1.0
Base summary,62,3,5.307662423439242e-09,budget_10_extreme,multi-hole,2,budget_10_extreme,multi-hole,0,0.0,0.0,0.0,0.0,budget_10_extreme|multi-hole|2,budget_10_extreme|multi-hole|0,1_1,-0.689700722662991,1,0.6096545984186434,0.36647641934514863,0.31840796019900497,0.6096545984186434,effective-collapse zone,1_1,-0.689700722662991,1,0.6837286724927174,0.16341243616701706,0.5223880597014924,0.6837286724927174,effective-collapse zone,0.0,0.0,0.0,0.0
Base summary,62,4,1.2576204793966509e-08,budget_10_extreme,multi-hole,2,budget_10_extreme,pinwheel,2,0.0,0.0,1.0,0.0,budget_10_extreme|multi-hole|2,budget_10_extreme|pinwheel|2,1_1,-0.689700722662991,1,0.6096545984186434,0.36647641934514863,0.31840796019900497,0.6096545984186434,effective-collapse zone,1_1,0.22351500627580145,0,0.478568456096546,0.5271853409432261,0.3353233830845771,0.478568456096546,effective-collapse zone,0.0,0.9132157289387924,1.0,1.0
Base summary,62,5,1.4289695695730668e-08,budget_10_extreme,multi-hole,2,budget_10_extreme,pinwheel,0,1.0,1.0,1.0,0.0,budget_10_extreme|multi-hole|2,budget_10_extreme|pinwheel|0,1_1,-0.689700722662991,1,0.6096545984186434,0.36647641934514863,0.31840796019900497,0.6096545984186434,effective-collapse zone,1_1,0.22351500627580145,0,0.45526425301706197,0.4322619405226794,0.3791044776119403,0.45526425301706197,effective-collapse zone,0.0,0.9132157289387924,1.0,1.0
Base summary,63,1,2.594283882967336e-09,budget_10_extreme,multi-hole,3,budget_10_extreme,multi-hole,2,0.0,0.0,0.0,1.0,budget_10_extreme|multi-hole|3,budget_10_extreme|multi-hole|2,1_1,-0.689700722662991,1,0.1706200582605077,0.6933012916791828,0.5024875621890547,0.1706200582605077,optimization-limited zone,1_1,-0.689700722662991,1,0.6096545984186434,0.36647641934514863,0.31840796019900497,0.6096545984186434,effective-collapse zone,0.0,0.0,0.0,0.0
Base summary,63,2,5.4772049966092725e-09,budget_10_extreme,multi-hole,3,budget_10_extreme,multi-hole,1,0.0,0.0,0.0,0.0,budget_10_extreme|multi-hole|3,budget_10_extreme|multi-hole|1,1_1,-0.689700722662991,1,0.1706200582605077,0.6933012916791828,0.5024875621890547,0.1706200582605077,optimization-limited zone,1_1,-0.689700722662991,0,0.2854764877236788,0.9089816761790327,0.4985074626865672,0.2854764877236788,optimization-limited zone,0.0,0.0,0.0,1.0
Base summary,63,3,7.490231387085e-09,budget_10_extreme,multi-hole,3,budget_10_extreme,multi-hole,0,0.0,0.0,0.0,1.0,budget_10_extreme|multi-hole|3,budget_10_extreme|multi-hole|0,1_1,-0.689700722662991,1,0.1706200582605077,0.6933012916791828,0.5024875621890547,0.1706200582605077,optimization-limited zone,1_1,-0.689700722662991,1,0.6837286724927174,0.16341243616701706,0.5223880597014924,0.6837286724927174,effective-collapse zone,0.0,0.0,0.0,0.0
Base summary,63,4,1.4117406193843509e-08,budget_10_extreme,multi-hole,3,budget_10_extreme,pinwheel,2,0.0,0.0,1.0,1.0,budget_10_extreme|multi-hole|3,budget_10_extreme|pinwheel|2,1_1,-0.689700722662991,1,0.1706200582605077,0.6933012916791828,0.5024875621890547,0.1706200582605077,optimization-limited zone,1_1,0.22351500627580145,0,0.478568456096546,0.5271853409432261,0.3353233830845771,0.478568456096546,effective-collapse zone,0.0,0.9132157289387924,1.0,1.0
Base summary,63,5,1.6209313835229272e-08,budget_10_extreme,multi-hole,3,budget_10_extreme,pinwheel,0,1.0,1.0,1.0,1.0,budget_10_extreme|multi-hole|3,budget_10_extreme|pinwheel|0,1_1,-0.689700722662991,1,0.1706200582605077,0.6933012916791828,0.5024875621890547,0.1706200582605077,optimization-limited zone,1_1,0.22351500627580145,0,0.45526425301706197,0.4322619405226794,0.3791044776119403,0.45526425301706197,effective-collapse zone,0.0,0.9132157289387924,1.0,1.0
Base summary,64,1,3.5965471962075683e-09,budget_10_extreme,nested-rings,0,budget_10_extreme,nested-rings,2,0.0,0.0,0.0,0.0,budget_10_extreme|nested-rings|0,budget_10_extreme|nested-rings|2,1_1,-0.20273546129123288,1,0.11485642946317104,0.046260138179633516,0.3333333333333333,0.11485642946317104,effective-collapse zone,1_1,-0.20273546129123288,1,0.24053266749895963,0.07329528386902973,0.308457711442786,0.24053266749895963,effective-collapse zone,0.0,0.0,0.0,0.0
Base summary,64,2,5.165840808749057e-09,budget_10_extreme,nested-rings,0,budget_10_extreme,nested-rings,3,0.0,0.0,0.0,0.0,budget_10_extreme|nested-rings|0,budget_10_extreme|nested-rings|3,1_1,-0.20273546129123288,1,0.11485642946317104,0.046260138179633516,0.3333333333333333,0.11485642946317104,effective-collapse zone,1_1,-0.20273546129123288,1,0.5776113191843528,0.5473115049564433,0.38407960199004976,0.5776113191843528,effective-collapse zone,0.0,0.0,0.0,0.0
Base summary,64,3,9.779198719788354e-09,budget_10_extreme,nested-rings,0,budget_10_extreme,nested-rings,1,0.0,0.0,0.0,1.0,budget_10_extreme|nested-rings|0,budget_10_extreme|nested-rings|1,1_1,-0.20273546129123288,1,0.11485642946317104,0.046260138179633516,0.3333333333333333,0.11485642946317104,effective-collapse zone,1_1,-0.20273546129123288,1,0.4086558468580941,0.7260438570141183,0.5890547263681593,0.4086558468580941,optimization-limited zone,0.0,0.0,0.0,0.0
Base summary,64,4,1.7587465925838404e-08,budget_10_extreme,nested-rings,0,budget_10_extreme,multi-hole,1,1.0,1.0,1.0,1.0,budget_10_extreme|nested-rings|0,budget_10_extreme|multi-hole|1,1_1,-0.20273546129123288,1,0.11485642946317104,0.046260138179633516,0.3333333333333333,0.11485642946317104,effective-collapse zone,1_1,-0.689700722662991,0,0.2854764877236788,0.9089816761790327,0.4985074626865672,0.2854764877236788,optimization-limited zone,0.0,0.4869652613717581,0.0,1.0
Base summary,64,5,2.1195665264034648e-08,budget_10_extreme,nested-rings,0,budget_10_extreme,multi-hole,3,1.0,1.0,1.0,1.0,budget_10_extreme|nested-rings|0,budget_10_extreme|multi-hole|3,1_1,-0.20273546129123288,1,0.11485642946317104,0.046260138179633516,0.3333333333333333,0.11485642946317104,effective-collapse zone,1_1,-0.689700722662991,1,0.1706200582605077,0.6933012916791828,0.5024875621890547,0.1706200582605077,optimization-limited zone,0.0,0.4869652613717581,0.0,0.0
Base summary,65,1,7.883378040503977e-09,budget_10_extreme,nested-rings,1,budget_10_extreme,nested-rings,3,0.0,0.0,0.0,1.0,budget_10_extreme|nested-rings|1,budget_10_extreme|nested-rings|3,1_1,-0.20273546129123288,1,0.4086558468580941,0.7260438570141183,0.5890547263681593,0.4086558468580941,optimization-limited zone,1_1,-0.20273546129123288,1,0.5776113191843528,0.5473115049564433,0.38407960199004976,0.5776113191843528,effective-collapse zone,0.0,0.0,0.0,0.0
Base summary,65,2,8.569907620341781e-09,budget_10_extreme,nested-rings,1,budget_10_extreme,nested-rings,2,0.0,0.0,0.0,1.0,budget_10_extreme|nested-rings|1,budget_10_extreme|nested-rings|2,1_1,-0.20273546129123288,1,0.4086558468580941,0.7260438570141183,0.5890547263681593,0.4086558468580941,optimization-limited zone,1_1,-0.20273546129123288,1,0.24053266749895963,0.07329528386902973,0.308457711442786,0.24053266749895963,effective-collapse zone,0.0,0.0,0.0,0.0
Base summary,65,3,9.779198719788354e-09,budget_10_extreme,nested-rings,1,budget_10_extreme,nested-rings,0,0.0,0.0,0.0,1.0,budget_10_extreme|nested-rings|1,budget_10_extreme|nested-rings|0,1_1,-0.20273546129123288,1,0.4086558468580941,0.7260438570141183,0.5890547263681593,0.4086558468580941,optimization-limited zone,1_1,-0.20273546129123288,1,0.11485642946317104,0.046260138179633516,0.3333333333333333,0.11485642946317104,effective-collapse zone,0.0,0.0,0.0,0.0
Base summary,65,4,2.6300740169292635e-08,budget_10_extreme,nested-rings,1,budget_10_extreme,multi-hole,1,1.0,1.0,1.0,0.0,budget_10_extreme|nested-rings|1,budget_10_extreme|multi-hole|1,1_1,-0.20273546129123288,1,0.4086558468580941,0.7260438570141183,0.5890547263681593,0.4086558468580941,optimization-limited zone,1_1,-0.689700722662991,0,0.2854764877236788,0.9089816761790327,0.4985074626865672,0.2854764877236788,optimization-limited zone,0.0,0.4869652613717581,0.0,1.0
Base summary,65,5,2.888061324866114e-08,budget_10_extreme,nested-rings,1,budget_10_extreme,multi-hole,3,1.0,1.0,1.0,0.0,budget_10_extreme|nested-rings|1,budget_10_extreme|multi-hole|3,1_1,-0.20273546129123288,1,0.4086558468580941,0.7260438570141183,0.5890547263681593,0.4086558468580941,optimization-limited zone,1_1,-0.689700722662991,1,0.1706200582605077,0.6933012916791828,0.5024875621890547,0.1706200582605077,optimization-limited zone,0.0,0.4869652613717581,0.0,0.0
Base summary,66,1,1.889381386522553e-09,budget_10_extreme,nested-rings,2,budget_10_extreme,nested-rings,3,0.0,0.0,0.0,0.0,budget_10_extreme|nested-rings|2,budget_10_extreme|nested-rings|3,1_1,-0.20273546129123288,1,0.24053266749895963,0.07329528386902973,0.308457711442786,0.24053266749895963,effective-collapse zone,1_1,-0.20273546129123288,1,0.5776113191843528,0.5473115049564433,0.38407960199004976,0.5776113191843528,effective-collapse zone,0.0,0.0,0.0,0.0
Base summary,66,2,3.5965471962075683e-09,budget_10_extreme,nested-rings,2,budget_10_extreme,nested-rings,0,0.0,0.0,0.0,0.0,budget_10_extreme|nested-rings|2,budget_10_extreme|nested-rings|0,1_1,-0.20273546129123288,1,0.24053266749895963,0.07329528386902973,0.308457711442786,0.24053266749895963,effective-collapse zone,1_1,-0.20273546129123288,1,0.11485642946317104,0.046260138179633516,0.3333333333333333,0.11485642946317104,effective-collapse zone,0.0,0.0,0.0,0.0
Base summary,66,3,8.569907620341781e-09,budget_10_extreme,nested-rings,2,budget_10_extreme,nested-rings,1,0.0,0.0,0.0,1.0,budget_10_extreme|nested-rings|2,budget_10_extreme|nested-rings|1,1_1,-0.20273546129123288,1,0.24053266749895963,0.07329528386902973,0.308457711442786,0.24053266749895963,effective-collapse zone,1_1,-0.20273546129123288,1,0.4086558468580941,0.7260438570141183,0.5890547263681593,0.4086558468580941,optimization-limited zone,0.0,0.0,0.0,0.0
Base summary,66,4,2.0360692035374945e-08,budget_10_extreme,nested-rings,2,budget_10_extreme,multi-hole,1,1.0,1.0,1.0,1.0,budget_10_extreme|nested-rings|2,budget_10_extreme|multi-hole|1,1_1,-0.20273546129123288,1,0.24053266749895963,0.07329528386902973,0.308457711442786,0.24053266749895963,effective-collapse zone,1_1,-0.689700722662991,0,0.2854764877236788,0.9089816761790327,0.4985074626865672,0.2854764877236788,optimization-limited zone,0.0,0.4869652613717581,0.0,1.0
Base summary,66,5,2.404466663851919e-08,budget_10_extreme,nested-rings,2,budget_10_extreme,multi-hole,3,1.0,1.0,1.0,1.0,budget_10_extreme|nested-rings|2,budget_10_extreme|multi-hole|3,1_1,-0.20273546129123288,1,0.24053266749895963,0.07329528386902973,0.308457711442786,0.24053266749895963,effective-collapse zone,1_1,-0.689700722662991,1,0.1706200582605077,0.6933012916791828,0.5024875621890547,0.1706200582605077,optimization-limited zone,0.0,0.4869652613717581,0.0,0.0
Base summary,67,1,1.889381386522553e-09,budget_10_extreme,nested-rings,3,budget_10_extreme,nested-rings,2,0.0,0.0,0.0,0.0,budget_10_extreme|nested-rings|3,budget_10_extreme|nested-rings|2,1_1,-0.20273546129123288,1,0.5776113191843528,0.5473115049564433,0.38407960199004976,0.5776113191843528,effective-collapse zone,1_1,-0.20273546129123288,1,0.24053266749895963,0.07329528386902973,0.308457711442786,0.24053266749895963,effective-collapse zone,0.0,0.0,0.0,0.0
Base summary,67,2,5.165840808749057e-09,budget_10_extreme,nested-rings,3,budget_10_extreme,nested-rings,0,0.0,0.0,0.0,0.0,budget_10_extreme|nested-rings|3,budget_10_extreme|nested-rings|0,1_1,-0.20273546129123288,1,0.5776113191843528,0.5473115049564433,0.38407960199004976,0.5776113191843528,effective-collapse zone,1_1,-0.20273546129123288,1,0.11485642946317104,0.046260138179633516,0.3333333333333333,0.11485642946317104,effective-collapse zone,0.0,0.0,0.0,0.0
Base summary,67,3,7.883378040503977e-09,budget_10_extreme,nested-rings,3,budget_10_extreme,nested-rings,1,0.0,0.0,0.0,1.0,budget_10_extreme|nested-rings|3,budget_10_extreme|nested-rings|1,1_1,-0.20273546129123288,1,0.5776113191843528,0.5473115049564433,0.38407960199004976,0.5776113191843528,effective-collapse zone,1_1,-0.20273546129123288,1,0.4086558468580941,0.7260438570141183,0.5890547263681593,0.4086558468580941,optimization-limited zone,0.0,0.0,0.0,0.0
Base summary,67,4,2.148640718853536e-08,budget_10_extreme,nested-rings,3,budget_10_extreme,multi-hole,1,1.0,1.0,1.0,1.0,budget_10_extreme|nested-rings|3,budget_10_extreme|multi-hole|1,1_1,-0.20273546129123288,1,0.5776113191843528,0.5473115049564433,0.38407960199004976,0.5776113191843528,effective-collapse zone,1_1,-0.689700722662991,0,0.2854764877236788,0.9089816761790327,0.4985074626865672,0.2854764877236788,optimization-limited zone,0.0,0.4869652613717581,0.0,1.0
Base summary,67,5,2.4974254656290042e-08,budget_10_extreme,nested-rings,3,budget_10_extreme,multi-hole,3,1.0,1.0,1.0,1.0,budget_10_extreme|nested-rings|3,budget_10_extreme|multi-hole|3,1_1,-0.20273546129123288,1,0.5776113191843528,0.5473115049564433,0.38407960199004976,0.5776113191843528,effective-collapse zone,1_1,-0.689700722662991,1,0.1706200582605077,0.6933012916791828,0.5024875621890547,0.1706200582605077,optimization-limited zone,0.0,0.4869652613717581,0.0,0.0
Base summary,68,1,3.267060876530783e-09,budget_10_extreme,pinwheel,0,budget_10_extreme,pinwheel,3,1.0,1.0,0.0,1.0,budget_10_extreme|pinwheel|0,budget_10_extreme|pinwheel|3,1_1,0.22351500627580145,0,0.45526425301706197,0.4322619405226794,0.3791044776119403,0.45526425301706197,effective-collapse zone,1_1,0.22351500627580145,0,0.8381190178942988,0.6924001201562029,0.5472636815920396,0.8381190178942988,optimization-limited zone,0.0,0.0,0.0,0.0
Base summary,68,2,4.115424707180228e-09,budget_10_extreme,pinwheel,0,budget_10_extreme,pinwheel,2,1.0,1.0,0.0,0.0,budget_10_extreme|pinwheel|0,budget_10_extreme|pinwheel|2,1_1,0.22351500627580145,0,0.45526425301706197,0.4322619405226794,0.3791044776119403,0.45526425301706197,effective-collapse zone,1_1,0.22351500627580145,0,0.478568456096546,0.5271853409432261,0.3353233830845771,0.478568456096546,effective-collapse zone,0.0,0.0,0.0,0.0
Base summary,68,3,5.0304284713391334e-09,budget_10_extreme,pinwheel,0,budget_10_extreme,pinwheel,1,1.0,1.0,0.0,1.0,budget_10_extreme|pinwheel|0,budget_10_extreme|pinwheel|1,1_1,0.22351500627580145,0,0.45526425301706197,0.4322619405226794,0.3791044776119403,0.45526425301706197,effective-collapse zone,1_1,0.22351500627580145,0,0.4652517686225552,0.6028837488735355,0.964179104477612,0.4652517686225552,decision-fragile zone,0.0,0.0,0.0,0.0
Base summary,68,4,9.030509921459857e-09,budget_10_extreme,pinwheel,0,budget_10_extreme,multi-hole,0,1.0,1.0,1.0,0.0,budget_10_extreme|pinwheel|0,budget_10_extreme|multi-hole|0,1_1,0.22351500627580145,0,0.45526425301706197,0.4322619405226794,0.3791044776119403,0.45526425301706197,effective-collapse zone,1_1,-0.689700722662991,1,0.6837286724927174,0.16341243616701706,0.5223880597014924,0.6837286724927174,effective-collapse zone,0.0,0.9132157289387924,1.0,1.0
Base summary,68,5,1.4289695695730668e-08,budget_10_extreme,pinwheel,0,budget_10_extreme,multi-hole,2,1.0,1.0,1.0,0.0,budget_10_extreme|pinwheel|0,budget_10_extreme|multi-hole|2,1_1,0.22351500627580145,0,0.45526425301706197,0.4322619405226794,0.3791044776119403,0.45526425301706197,effective-collapse zone,1_1,-0.689700722662991,1,0.6096545984186434,0.36647641934514863,0.31840796019900497,0.6096545984186434,effective-collapse zone,0.0,0.9132157289387924,1.0,1.0
Base summary,69,1,1.961091498284917e-09,budget_10_extreme,pinwheel,1,budget_10_extreme,pinwheel,3,0.0,0.0,0.0,0.0,budget_10_extreme|pinwheel|1,budget_10_extreme|pinwheel|3,1_1,0.22351500627580145,0,0.4652517686225552,0.6028837488735355,0.964179104477612,0.4652517686225552,decision-fragile zone,1_1,0.22351500627580145,0,0.8381190178942988,0.6924001201562029,0.5472636815920396,0.8381190178942988,optimization-limited zone,0.0,0.0,0.0,0.0
Base summary,69,2,5.0304284713391334e-09,budget_10_extreme,pinwheel,1,budget_10_extreme,pinwheel,0,1.0,1.0,0.0,1.0,budget_10_extreme|pinwheel|1,budget_10_extreme|pinwheel|0,1_1,0.22351500627580145,0,0.4652517686225552,0.6028837488735355,0.964179104477612,0.4652517686225552,decision-fragile zone,1_1,0.22351500627580145,0,0.45526425301706197,0.4322619405226794,0.3791044776119403,0.45526425301706197,effective-collapse zone,0.0,0.0,0.0,0.0
Base summary,69,3,5.397924782044364e-09,budget_10_extreme,pinwheel,1,budget_10_extreme,pinwheel,2,0.0,0.0,0.0,1.0,budget_10_extreme|pinwheel|1,budget_10_extreme|pinwheel|2,1_1,0.22351500627580145,0,0.4652517686225552,0.6028837488735355,0.964179104477612,0.4652517686225552,decision-fragile zone,1_1,0.22351500627580145,0,0.478568456096546,0.5271853409432261,0.3353233830845771,0.478568456096546,effective-collapse zone,0.0,0.0,0.0,0.0
Base summary,69,4,1.0707614169969372e-08,budget_10_extreme,pinwheel,1,budget_10_extreme,spiral,0,1.0,1.0,1.0,1.0,budget_10_extreme|pinwheel|1,budget_10_extreme|spiral|0,1_1,0.22351500627580145,0,0.4652517686225552,0.6028837488735355,0.964179104477612,0.4652517686225552,decision-fragile zone,1_1,-0.3289846515378983,1,0.7120266333749479,0.11324722138780413,0.462686567164179,0.7120266333749479,effective-collapse zone,0.0,0.5524996578136998,1.0,1.0
Base summary,69,5,1.1520750367289967e-08,budget_10_extreme,pinwheel,1,budget_10_extreme,spiral,1,0.0,0.0,1.0,0.0,budget_10_extreme|pinwheel|1,budget_10_extreme|spiral|1,1_1,0.22351500627580145,0,0.4652517686225552,0.6028837488735355,0.964179104477612,0.4652517686225552,decision-fragile zone,1_1,-0.3289846515378983,1,0.25801081980857266,0.4908380895163712,0.37611940298507474,0.25801081980857266,optimization-limited zone,0.0,0.5524996578136998,1.0,1.0
Base summary,70,1,3.754734590198855e-09,budget_10_extreme,pinwheel,2,budget_10_extreme,pinwheel,3,0.0,0.0,0.0,1.0,budget_10_extreme|pinwheel|2,budget_10_extreme|pinwheel|3,1_1,0.22351500627580145,0,0.478568456096546,0.5271853409432261,0.3353233830845771,0.478568456096546,effective-collapse zone,1_1,0.22351500627580145,0,0.8381190178942988,0.6924001201562029,0.5472636815920396,0.8381190178942988,optimization-limited zone,0.0,0.0,0.0,0.0
Base summary,70,2,4.115424707180228e-09,budget_10_extreme,pinwheel,2,budget_10_extreme,pinwheel,0,1.0,1.0,0.0,0.0,budget_10_extreme|pinwheel|2,budget_10_extreme|pinwheel|0,1_1,0.22351500627580145,0,0.478568456096546,0.5271853409432261,0.3353233830845771,0.478568456096546,effective-collapse zone,1_1,0.22351500627580145,0,0.45526425301706197,0.4322619405226794,0.3791044776119403,0.45526425301706197,effective-collapse zone,0.0,0.0,0.0,0.0
Base summary,70,3,5.397924782044364e-09,budget_10_extreme,pinwheel,2,budget_10_extreme,pinwheel,1,0.0,0.0,0.0,1.0,budget_10_extreme|pinwheel|2,budget_10_extreme|pinwheel|1,1_1,0.22351500627580145,0,0.478568456096546,0.5271853409432261,0.3353233830845771,0.478568456096546,effective-collapse zone,1_1,0.22351500627580145,0,0.4652517686225552,0.6028837488735355,0.964179104477612,0.4652517686225552,decision-fragile zone,0.0,0.0,0.0,0.0
Base summary,70,4,7.813335753588224e-09,budget_10_extreme,pinwheel,2,budget_10_extreme,multi-hole,0,0.0,0.0,1.0,0.0,budget_10_extreme|pinwheel|2,budget_10_extreme|multi-hole|0,1_1,0.22351500627580145,0,0.478568456096546,0.5271853409432261,0.3353233830845771,0.478568456096546,effective-collapse zone,1_1,-0.689700722662991,1,0.6837286724927174,0.16341243616701706,0.5223880597014924,0.6837286724927174,effective-collapse zone,0.0,0.9132157289387924,1.0,1.0
Base summary,70,5,1.189218803819611e-08,budget_10_extreme,pinwheel,2,budget_10_extreme,spiral,0,1.0,1.0,1.0,0.0,budget_10_extreme|pinwheel|2,budget_10_extreme|spiral|0,1_1,0.22351500627580145,0,0.478568456096546,0.5271853409432261,0.3353233830845771,0.478568456096546,effective-collapse zone,1_1,-0.3289846515378983,1,0.7120266333749479,0.11324722138780413,0.462686567164179,0.7120266333749479,effective-collapse zone,0.0,0.5524996578136998,1.0,1.0
Base summary,71,1,1.961091498284917e-09,budget_10_extreme,pinwheel,3,budget_10_extreme,pinwheel,1,0.0,0.0,0.0,0.0,budget_10_extreme|pinwheel|3,budget_10_extreme|pinwheel|1,1_1,0.22351500627580145,0,0.8381190178942988,0.6924001201562029,0.5472636815920396,0.8381190178942988,optimization-limited zone,1_1,0.22351500627580145,0,0.4652517686225552,0.6028837488735355,0.964179104477612,0.4652517686225552,decision-fragile zone,0.0,0.0,0.0,0.0
Base summary,71,2,3.267060876530783e-09,budget_10_extreme,pinwheel,3,budget_10_extreme,pinwheel,0,1.0,1.0,0.0,1.0,budget_10_extreme|pinwheel|3,budget_10_extreme|pinwheel|0,1_1,0.22351500627580145,0,0.8381190178942988,0.6924001201562029,0.5472636815920396,0.8381190178942988,optimization-limited zone,1_1,0.22351500627580145,0,0.45526425301706197,0.4322619405226794,0.3791044776119403,0.45526425301706197,effective-collapse zone,0.0,0.0,0.0,0.0
Base summary,71,3,3.754734590198855e-09,budget_10_extreme,pinwheel,3,budget_10_extreme,pinwheel,2,0.0,0.0,0.0,1.0,budget_10_extreme|pinwheel|3,budget_10_extreme|pinwheel|2,1_1,0.22351500627580145,0,0.8381190178942988,0.6924001201562029,0.5472636815920396,0.8381190178942988,optimization-limited zone,1_1,0.22351500627580145,0,0.478568456096546,0.5271853409432261,0.3353233830845771,0.478568456096546,effective-collapse zone,0.0,0.0,0.0,0.0
Base summary,71,4,1.0896552252731816e-08,budget_10_extreme,pinwheel,3,budget_10_extreme,multi-hole,0,0.0,0.0,1.0,1.0,budget_10_extreme|pinwheel|3,budget_10_extreme|multi-hole|0,1_1,0.22351500627580145,0,0.8381190178942988,0.6924001201562029,0.5472636815920396,0.8381190178942988,optimization-limited zone,1_1,-0.689700722662991,1,0.6837286724927174,0.16341243616701706,0.5223880597014924,0.6837286724927174,effective-collapse zone,0.0,0.9132157289387924,1.0,1.0
Base summary,71,5,1.1665234757370545e-08,budget_10_extreme,pinwheel,3,budget_10_extreme,spiral,0,1.0,1.0,1.0,1.0,budget_10_extreme|pinwheel|3,budget_10_extreme|spiral|0,1_1,0.22351500627580145,0,0.8381190178942988,0.6924001201562029,0.5472636815920396,0.8381190178942988,optimization-limited zone,1_1,-0.3289846515378983,1,0.7120266333749479,0.11324722138780413,0.462686567164179,0.7120266333749479,effective-collapse zone,0.0,0.5524996578136998,1.0,1.0
Base summary,72,1,4.099858137501433e-09,budget_10_extreme,spiral,0,budget_10_extreme,spiral,3,0.0,0.0,0.0,1.0,budget_10_extreme|spiral|0,budget_10_extreme|spiral|3,1_1,-0.3289846515378983,1,0.7120266333749479,0.11324722138780413,0.462686567164179,0.7120266333749479,effective-collapse zone,1_1,-0.3289846515378983,1,0.24968789013732837,0.6224091318714328,0.6417910447761194,0.24968789013732837,optimization-limited zone,0.0,0.0,0.0,0.0
Base summary,72,2,5.43724202511345e-09,budget_10_extreme,spiral,0,budget_10_extreme,spiral,2,0.0,0.0,0.0,0.0,budget_10_extreme|spiral|0,budget_10_extreme|spiral|2,1_1,-0.3289846515378983,1,0.7120266333749479,0.11324722138780413,0.462686567164179,0.7120266333749479,effective-collapse zone,1_1,-0.3289846515378983,1,0.3021223470661673,0.1492940823069991,0.45373134328358217,0.3021223470661673,effective-collapse zone,0.0,0.0,0.0,0.0
Base summary,72,3,5.8109142038104876e-09,budget_10_extreme,spiral,0,budget_10_extreme,spiral,1,1.0,1.0,0.0,1.0,budget_10_extreme|spiral|0,budget_10_extreme|spiral|1,1_1,-0.3289846515378983,1,0.7120266333749479,0.11324722138780413,0.462686567164179,0.7120266333749479,effective-collapse zone,1_1,-0.3289846515378983,1,0.25801081980857266,0.4908380895163712,0.37611940298507474,0.25801081980857266,optimization-limited zone,0.0,0.0,0.0,0.0
Base summary,72,4,1.0707614169969372e-08,budget_10_extreme,spiral,0,budget_10_extreme,pinwheel,1,1.0,1.0,1.0,1.0,budget_10_extreme|spiral|0,budget_10_extreme|pinwheel|1,1_1,-0.3289846515378983,1,0.7120266333749479,0.11324722138780413,0.462686567164179,0.7120266333749479,effective-collapse zone,1_1,0.22351500627580145,0,0.4652517686225552,0.6028837488735355,0.964179104477612,0.4652517686225552,decision-fragile zone,0.0,0.5524996578136998,1.0,1.0
Base summary,72,5,1.1665234757370545e-08,budget_10_extreme,spiral,0,budget_10_extreme,pinwheel,3,1.0,1.0,1.0,1.0,budget_10_extreme|spiral|0,budget_10_extreme|pinwheel|3,1_1,-0.3289846515378983,1,0.7120266333749479,0.11324722138780413,0.462686567164179,0.7120266333749479,effective-collapse zone,1_1,0.22351500627580145,0,0.8381190178942988,0.6924001201562029,0.5472636815920396,0.8381190178942988,optimization-limited zone,0.0,0.5524996578136998,1.0,1.0
Base summary,73,1,5.8109142038104876e-09,budget_10_extreme,spiral,1,budget_10_extreme,spiral,0,1.0,1.0,0.0,1.0,budget_10_extreme|spiral|1,budget_10_extreme|spiral|0,1_1,-0.3289846515378983,1,0.25801081980857266,0.4908380895163712,0.37611940298507474,0.25801081980857266,optimization-limited zone,1_1,-0.3289846515378983,1,0.7120266333749479,0.11324722138780413,0.462686567164179,0.7120266333749479,effective-collapse zone,0.0,0.0,0.0,0.0
Base summary,73,2,9.833593205685664e-09,budget_10_extreme,spiral,1,budget_10_extreme,spiral,3,1.0,1.0,0.0,0.0,budget_10_extreme|spiral|1,budget_10_extreme|spiral|3,1_1,-0.3289846515378983,1,0.25801081980857266,0.4908380895163712,0.37611940298507474,0.25801081980857266,optimization-limited zone,1_1,-0.3289846515378983,1,0.24968789013732837,0.6224091318714328,0.6417910447761194,0.24968789013732837,optimization-limited zone,0.0,0.0,0.0,0.0
Base summary,73,3,1.1097695573913541e-08,budget_10_extreme,spiral,1,budget_10_extreme,spiral,2,1.0,1.0,0.0,1.0,budget_10_extreme|spiral|1,budget_10_extreme|spiral|2,1_1,-0.3289846515378983,1,0.25801081980857266,0.4908380895163712,0.37611940298507474,0.25801081980857266,optimization-limited zone,1_1,-0.3289846515378983,1,0.3021223470661673,0.1492940823069991,0.45373134328358217,0.3021223470661673,effective-collapse zone,0.0,0.0,0.0,0.0
Base summary,73,4,1.1520750367289967e-08,budget_10_extreme,spiral,1,budget_10_extreme,pinwheel,1,0.0,0.0,1.0,0.0,budget_10_extreme|spiral|1,budget_10_extreme|pinwheel|1,1_1,-0.3289846515378983,1,0.25801081980857266,0.4908380895163712,0.37611940298507474,0.25801081980857266,optimization-limited zone,1_1,0.22351500627580145,0,0.4652517686225552,0.6028837488735355,0.964179104477612,0.4652517686225552,decision-fragile zone,0.0,0.5524996578136998,1.0,1.0
Base summary,73,5,1.3130953636191238e-08,budget_10_extreme,spiral,1,budget_10_extreme,pinwheel,3,0.0,0.0,1.0,0.0,budget_10_extreme|spiral|1,budget_10_extreme|pinwheel|3,1_1,-0.3289846515378983,1,0.25801081980857266,0.4908380895163712,0.37611940298507474,0.25801081980857266,optimization-limited zone,1_1,0.22351500627580145,0,0.8381190178942988,0.6924001201562029,0.5472636815920396,0.8381190178942988,optimization-limited zone,0.0,0.5524996578136998,1.0,1.0
Base summary,74,1,1.4539876986831092e-09,budget_10_extreme,spiral,2,budget_10_extreme,spiral,3,0.0,0.0,0.0,1.0,budget_10_extreme|spiral|2,budget_10_extreme|spiral|3,1_1,-0.3289846515378983,1,0.3021223470661673,0.1492940823069991,0.45373134328358217,0.3021223470661673,effective-collapse zone,1_1,-0.3289846515378983,1,0.24968789013732837,0.6224091318714328,0.6417910447761194,0.24968789013732837,optimization-limited zone,0.0,0.0,0.0,0.0
Base summary,74,2,5.43724202511345e-09,budget_10_extreme,spiral,2,budget_10_extreme,spiral,0,0.0,0.0,0.0,0.0,budget_10_extreme|spiral|2,budget_10_extreme|spiral|0,1_1,-0.3289846515378983,1,0.3021223470661673,0.1492940823069991,0.45373134328358217,0.3021223470661673,effective-collapse zone,1_1,-0.3289846515378983,1,0.7120266333749479,0.11324722138780413,0.462686567164179,0.7120266333749479,effective-collapse zone,0.0,0.0,0.0,0.0
Base summary,74,3,1.1097695573913541e-08,budget_10_extreme,spiral,2,budget_10_extreme,spiral,1,1.0,1.0,0.0,1.0,budget_10_extreme|spiral|2,budget_10_extreme|spiral|1,1_1,-0.3289846515378983,1,0.3021223470661673,0.1492940823069991,0.45373134328358217,0.3021223470661673,effective-collapse zone,1_1,-0.3289846515378983,1,0.25801081980857266,0.4908380895163712,0.37611940298507474,0.25801081980857266,optimization-limited zone,0.0,0.0,0.0,0.0
Base summary,74,4,1.236782718346776e-08,budget_10_extreme,spiral,2,budget_10_extreme,pinwheel,2,1.0,1.0,1.0,0.0,budget_10_extreme|spiral|2,budget_10_extreme|pinwheel|2,1_1,-0.3289846515378983,1,0.3021223470661673,0.1492940823069991,0.45373134328358217,0.3021223470661673,effective-collapse zone,1_1,0.22351500627580145,0,0.478568456096546,0.5271853409432261,0.3353233830845771,0.478568456096546,effective-collapse zone,0.0,0.5524996578136998,1.0,1.0
Base summary,74,5,1.2943974199901369e-08,budget_10_extreme,spiral,2,budget_10_extreme,pinwheel,1,1.0,1.0,1.0,1.0,budget_10_extreme|spiral|2,budget_10_extreme|pinwheel|1,1_1,-0.3289846515378983,1,0.3021223470661673,0.1492940823069991,0.45373134328358217,0.3021223470661673,effective-collapse zone,1_1,0.22351500627580145,0,0.4652517686225552,0.6028837488735355,0.964179104477612,0.4652517686225552,decision-fragile zone,0.0,0.5524996578136998,1.0,1.0
Base summary,75,1,1.4539876986831092e-09,budget_10_extreme,spiral,3,budget_10_extreme,spiral,2,0.0,0.0,0.0,1.0,budget_10_extreme|spiral|3,budget_10_extreme|spiral|2,1_1,-0.3289846515378983,1,0.24968789013732837,0.6224091318714328,0.6417910447761194,0.24968789013732837,optimization-limited zone,1_1,-0.3289846515378983,1,0.3021223470661673,0.1492940823069991,0.45373134328358217,0.3021223470661673,effective-collapse zone,0.0,0.0,0.0,0.0
Base summary,75,2,4.099858137501433e-09,budget_10_extreme,spiral,3,budget_10_extreme,spiral,0,0.0,0.0,0.0,1.0,budget_10_extreme|spiral|3,budget_10_extreme|spiral|0,1_1,-0.3289846515378983,1,0.24968789013732837,0.6224091318714328,0.6417910447761194,0.24968789013732837,optimization-limited zone,1_1,-0.3289846515378983,1,0.7120266333749479,0.11324722138780413,0.462686567164179,0.7120266333749479,effective-collapse zone,0.0,0.0,0.0,0.0
Base summary,75,3,9.833593205685664e-09,budget_10_extreme,spiral,3,budget_10_extreme,spiral,1,1.0,1.0,0.0,0.0,budget_10_extreme|spiral|3,budget_10_extreme|spiral|1,1_1,-0.3289846515378983,1,0.24968789013732837,0.6224091318714328,0.6417910447761194,0.24968789013732837,optimization-limited zone,1_1,-0.3289846515378983,1,0.25801081980857266,0.4908380895163712,0.37611940298507474,0.25801081980857266,optimization-limited zone,0.0,0.0,0.0,0.0
Base summary,75,4,1.2141048308659808e-08,budget_10_extreme,spiral,3,budget_10_extreme,pinwheel,2,1.0,1.0,1.0,1.0,budget_10_extreme|spiral|3,budget_10_extreme|pinwheel|2,1_1,-0.3289846515378983,1,0.24968789013732837,0.6224091318714328,0.6417910447761194,0.24968789013732837,optimization-limited zone,1_1,0.22351500627580145,0,0.478568456096546,0.5271853409432261,0.3353233830845771,0.478568456096546,effective-collapse zone,0.0,0.5524996578136998,1.0,1.0
Base summary,75,5,1.2426130762542956e-08,budget_10_extreme,spiral,3,budget_10_extreme,pinwheel,1,1.0,1.0,1.0,0.0,budget_10_extreme|spiral|3,budget_10_extreme|pinwheel|1,1_1,-0.3289846515378983,1,0.24968789013732837,0.6224091318714328,0.6417910447761194,0.24968789013732837,optimization-limited zone,1_1,0.22351500627580145,0,0.4652517686225552,0.6028837488735355,0.964179104477612,0.4652517686225552,decision-fragile zone,0.0,0.5524996578136998,1.0,1.0
Base summary,76,1,1.7608794551998418e-08,budget_10_extreme,volatility-clustering,0,budget_10_extreme,volatility-clustering,3,1.0,1.0,0.0,1.0,budget_10_extreme|volatility-clustering|0,budget_10_extreme|volatility-clustering|3,1_0,0.4439176548542998,0,0.46691635455680397,0.592370081105437,0.8656716417910448,0.46691635455680397,decision-fragile zone,1_0,0.4439176548542998,1,0.1889305035372451,0.32352057674977464,0.11243781094527368,0.1889305035372451,effective-collapse zone,0.0,0.0,0.0,1.0
Base summary,76,2,2.313049793113552e-08,budget_10_extreme,volatility-clustering,0,budget_10_extreme,volatility-clustering,1,0.0,0.0,0.0,1.0,budget_10_extreme|volatility-clustering|0,budget_10_extreme|volatility-clustering|1,1_0,0.4439176548542998,0,0.46691635455680397,0.592370081105437,0.8656716417910448,0.46691635455680397,decision-fragile zone,1_0,0.4439176548542998,1,0.42779858510195584,0.2772604385701412,0.6706467661691543,0.42779858510195584,decision-fragile zone,0.0,0.0,0.0,1.0
Base summary,76,3,3.608859077586437e-08,budget_10_extreme,volatility-clustering,0,budget_10_extreme,volatility-clustering,2,0.0,0.0,0.0,0.0,budget_10_extreme|volatility-clustering|0,budget_10_extreme|volatility-clustering|2,1_0,0.4439176548542998,0,0.46691635455680397,0.592370081105437,0.8656716417910448,0.46691635455680397,decision-fragile zone,1_0,0.4439176548542998,0,0.34456928838951306,0.7074196455392009,0.8268656716417911,0.34456928838951306,decision-fragile zone,0.0,0.0,0.0,0.0
Base summary,76,4,6.529837809592541e-08,budget_10_extreme,volatility-clustering,0,budget_10_extreme,cross-branch,1,1.0,1.0,1.0,0.0,budget_10_extreme|volatility-clustering|0,budget_10_extreme|cross-branch|1,1_0,0.4439176548542998,0,0.46691635455680397,0.592370081105437,0.8656716417910448,0.46691635455680397,decision-fragile zone,1_0,-0.2736144549003908,1,0.35788597586350396,0.6512466206067887,0.444776119402985,0.35788597586350396,optimization-limited zone,0.0,0.7175321097546906,1.0,1.0
Base summary,76,5,6.638993007864325e-08,budget_10_extreme,volatility-clustering,0,budget_10_extreme,double-loop,1,1.0,0.0,1.0,1.0,budget_10_extreme|volatility-clustering|0,budget_10_extreme|double-loop|1,1_0,0.4439176548542998,0,0.46691635455680397,0.592370081105437,0.8656716417910448,0.46691635455680397,decision-fragile zone,1_0,-0.04713477352374962,1,0.35289221806075743,0.07029137879243014,0.2875621890547264,0.35289221806075743,ambiguity zone,0.0,0.4910524283780494,1.0,1.0
Base summary,77,1,2.313049793113552e-08,budget_10_extreme,volatility-clustering,1,budget_10_extreme,volatility-clustering,0,0.0,0.0,0.0,1.0,budget_10_extreme|volatility-clustering|1,budget_10_extreme|volatility-clustering|0,1_0,0.4439176548542998,1,0.42779858510195584,0.2772604385701412,0.6706467661691543,0.42779858510195584,decision-fragile zone,1_0,0.4439176548542998,0,0.46691635455680397,0.592370081105437,0.8656716417910448,0.46691635455680397,decision-fragile zone,0.0,0.0,0.0,1.0
Base summary,77,2,3.7053142546041014e-08,budget_10_extreme,volatility-clustering,1,budget_10_extreme,volatility-clustering,3,1.0,1.0,0.0,0.0,budget_10_extreme|volatility-clustering|1,budget_10_extreme|volatility-clustering|3,1_0,0.4439176548542998,1,0.42779858510195584,0.2772604385701412,0.6706467661691543,0.42779858510195584,decision-fragile zone,1_0,0.4439176548542998,1,0.1889305035372451,0.32352057674977464,0.11243781094527368,0.1889305035372451,effective-collapse zone,0.0,0.0,0.0,0.0
Base summary,77,3,5.737607748826335e-08,budget_10_extreme,volatility-clustering,1,budget_10_extreme,volatility-clustering,2,0.0,0.0,0.0,1.0,budget_10_extreme|volatility-clustering|1,budget_10_extreme|volatility-clustering|2,1_0,0.4439176548542998,1,0.42779858510195584,0.2772604385701412,0.6706467661691543,0.42779858510195584,decision-fragile zone,1_0,0.4439176548542998,0,0.34456928838951306,0.7074196455392009,0.8268656716417911,0.34456928838951306,decision-fragile zone,0.0,0.0,0.0,1.0
Base summary,77,4,8.245342088735598e-08,budget_10_extreme,volatility-clustering,1,budget_10_extreme,double-loop,1,1.0,0.0,1.0,1.0,budget_10_extreme|volatility-clustering|1,budget_10_extreme|double-loop|1,1_0,0.4439176548542998,1,0.42779858510195584,0.2772604385701412,0.6706467661691543,0.42779858510195584,decision-fragile zone,1_0,-0.04713477352374962,1,0.35289221806075743,0.07029137879243014,0.2875621890547264,0.35289221806075743,ambiguity zone,0.0,0.4910524283780494,1.0,0.0
Base summary,77,5,8.515021310863639e-08,budget_10_extreme,volatility-clustering,1,budget_10_extreme,mean-reversion,1,1.0,0.0,1.0,1.0,budget_10_extreme|volatility-clustering|1,budget_10_extreme|mean-reversion|1,1_0,0.4439176548542998,1,0.42779858510195584,0.2772604385701412,0.6706467661691543,0.42779858510195584,decision-fragile zone,1_0,-0.2321875606103716,0,0.1506450270495214,0.520576749774707,0.3562189054726369,0.1506450270495214,optimization-limited zone,0.0,0.6761052154646714,1.0,1.0
Base summary,78,1,2.0818488324157525e-08,budget_10_extreme,volatility-clustering,2,budget_10_extreme,volatility-clustering,3,1.0,1.0,0.0,1.0,budget_10_extreme|volatility-clustering|2,budget_10_extreme|volatility-clustering|3,1_0,0.4439176548542998,0,0.34456928838951306,0.7074196455392009,0.8268656716417911,0.34456928838951306,decision-fragile zone,1_0,0.4439176548542998,1,0.1889305035372451,0.32352057674977464,0.11243781094527368,0.1889305035372451,effective-collapse zone,0.0,0.0,0.0,1.0
Base summary,78,2,3.608859077586437e-08,budget_10_extreme,volatility-clustering,2,budget_10_extreme,volatility-clustering,0,0.0,0.0,0.0,0.0,budget_10_extreme|volatility-clustering|2,budget_10_extreme|volatility-clustering|0,1_0,0.4439176548542998,0,0.34456928838951306,0.7074196455392009,0.8268656716417911,0.34456928838951306,decision-fragile zone,1_0,0.4439176548542998,0,0.46691635455680397,0.592370081105437,0.8656716417910448,0.46691635455680397,decision-fragile zone,0.0,0.0,0.0,0.0
Base summary,78,3,3.6355368800353016e-08,budget_10_extreme,volatility-clustering,2,budget_10_extreme,double-loop,1,1.0,0.0,1.0,1.0,budget_10_extreme|volatility-clustering|2,budget_10_extreme|double-loop|1,1_0,0.4439176548542998,0,0.34456928838951306,0.7074196455392009,0.8268656716417911,0.34456928838951306,decision-fragile zone,1_0,-0.04713477352374962,1,0.35289221806075743,0.07029137879243014,0.2875621890547264,0.35289221806075743,ambiguity zone,0.0,0.4910524283780494,1.0,1.0
Base summary,78,4,3.951350305517189e-08,budget_10_extreme,volatility-clustering,2,budget_10_extreme,double-loop,3,1.0,0.0,1.0,1.0,budget_10_extreme|volatility-clustering|2,budget_10_extreme|double-loop|3,1_0,0.4439176548542998,0,0.34456928838951306,0.7074196455392009,0.8268656716417911,0.34456928838951306,decision-fragile zone,1_0,-0.04713477352374962,0,0.39450686641697874,0.23580654851306693,0.281592039800995,0.39450686641697874,ambiguity zone,0.0,0.4910524283780494,1.0,0.0
Base summary,78,5,3.9845456419262837e-08,budget_10_extreme,volatility-clustering,2,budget_10_extreme,double-loop,0,0.0,0.0,1.0,0.0,budget_10_extreme|volatility-clustering|2,budget_10_extreme|double-loop|0,1_0,0.4439176548542998,0,0.34456928838951306,0.7074196455392009,0.8268656716417911,0.34456928838951306,decision-fragile zone,1_0,-0.04713477352374962,0,0.5651269246774864,0.7032141784319614,0.49353233830845766,0.5651269246774864,optimization-limited zone,0.0,0.4910524283780494,1.0,0.0
Base summary,79,1,1.7608794551998418e-08,budget_10_extreme,volatility-clustering,3,budget_10_extreme,volatility-clustering,0,1.0,1.0,0.0,1.0,budget_10_extreme|volatility-clustering|3,budget_10_extreme|volatility-clustering|0,1_0,0.4439176548542998,1,0.1889305035372451,0.32352057674977464,0.11243781094527368,0.1889305035372451,effective-collapse zone,1_0,0.4439176548542998,0,0.46691635455680397,0.592370081105437,0.8656716417910448,0.46691635455680397,decision-fragile zone,0.0,0.0,0.0,1.0
Base summary,79,2,2.0818488324157525e-08,budget_10_extreme,volatility-clustering,3,budget_10_extreme,volatility-clustering,2,1.0,1.0,0.0,1.0,budget_10_extreme|volatility-clustering|3,budget_10_extreme|volatility-clustering|2,1_0,0.4439176548542998,1,0.1889305035372451,0.32352057674977464,0.11243781094527368,0.1889305035372451,effective-collapse zone,1_0,0.4439176548542998,0,0.34456928838951306,0.7074196455392009,0.8268656716417911,0.34456928838951306,decision-fragile zone,0.0,0.0,0.0,1.0
Base summary,79,3,3.7053142546041014e-08,budget_10_extreme,volatility-clustering,3,budget_10_extreme,volatility-clustering,1,1.0,1.0,0.0,0.0,budget_10_extreme|volatility-clustering|3,budget_10_extreme|volatility-clustering|1,1_0,0.4439176548542998,1,0.1889305035372451,0.32352057674977464,0.11243781094527368,0.1889305035372451,effective-collapse zone,1_0,0.4439176548542998,1,0.42779858510195584,0.2772604385701412,0.6706467661691543,0.42779858510195584,decision-fragile zone,0.0,0.0,0.0,0.0
Base summary,79,4,4.8971032006978326e-08,budget_10_extreme,volatility-clustering,3,budget_10_extreme,double-loop,1,1.0,1.0,1.0,1.0,budget_10_extreme|volatility-clustering|3,budget_10_extreme|double-loop|1,1_0,0.4439176548542998,1,0.1889305035372451,0.32352057674977464,0.11243781094527368,0.1889305035372451,effective-collapse zone,1_0,-0.04713477352374962,1,0.35289221806075743,0.07029137879243014,0.2875621890547264,0.35289221806075743,ambiguity zone,0.0,0.4910524283780494,1.0,0.0
Base summary,79,5,5.3765504410185426e-08,budget_10_extreme,volatility-clustering,3,budget_10_extreme,double-loop,0,1.0,1.0,1.0,1.0,budget_10_extreme|volatility-clustering|3,budget_10_extreme|double-loop|0,1_0,0.4439176548542998,1,0.1889305035372451,0.32352057674977464,0.11243781094527368,0.1889305035372451,effective-collapse zone,1_0,-0.04713477352374962,0,0.5651269246774864,0.7032141784319614,0.49353233830845766,0.5651269246774864,optimization-limited zone,0.0,0.4910524283780494,1.0,1.0
Base summary,80,1,2.254069425302893e-07,budget_15_vertical_strip,barbell-bridge,0,budget_15_vertical_strip,barbell-bridge,3,1.0,1.0,0.0,0.0,budget_15_vertical_strip|barbell-bridge|0,budget_15_vertical_strip|barbell-bridge|3,1_1,1.37352009580138,1,0.9013732833957554,0.6725743466506457,0.9393034825870648,0.9013732833957554,decision-fragile zone,1_1,1.37352009580138,0,0.7132750728256346,0.7074196455392009,0.4925373134328358,0.7132750728256346,optimization-limited zone,0.0,0.0,0.0,1.0
Base summary,80,2,3.80864113269476e-07,budget_15_vertical_strip,barbell-bridge,0,budget_15_vertical_strip,barbell-bridge,1,0.0,0.0,0.0,0.0,budget_15_vertical_strip|barbell-bridge|0,budget_15_vertical_strip|barbell-bridge|1,1_1,1.37352009580138,1,0.9013732833957554,0.6725743466506457,0.9393034825870648,0.9013732833957554,decision-fragile zone,1_1,1.37352009580138,0,0.9508947149396587,0.9402222889756682,0.5004975124378109,0.9508947149396587,optimization-limited zone,0.0,0.0,0.0,1.0
Base summary,80,3,4.3251009150398636e-07,budget_15_vertical_strip,barbell-bridge,0,budget_15_vertical_strip,barbell-bridge,2,1.0,0.0,0.0,1.0,budget_15_vertical_strip|barbell-bridge|0,budget_15_vertical_strip|barbell-bridge|2,1_1,1.37352009580138,1,0.9013732833957554,0.6725743466506457,0.9393034825870648,0.9013732833957554,decision-fragile zone,1_1,1.37352009580138,1,0.846441947565543,0.3742865725443075,0.7492537313432835,0.846441947565543,decision-fragile zone,0.0,0.0,0.0,0.0
Base summary,80,4,2.1230240356297443e-06,budget_15_vertical_strip,barbell-bridge,0,budget_15_vertical_strip,mean-reversion,2,1.0,0.0,1.0,1.0,budget_15_vertical_strip|barbell-bridge|0,budget_15_vertical_strip|mean-reversion|2,1_1,1.37352009580138,1,0.9013732833957554,0.6725743466506457,0.9393034825870648,0.9013732833957554,decision-fragile zone,1_0,-0.2321875606103716,1,0.6367041198501872,0.4617002102733552,0.2666666666666666,0.6367041198501872,ambiguity zone,1.0,1.6057076564117516,1.0,0.0
Base summary,80,5,2.1359642336476297e-06,budget_15_vertical_strip,barbell-bridge,0,budget_15_vertical_strip,mean-reversion,0,1.0,0.0,1.0,1.0,budget_15_vertical_strip|barbell-bridge|0,budget_15_vertical_strip|mean-reversion|0,1_1,1.37352009580138,1,0.9013732833957554,0.6725743466506457,0.9393034825870648,0.9013732833957554,decision-fragile zone,1_0,-0.2321875606103716,1,0.4627548897211818,0.5181736257134273,0.2845771144278607,0.4627548897211818,ambiguity zone,1.0,1.6057076564117516,1.0,0.0
Base summary,81,1,5.191082851633935e-08,budget_15_vertical_strip,barbell-bridge,1,budget_15_vertical_strip,barbell-bridge,2,1.0,0.0,0.0,1.0,budget_15_vertical_strip|barbell-bridge|1,budget_15_vertical_strip|barbell-bridge|2,1_1,1.37352009580138,0,0.9508947149396587,0.9402222889756682,0.5004975124378109,0.9508947149396587,optimization-limited zone,1_1,1.37352009580138,1,0.846441947565543,0.3742865725443075,0.7492537313432835,0.846441947565543,decision-fragile zone,0.0,0.0,0.0,1.0
Base summary,81,2,1.565960617442955e-07,budget_15_vertical_strip,barbell-bridge,1,budget_15_vertical_strip,barbell-bridge,3,1.0,1.0,0.0,0.0,budget_15_vertical_strip|barbell-bridge|1,budget_15_vertical_strip|barbell-bridge|3,1_1,1.37352009580138,0,0.9508947149396587,0.9402222889756682,0.5004975124378109,0.9508947149396587,optimization-limited zone,1_1,1.37352009580138,0,0.7132750728256346,0.7074196455392009,0.4925373134328358,0.7132750728256346,optimization-limited zone,0.0,0.0,0.0,0.0
Base summary,81,3,3.80864113269476e-07,budget_15_vertical_strip,barbell-bridge,1,budget_15_vertical_strip,barbell-bridge,0,0.0,0.0,0.0,0.0,budget_15_vertical_strip|barbell-bridge|1,budget_15_vertical_strip|barbell-bridge|0,1_1,1.37352009580138,0,0.9508947149396587,0.9402222889756682,0.5004975124378109,0.9508947149396587,optimization-limited zone,1_1,1.37352009580138,1,0.9013732833957554,0.6725743466506457,0.9393034825870648,0.9013732833957554,decision-fragile zone,0.0,0.0,0.0,1.0
Base summary,81,4,1.7422117273141034e-06,budget_15_vertical_strip,barbell-bridge,1,budget_15_vertical_strip,mean-reversion,2,1.0,0.0,1.0,1.0,budget_15_vertical_strip|barbell-bridge|1,budget_15_vertical_strip|mean-reversion|2,1_1,1.37352009580138,0,0.9508947149396587,0.9402222889756682,0.5004975124378109,0.9508947149396587,optimization-limited zone,1_0,-0.2321875606103716,1,0.6367041198501872,0.4617002102733552,0.2666666666666666,0.6367041198501872,ambiguity zone,1.0,1.6057076564117516,1.0,1.0
Base summary,81,5,1.7551587129315674e-06,budget_15_vertical_strip,barbell-bridge,1,budget_15_vertical_strip,mean-reversion,0,1.0,0.0,1.0,1.0,budget_15_vertical_strip|barbell-bridge|1,budget_15_vertical_strip|mean-reversion|0,1_1,1.37352009580138,0,0.9508947149396587,0.9402222889756682,0.5004975124378109,0.9508947149396587,optimization-limited zone,1_0,-0.2321875606103716,1,0.4627548897211818,0.5181736257134273,0.2845771144278607,0.4627548897211818,ambiguity zone,1.0,1.6057076564117516,1.0,1.0
Base summary,82,1,5.191082851633935e-08,budget_15_vertical_strip,barbell-bridge,2,budget_15_vertical_strip,barbell-bridge,1,1.0,0.0,0.0,1.0,budget_15_vertical_strip|barbell-bridge|2,budget_15_vertical_strip|barbell-bridge|1,1_1,1.37352009580138,1,0.846441947565543,0.3742865725443075,0.7492537313432835,0.846441947565543,decision-fragile zone,1_1,1.37352009580138,0,0.9508947149396587,0.9402222889756682,0.5004975124378109,0.9508947149396587,optimization-limited zone,0.0,0.0,0.0,1.0
Base summary,82,2,2.0848971985180042e-07,budget_15_vertical_strip,barbell-bridge,2,budget_15_vertical_strip,barbell-bridge,3,1.0,1.0,0.0,1.0,budget_15_vertical_strip|barbell-bridge|2,budget_15_vertical_strip|barbell-bridge|3,1_1,1.37352009580138,1,0.846441947565543,0.3742865725443075,0.7492537313432835,0.846441947565543,decision-fragile zone,1_1,1.37352009580138,0,0.7132750728256346,0.7074196455392009,0.4925373134328358,0.7132750728256346,optimization-limited zone,0.0,0.0,0.0,1.0
Base summary,82,3,4.3251009150398636e-07,budget_15_vertical_strip,barbell-bridge,2,budget_15_vertical_strip,barbell-bridge,0,1.0,0.0,0.0,1.0,budget_15_vertical_strip|barbell-bridge|2,budget_15_vertical_strip|barbell-bridge|0,1_1,1.37352009580138,1,0.846441947565543,0.3742865725443075,0.7492537313432835,0.846441947565543,decision-fragile zone,1_1,1.37352009580138,1,0.9013732833957554,0.6725743466506457,0.9393034825870648,0.9013732833957554,decision-fragile zone,0.0,0.0,0.0,0.0
Base summary,82,4,1.6907026730924522e-06,budget_15_vertical_strip,barbell-bridge,2,budget_15_vertical_strip,mean-reversion,2,0.0,0.0,1.0,0.0,budget_15_vertical_strip|barbell-bridge|2,budget_15_vertical_strip|mean-reversion|2,1_1,1.37352009580138,1,0.846441947565543,0.3742865725443075,0.7492537313432835,0.846441947565543,decision-fragile zone,1_0,-0.2321875606103716,1,0.6367041198501872,0.4617002102733552,0.2666666666666666,0.6367041198501872,ambiguity zone,1.0,1.6057076564117516,1.0,0.0
Base summary,82,5,1.703659152215295e-06,budget_15_vertical_strip,barbell-bridge,2,budget_15_vertical_strip,mean-reversion,0,0.0,0.0,1.0,0.0,budget_15_vertical_strip|barbell-bridge|2,budget_15_vertical_strip|mean-reversion|0,1_1,1.37352009580138,1,0.846441947565543,0.3742865725443075,0.7492537313432835,0.846441947565543,decision-fragile zone,1_0,-0.2321875606103716,1,0.4627548897211818,0.5181736257134273,0.2845771144278607,0.4627548897211818,ambiguity zone,1.0,1.6057076564117516,1.0,0.0
Base summary,83,1,1.565960617442955e-07,budget_15_vertical_strip,barbell-bridge,3,budget_15_vertical_strip,barbell-bridge,1,1.0,1.0,0.0,0.0,budget_15_vertical_strip|barbell-bridge|3,budget_15_vertical_strip|barbell-bridge|1,1_1,1.37352009580138,0,0.7132750728256346,0.7074196455392009,0.4925373134328358,0.7132750728256346,optimization-limited zone,1_1,1.37352009580138,0,0.9508947149396587,0.9402222889756682,0.5004975124378109,0.9508947149396587,optimization-limited zone,0.0,0.0,0.0,0.0
Base summary,83,2,2.0848971985180042e-07,budget_15_vertical_strip,barbell-bridge,3,budget_15_vertical_strip,barbell-bridge,2,1.0,1.0,0.0,1.0,budget_15_vertical_strip|barbell-bridge|3,budget_15_vertical_strip|barbell-bridge|2,1_1,1.37352009580138,0,0.7132750728256346,0.7074196455392009,0.4925373134328358,0.7132750728256346,optimization-limited zone,1_1,1.37352009580138,1,0.846441947565543,0.3742865725443075,0.7492537313432835,0.846441947565543,decision-fragile zone,0.0,0.0,0.0,1.0
Base summary,83,3,2.254069425302893e-07,budget_15_vertical_strip,barbell-bridge,3,budget_15_vertical_strip,barbell-bridge,0,1.0,1.0,0.0,0.0,budget_15_vertical_strip|barbell-bridge|3,budget_15_vertical_strip|barbell-bridge|0,1_1,1.37352009580138,0,0.7132750728256346,0.7074196455392009,0.4925373134328358,0.7132750728256346,optimization-limited zone,1_1,1.37352009580138,1,0.9013732833957554,0.6725743466506457,0.9393034825870648,0.9013732833957554,decision-fragile zone,0.0,0.0,0.0,1.0
Base summary,83,4,1.897943963186511e-06,budget_15_vertical_strip,barbell-bridge,3,budget_15_vertical_strip,mean-reversion,2,1.0,1.0,1.0,1.0,budget_15_vertical_strip|barbell-bridge|3,budget_15_vertical_strip|mean-reversion|2,1_1,1.37352009580138,0,0.7132750728256346,0.7074196455392009,0.4925373134328358,0.7132750728256346,optimization-limited zone,1_0,-0.2321875606103716,1,0.6367041198501872,0.4617002102733552,0.2666666666666666,0.6367041198501872,ambiguity zone,1.0,1.6057076564117516,1.0,1.0
Base summary,83,5,1.9108686802528805e-06,budget_15_vertical_strip,barbell-bridge,3,budget_15_vertical_strip,mean-reversion,0,1.0,1.0,1.0,1.0,budget_15_vertical_strip|barbell-bridge|3,budget_15_vertical_strip|mean-reversion|0,1_1,1.37352009580138,0,0.7132750728256346,0.7074196455392009,0.4925373134328358,0.7132750728256346,optimization-limited zone,1_0,-0.2321875606103716,1,0.4627548897211818,0.5181736257134273,0.2845771144278607,0.4627548897211818,ambiguity zone,1.0,1.6057076564117516,1.0,1.0
Base summary,84,1,3.737041584787781e-09,budget_15_vertical_strip,crescent,0,budget_15_vertical_strip,crescent,1,0.0,0.0,0.0,1.0,budget_15_vertical_strip|crescent|0,budget_15_vertical_strip|crescent|1,1_0,-0.26659513240484733,1,0.36704119850187267,0.24391709221988578,0.3124378109452737,0.36704119850187267,ambiguity zone,1_0,-0.26659513240484733,0,0.7107781939242612,0.8729348152598377,0.6248756218905472,0.7107781939242612,optimization-limited zone,0.0,0.0,0.0,1.0
Base summary,84,2,1.0431847721907245e-08,budget_15_vertical_strip,crescent,0,budget_15_vertical_strip,crescent,3,0.0,0.0,0.0,1.0,budget_15_vertical_strip|crescent|0,budget_15_vertical_strip|crescent|3,1_0,-0.26659513240484733,1,0.36704119850187267,0.24391709221988578,0.3124378109452737,0.36704119850187267,ambiguity zone,1_0,-0.26659513240484733,1,0.35788597586350396,0.892460198257735,0.4666666666666667,0.35788597586350396,optimization-limited zone,0.0,0.0,0.0,0.0
Base summary,84,3,1.540244285778732e-08,budget_15_vertical_strip,crescent,0,budget_15_vertical_strip,crescent,2,1.0,1.0,0.0,0.0,budget_15_vertical_strip|crescent|0,budget_15_vertical_strip|crescent|2,1_0,-0.26659513240484733,1,0.36704119850187267,0.24391709221988578,0.3124378109452737,0.36704119850187267,ambiguity zone,1_0,-0.26659513240484733,0,0.02663337494798169,0.17572844698107537,0.09751243781094537,0.02663337494798169,ambiguity zone,0.0,0.0,0.0,1.0
Base summary,84,4,4.0700737689488254e-08,budget_15_vertical_strip,crescent,0,budget_15_vertical_strip,pinwheel,0,1.0,1.0,1.0,1.0,budget_15_vertical_strip|crescent|0,budget_15_vertical_strip|pinwheel|0,1_0,-0.26659513240484733,1,0.36704119850187267,0.24391709221988578,0.3124378109452737,0.36704119850187267,ambiguity zone,1_1,0.22351500627580145,1,0.634207240948814,0.45238810453589656,0.8268656716417911,0.634207240948814,decision-fragile zone,1.0,0.4901101386806488,0.0,0.0
Base summary,84,5,4.13855945805298e-08,budget_15_vertical_strip,crescent,0,budget_15_vertical_strip,pinwheel,3,0.0,0.0,1.0,1.0,budget_15_vertical_strip|crescent|0,budget_15_vertical_strip|pinwheel|3,1_0,-0.26659513240484733,1,0.36704119850187267,0.24391709221988578,0.3124378109452737,0.36704119850187267,ambiguity zone,1_1,0.22351500627580145,0,0.7948397836038286,0.8239711625112646,0.998009950248756,0.7948397836038286,decision-fragile zone,1.0,0.4901101386806488,0.0,1.0
Base summary,85,1,3.737041584787781e-09,budget_15_vertical_strip,crescent,1,budget_15_vertical_strip,crescent,0,0.0,0.0,0.0,1.0,budget_15_vertical_strip|crescent|1,budget_15_vertical_strip|crescent|0,1_0,-0.26659513240484733,0,0.7107781939242612,0.8729348152598377,0.6248756218905472,0.7107781939242612,optimization-limited zone,1_0,-0.26659513240484733,1,0.36704119850187267,0.24391709221988578,0.3124378109452737,0.36704119850187267,ambiguity zone,0.0,0.0,0.0,1.0
Base summary,85,2,1.0481483647119993e-08,budget_15_vertical_strip,crescent,1,budget_15_vertical_strip,crescent,3,0.0,0.0,0.0,0.0,budget_15_vertical_strip|crescent|1,budget_15_vertical_strip|crescent|3,1_0,-0.26659513240484733,0,0.7107781939242612,0.8729348152598377,0.6248756218905472,0.7107781939242612,optimization-limited zone,1_0,-0.26659513240484733,1,0.35788597586350396,0.892460198257735,0.4666666666666667,0.35788597586350396,optimization-limited zone,0.0,0.0,0.0,1.0
Base summary,85,3,1.2546967843673624e-08,budget_15_vertical_strip,crescent,1,budget_15_vertical_strip,crescent,2,1.0,1.0,0.0,1.0,budget_15_vertical_strip|crescent|1,budget_15_vertical_strip|crescent|2,1_0,-0.26659513240484733,0,0.7107781939242612,0.8729348152598377,0.6248756218905472,0.7107781939242612,optimization-limited zone,1_0,-0.26659513240484733,0,0.02663337494798169,0.17572844698107537,0.09751243781094537,0.02663337494798169,ambiguity zone,0.0,0.0,0.0,0.0
Base summary,85,4,3.903238986157031e-08,budget_15_vertical_strip,crescent,1,budget_15_vertical_strip,pinwheel,0,1.0,1.0,1.0,1.0,budget_15_vertical_strip|crescent|1,budget_15_vertical_strip|pinwheel|0,1_0,-0.26659513240484733,0,0.7107781939242612,0.8729348152598377,0.6248756218905472,0.7107781939242612,optimization-limited zone,1_1,0.22351500627580145,1,0.634207240948814,0.45238810453589656,0.8268656716417911,0.634207240948814,decision-fragile zone,1.0,0.4901101386806488,0.0,1.0
Base summary,85,5,3.9574776696063595e-08,budget_15_vertical_strip,crescent,1,budget_15_vertical_strip,pinwheel,3,0.0,0.0,1.0,0.0,budget_15_vertical_strip|crescent|1,budget_15_vertical_strip|pinwheel|3,1_0,-0.26659513240484733,0,0.7107781939242612,0.8729348152598377,0.6248756218905472,0.7107781939242612,optimization-limited zone,1_1,0.22351500627580145,0,0.7948397836038286,0.8239711625112646,0.998009950248756,0.7948397836038286,decision-fragile zone,1.0,0.4901101386806488,0.0,0.0
Base summary,86,1,1.090643391859289e-08,budget_15_vertical_strip,crescent,2,budget_15_vertical_strip,crescent,3,1.0,1.0,0.0,1.0,budget_15_vertical_strip|crescent|2,budget_15_vertical_strip|crescent|3,1_0,-0.26659513240484733,0,0.02663337494798169,0.17572844698107537,0.09751243781094537,0.02663337494798169,ambiguity zone,1_0,-0.26659513240484733,1,0.35788597586350396,0.892460198257735,0.4666666666666667,0.35788597586350396,optimization-limited zone,0.0,0.0,0.0,1.0
Base summary,86,2,1.2546967843673624e-08,budget_15_vertical_strip,crescent,2,budget_15_vertical_strip,crescent,1,1.0,1.0,0.0,1.0,budget_15_vertical_strip|crescent|2,budget_15_vertical_strip|crescent|1,1_0,-0.26659513240484733,0,0.02663337494798169,0.17572844698107537,0.09751243781094537,0.02663337494798169,ambiguity zone,1_0,-0.26659513240484733,0,0.7107781939242612,0.8729348152598377,0.6248756218905472,0.7107781939242612,optimization-limited zone,0.0,0.0,0.0,0.0
Base summary,86,3,1.540244285778732e-08,budget_15_vertical_strip,crescent,2,budget_15_vertical_strip,crescent,0,1.0,1.0,0.0,0.0,budget_15_vertical_strip|crescent|2,budget_15_vertical_strip|crescent|0,1_0,-0.26659513240484733,0,0.02663337494798169,0.17572844698107537,0.09751243781094537,0.02663337494798169,ambiguity zone,1_0,-0.26659513240484733,1,0.36704119850187267,0.24391709221988578,0.3124378109452737,0.36704119850187267,ambiguity zone,0.0,0.0,0.0,1.0
Base summary,86,4,3.9045675443646016e-08,budget_15_vertical_strip,crescent,2,budget_15_vertical_strip,pinwheel,0,1.0,0.0,1.0,1.0,budget_15_vertical_strip|crescent|2,budget_15_vertical_strip|pinwheel|0,1_0,-0.26659513240484733,0,0.02663337494798169,0.17572844698107537,0.09751243781094537,0.02663337494798169,ambiguity zone,1_1,0.22351500627580145,1,0.634207240948814,0.45238810453589656,0.8268656716417911,0.634207240948814,decision-fragile zone,1.0,0.4901101386806488,0.0,1.0
Base summary,86,5,3.961585852107822e-08,budget_15_vertical_strip,crescent,2,budget_15_vertical_strip,pinwheel,1,1.0,1.0,1.0,1.0,budget_15_vertical_strip|crescent|2,budget_15_vertical_strip|pinwheel|1,1_0,-0.26659513240484733,0,0.02663337494798169,0.17572844698107537,0.09751243781094537,0.02663337494798169,ambiguity zone,1_1,0.22351500627580145,0,0.6133999167707033,0.7425653349354159,0.9880597014925372,0.6133999167707033,decision-fragile zone,1.0,0.4901101386806488,0.0,0.0
Base summary,87,1,1.0431847721907245e-08,budget_15_vertical_strip,crescent,3,budget_15_vertical_strip,crescent,0,0.0,0.0,0.0,1.0,budget_15_vertical_strip|crescent|3,budget_15_vertical_strip|crescent|0,1_0,-0.26659513240484733,1,0.35788597586350396,0.892460198257735,0.4666666666666667,0.35788597586350396,optimization-limited zone,1_0,-0.26659513240484733,1,0.36704119850187267,0.24391709221988578,0.3124378109452737,0.36704119850187267,ambiguity zone,0.0,0.0,0.0,0.0
Base summary,87,2,1.0481483647119993e-08,budget_15_vertical_strip,crescent,3,budget_15_vertical_strip,crescent,1,0.0,0.0,0.0,0.0,budget_15_vertical_strip|crescent|3,budget_15_vertical_strip|crescent|1,1_0,-0.26659513240484733,1,0.35788597586350396,0.892460198257735,0.4666666666666667,0.35788597586350396,optimization-limited zone,1_0,-0.26659513240484733,0,0.7107781939242612,0.8729348152598377,0.6248756218905472,0.7107781939242612,optimization-limited zone,0.0,0.0,0.0,1.0
Base summary,87,3,1.090643391859289e-08,budget_15_vertical_strip,crescent,3,budget_15_vertical_strip,crescent,2,1.0,1.0,0.0,1.0,budget_15_vertical_strip|crescent|3,budget_15_vertical_strip|crescent|2,1_0,-0.26659513240484733,1,0.35788597586350396,0.892460198257735,0.4666666666666667,0.35788597586350396,optimization-limited zone,1_0,-0.26659513240484733,0,0.02663337494798169,0.17572844698107537,0.09751243781094537,0.02663337494798169,ambiguity zone,0.0,0.0,0.0,1.0
Base summary,87,4,4.319082215163045e-08,budget_15_vertical_strip,crescent,3,budget_15_vertical_strip,pinwheel,0,1.0,1.0,1.0,1.0,budget_15_vertical_strip|crescent|3,budget_15_vertical_strip|pinwheel|0,1_0,-0.26659513240484733,1,0.35788597586350396,0.892460198257735,0.4666666666666667,0.35788597586350396,optimization-limited zone,1_1,0.22351500627580145,1,0.634207240948814,0.45238810453589656,0.8268656716417911,0.634207240948814,decision-fragile zone,1.0,0.4901101386806488,0.0,0.0
Base summary,87,5,4.421558620781673e-08,budget_15_vertical_strip,crescent,3,budget_15_vertical_strip,multi-hole,0,0.0,0.0,1.0,1.0,budget_15_vertical_strip|crescent|3,budget_15_vertical_strip|multi-hole|0,1_0,-0.26659513240484733,1,0.35788597586350396,0.892460198257735,0.4666666666666667,0.35788597586350396,optimization-limited zone,1_1,-0.689700722662991,1,0.06075738660008322,0.4322619405226794,0.309452736318408,0.06075738660008322,effective-collapse zone,1.0,0.42310559025814365,0.0,0.0
Base summary,88,1,1.3879317910423686e-09,budget_15_vertical_strip,cross-branch,0,budget_15_vertical_strip,cross-branch,1,1.0,0.0,0.0,1.0,budget_15_vertical_strip|cross-branch|0,budget_15_vertical_strip|cross-branch|1,1_0,-0.2736144549003908,1,0.23220973782771537,0.16221087413637728,0.01094527363184083,0.23220973782771537,ambiguity zone,1_0,-0.2736144549003908,1,0.6758218893050354,0.7963352358065484,0.7741293532338309,0.6758218893050354,decision-fragile zone,0.0,0.0,0.0,0.0
Base summary,88,2,3.4021423141976514e-09,budget_15_vertical_strip,cross-branch,0,budget_15_vertical_strip,cross-branch,2,0.0,0.0,0.0,0.0,budget_15_vertical_strip|cross-branch|0,budget_15_vertical_strip|cross-branch|2,1_0,-0.2736144549003908,1,0.23220973782771537,0.16221087413637728,0.01094527363184083,0.23220973782771537,ambiguity zone,1_0,-0.2736144549003908,0,0.2879733666250521,0.4460799038750375,0.13631840796019898,0.2879733666250521,ambiguity zone,0.0,0.0,0.0,1.0
Base summary,88,3,6.090855574834483e-09,budget_15_vertical_strip,cross-branch,0,budget_15_vertical_strip,cross-branch,3,1.0,0.0,0.0,1.0,budget_15_vertical_strip|cross-branch|0,budget_15_vertical_strip|cross-branch|3,1_0,-0.2736144549003908,1,0.23220973782771537,0.16221087413637728,0.01094527363184083,0.23220973782771537,ambiguity zone,1_0,-0.2736144549003908,1,0.4511027881814399,0.8660258335836587,0.23383084577114432,0.4511027881814399,optimization-limited zone,0.0,0.0,0.0,0.0
Base summary,88,4,6.319753636001242e-09,budget_15_vertical_strip,cross-branch,0,budget_15_vertical_strip,spiral,2,1.0,0.0,1.0,1.0,budget_15_vertical_strip|cross-branch|0,budget_15_vertical_strip|spiral|2,1_0,-0.2736144549003908,1,0.23220973782771537,0.16221087413637728,0.01094527363184083,0.23220973782771537,ambiguity zone,1_1,-0.3289846515378983,0,0.38451935081148564,0.24001201562030636,0.28358208955223874,0.38451935081148564,effective-collapse zone,1.0,0.055370196637507474,0.0,1.0
Base summary,88,5,6.512810466675813e-09,budget_15_vertical_strip,cross-branch,0,budget_15_vertical_strip,spiral,3,1.0,0.0,1.0,1.0,budget_15_vertical_strip|cross-branch|0,budget_15_vertical_strip|spiral|3,1_0,-0.2736144549003908,1,0.23220973782771537,0.16221087413637728,0.01094527363184083,0.23220973782771537,ambiguity zone,1_1,-0.3289846515378983,0,0.7007906783187682,0.8107539801742265,0.7542288557213931,0.7007906783187682,optimization-limited zone,1.0,0.055370196637507474,0.0,1.0
Base summary,89,1,1.3879317910423686e-09,budget_15_vertical_strip,cross-branch,1,budget_15_vertical_strip,cross-branch,0,1.0,0.0,0.0,1.0,budget_15_vertical_strip|cross-branch|1,budget_15_vertical_strip|cross-branch|0,1_0,-0.2736144549003908,1,0.6758218893050354,0.7963352358065484,0.7741293532338309,0.6758218893050354,decision-fragile zone,1_0,-0.2736144549003908,1,0.23220973782771537,0.16221087413637728,0.01094527363184083,0.23220973782771537,ambiguity zone,0.0,0.0,0.0,0.0
Base summary,89,2,3.2301704788513756e-09,budget_15_vertical_strip,cross-branch,1,budget_15_vertical_strip,cross-branch,2,1.0,0.0,0.0,1.0,budget_15_vertical_strip|cross-branch|1,budget_15_vertical_strip|cross-branch|2,1_0,-0.2736144549003908,1,0.6758218893050354,0.7963352358065484,0.7741293532338309,0.6758218893050354,decision-fragile zone,1_0,-0.2736144549003908,0,0.2879733666250521,0.4460799038750375,0.13631840796019898,0.2879733666250521,ambiguity zone,0.0,0.0,0.0,1.0
Base summary,89,3,6.6022255788193515e-09,budget_15_vertical_strip,cross-branch,1,budget_15_vertical_strip,cross-branch,3,0.0,0.0,0.0,1.0,budget_15_vertical_strip|cross-branch|1,budget_15_vertical_strip|cross-branch|3,1_0,-0.2736144549003908,1,0.6758218893050354,0.7963352358065484,0.7741293532338309,0.6758218893050354,decision-fragile zone,1_0,-0.2736144549003908,1,0.4511027881814399,0.8660258335836587,0.23383084577114432,0.4511027881814399,optimization-limited zone,0.0,0.0,0.0,0.0
Base summary,89,4,7.6194565119613e-09,budget_15_vertical_strip,cross-branch,1,budget_15_vertical_strip,spiral,2,0.0,0.0,1.0,1.0,budget_15_vertical_strip|cross-branch|1,budget_15_vertical_strip|spiral|2,1_0,-0.2736144549003908,1,0.6758218893050354,0.7963352358065484,0.7741293532338309,0.6758218893050354,decision-fragile zone,1_1,-0.3289846515378983,0,0.38451935081148564,0.24001201562030636,0.28358208955223874,0.38451935081148564,effective-collapse zone,1.0,0.055370196637507474,0.0,1.0
Base summary,89,5,7.897423658323589e-09,budget_15_vertical_strip,cross-branch,1,budget_15_vertical_strip,spiral,3,0.0,0.0,1.0,1.0,budget_15_vertical_strip|cross-branch|1,budget_15_vertical_strip|spiral|3,1_0,-0.2736144549003908,1,0.6758218893050354,0.7963352358065484,0.7741293532338309,0.6758218893050354,decision-fragile zone,1_1,-0.3289846515378983,0,0.7007906783187682,0.8107539801742265,0.7542288557213931,0.7007906783187682,optimization-limited zone,1.0,0.055370196637507474,0.0,1.0
Base summary,90,1,3.2301704788513756e-09,budget_15_vertical_strip,cross-branch,2,budget_15_vertical_strip,cross-branch,1,1.0,0.0,0.0,1.0,budget_15_vertical_strip|cross-branch|2,budget_15_vertical_strip|cross-branch|1,1_0,-0.2736144549003908,0,0.2879733666250521,0.4460799038750375,0.13631840796019898,0.2879733666250521,ambiguity zone,1_0,-0.2736144549003908,1,0.6758218893050354,0.7963352358065484,0.7741293532338309,0.6758218893050354,decision-fragile zone,0.0,0.0,0.0,1.0
Base summary,90,2,3.4021423141976514e-09,budget_15_vertical_strip,cross-branch,2,budget_15_vertical_strip,cross-branch,0,0.0,0.0,0.0,0.0,budget_15_vertical_strip|cross-branch|2,budget_15_vertical_strip|cross-branch|0,1_0,-0.2736144549003908,0,0.2879733666250521,0.4460799038750375,0.13631840796019898,0.2879733666250521,ambiguity zone,1_0,-0.2736144549003908,1,0.23220973782771537,0.16221087413637728,0.01094527363184083,0.23220973782771537,ambiguity zone,0.0,0.0,0.0,1.0
Base summary,90,3,6.998744812187216e-09,budget_15_vertical_strip,cross-branch,2,budget_15_vertical_strip,spiral,2,1.0,0.0,1.0,1.0,budget_15_vertical_strip|cross-branch|2,budget_15_vertical_strip|spiral|2,1_0,-0.2736144549003908,0,0.2879733666250521,0.4460799038750375,0.13631840796019898,0.2879733666250521,ambiguity zone,1_1,-0.3289846515378983,0,0.38451935081148564,0.24001201562030636,0.28358208955223874,0.38451935081148564,effective-collapse zone,1.0,0.055370196637507474,0.0,0.0
Base summary,90,4,8.379733122448852e-09,budget_15_vertical_strip,cross-branch,2,budget_15_vertical_strip,spiral,3,1.0,0.0,1.0,1.0,budget_15_vertical_strip|cross-branch|2,budget_15_vertical_strip|spiral|3,1_0,-0.2736144549003908,0,0.2879733666250521,0.4460799038750375,0.13631840796019898,0.2879733666250521,ambiguity zone,1_1,-0.3289846515378983,0,0.7007906783187682,0.8107539801742265,0.7542288557213931,0.7007906783187682,optimization-limited zone,1.0,0.055370196637507474,0.0,0.0
Base summary,90,5,8.815037496888694e-09,budget_15_vertical_strip,cross-branch,2,budget_15_vertical_strip,cross-branch,3,1.0,0.0,0.0,1.0,budget_15_vertical_strip|cross-branch|2,budget_15_vertical_strip|cross-branch|3,1_0,-0.2736144549003908,0,0.2879733666250521,0.4460799038750375,0.13631840796019898,0.2879733666250521,ambiguity zone,1_0,-0.2736144549003908,1,0.4511027881814399,0.8660258335836587,0.23383084577114432,0.4511027881814399,optimization-limited zone,0.0,0.0,0.0,1.0
Base summary,91,1,6.090855574834483e-09,budget_15_vertical_strip,cross-branch,3,budget_15_vertical_strip,cross-branch,0,1.0,0.0,0.0,1.0,budget_15_vertical_strip|cross-branch|3,budget_15_vertical_strip|cross-branch|0,1_0,-0.2736144549003908,1,0.4511027881814399,0.8660258335836587,0.23383084577114432,0.4511027881814399,optimization-limited zone,1_0,-0.2736144549003908,1,0.23220973782771537,0.16221087413637728,0.01094527363184083,0.23220973782771537,ambiguity zone,0.0,0.0,0.0,0.0
Base summary,91,2,6.306173979052848e-09,budget_15_vertical_strip,cross-branch,3,budget_15_vertical_strip,spiral,0,1.0,1.0,1.0,1.0,budget_15_vertical_strip|cross-branch|3,budget_15_vertical_strip|spiral|0,1_0,-0.2736144549003908,1,0.4511027881814399,0.8660258335836587,0.23383084577114432,0.4511027881814399,optimization-limited zone,1_1,-0.3289846515378983,0,0.36953807740324596,0.18023430459597475,0.2845771144278607,0.36953807740324596,effective-collapse zone,1.0,0.055370196637507474,0.0,1.0
Base summary,91,3,6.6022255788193515e-09,budget_15_vertical_strip,cross-branch,3,budget_15_vertical_strip,cross-branch,1,0.0,0.0,0.0,1.0,budget_15_vertical_strip|cross-branch|3,budget_15_vertical_strip|cross-branch|1,1_0,-0.2736144549003908,1,0.4511027881814399,0.8660258335836587,0.23383084577114432,0.4511027881814399,optimization-limited zone,1_0,-0.2736144549003908,1,0.6758218893050354,0.7963352358065484,0.7741293532338309,0.6758218893050354,decision-fragile zone,0.0,0.0,0.0,0.0
Base summary,91,4,6.693100956908549e-09,budget_15_vertical_strip,cross-branch,3,budget_15_vertical_strip,spiral,1,0.0,0.0,1.0,0.0,budget_15_vertical_strip|cross-branch|3,budget_15_vertical_strip|spiral|1,1_0,-0.2736144549003908,1,0.4511027881814399,0.8660258335836587,0.23383084577114432,0.4511027881814399,optimization-limited zone,1_1,-0.3289846515378983,0,0.46109030378693305,0.6716731751276659,0.6477611940298508,0.46109030378693305,optimization-limited zone,1.0,0.055370196637507474,0.0,1.0
Base summary,91,5,7.237338941304378e-09,budget_15_vertical_strip,cross-branch,3,budget_15_vertical_strip,spiral,3,0.0,0.0,1.0,0.0,budget_15_vertical_strip|cross-branch|3,budget_15_vertical_strip|spiral|3,1_0,-0.2736144549003908,1,0.4511027881814399,0.8660258335836587,0.23383084577114432,0.4511027881814399,optimization-limited zone,1_1,-0.3289846515378983,0,0.7007906783187682,0.8107539801742265,0.7542288557213931,0.7007906783187682,optimization-limited zone,1.0,0.055370196637507474,0.0,1.0
Base summary,92,1,2.4404388147727653e-09,budget_15_vertical_strip,double-loop,0,budget_15_vertical_strip,double-loop,2,0.0,0.0,0.0,0.0,budget_15_vertical_strip|double-loop|0,budget_15_vertical_strip|double-loop|2,1_0,-0.04713477352374962,0,0.842280482729921,0.8203664764193449,0.5691542288557213,0.842280482729921,optimization-limited zone,1_0,-0.04713477352374962,0,0.5609654598418644,0.8903574647041154,0.3502487562189055,0.5609654598418644,optimization-limited zone,0.0,0.0,0.0,0.0
Base summary,92,2,3.6158976804515566e-09,budget_15_vertical_strip,double-loop,0,budget_15_vertical_strip,double-loop,3,1.0,0.0,0.0,1.0,budget_15_vertical_strip|double-loop|0,budget_15_vertical_strip|double-loop|3,1_0,-0.04713477352374962,0,0.842280482729921,0.8203664764193449,0.5691542288557213,0.842280482729921,optimization-limited zone,1_0,-0.04713477352374962,1,0.6666666666666667,0.19194953439471305,0.3124378109452737,0.6666666666666667,ambiguity zone,0.0,0.0,0.0,1.0
Base summary,92,3,6.066809282427385e-09,budget_15_vertical_strip,double-loop,0,budget_15_vertical_strip,double-loop,1,1.0,0.0,0.0,0.0,budget_15_vertical_strip|double-loop|0,budget_15_vertical_strip|double-loop|1,1_0,-0.04713477352374962,0,0.842280482729921,0.8203664764193449,0.5691542288557213,0.842280482729921,optimization-limited zone,1_0,-0.04713477352374962,1,0.615064502704952,0.11685190747972361,0.30447761194029854,0.615064502704952,ambiguity zone,0.0,0.0,0.0,1.0
Base summary,92,4,1.1839806901353284e-08,budget_15_vertical_strip,double-loop,0,budget_15_vertical_strip,volatility-clustering,0,1.0,1.0,1.0,1.0,budget_15_vertical_strip|double-loop|0,budget_15_vertical_strip|volatility-clustering|0,1_0,-0.04713477352374962,0,0.842280482729921,0.8203664764193449,0.5691542288557213,0.842280482729921,optimization-limited zone,1_0,0.4439176548542998,1,0.5359966708281314,0.699008711324722,0.3920398009950249,0.5359966708281314,optimization-limited zone,0.0,0.4910524283780494,1.0,1.0
Base summary,92,5,1.2444296214400338e-08,budget_15_vertical_strip,double-loop,0,budget_15_vertical_strip,volatility-clustering,3,1.0,1.0,1.0,1.0,budget_15_vertical_strip|double-loop|0,budget_15_vertical_strip|volatility-clustering|3,1_0,-0.04713477352374962,0,0.842280482729921,0.8203664764193449,0.5691542288557213,0.842280482729921,optimization-limited zone,1_0,0.4439176548542998,1,0.5301706200582605,0.4716130970261339,0.5243781094527363,0.5301706200582605,ambiguity zone,0.0,0.4910524283780494,1.0,1.0
Base summary,93,1,3.6634607003954596e-09,budget_15_vertical_strip,double-loop,1,budget_15_vertical_strip,double-loop,2,1.0,0.0,0.0,0.0,budget_15_vertical_strip|double-loop|1,budget_15_vertical_strip|double-loop|2,1_0,-0.04713477352374962,1,0.615064502704952,0.11685190747972361,0.30447761194029854,0.615064502704952,ambiguity zone,1_0,-0.04713477352374962,0,0.5609654598418644,0.8903574647041154,0.3502487562189055,0.5609654598418644,optimization-limited zone,0.0,0.0,0.0,1.0
Base summary,93,2,4.131856424019743e-09,budget_15_vertical_strip,double-loop,1,budget_15_vertical_strip,double-loop,3,0.0,0.0,0.0,1.0,budget_15_vertical_strip|double-loop|1,budget_15_vertical_strip|double-loop|3,1_0,-0.04713477352374962,1,0.615064502704952,0.11685190747972361,0.30447761194029854,0.615064502704952,ambiguity zone,1_0,-0.04713477352374962,1,0.6666666666666667,0.19194953439471305,0.3124378109452737,0.6666666666666667,ambiguity zone,0.0,0.0,0.0,0.0
Base summary,93,3,6.066809282427385e-09,budget_15_vertical_strip,double-loop,1,budget_15_vertical_strip,double-loop,0,1.0,0.0,0.0,0.0,budget_15_vertical_strip|double-loop|1,budget_15_vertical_strip|double-loop|0,1_0,-0.04713477352374962,1,0.615064502704952,0.11685190747972361,0.30447761194029854,0.615064502704952,ambiguity zone,1_0,-0.04713477352374962,0,0.842280482729921,0.8203664764193449,0.5691542288557213,0.842280482729921,optimization-limited zone,0.0,0.0,0.0,1.0
Base summary,93,4,7.855638806296876e-09,budget_15_vertical_strip,double-loop,1,budget_15_vertical_strip,volatility-clustering,3,1.0,1.0,1.0,1.0,budget_15_vertical_strip|double-loop|1,budget_15_vertical_strip|volatility-clustering|3,1_0,-0.04713477352374962,1,0.615064502704952,0.11685190747972361,0.30447761194029854,0.615064502704952,ambiguity zone,1_0,0.4439176548542998,1,0.5301706200582605,0.4716130970261339,0.5243781094527363,0.5301706200582605,ambiguity zone,0.0,0.4910524283780494,1.0,0.0
Base summary,93,5,9.456526748143226e-09,budget_15_vertical_strip,double-loop,1,budget_15_vertical_strip,volatility-clustering,0,1.0,1.0,1.0,1.0,budget_15_vertical_strip|double-loop|1,budget_15_vertical_strip|volatility-clustering|0,1_0,-0.04713477352374962,1,0.615064502704952,0.11685190747972361,0.30447761194029854,0.615064502704952,ambiguity zone,1_0,0.4439176548542998,1,0.5359966708281314,0.699008711324722,0.3920398009950249,0.5359966708281314,optimization-limited zone,0.0,0.4910524283780494,1.0,0.0
Base summary,94,1,2.4404388147727653e-09,budget_15_vertical_strip,double-loop,2,budget_15_vertical_strip,double-loop,0,0.0,0.0,0.0,0.0,budget_15_vertical_strip|double-loop|2,budget_15_vertical_strip|double-loop|0,1_0,-0.04713477352374962,0,0.5609654598418644,0.8903574647041154,0.3502487562189055,0.5609654598418644,optimization-limited zone,1_0,-0.04713477352374962,0,0.842280482729921,0.8203664764193449,0.5691542288557213,0.842280482729921,optimization-limited zone,0.0,0.0,0.0,0.0
Base summary,94,2,2.5485994470854013e-09,budget_15_vertical_strip,double-loop,2,budget_15_vertical_strip,double-loop,3,1.0,0.0,0.0,1.0,budget_15_vertical_strip|double-loop|2,budget_15_vertical_strip|double-loop|3,1_0,-0.04713477352374962,0,0.5609654598418644,0.8903574647041154,0.3502487562189055,0.5609654598418644,optimization-limited zone,1_0,-0.04713477352374962,1,0.6666666666666667,0.19194953439471305,0.3124378109452737,0.6666666666666667,ambiguity zone,0.0,0.0,0.0,1.0
Base summary,94,3,3.6634607003954596e-09,budget_15_vertical_strip,double-loop,2,budget_15_vertical_strip,double-loop,1,1.0,0.0,0.0,0.0,budget_15_vertical_strip|double-loop|2,budget_15_vertical_strip|double-loop|1,1_0,-0.04713477352374962,0,0.5609654598418644,0.8903574647041154,0.3502487562189055,0.5609654598418644,optimization-limited zone,1_0,-0.04713477352374962,1,0.615064502704952,0.11685190747972361,0.30447761194029854,0.615064502704952,ambiguity zone,0.0,0.0,0.0,1.0
Base summary,94,4,1.0626095415356923e-08,budget_15_vertical_strip,double-loop,2,budget_15_vertical_strip,volatility-clustering,3,1.0,1.0,1.0,1.0,budget_15_vertical_strip|double-loop|2,budget_15_vertical_strip|volatility-clustering|3,1_0,-0.04713477352374962,0,0.5609654598418644,0.8903574647041154,0.3502487562189055,0.5609654598418644,optimization-limited zone,1_0,0.4439176548542998,1,0.5301706200582605,0.4716130970261339,0.5243781094527363,0.5301706200582605,ambiguity zone,0.0,0.4910524283780494,1.0,1.0
Base summary,94,5,1.0765225457976057e-08,budget_15_vertical_strip,double-loop,2,budget_15_vertical_strip,volatility-clustering,0,1.0,1.0,1.0,1.0,budget_15_vertical_strip|double-loop|2,budget_15_vertical_strip|volatility-clustering|0,1_0,-0.04713477352374962,0,0.5609654598418644,0.8903574647041154,0.3502487562189055,0.5609654598418644,optimization-limited zone,1_0,0.4439176548542998,1,0.5359966708281314,0.699008711324722,0.3920398009950249,0.5359966708281314,optimization-limited zone,0.0,0.4910524283780494,1.0,1.0
Base summary,95,1,2.5485994470854013e-09,budget_15_vertical_strip,double-loop,3,budget_15_vertical_strip,double-loop,2,1.0,0.0,0.0,1.0,budget_15_vertical_strip|double-loop|3,budget_15_vertical_strip|double-loop|2,1_0,-0.04713477352374962,1,0.6666666666666667,0.19194953439471305,0.3124378109452737,0.6666666666666667,ambiguity zone,1_0,-0.04713477352374962,0,0.5609654598418644,0.8903574647041154,0.3502487562189055,0.5609654598418644,optimization-limited zone,0.0,0.0,0.0,1.0
Base summary,95,2,3.6158976804515566e-09,budget_15_vertical_strip,double-loop,3,budget_15_vertical_strip,double-loop,0,1.0,0.0,0.0,1.0,budget_15_vertical_strip|double-loop|3,budget_15_vertical_strip|double-loop|0,1_0,-0.04713477352374962,1,0.6666666666666667,0.19194953439471305,0.3124378109452737,0.6666666666666667,ambiguity zone,1_0,-0.04713477352374962,0,0.842280482729921,0.8203664764193449,0.5691542288557213,0.842280482729921,optimization-limited zone,0.0,0.0,0.0,1.0
Base summary,95,3,4.131856424019743e-09,budget_15_vertical_strip,double-loop,3,budget_15_vertical_strip,double-loop,1,0.0,0.0,0.0,1.0,budget_15_vertical_strip|double-loop|3,budget_15_vertical_strip|double-loop|1,1_0,-0.04713477352374962,1,0.6666666666666667,0.19194953439471305,0.3124378109452737,0.6666666666666667,ambiguity zone,1_0,-0.04713477352374962,1,0.615064502704952,0.11685190747972361,0.30447761194029854,0.615064502704952,ambiguity zone,0.0,0.0,0.0,0.0
Base summary,95,4,1.0508990436336961e-08,budget_15_vertical_strip,double-loop,3,budget_15_vertical_strip,volatility-clustering,3,1.0,1.0,1.0,0.0,budget_15_vertical_strip|double-loop|3,budget_15_vertical_strip|volatility-clustering|3,1_0,-0.04713477352374962,1,0.6666666666666667,0.19194953439471305,0.3124378109452737,0.6666666666666667,ambiguity zone,1_0,0.4439176548542998,1,0.5301706200582605,0.4716130970261339,0.5243781094527363,0.5301706200582605,ambiguity zone,0.0,0.4910524283780494,1.0,0.0
Base summary,95,5,1.1419846911187604e-08,budget_15_vertical_strip,double-loop,3,budget_15_vertical_strip,volatility-clustering,0,1.0,1.0,1.0,1.0,budget_15_vertical_strip|double-loop|3,budget_15_vertical_strip|volatility-clustering|0,1_0,-0.04713477352374962,1,0.6666666666666667,0.19194953439471305,0.3124378109452737,0.6666666666666667,ambiguity zone,1_0,0.4439176548542998,1,0.5359966708281314,0.699008711324722,0.3920398009950249,0.5359966708281314,optimization-limited zone,0.0,0.4910524283780494,1.0,0.0
Base summary,96,1,8.798228439331709e-09,budget_15_vertical_strip,mean-reversion,0,budget_15_vertical_strip,mean-reversion,3,1.0,0.0,0.0,1.0,budget_15_vertical_strip|mean-reversion|0,budget_15_vertical_strip|mean-reversion|3,1_0,-0.2321875606103716,1,0.4627548897211818,0.5181736257134273,0.2845771144278607,0.4627548897211818,ambiguity zone,1_0,-0.2321875606103716,0,0.5002080732417812,0.7921297686993092,0.4597014925373134,0.5002080732417812,optimization-limited zone,0.0,0.0,0.0,1.0
Base summary,96,2,1.319978726512e-08,budget_15_vertical_strip,mean-reversion,0,budget_15_vertical_strip,mean-reversion,2,0.0,0.0,0.0,0.0,budget_15_vertical_strip|mean-reversion|0,budget_15_vertical_strip|mean-reversion|2,1_0,-0.2321875606103716,1,0.4627548897211818,0.5181736257134273,0.2845771144278607,0.4627548897211818,ambiguity zone,1_0,-0.2321875606103716,1,0.6367041198501872,0.4617002102733552,0.2666666666666666,0.6367041198501872,ambiguity zone,0.0,0.0,0.0,0.0
Base summary,96,3,1.9053319535925942e-08,budget_15_vertical_strip,mean-reversion,0,budget_15_vertical_strip,mean-reversion,1,1.0,0.0,0.0,1.0,budget_15_vertical_strip|mean-reversion|0,budget_15_vertical_strip|mean-reversion|1,1_0,-0.2321875606103716,1,0.4627548897211818,0.5181736257134273,0.2845771144278607,0.4627548897211818,ambiguity zone,1_0,-0.2321875606103716,0,0.27299209321681234,0.6957044157404624,0.3621890547263682,0.27299209321681234,optimization-limited zone,0.0,0.0,0.0,1.0
Base summary,96,4,1.6707529271324174e-07,budget_15_vertical_strip,mean-reversion,0,budget_15_vertical_strip,volatility-clustering,1,1.0,1.0,1.0,1.0,budget_15_vertical_strip|mean-reversion|0,budget_15_vertical_strip|volatility-clustering|1,1_0,-0.2321875606103716,1,0.4627548897211818,0.5181736257134273,0.2845771144278607,0.4627548897211818,ambiguity zone,1_0,0.4439176548542998,0,0.7399084477736163,0.3487533793932111,0.26268656716417915,0.7399084477736163,ambiguity zone,0.0,0.6761052154646714,1.0,1.0
Base summary,96,5,1.9520366624941379e-07,budget_15_vertical_strip,mean-reversion,0,budget_15_vertical_strip,volatility-clustering,3,1.0,1.0,1.0,1.0,budget_15_vertical_strip|mean-reversion|0,budget_15_vertical_strip|volatility-clustering|3,1_0,-0.2321875606103716,1,0.4627548897211818,0.5181736257134273,0.2845771144278607,0.4627548897211818,ambiguity zone,1_0,0.4439176548542998,1,0.5301706200582605,0.4716130970261339,0.5243781094527363,0.5301706200582605,ambiguity zone,0.0,0.6761052154646714,1.0,0.0
Base summary,97,1,1.0290734477172656e-08,budget_15_vertical_strip,mean-reversion,1,budget_15_vertical_strip,mean-reversion,3,0.0,0.0,0.0,0.0,budget_15_vertical_strip|mean-reversion|1,budget_15_vertical_strip|mean-reversion|3,1_0,-0.2321875606103716,0,0.27299209321681234,0.6957044157404624,0.3621890547263682,0.27299209321681234,optimization-limited zone,1_0,-0.2321875606103716,0,0.5002080732417812,0.7921297686993092,0.4597014925373134,0.5002080732417812,optimization-limited zone,0.0,0.0,0.0,0.0
Base summary,97,2,1.9053319535925942e-08,budget_15_vertical_strip,mean-reversion,1,budget_15_vertical_strip,mean-reversion,0,1.0,0.0,0.0,1.0,budget_15_vertical_strip|mean-reversion|1,budget_15_vertical_strip|mean-reversion|0,1_0,-0.2321875606103716,0,0.27299209321681234,0.6957044157404624,0.3621890547263682,0.27299209321681234,optimization-limited zone,1_0,-0.2321875606103716,1,0.4627548897211818,0.5181736257134273,0.2845771144278607,0.4627548897211818,ambiguity zone,0.0,0.0,0.0,1.0
Base summary,97,3,3.1924804704432965e-08,budget_15_vertical_strip,mean-reversion,1,budget_15_vertical_strip,mean-reversion,2,1.0,0.0,0.0,1.0,budget_15_vertical_strip|mean-reversion|1,budget_15_vertical_strip|mean-reversion|2,1_0,-0.2321875606103716,0,0.27299209321681234,0.6957044157404624,0.3621890547263682,0.27299209321681234,optimization-limited zone,1_0,-0.2321875606103716,1,0.6367041198501872,0.4617002102733552,0.2666666666666666,0.6367041198501872,ambiguity zone,0.0,0.0,0.0,1.0
Base summary,97,4,1.4806521025095979e-07,budget_15_vertical_strip,mean-reversion,1,budget_15_vertical_strip,volatility-clustering,1,1.0,1.0,1.0,1.0,budget_15_vertical_strip|mean-reversion|1,budget_15_vertical_strip|volatility-clustering|1,1_0,-0.2321875606103716,0,0.27299209321681234,0.6957044157404624,0.3621890547263682,0.27299209321681234,optimization-limited zone,1_0,0.4439176548542998,0,0.7399084477736163,0.3487533793932111,0.26268656716417915,0.7399084477736163,ambiguity zone,0.0,0.6761052154646714,1.0,0.0
Base summary,97,5,1.7616893432376208e-07,budget_15_vertical_strip,mean-reversion,1,budget_15_vertical_strip,volatility-clustering,3,1.0,1.0,1.0,1.0,budget_15_vertical_strip|mean-reversion|1,budget_15_vertical_strip|volatility-clustering|3,1_0,-0.2321875606103716,0,0.27299209321681234,0.6957044157404624,0.3621890547263682,0.27299209321681234,optimization-limited zone,1_0,0.4439176548542998,1,0.5301706200582605,0.4716130970261339,0.5243781094527363,0.5301706200582605,ambiguity zone,0.0,0.6761052154646714,1.0,1.0
Base summary,98,1,1.319978726512e-08,budget_15_vertical_strip,mean-reversion,2,budget_15_vertical_strip,mean-reversion,0,0.0,0.0,0.0,0.0,budget_15_vertical_strip|mean-reversion|2,budget_15_vertical_strip|mean-reversion|0,1_0,-0.2321875606103716,1,0.6367041198501872,0.4617002102733552,0.2666666666666666,0.6367041198501872,ambiguity zone,1_0,-0.2321875606103716,1,0.4627548897211818,0.5181736257134273,0.2845771144278607,0.4627548897211818,ambiguity zone,0.0,0.0,0.0,0.0
Base summary,98,2,2.1671772146552013e-08,budget_15_vertical_strip,mean-reversion,2,budget_15_vertical_strip,mean-reversion,3,1.0,0.0,0.0,1.0,budget_15_vertical_strip|mean-reversion|2,budget_15_vertical_strip|mean-reversion|3,1_0,-0.2321875606103716,1,0.6367041198501872,0.4617002102733552,0.2666666666666666,0.6367041198501872,ambiguity zone,1_0,-0.2321875606103716,0,0.5002080732417812,0.7921297686993092,0.4597014925373134,0.5002080732417812,optimization-limited zone,0.0,0.0,0.0,1.0
Base summary,98,3,3.1924804704432965e-08,budget_15_vertical_strip,mean-reversion,2,budget_15_vertical_strip,mean-reversion,1,1.0,0.0,0.0,1.0,budget_15_vertical_strip|mean-reversion|2,budget_15_vertical_strip|mean-reversion|1,1_0,-0.2321875606103716,1,0.6367041198501872,0.4617002102733552,0.2666666666666666,0.6367041198501872,ambiguity zone,1_0,-0.2321875606103716,0,0.27299209321681234,0.6957044157404624,0.3621890547263682,0.27299209321681234,optimization-limited zone,0.0,0.0,0.0,1.0
Base summary,98,4,1.7995965667878401e-07,budget_15_vertical_strip,mean-reversion,2,budget_15_vertical_strip,volatility-clustering,1,1.0,1.0,1.0,1.0,budget_15_vertical_strip|mean-reversion|2,budget_15_vertical_strip|volatility-clustering|1,1_0,-0.2321875606103716,1,0.6367041198501872,0.4617002102733552,0.2666666666666666,0.6367041198501872,ambiguity zone,1_0,0.4439176548542998,0,0.7399084477736163,0.3487533793932111,0.26268656716417915,0.7399084477736163,ambiguity zone,0.0,0.6761052154646714,1.0,1.0
Base summary,98,5,2.0801778549175865e-07,budget_15_vertical_strip,mean-reversion,2,budget_15_vertical_strip,volatility-clustering,3,1.0,1.0,1.0,1.0,budget_15_vertical_strip|mean-reversion|2,budget_15_vertical_strip|volatility-clustering|3,1_0,-0.2321875606103716,1,0.6367041198501872,0.4617002102733552,0.2666666666666666,0.6367041198501872,ambiguity zone,1_0,0.4439176548542998,1,0.5301706200582605,0.4716130970261339,0.5243781094527363,0.5301706200582605,ambiguity zone,0.0,0.6761052154646714,1.0,0.0
Base summary,99,1,8.798228439331709e-09,budget_15_vertical_strip,mean-reversion,3,budget_15_vertical_strip,mean-reversion,0,1.0,0.0,0.0,1.0,budget_15_vertical_strip|mean-reversion|3,budget_15_vertical_strip|mean-reversion|0,1_0,-0.2321875606103716,0,0.5002080732417812,0.7921297686993092,0.4597014925373134,0.5002080732417812,optimization-limited zone,1_0,-0.2321875606103716,1,0.4627548897211818,0.5181736257134273,0.2845771144278607,0.4627548897211818,ambiguity zone,0.0,0.0,0.0,1.0
Base summary,99,2,1.0290734477172656e-08,budget_15_vertical_strip,mean-reversion,3,budget_15_vertical_strip,mean-reversion,1,0.0,0.0,0.0,0.0,budget_15_vertical_strip|mean-reversion|3,budget_15_vertical_strip|mean-reversion|1,1_0,-0.2321875606103716,0,0.5002080732417812,0.7921297686993092,0.4597014925373134,0.5002080732417812,optimization-limited zone,1_0,-0.2321875606103716,0,0.27299209321681234,0.6957044157404624,0.3621890547263682,0.27299209321681234,optimization-limited zone,0.0,0.0,0.0,0.0
Base summary,99,3,2.1671772146552013e-08,budget_15_vertical_strip,mean-reversion,3,budget_15_vertical_strip,mean-reversion,2,1.0,0.0,0.0,1.0,budget_15_vertical_strip|mean-reversion|3,budget_15_vertical_strip|mean-reversion|2,1_0,-0.2321875606103716,0,0.5002080732417812,0.7921297686993092,0.4597014925373134,0.5002080732417812,optimization-limited zone,1_0,-0.2321875606103716,1,0.6367041198501872,0.4617002102733552,0.2666666666666666,0.6367041198501872,ambiguity zone,0.0,0.0,0.0,1.0
Base summary,99,4,1.58353064222763e-07,budget_15_vertical_strip,mean-reversion,3,budget_15_vertical_strip,volatility-clustering,1,1.0,1.0,1.0,1.0,budget_15_vertical_strip|mean-reversion|3,budget_15_vertical_strip|volatility-clustering|1,1_0,-0.2321875606103716,0,0.5002080732417812,0.7921297686993092,0.4597014925373134,0.5002080732417812,optimization-limited zone,1_0,0.4439176548542998,0,0.7399084477736163,0.3487533793932111,0.26268656716417915,0.7399084477736163,ambiguity zone,0.0,0.6761052154646714,1.0,0.0
Base summary,99,5,1.8645345541110232e-07,budget_15_vertical_strip,mean-reversion,3,budget_15_vertical_strip,volatility-clustering,3,1.0,1.0,1.0,1.0,budget_15_vertical_strip|mean-reversion|3,budget_15_vertical_strip|volatility-clustering|3,1_0,-0.2321875606103716,0,0.5002080732417812,0.7921297686993092,0.4597014925373134,0.5002080732417812,optimization-limited zone,1_0,0.4439176548542998,1,0.5301706200582605,0.4716130970261339,0.5243781094527363,0.5301706200582605,ambiguity zone,0.0,0.6761052154646714,1.0,1.0
Base summary,100,1,1.3467117167531999e-09,budget_15_vertical_strip,multi-hole,0,budget_15_vertical_strip,pinwheel,0,1.0,1.0,1.0,0.0,budget_15_vertical_strip|multi-hole|0,budget_15_vertical_strip|pinwheel|0,1_1,-0.689700722662991,1,0.06075738660008322,0.4322619405226794,0.309452736318408,0.06075738660008322,effective-collapse zone,1_1,0.22351500627580145,1,0.634207240948814,0.45238810453589656,0.8268656716417911,0.634207240948814,decision-fragile zone,0.0,0.9132157289387924,1.0,0.0
Base summary,100,2,2.640505497245812e-09,budget_15_vertical_strip,multi-hole,0,budget_15_vertical_strip,multi-hole,2,0.0,0.0,0.0,0.0,budget_15_vertical_strip|multi-hole|0,budget_15_vertical_strip|multi-hole|2,1_1,-0.689700722662991,1,0.06075738660008322,0.4322619405226794,0.309452736318408,0.06075738660008322,effective-collapse zone,1_1,-0.689700722662991,0,0.21223470661672908,0.4692099729648542,0.3054726368159204,0.21223470661672908,effective-collapse zone,0.0,0.0,0.0,1.0
Base summary,100,3,2.976967495936198e-09,budget_15_vertical_strip,multi-hole,0,budget_15_vertical_strip,pinwheel,3,0.0,0.0,1.0,1.0,budget_15_vertical_strip|multi-hole|0,budget_15_vertical_strip|pinwheel|3,1_1,-0.689700722662991,1,0.06075738660008322,0.4322619405226794,0.309452736318408,0.06075738660008322,effective-collapse zone,1_1,0.22351500627580145,0,0.7948397836038286,0.8239711625112646,0.998009950248756,0.7948397836038286,decision-fragile zone,0.0,0.9132157289387924,1.0,1.0
Base summary,100,4,3.3224495868111504e-09,budget_15_vertical_strip,multi-hole,0,budget_15_vertical_strip,pinwheel,2,0.0,0.0,1.0,1.0,budget_15_vertical_strip|multi-hole|0,budget_15_vertical_strip|pinwheel|2,1_1,-0.689700722662991,1,0.06075738660008322,0.4322619405226794,0.309452736318408,0.06075738660008322,effective-collapse zone,1_1,0.22351500627580145,0,0.5792759051186018,0.6185040552718534,0.8199004975124379,0.5792759051186018,decision-fragile zone,0.0,0.9132157289387924,1.0,1.0
Base summary,100,5,5.391216007587249e-09,budget_15_vertical_strip,multi-hole,0,budget_15_vertical_strip,pinwheel,1,0.0,0.0,1.0,1.0,budget_15_vertical_strip|multi-hole|0,budget_15_vertical_strip|pinwheel|1,1_1,-0.689700722662991,1,0.06075738660008322,0.4322619405226794,0.309452736318408,0.06075738660008322,effective-collapse zone,1_1,0.22351500627580145,0,0.6133999167707033,0.7425653349354159,0.9880597014925372,0.6133999167707033,decision-fragile zone,0.0,0.9132157289387924,1.0,1.0
Base summary,101,1,8.57991776986295e-09,budget_15_vertical_strip,multi-hole,1,budget_15_vertical_strip,pinwheel,2,0.0,0.0,1.0,0.0,budget_15_vertical_strip|multi-hole|1,budget_15_vertical_strip|pinwheel|2,1_1,-0.689700722662991,1,0.5834373699542239,0.8939621507960347,0.5233830845771145,0.5834373699542239,optimization-limited zone,1_1,0.22351500627580145,0,0.5792759051186018,0.6185040552718534,0.8199004975124379,0.5792759051186018,decision-fragile zone,0.0,0.9132157289387924,1.0,1.0
Base summary,101,2,9.633718315777013e-09,budget_15_vertical_strip,multi-hole,1,budget_15_vertical_strip,pinwheel,0,1.0,1.0,1.0,1.0,budget_15_vertical_strip|multi-hole|1,budget_15_vertical_strip|pinwheel|0,1_1,-0.689700722662991,1,0.5834373699542239,0.8939621507960347,0.5233830845771145,0.5834373699542239,optimization-limited zone,1_1,0.22351500627580145,1,0.634207240948814,0.45238810453589656,0.8268656716417911,0.634207240948814,decision-fragile zone,0.0,0.9132157289387924,1.0,0.0
Base summary,101,3,9.862648156938472e-09,budget_15_vertical_strip,multi-hole,1,budget_15_vertical_strip,multi-hole,0,0.0,0.0,0.0,1.0,budget_15_vertical_strip|multi-hole|1,budget_15_vertical_strip|multi-hole|0,1_1,-0.689700722662991,1,0.5834373699542239,0.8939621507960347,0.5233830845771145,0.5834373699542239,optimization-limited zone,1_1,-0.689700722662991,1,0.06075738660008322,0.4322619405226794,0.309452736318408,0.06075738660008322,effective-collapse zone,0.0,0.0,0.0,0.0
Base summary,101,4,1.1885716695402628e-08,budget_15_vertical_strip,multi-hole,1,budget_15_vertical_strip,pinwheel,3,0.0,0.0,1.0,0.0,budget_15_vertical_strip|multi-hole|1,budget_15_vertical_strip|pinwheel|3,1_1,-0.689700722662991,1,0.5834373699542239,0.8939621507960347,0.5233830845771145,0.5834373699542239,optimization-limited zone,1_1,0.22351500627580145,0,0.7948397836038286,0.8239711625112646,0.998009950248756,0.7948397836038286,decision-fragile zone,0.0,0.9132157289387924,1.0,1.0
Base summary,101,5,1.2346466287571873e-08,budget_15_vertical_strip,multi-hole,1,budget_15_vertical_strip,multi-hole,2,0.0,0.0,0.0,1.0,budget_15_vertical_strip|multi-hole|1,budget_15_vertical_strip|multi-hole|2,1_1,-0.689700722662991,1,0.5834373699542239,0.8939621507960347,0.5233830845771145,0.5834373699542239,optimization-limited zone,1_1,-0.689700722662991,0,0.21223470661672908,0.4692099729648542,0.3054726368159204,0.21223470661672908,effective-collapse zone,0.0,0.0,0.0,1.0
Base summary,102,1,2.640505497245812e-09,budget_15_vertical_strip,multi-hole,2,budget_15_vertical_strip,multi-hole,0,0.0,0.0,0.0,0.0,budget_15_vertical_strip|multi-hole|2,budget_15_vertical_strip|multi-hole|0,1_1,-0.689700722662991,0,0.21223470661672908,0.4692099729648542,0.3054726368159204,0.21223470661672908,effective-collapse zone,1_1,-0.689700722662991,1,0.06075738660008322,0.4322619405226794,0.309452736318408,0.06075738660008322,effective-collapse zone,0.0,0.0,0.0,1.0
Base summary,102,2,2.9985277447763078e-09,budget_15_vertical_strip,multi-hole,2,budget_15_vertical_strip,pinwheel,3,0.0,0.0,1.0,1.0,budget_15_vertical_strip|multi-hole|2,budget_15_vertical_strip|pinwheel|3,1_1,-0.689700722662991,0,0.21223470661672908,0.4692099729648542,0.3054726368159204,0.21223470661672908,effective-collapse zone,1_1,0.22351500627580145,0,0.7948397836038286,0.8239711625112646,0.998009950248756,0.7948397836038286,decision-fragile zone,0.0,0.9132157289387924,1.0,0.0
Base summary,102,3,3.580285788520613e-09,budget_15_vertical_strip,multi-hole,2,budget_15_vertical_strip,pinwheel,0,1.0,1.0,1.0,0.0,budget_15_vertical_strip|multi-hole|2,budget_15_vertical_strip|pinwheel|0,1_1,-0.689700722662991,0,0.21223470661672908,0.4692099729648542,0.3054726368159204,0.21223470661672908,effective-collapse zone,1_1,0.22351500627580145,1,0.634207240948814,0.45238810453589656,0.8268656716417911,0.634207240948814,decision-fragile zone,0.0,0.9132157289387924,1.0,1.0
Base summary,102,4,3.8695345264465984e-09,budget_15_vertical_strip,multi-hole,2,budget_15_vertical_strip,pinwheel,1,0.0,0.0,1.0,1.0,budget_15_vertical_strip|multi-hole|2,budget_15_vertical_strip|pinwheel|1,1_1,-0.689700722662991,0,0.21223470661672908,0.4692099729648542,0.3054726368159204,0.21223470661672908,effective-collapse zone,1_1,0.22351500627580145,0,0.6133999167707033,0.7425653349354159,0.9880597014925372,0.6133999167707033,decision-fragile zone,0.0,0.9132157289387924,1.0,0.0
Base summary,102,5,4.120862460184748e-09,budget_15_vertical_strip,multi-hole,2,budget_15_vertical_strip,multi-hole,3,0.0,0.0,0.0,1.0,budget_15_vertical_strip|multi-hole|2,budget_15_vertical_strip|multi-hole|3,1_1,-0.689700722662991,0,0.21223470661672908,0.4692099729648542,0.3054726368159204,0.21223470661672908,effective-collapse zone,1_1,-0.689700722662991,0,0.7166042446941324,0.8915590267347551,0.564179104477612,0.7166042446941324,optimization-limited zone,0.0,0.0,0.0,0.0
Base summary,103,1,3.695820343198978e-09,budget_15_vertical_strip,multi-hole,3,budget_15_vertical_strip,pinwheel,1,0.0,0.0,1.0,0.0,budget_15_vertical_strip|multi-hole|3,budget_15_vertical_strip|pinwheel|1,1_1,-0.689700722662991,0,0.7166042446941324,0.8915590267347551,0.564179104477612,0.7166042446941324,optimization-limited zone,1_1,0.22351500627580145,0,0.6133999167707033,0.7425653349354159,0.9880597014925372,0.6133999167707033,decision-fragile zone,0.0,0.9132157289387924,1.0,0.0
Base summary,103,2,4.120862460184748e-09,budget_15_vertical_strip,multi-hole,3,budget_15_vertical_strip,multi-hole,2,0.0,0.0,0.0,1.0,budget_15_vertical_strip|multi-hole|3,budget_15_vertical_strip|multi-hole|2,1_1,-0.689700722662991,0,0.7166042446941324,0.8915590267347551,0.564179104477612,0.7166042446941324,optimization-limited zone,1_1,-0.689700722662991,0,0.21223470661672908,0.4692099729648542,0.3054726368159204,0.21223470661672908,effective-collapse zone,0.0,0.0,0.0,0.0
Base summary,103,3,5.5895625606568105e-09,budget_15_vertical_strip,multi-hole,3,budget_15_vertical_strip,pinwheel,3,0.0,0.0,1.0,0.0,budget_15_vertical_strip|multi-hole|3,budget_15_vertical_strip|pinwheel|3,1_1,-0.689700722662991,0,0.7166042446941324,0.8915590267347551,0.564179104477612,0.7166042446941324,optimization-limited zone,1_1,0.22351500627580145,0,0.7948397836038286,0.8239711625112646,0.998009950248756,0.7948397836038286,decision-fragile zone,0.0,0.9132157289387924,1.0,0.0
Base summary,103,4,6.7083636171084125e-09,budget_15_vertical_strip,multi-hole,3,budget_15_vertical_strip,multi-hole,0,0.0,0.0,0.0,1.0,budget_15_vertical_strip|multi-hole|3,budget_15_vertical_strip|multi-hole|0,1_1,-0.689700722662991,0,0.7166042446941324,0.8915590267347551,0.564179104477612,0.7166042446941324,optimization-limited zone,1_1,-0.689700722662991,1,0.06075738660008322,0.4322619405226794,0.309452736318408,0.06075738660008322,effective-collapse zone,0.0,0.0,0.0,1.0
Base summary,103,5,7.3981664174537e-09,budget_15_vertical_strip,multi-hole,3,budget_15_vertical_strip,pinwheel,0,1.0,1.0,1.0,1.0,budget_15_vertical_strip|multi-hole|3,budget_15_vertical_strip|pinwheel|0,1_1,-0.689700722662991,0,0.7166042446941324,0.8915590267347551,0.564179104477612,0.7166042446941324,optimization-limited zone,1_1,0.22351500627580145,1,0.634207240948814,0.45238810453589656,0.8268656716417911,0.634207240948814,decision-fragile zone,0.0,0.9132157289387924,1.0,1.0
Base summary,104,1,2.4802979873664304e-09,budget_15_vertical_strip,nested-rings,0,budget_15_vertical_strip,nested-rings,2,0.0,0.0,0.0,0.0,budget_15_vertical_strip|nested-rings|0,budget_15_vertical_strip|nested-rings|2,1_1,-0.20273546129123288,1,0.07074490220557636,0.15860618804445775,0.5432835820895522,0.07074490220557636,effective-collapse zone,1_1,-0.20273546129123288,1,0.299625468164794,0.1976569540402523,0.3582089552238806,0.299625468164794,effective-collapse zone,0.0,0.0,0.0,0.0
Base summary,104,2,3.669955818611075e-09,budget_15_vertical_strip,nested-rings,0,budget_15_vertical_strip,nested-rings,3,0.0,0.0,0.0,1.0,budget_15_vertical_strip|nested-rings|0,budget_15_vertical_strip|nested-rings|3,1_1,-0.20273546129123288,1,0.07074490220557636,0.15860618804445775,0.5432835820895522,0.07074490220557636,effective-collapse zone,1_1,-0.20273546129123288,1,0.5189346650020806,0.9402222889756682,0.5542288557213929,0.5189346650020806,optimization-limited zone,0.0,0.0,0.0,0.0
Base summary,104,3,5.369252180679459e-09,budget_15_vertical_strip,nested-rings,0,budget_15_vertical_strip,nested-rings,1,0.0,0.0,0.0,1.0,budget_15_vertical_strip|nested-rings|0,budget_15_vertical_strip|nested-rings|1,1_1,-0.20273546129123288,1,0.07074490220557636,0.15860618804445775,0.5432835820895522,0.07074490220557636,effective-collapse zone,1_1,-0.20273546129123288,1,0.5268414481897628,0.9173926103935115,0.5781094527363185,0.5268414481897628,optimization-limited zone,0.0,0.0,0.0,0.0
Base summary,104,4,2.223353890999546e-08,budget_15_vertical_strip,nested-rings,0,budget_15_vertical_strip,multi-hole,1,1.0,1.0,1.0,1.0,budget_15_vertical_strip|nested-rings|0,budget_15_vertical_strip|multi-hole|1,1_1,-0.20273546129123288,1,0.07074490220557636,0.15860618804445775,0.5432835820895522,0.07074490220557636,effective-collapse zone,1_1,-0.689700722662991,1,0.5834373699542239,0.8939621507960347,0.5233830845771145,0.5834373699542239,optimization-limited zone,0.0,0.4869652613717581,0.0,0.0
Base summary,104,5,3.0633949908362985e-08,budget_15_vertical_strip,nested-rings,0,budget_15_vertical_strip,pinwheel,2,1.0,1.0,1.0,1.0,budget_15_vertical_strip|nested-rings|0,budget_15_vertical_strip|pinwheel|2,1_1,-0.20273546129123288,1,0.07074490220557636,0.15860618804445775,0.5432835820895522,0.07074490220557636,effective-collapse zone,1_1,0.22351500627580145,0,0.5792759051186018,0.6185040552718534,0.8199004975124379,0.5792759051186018,decision-fragile zone,0.0,0.42625046756703433,0.0,1.0
Base summary,105,1,3.897535216498463e-09,budget_15_vertical_strip,nested-rings,1,budget_15_vertical_strip,nested-rings,3,0.0,0.0,0.0,0.0,budget_15_vertical_strip|nested-rings|1,budget_15_vertical_strip|nested-rings|3,1_1,-0.20273546129123288,1,0.5268414481897628,0.9173926103935115,0.5781094527363185,0.5268414481897628,optimization-limited zone,1_1,-0.20273546129123288,1,0.5189346650020806,0.9402222889756682,0.5542288557213929,0.5189346650020806,optimization-limited zone,0.0,0.0,0.0,0.0
Base summary,105,2,5.369252180679459e-09,budget_15_vertical_strip,nested-rings,1,budget_15_vertical_strip,nested-rings,0,0.0,0.0,0.0,1.0,budget_15_vertical_strip|nested-rings|1,budget_15_vertical_strip|nested-rings|0,1_1,-0.20273546129123288,1,0.5268414481897628,0.9173926103935115,0.5781094527363185,0.5268414481897628,optimization-limited zone,1_1,-0.20273546129123288,1,0.07074490220557636,0.15860618804445775,0.5432835820895522,0.07074490220557636,effective-collapse zone,0.0,0.0,0.0,0.0
Base summary,105,3,6.819030011101674e-09,budget_15_vertical_strip,nested-rings,1,budget_15_vertical_strip,nested-rings,2,0.0,0.0,0.0,1.0,budget_15_vertical_strip|nested-rings|1,budget_15_vertical_strip|nested-rings|2,1_1,-0.20273546129123288,1,0.5268414481897628,0.9173926103935115,0.5781094527363185,0.5268414481897628,optimization-limited zone,1_1,-0.20273546129123288,1,0.299625468164794,0.1976569540402523,0.3582089552238806,0.299625468164794,effective-collapse zone,0.0,0.0,0.0,0.0
Base summary,105,4,1.7487143182510853e-08,budget_15_vertical_strip,nested-rings,1,budget_15_vertical_strip,multi-hole,1,1.0,1.0,1.0,0.0,budget_15_vertical_strip|nested-rings|1,budget_15_vertical_strip|multi-hole|1,1_1,-0.20273546129123288,1,0.5268414481897628,0.9173926103935115,0.5781094527363185,0.5268414481897628,optimization-limited zone,1_1,-0.689700722662991,1,0.5834373699542239,0.8939621507960347,0.5233830845771145,0.5834373699542239,optimization-limited zone,0.0,0.4869652613717581,0.0,0.0
Base summary,105,5,2.6020750284880528e-08,budget_15_vertical_strip,nested-rings,1,budget_15_vertical_strip,pinwheel,2,1.0,1.0,1.0,0.0,budget_15_vertical_strip|nested-rings|1,budget_15_vertical_strip|pinwheel|2,1_1,-0.20273546129123288,1,0.5268414481897628,0.9173926103935115,0.5781094527363185,0.5268414481897628,optimization-limited zone,1_1,0.22351500627580145,0,0.5792759051186018,0.6185040552718534,0.8199004975124379,0.5792759051186018,decision-fragile zone,0.0,0.42625046756703433,0.0,1.0
Base summary,106,1,2.4802979873664304e-09,budget_15_vertical_strip,nested-rings,2,budget_15_vertical_strip,nested-rings,0,0.0,0.0,0.0,0.0,budget_15_vertical_strip|nested-rings|2,budget_15_vertical_strip|nested-rings|0,1_1,-0.20273546129123288,1,0.299625468164794,0.1976569540402523,0.3582089552238806,0.299625468164794,effective-collapse zone,1_1,-0.20273546129123288,1,0.07074490220557636,0.15860618804445775,0.5432835820895522,0.07074490220557636,effective-collapse zone,0.0,0.0,0.0,0.0
Base summary,106,2,3.708817025237318e-09,budget_15_vertical_strip,nested-rings,2,budget_15_vertical_strip,nested-rings,3,0.0,0.0,0.0,1.0,budget_15_vertical_strip|nested-rings|2,budget_15_vertical_strip|nested-rings|3,1_1,-0.20273546129123288,1,0.299625468164794,0.1976569540402523,0.3582089552238806,0.299625468164794,effective-collapse zone,1_1,-0.20273546129123288,1,0.5189346650020806,0.9402222889756682,0.5542288557213929,0.5189346650020806,optimization-limited zone,0.0,0.0,0.0,0.0
Base summary,106,3,6.819030011101674e-09,budget_15_vertical_strip,nested-rings,2,budget_15_vertical_strip,nested-rings,1,0.0,0.0,0.0,1.0,budget_15_vertical_strip|nested-rings|2,budget_15_vertical_strip|nested-rings|1,1_1,-0.20273546129123288,1,0.299625468164794,0.1976569540402523,0.3582089552238806,0.299625468164794,effective-collapse zone,1_1,-0.20273546129123288,1,0.5268414481897628,0.9173926103935115,0.5781094527363185,0.5268414481897628,optimization-limited zone,0.0,0.0,0.0,0.0
Base summary,106,4,2.398667765391105e-08,budget_15_vertical_strip,nested-rings,2,budget_15_vertical_strip,multi-hole,1,1.0,1.0,1.0,1.0,budget_15_vertical_strip|nested-rings|2,budget_15_vertical_strip|multi-hole|1,1_1,-0.20273546129123288,1,0.299625468164794,0.1976569540402523,0.3582089552238806,0.299625468164794,effective-collapse zone,1_1,-0.689700722662991,1,0.5834373699542239,0.8939621507960347,0.5233830845771145,0.5834373699542239,optimization-limited zone,0.0,0.4869652613717581,0.0,0.0
Base summary,106,5,3.2461268997655385e-08,budget_15_vertical_strip,nested-rings,2,budget_15_vertical_strip,pinwheel,2,1.0,1.0,1.0,1.0,budget_15_vertical_strip|nested-rings|2,budget_15_vertical_strip|pinwheel|2,1_1,-0.20273546129123288,1,0.299625468164794,0.1976569540402523,0.3582089552238806,0.299625468164794,effective-collapse zone,1_1,0.22351500627580145,0,0.5792759051186018,0.6185040552718534,0.8199004975124379,0.5792759051186018,decision-fragile zone,0.0,0.42625046756703433,0.0,1.0
Base summary,107,1,3.669955818611075e-09,budget_15_vertical_strip,nested-rings,3,budget_15_vertical_strip,nested-rings,0,0.0,0.0,0.0,1.0,budget_15_vertical_strip|nested-rings|3,budget_15_vertical_strip|nested-rings|0,1_1,-0.20273546129123288,1,0.5189346650020806,0.9402222889756682,0.5542288557213929,0.5189346650020806,optimization-limited zone,1_1,-0.20273546129123288,1,0.07074490220557636,0.15860618804445775,0.5432835820895522,0.07074490220557636,effective-collapse zone,0.0,0.0,0.0,0.0
Base summary,107,2,3.708817025237318e-09,budget_15_vertical_strip,nested-rings,3,budget_15_vertical_strip,nested-rings,2,0.0,0.0,0.0,1.0,budget_15_vertical_strip|nested-rings|3,budget_15_vertical_strip|nested-rings|2,1_1,-0.20273546129123288,1,0.5189346650020806,0.9402222889756682,0.5542288557213929,0.5189346650020806,optimization-limited zone,1_1,-0.20273546129123288,1,0.299625468164794,0.1976569540402523,0.3582089552238806,0.299625468164794,effective-collapse zone,0.0,0.0,0.0,0.0
Base summary,107,3,3.897535216498463e-09,budget_15_vertical_strip,nested-rings,3,budget_15_vertical_strip,nested-rings,1,0.0,0.0,0.0,0.0,budget_15_vertical_strip|nested-rings|3,budget_15_vertical_strip|nested-rings|1,1_1,-0.20273546129123288,1,0.5189346650020806,0.9402222889756682,0.5542288557213929,0.5189346650020806,optimization-limited zone,1_1,-0.20273546129123288,1,0.5268414481897628,0.9173926103935115,0.5781094527363185,0.5268414481897628,optimization-limited zone,0.0,0.0,0.0,0.0
Base summary,107,4,2.0758354206254068e-08,budget_15_vertical_strip,nested-rings,3,budget_15_vertical_strip,multi-hole,1,1.0,1.0,1.0,0.0,budget_15_vertical_strip|nested-rings|3,budget_15_vertical_strip|multi-hole|1,1_1,-0.20273546129123288,1,0.5189346650020806,0.9402222889756682,0.5542288557213929,0.5189346650020806,optimization-limited zone,1_1,-0.689700722662991,1,0.5834373699542239,0.8939621507960347,0.5233830845771145,0.5834373699542239,optimization-limited zone,0.0,0.4869652613717581,0.0,0.0
Base summary,107,5,2.929336815195436e-08,budget_15_vertical_strip,nested-rings,3,budget_15_vertical_strip,pinwheel,2,1.0,1.0,1.0,0.0,budget_15_vertical_strip|nested-rings|3,budget_15_vertical_strip|pinwheel|2,1_1,-0.20273546129123288,1,0.5189346650020806,0.9402222889756682,0.5542288557213929,0.5189346650020806,optimization-limited zone,1_1,0.22351500627580145,0,0.5792759051186018,0.6185040552718534,0.8199004975124379,0.5792759051186018,decision-fragile zone,0.0,0.42625046756703433,0.0,1.0
Base summary,108,1,1.3467117167531999e-09,budget_15_vertical_strip,pinwheel,0,budget_15_vertical_strip,multi-hole,0,1.0,1.0,1.0,0.0,budget_15_vertical_strip|pinwheel|0,budget_15_vertical_strip|multi-hole|0,1_1,0.22351500627580145,1,0.634207240948814,0.45238810453589656,0.8268656716417911,0.634207240948814,decision-fragile zone,1_1,-0.689700722662991,1,0.06075738660008322,0.4322619405226794,0.309452736318408,0.06075738660008322,effective-collapse zone,0.0,0.9132157289387924,1.0,0.0
Base summary,108,2,2.756865402031718e-09,budget_15_vertical_strip,pinwheel,0,budget_15_vertical_strip,pinwheel,2,1.0,1.0,0.0,1.0,budget_15_vertical_strip|pinwheel|0,budget_15_vertical_strip|pinwheel|2,1_1,0.22351500627580145,1,0.634207240948814,0.45238810453589656,0.8268656716417911,0.634207240948814,decision-fragile zone,1_1,0.22351500627580145,0,0.5792759051186018,0.6185040552718534,0.8199004975124379,0.5792759051186018,decision-fragile zone,0.0,0.0,0.0,1.0
Base summary,108,3,2.762865780989254e-09,budget_15_vertical_strip,pinwheel,0,budget_15_vertical_strip,pinwheel,3,1.0,1.0,0.0,1.0,budget_15_vertical_strip|pinwheel|0,budget_15_vertical_strip|pinwheel|3,1_1,0.22351500627580145,1,0.634207240948814,0.45238810453589656,0.8268656716417911,0.634207240948814,decision-fragile zone,1_1,0.22351500627580145,0,0.7948397836038286,0.8239711625112646,0.998009950248756,0.7948397836038286,decision-fragile zone,0.0,0.0,0.0,1.0
Base summary,108,4,3.580285788520613e-09,budget_15_vertical_strip,pinwheel,0,budget_15_vertical_strip,multi-hole,2,1.0,1.0,1.0,0.0,budget_15_vertical_strip|pinwheel|0,budget_15_vertical_strip|multi-hole|2,1_1,0.22351500627580145,1,0.634207240948814,0.45238810453589656,0.8268656716417911,0.634207240948814,decision-fragile zone,1_1,-0.689700722662991,0,0.21223470661672908,0.4692099729648542,0.3054726368159204,0.21223470661672908,effective-collapse zone,0.0,0.9132157289387924,1.0,1.0
Base summary,108,5,5.4464221653213555e-09,budget_15_vertical_strip,pinwheel,0,budget_15_vertical_strip,pinwheel,1,1.0,1.0,0.0,1.0,budget_15_vertical_strip|pinwheel|0,budget_15_vertical_strip|pinwheel|1,1_1,0.22351500627580145,1,0.634207240948814,0.45238810453589656,0.8268656716417911,0.634207240948814,decision-fragile zone,1_1,0.22351500627580145,0,0.6133999167707033,0.7425653349354159,0.9880597014925372,0.6133999167707033,decision-fragile zone,0.0,0.0,0.0,1.0
Base summary,109,1,2.8843116809968204e-09,budget_15_vertical_strip,pinwheel,1,budget_15_vertical_strip,pinwheel,3,0.0,0.0,0.0,0.0,budget_15_vertical_strip|pinwheel|1,budget_15_vertical_strip|pinwheel|3,1_1,0.22351500627580145,0,0.6133999167707033,0.7425653349354159,0.9880597014925372,0.6133999167707033,decision-fragile zone,1_1,0.22351500627580145,0,0.7948397836038286,0.8239711625112646,0.998009950248756,0.7948397836038286,decision-fragile zone,0.0,0.0,0.0,0.0
Base summary,109,2,3.695820343198978e-09,budget_15_vertical_strip,pinwheel,1,budget_15_vertical_strip,multi-hole,3,0.0,0.0,1.0,0.0,budget_15_vertical_strip|pinwheel|1,budget_15_vertical_strip|multi-hole|3,1_1,0.22351500627580145,0,0.6133999167707033,0.7425653349354159,0.9880597014925372,0.6133999167707033,decision-fragile zone,1_1,-0.689700722662991,0,0.7166042446941324,0.8915590267347551,0.564179104477612,0.7166042446941324,optimization-limited zone,0.0,0.9132157289387924,1.0,0.0
Base summary,109,3,3.8695345264465984e-09,budget_15_vertical_strip,pinwheel,1,budget_15_vertical_strip,multi-hole,2,0.0,0.0,1.0,1.0,budget_15_vertical_strip|pinwheel|1,budget_15_vertical_strip|multi-hole|2,1_1,0.22351500627580145,0,0.6133999167707033,0.7425653349354159,0.9880597014925372,0.6133999167707033,decision-fragile zone,1_1,-0.689700722662991,0,0.21223470661672908,0.4692099729648542,0.3054726368159204,0.21223470661672908,effective-collapse zone,0.0,0.9132157289387924,1.0,0.0
Base summary,109,4,5.391216007587249e-09,budget_15_vertical_strip,pinwheel,1,budget_15_vertical_strip,multi-hole,0,0.0,0.0,1.0,1.0,budget_15_vertical_strip|pinwheel|1,budget_15_vertical_strip|multi-hole|0,1_1,0.22351500627580145,0,0.6133999167707033,0.7425653349354159,0.9880597014925372,0.6133999167707033,decision-fragile zone,1_1,-0.689700722662991,1,0.06075738660008322,0.4322619405226794,0.309452736318408,0.06075738660008322,effective-collapse zone,0.0,0.9132157289387924,1.0,1.0
Base summary,109,5,5.4464221653213555e-09,budget_15_vertical_strip,pinwheel,1,budget_15_vertical_strip,pinwheel,0,1.0,1.0,0.0,1.0,budget_15_vertical_strip|pinwheel|1,budget_15_vertical_strip|pinwheel|0,1_1,0.22351500627580145,0,0.6133999167707033,0.7425653349354159,0.9880597014925372,0.6133999167707033,decision-fragile zone,1_1,0.22351500627580145,1,0.634207240948814,0.45238810453589656,0.8268656716417911,0.634207240948814,decision-fragile zone,0.0,0.0,0.0,1.0
Base summary,110,1,2.756865402031718e-09,budget_15_vertical_strip,pinwheel,2,budget_15_vertical_strip,pinwheel,0,1.0,1.0,0.0,1.0,budget_15_vertical_strip|pinwheel|2,budget_15_vertical_strip|pinwheel|0,1_1,0.22351500627580145,0,0.5792759051186018,0.6185040552718534,0.8199004975124379,0.5792759051186018,decision-fragile zone,1_1,0.22351500627580145,1,0.634207240948814,0.45238810453589656,0.8268656716417911,0.634207240948814,decision-fragile zone,0.0,0.0,0.0,1.0
Base summary,110,2,3.3224495868111504e-09,budget_15_vertical_strip,pinwheel,2,budget_15_vertical_strip,multi-hole,0,0.0,0.0,1.0,1.0,budget_15_vertical_strip|pinwheel|2,budget_15_vertical_strip|multi-hole|0,1_1,0.22351500627580145,0,0.5792759051186018,0.6185040552718534,0.8199004975124379,0.5792759051186018,decision-fragile zone,1_1,-0.689700722662991,1,0.06075738660008322,0.4322619405226794,0.309452736318408,0.06075738660008322,effective-collapse zone,0.0,0.9132157289387924,1.0,1.0
Base summary,110,3,3.584568277043108e-09,budget_15_vertical_strip,pinwheel,2,budget_15_vertical_strip,pinwheel,3,0.0,0.0,0.0,0.0,budget_15_vertical_strip|pinwheel|2,budget_15_vertical_strip|pinwheel|3,1_1,0.22351500627580145,0,0.5792759051186018,0.6185040552718534,0.8199004975124379,0.5792759051186018,decision-fragile zone,1_1,0.22351500627580145,0,0.7948397836038286,0.8239711625112646,0.998009950248756,0.7948397836038286,decision-fragile zone,0.0,0.0,0.0,0.0
Base summary,110,4,5.2977491837379914e-09,budget_15_vertical_strip,pinwheel,2,budget_15_vertical_strip,multi-hole,2,0.0,0.0,1.0,1.0,budget_15_vertical_strip|pinwheel|2,budget_15_vertical_strip|multi-hole|2,1_1,0.22351500627580145,0,0.5792759051186018,0.6185040552718534,0.8199004975124379,0.5792759051186018,decision-fragile zone,1_1,-0.689700722662991,0,0.21223470661672908,0.4692099729648542,0.3054726368159204,0.21223470661672908,effective-collapse zone,0.0,0.9132157289387924,1.0,0.0
Base summary,110,5,6.38017816799163e-09,budget_15_vertical_strip,pinwheel,2,budget_15_vertical_strip,pinwheel,1,0.0,0.0,0.0,0.0,budget_15_vertical_strip|pinwheel|2,budget_15_vertical_strip|pinwheel|1,1_1,0.22351500627580145,0,0.5792759051186018,0.6185040552718534,0.8199004975124379,0.5792759051186018,decision-fragile zone,1_1,0.22351500627580145,0,0.6133999167707033,0.7425653349354159,0.9880597014925372,0.6133999167707033,decision-fragile zone,0.0,0.0,0.0,0.0
Base summary,111,1,2.762865780989254e-09,budget_15_vertical_strip,pinwheel,3,budget_15_vertical_strip,pinwheel,0,1.0,1.0,0.0,1.0,budget_15_vertical_strip|pinwheel|3,budget_15_vertical_strip|pinwheel|0,1_1,0.22351500627580145,0,0.7948397836038286,0.8239711625112646,0.998009950248756,0.7948397836038286,decision-fragile zone,1_1,0.22351500627580145,1,0.634207240948814,0.45238810453589656,0.8268656716417911,0.634207240948814,decision-fragile zone,0.0,0.0,0.0,1.0
Base summary,111,2,2.8843116809968204e-09,budget_15_vertical_strip,pinwheel,3,budget_15_vertical_strip,pinwheel,1,0.0,0.0,0.0,0.0,budget_15_vertical_strip|pinwheel|3,budget_15_vertical_strip|pinwheel|1,1_1,0.22351500627580145,0,0.7948397836038286,0.8239711625112646,0.998009950248756,0.7948397836038286,decision-fragile zone,1_1,0.22351500627580145,0,0.6133999167707033,0.7425653349354159,0.9880597014925372,0.6133999167707033,decision-fragile zone,0.0,0.0,0.0,0.0
Base summary,111,3,2.976967495936198e-09,budget_15_vertical_strip,pinwheel,3,budget_15_vertical_strip,multi-hole,0,0.0,0.0,1.0,1.0,budget_15_vertical_strip|pinwheel|3,budget_15_vertical_strip|multi-hole|0,1_1,0.22351500627580145,0,0.7948397836038286,0.8239711625112646,0.998009950248756,0.7948397836038286,decision-fragile zone,1_1,-0.689700722662991,1,0.06075738660008322,0.4322619405226794,0.309452736318408,0.06075738660008322,effective-collapse zone,0.0,0.9132157289387924,1.0,1.0
Base summary,111,4,2.9985277447763078e-09,budget_15_vertical_strip,pinwheel,3,budget_15_vertical_strip,multi-hole,2,0.0,0.0,1.0,1.0,budget_15_vertical_strip|pinwheel|3,budget_15_vertical_strip|multi-hole|2,1_1,0.22351500627580145,0,0.7948397836038286,0.8239711625112646,0.998009950248756,0.7948397836038286,decision-fragile zone,1_1,-0.689700722662991,0,0.21223470661672908,0.4692099729648542,0.3054726368159204,0.21223470661672908,effective-collapse zone,0.0,0.9132157289387924,1.0,0.0
Base summary,111,5,3.584568277043108e-09,budget_15_vertical_strip,pinwheel,3,budget_15_vertical_strip,pinwheel,2,0.0,0.0,0.0,0.0,budget_15_vertical_strip|pinwheel|3,budget_15_vertical_strip|pinwheel|2,1_1,0.22351500627580145,0,0.7948397836038286,0.8239711625112646,0.998009950248756,0.7948397836038286,decision-fragile zone,1_1,0.22351500627580145,0,0.5792759051186018,0.6185040552718534,0.8199004975124379,0.5792759051186018,decision-fragile zone,0.0,0.0,0.0,0.0
Base summary,112,1,2.418113363146137e-09,budget_15_vertical_strip,spiral,0,budget_15_vertical_strip,spiral,1,1.0,1.0,0.0,1.0,budget_15_vertical_strip|spiral|0,budget_15_vertical_strip|spiral|1,1_1,-0.3289846515378983,0,0.36953807740324596,0.18023430459597475,0.2845771144278607,0.36953807740324596,effective-collapse zone,1_1,-0.3289846515378983,0,0.46109030378693305,0.6716731751276659,0.6477611940298508,0.46109030378693305,optimization-limited zone,0.0,0.0,0.0,0.0
Base summary,112,2,5.078248177182807e-09,budget_15_vertical_strip,spiral,0,budget_15_vertical_strip,spiral,3,1.0,1.0,0.0,1.0,budget_15_vertical_strip|spiral|0,budget_15_vertical_strip|spiral|3,1_1,-0.3289846515378983,0,0.36953807740324596,0.18023430459597475,0.2845771144278607,0.36953807740324596,effective-collapse zone,1_1,-0.3289846515378983,0,0.7007906783187682,0.8107539801742265,0.7542288557213931,0.7007906783187682,optimization-limited zone,0.0,0.0,0.0,0.0
Base summary,112,3,6.306173979052848e-09,budget_15_vertical_strip,spiral,0,budget_15_vertical_strip,cross-branch,3,1.0,1.0,1.0,1.0,budget_15_vertical_strip|spiral|0,budget_15_vertical_strip|cross-branch|3,1_1,-0.3289846515378983,0,0.36953807740324596,0.18023430459597475,0.2845771144278607,0.36953807740324596,effective-collapse zone,1_0,-0.2736144549003908,1,0.4511027881814399,0.8660258335836587,0.23383084577114432,0.4511027881814399,optimization-limited zone,1.0,0.055370196637507474,0.0,1.0
Base summary,112,4,7.958208263112658e-09,budget_15_vertical_strip,spiral,0,budget_15_vertical_strip,spiral,2,1.0,1.0,0.0,0.0,budget_15_vertical_strip|spiral|0,budget_15_vertical_strip|spiral|2,1_1,-0.3289846515378983,0,0.36953807740324596,0.18023430459597475,0.2845771144278607,0.36953807740324596,effective-collapse zone,1_1,-0.3289846515378983,0,0.38451935081148564,0.24001201562030636,0.28358208955223874,0.38451935081148564,effective-collapse zone,0.0,0.0,0.0,0.0
Base summary,112,5,9.26958454760446e-09,budget_15_vertical_strip,spiral,0,budget_15_vertical_strip,cross-branch,0,1.0,1.0,1.0,1.0,budget_15_vertical_strip|spiral|0,budget_15_vertical_strip|cross-branch|0,1_1,-0.3289846515378983,0,0.36953807740324596,0.18023430459597475,0.2845771144278607,0.36953807740324596,effective-collapse zone,1_0,-0.2736144549003908,1,0.23220973782771537,0.16221087413637728,0.01094527363184083,0.23220973782771537,ambiguity zone,1.0,0.055370196637507474,0.0,1.0
Base summary,113,1,2.418113363146137e-09,budget_15_vertical_strip,spiral,1,budget_15_vertical_strip,spiral,0,1.0,1.0,0.0,1.0,budget_15_vertical_strip|spiral|1,budget_15_vertical_strip|spiral|0,1_1,-0.3289846515378983,0,0.46109030378693305,0.6716731751276659,0.6477611940298508,0.46109030378693305,optimization-limited zone,1_1,-0.3289846515378983,0,0.36953807740324596,0.18023430459597475,0.2845771144278607,0.36953807740324596,effective-collapse zone,0.0,0.0,0.0,0.0
Base summary,113,2,6.693100956908549e-09,budget_15_vertical_strip,spiral,1,budget_15_vertical_strip,cross-branch,3,0.0,0.0,1.0,0.0,budget_15_vertical_strip|spiral|1,budget_15_vertical_strip|cross-branch|3,1_1,-0.3289846515378983,0,0.46109030378693305,0.6716731751276659,0.6477611940298508,0.46109030378693305,optimization-limited zone,1_0,-0.2736144549003908,1,0.4511027881814399,0.8660258335836587,0.23383084577114432,0.4511027881814399,optimization-limited zone,1.0,0.055370196637507474,0.0,1.0
Base summary,113,3,7.400255531126559e-09,budget_15_vertical_strip,spiral,1,budget_15_vertical_strip,spiral,3,0.0,0.0,0.0,0.0,budget_15_vertical_strip|spiral|1,budget_15_vertical_strip|spiral|3,1_1,-0.3289846515378983,0,0.46109030378693305,0.6716731751276659,0.6477611940298508,0.46109030378693305,optimization-limited zone,1_1,-0.3289846515378983,0,0.7007906783187682,0.8107539801742265,0.7542288557213931,0.7007906783187682,optimization-limited zone,0.0,0.0,0.0,0.0
Base summary,113,4,1.0270677633379697e-08,budget_15_vertical_strip,spiral,1,budget_15_vertical_strip,spiral,2,0.0,0.0,0.0,1.0,budget_15_vertical_strip|spiral|1,budget_15_vertical_strip|spiral|2,1_1,-0.3289846515378983,0,0.46109030378693305,0.6716731751276659,0.6477611940298508,0.46109030378693305,optimization-limited zone,1_1,-0.3289846515378983,0,0.38451935081148564,0.24001201562030636,0.28358208955223874,0.38451935081148564,effective-collapse zone,0.0,0.0,0.0,0.0
Base summary,113,5,1.0655214117204882e-08,budget_15_vertical_strip,spiral,1,budget_15_vertical_strip,cross-branch,0,1.0,0.0,1.0,1.0,budget_15_vertical_strip|spiral|1,budget_15_vertical_strip|cross-branch|0,1_1,-0.3289846515378983,0,0.46109030378693305,0.6716731751276659,0.6477611940298508,0.46109030378693305,optimization-limited zone,1_0,-0.2736144549003908,1,0.23220973782771537,0.16221087413637728,0.01094527363184083,0.23220973782771537,ambiguity zone,1.0,0.055370196637507474,0.0,1.0
Base summary,114,1,2.888137842031269e-09,budget_15_vertical_strip,spiral,2,budget_15_vertical_strip,spiral,3,0.0,0.0,0.0,1.0,budget_15_vertical_strip|spiral|2,budget_15_vertical_strip|spiral|3,1_1,-0.3289846515378983,0,0.38451935081148564,0.24001201562030636,0.28358208955223874,0.38451935081148564,effective-collapse zone,1_1,-0.3289846515378983,0,0.7007906783187682,0.8107539801742265,0.7542288557213931,0.7007906783187682,optimization-limited zone,0.0,0.0,0.0,0.0
Base summary,114,2,6.319753636001242e-09,budget_15_vertical_strip,spiral,2,budget_15_vertical_strip,cross-branch,0,1.0,0.0,1.0,1.0,budget_15_vertical_strip|spiral|2,budget_15_vertical_strip|cross-branch|0,1_1,-0.3289846515378983,0,0.38451935081148564,0.24001201562030636,0.28358208955223874,0.38451935081148564,effective-collapse zone,1_0,-0.2736144549003908,1,0.23220973782771537,0.16221087413637728,0.01094527363184083,0.23220973782771537,ambiguity zone,1.0,0.055370196637507474,0.0,1.0
Base summary,114,3,6.998744812187216e-09,budget_15_vertical_strip,spiral,2,budget_15_vertical_strip,cross-branch,2,1.0,0.0,1.0,1.0,budget_15_vertical_strip|spiral|2,budget_15_vertical_strip|cross-branch|2,1_1,-0.3289846515378983,0,0.38451935081148564,0.24001201562030636,0.28358208955223874,0.38451935081148564,effective-collapse zone,1_0,-0.2736144549003908,0,0.2879733666250521,0.4460799038750375,0.13631840796019898,0.2879733666250521,ambiguity zone,1.0,0.055370196637507474,0.0,0.0
Base summary,114,4,7.6194565119613e-09,budget_15_vertical_strip,spiral,2,budget_15_vertical_strip,cross-branch,1,0.0,0.0,1.0,1.0,budget_15_vertical_strip|spiral|2,budget_15_vertical_strip|cross-branch|1,1_1,-0.3289846515378983,0,0.38451935081148564,0.24001201562030636,0.28358208955223874,0.38451935081148564,effective-collapse zone,1_0,-0.2736144549003908,1,0.6758218893050354,0.7963352358065484,0.7741293532338309,0.6758218893050354,decision-fragile zone,1.0,0.055370196637507474,0.0,1.0
Base summary,114,5,7.958208263112658e-09,budget_15_vertical_strip,spiral,2,budget_15_vertical_strip,spiral,0,1.0,1.0,0.0,0.0,budget_15_vertical_strip|spiral|2,budget_15_vertical_strip|spiral|0,1_1,-0.3289846515378983,0,0.38451935081148564,0.24001201562030636,0.28358208955223874,0.38451935081148564,effective-collapse zone,1_1,-0.3289846515378983,0,0.36953807740324596,0.18023430459597475,0.2845771144278607,0.36953807740324596,effective-collapse zone,0.0,0.0,0.0,0.0
Base summary,115,1,2.888137842031269e-09,budget_15_vertical_strip,spiral,3,budget_15_vertical_strip,spiral,2,0.0,0.0,0.0,1.0,budget_15_vertical_strip|spiral|3,budget_15_vertical_strip|spiral|2,1_1,-0.3289846515378983,0,0.7007906783187682,0.8107539801742265,0.7542288557213931,0.7007906783187682,optimization-limited zone,1_1,-0.3289846515378983,0,0.38451935081148564,0.24001201562030636,0.28358208955223874,0.38451935081148564,effective-collapse zone,0.0,0.0,0.0,0.0
Base summary,115,2,5.078248177182807e-09,budget_15_vertical_strip,spiral,3,budget_15_vertical_strip,spiral,0,1.0,1.0,0.0,1.0,budget_15_vertical_strip|spiral|3,budget_15_vertical_strip|spiral|0,1_1,-0.3289846515378983,0,0.7007906783187682,0.8107539801742265,0.7542288557213931,0.7007906783187682,optimization-limited zone,1_1,-0.3289846515378983,0,0.36953807740324596,0.18023430459597475,0.2845771144278607,0.36953807740324596,effective-collapse zone,0.0,0.0,0.0,0.0
Base summary,115,3,6.512810466675813e-09,budget_15_vertical_strip,spiral,3,budget_15_vertical_strip,cross-branch,0,1.0,0.0,1.0,1.0,budget_15_vertical_strip|spiral|3,budget_15_vertical_strip|cross-branch|0,1_1,-0.3289846515378983,0,0.7007906783187682,0.8107539801742265,0.7542288557213931,0.7007906783187682,optimization-limited zone,1_0,-0.2736144549003908,1,0.23220973782771537,0.16221087413637728,0.01094527363184083,0.23220973782771537,ambiguity zone,1.0,0.055370196637507474,0.0,1.0
Base summary,115,4,7.237338941304378e-09,budget_15_vertical_strip,spiral,3,budget_15_vertical_strip,cross-branch,3,0.0,0.0,1.0,0.0,budget_15_vertical_strip|spiral|3,budget_15_vertical_strip|cross-branch|3,1_1,-0.3289846515378983,0,0.7007906783187682,0.8107539801742265,0.7542288557213931,0.7007906783187682,optimization-limited zone,1_0,-0.2736144549003908,1,0.4511027881814399,0.8660258335836587,0.23383084577114432,0.4511027881814399,optimization-limited zone,1.0,0.055370196637507474,0.0,1.0
Base summary,115,5,7.400255531126559e-09,budget_15_vertical_strip,spiral,3,budget_15_vertical_strip,spiral,1,0.0,0.0,0.0,0.0,budget_15_vertical_strip|spiral|3,budget_15_vertical_strip|spiral|1,1_1,-0.3289846515378983,0,0.7007906783187682,0.8107539801742265,0.7542288557213931,0.7007906783187682,optimization-limited zone,1_1,-0.3289846515378983,0,0.46109030378693305,0.6716731751276659,0.6477611940298508,0.46109030378693305,optimization-limited zone,0.0,0.0,0.0,0.0
Base summary,116,1,5.372063548898691e-09,budget_15_vertical_strip,volatility-clustering,0,budget_15_vertical_strip,volatility-clustering,3,0.0,0.0,0.0,1.0,budget_15_vertical_strip|volatility-clustering|0,budget_15_vertical_strip|volatility-clustering|3,1_0,0.4439176548542998,1,0.5359966708281314,0.699008711324722,0.3920398009950249,0.5359966708281314,optimization-limited zone,1_0,0.4439176548542998,1,0.5301706200582605,0.4716130970261339,0.5243781094527363,0.5301706200582605,ambiguity zone,0.0,0.0,0.0,0.0
Base summary,116,2,9.456526748143226e-09,budget_15_vertical_strip,volatility-clustering,0,budget_15_vertical_strip,double-loop,1,1.0,1.0,1.0,1.0,budget_15_vertical_strip|volatility-clustering|0,budget_15_vertical_strip|double-loop|1,1_0,0.4439176548542998,1,0.5359966708281314,0.699008711324722,0.3920398009950249,0.5359966708281314,optimization-limited zone,1_0,-0.04713477352374962,1,0.615064502704952,0.11685190747972361,0.30447761194029854,0.615064502704952,ambiguity zone,0.0,0.4910524283780494,1.0,0.0
Base summary,116,3,1.0765225457976057e-08,budget_15_vertical_strip,volatility-clustering,0,budget_15_vertical_strip,double-loop,2,1.0,1.0,1.0,1.0,budget_15_vertical_strip|volatility-clustering|0,budget_15_vertical_strip|double-loop|2,1_0,0.4439176548542998,1,0.5359966708281314,0.699008711324722,0.3920398009950249,0.5359966708281314,optimization-limited zone,1_0,-0.04713477352374962,0,0.5609654598418644,0.8903574647041154,0.3502487562189055,0.5609654598418644,optimization-limited zone,0.0,0.4910524283780494,1.0,1.0
Base summary,116,4,1.1419846911187604e-08,budget_15_vertical_strip,volatility-clustering,0,budget_15_vertical_strip,double-loop,3,1.0,1.0,1.0,1.0,budget_15_vertical_strip|volatility-clustering|0,budget_15_vertical_strip|double-loop|3,1_0,0.4439176548542998,1,0.5359966708281314,0.699008711324722,0.3920398009950249,0.5359966708281314,optimization-limited zone,1_0,-0.04713477352374962,1,0.6666666666666667,0.19194953439471305,0.3124378109452737,0.6666666666666667,ambiguity zone,0.0,0.4910524283780494,1.0,0.0
Base summary,116,5,1.1839806901353284e-08,budget_15_vertical_strip,volatility-clustering,0,budget_15_vertical_strip,double-loop,0,1.0,1.0,1.0,1.0,budget_15_vertical_strip|volatility-clustering|0,budget_15_vertical_strip|double-loop|0,1_0,0.4439176548542998,1,0.5359966708281314,0.699008711324722,0.3920398009950249,0.5359966708281314,optimization-limited zone,1_0,-0.04713477352374962,0,0.842280482729921,0.8203664764193449,0.5691542288557213,0.842280482729921,optimization-limited zone,0.0,0.4910524283780494,1.0,1.0
Base summary,117,1,2.8609613904710873e-08,budget_15_vertical_strip,volatility-clustering,1,budget_15_vertical_strip,volatility-clustering,3,0.0,0.0,0.0,0.0,budget_15_vertical_strip|volatility-clustering|1,budget_15_vertical_strip|volatility-clustering|3,1_0,0.4439176548542998,0,0.7399084477736163,0.3487533793932111,0.26268656716417915,0.7399084477736163,ambiguity zone,1_0,0.4439176548542998,1,0.5301706200582605,0.4716130970261339,0.5243781094527363,0.5301706200582605,ambiguity zone,0.0,0.0,0.0,1.0
Base summary,117,2,3.167845675340113e-08,budget_15_vertical_strip,volatility-clustering,1,budget_15_vertical_strip,volatility-clustering,0,0.0,0.0,0.0,1.0,budget_15_vertical_strip|volatility-clustering|1,budget_15_vertical_strip|volatility-clustering|0,1_0,0.4439176548542998,0,0.7399084477736163,0.3487533793932111,0.26268656716417915,0.7399084477736163,ambiguity zone,1_0,0.4439176548542998,1,0.5359966708281314,0.699008711324722,0.3920398009950249,0.5359966708281314,optimization-limited zone,0.0,0.0,0.0,1.0
Base summary,117,3,3.39052989971173e-08,budget_15_vertical_strip,volatility-clustering,1,budget_15_vertical_strip,double-loop,1,1.0,1.0,1.0,1.0,budget_15_vertical_strip|volatility-clustering|1,budget_15_vertical_strip|double-loop|1,1_0,0.4439176548542998,0,0.7399084477736163,0.3487533793932111,0.26268656716417915,0.7399084477736163,ambiguity zone,1_0,-0.04713477352374962,1,0.615064502704952,0.11685190747972361,0.30447761194029854,0.615064502704952,ambiguity zone,0.0,0.4910524283780494,1.0,1.0
Base summary,117,4,3.747746367045415e-08,budget_15_vertical_strip,volatility-clustering,1,budget_15_vertical_strip,double-loop,2,1.0,1.0,1.0,1.0,budget_15_vertical_strip|volatility-clustering|1,budget_15_vertical_strip|double-loop|2,1_0,0.4439176548542998,0,0.7399084477736163,0.3487533793932111,0.26268656716417915,0.7399084477736163,ambiguity zone,1_0,-0.04713477352374962,0,0.5609654598418644,0.8903574647041154,0.3502487562189055,0.5609654598418644,optimization-limited zone,0.0,0.4910524283780494,1.0,0.0
Base summary,117,5,3.760146595523134e-08,budget_15_vertical_strip,volatility-clustering,1,budget_15_vertical_strip,double-loop,3,1.0,1.0,1.0,0.0,budget_15_vertical_strip|volatility-clustering|1,budget_15_vertical_strip|double-loop|3,1_0,0.4439176548542998,0,0.7399084477736163,0.3487533793932111,0.26268656716417915,0.7399084477736163,ambiguity zone,1_0,-0.04713477352374962,1,0.6666666666666667,0.19194953439471305,0.3124378109452737,0.6666666666666667,ambiguity zone,0.0,0.4910524283780494,1.0,1.0
Base summary,118,1,2.4007749865758667e-08,budget_15_vertical_strip,volatility-clustering,2,budget_15_vertical_strip,double-loop,0,0.0,0.0,1.0,1.0,budget_15_vertical_strip|volatility-clustering|2,budget_15_vertical_strip|double-loop|0,1_0,0.4439176548542998,1,0.9071993341656263,0.6911985581255632,0.8776119402985074,0.9071993341656263,decision-fragile zone,1_0,-0.04713477352374962,0,0.842280482729921,0.8203664764193449,0.5691542288557213,0.842280482729921,optimization-limited zone,0.0,0.4910524283780494,1.0,1.0
Base summary,118,2,2.6382917019063587e-08,budget_15_vertical_strip,volatility-clustering,2,budget_15_vertical_strip,double-loop,2,0.0,0.0,1.0,1.0,budget_15_vertical_strip|volatility-clustering|2,budget_15_vertical_strip|double-loop|2,1_0,0.4439176548542998,1,0.9071993341656263,0.6911985581255632,0.8776119402985074,0.9071993341656263,decision-fragile zone,1_0,-0.04713477352374962,0,0.5609654598418644,0.8903574647041154,0.3502487562189055,0.5609654598418644,optimization-limited zone,0.0,0.4910524283780494,1.0,1.0
Base summary,118,3,2.690041094994115e-08,budget_15_vertical_strip,volatility-clustering,2,budget_15_vertical_strip,double-loop,3,1.0,0.0,1.0,1.0,budget_15_vertical_strip|volatility-clustering|2,budget_15_vertical_strip|double-loop|3,1_0,0.4439176548542998,1,0.9071993341656263,0.6911985581255632,0.8776119402985074,0.9071993341656263,decision-fragile zone,1_0,-0.04713477352374962,1,0.6666666666666667,0.19194953439471305,0.3124378109452737,0.6666666666666667,ambiguity zone,0.0,0.4910524283780494,1.0,0.0
Base summary,118,4,2.980260155628113e-08,budget_15_vertical_strip,volatility-clustering,2,budget_15_vertical_strip,double-loop,1,1.0,0.0,1.0,1.0,budget_15_vertical_strip|volatility-clustering|2,budget_15_vertical_strip|double-loop|1,1_0,0.4439176548542998,1,0.9071993341656263,0.6911985581255632,0.8776119402985074,0.9071993341656263,decision-fragile zone,1_0,-0.04713477352374962,1,0.615064502704952,0.11685190747972361,0.30447761194029854,0.615064502704952,ambiguity zone,0.0,0.4910524283780494,1.0,0.0
Base summary,118,5,2.9922337329290854e-08,budget_15_vertical_strip,volatility-clustering,2,budget_15_vertical_strip,volatility-clustering,0,1.0,1.0,0.0,0.0,budget_15_vertical_strip|volatility-clustering|2,budget_15_vertical_strip|volatility-clustering|0,1_0,0.4439176548542998,1,0.9071993341656263,0.6911985581255632,0.8776119402985074,0.9071993341656263,decision-fragile zone,1_0,0.4439176548542998,1,0.5359966708281314,0.699008711324722,0.3920398009950249,0.5359966708281314,optimization-limited zone,0.0,0.0,0.0,0.0
Base summary,119,1,5.372063548898691e-09,budget_15_vertical_strip,volatility-clustering,3,budget_15_vertical_strip,volatility-clustering,0,0.0,0.0,0.0,1.0,budget_15_vertical_strip|volatility-clustering|3,budget_15_vertical_strip|volatility-clustering|0,1_0,0.4439176548542998,1,0.5301706200582605,0.4716130970261339,0.5243781094527363,0.5301706200582605,ambiguity zone,1_0,0.4439176548542998,1,0.5359966708281314,0.699008711324722,0.3920398009950249,0.5359966708281314,optimization-limited zone,0.0,0.0,0.0,0.0
Base summary,119,2,7.855638806296876e-09,budget_15_vertical_strip,volatility-clustering,3,budget_15_vertical_strip,double-loop,1,1.0,1.0,1.0,1.0,budget_15_vertical_strip|volatility-clustering|3,budget_15_vertical_strip|double-loop|1,1_0,0.4439176548542998,1,0.5301706200582605,0.4716130970261339,0.5243781094527363,0.5301706200582605,ambiguity zone,1_0,-0.04713477352374962,1,0.615064502704952,0.11685190747972361,0.30447761194029854,0.615064502704952,ambiguity zone,0.0,0.4910524283780494,1.0,0.0
Base summary,119,3,1.0508990436336961e-08,budget_15_vertical_strip,volatility-clustering,3,budget_15_vertical_strip,double-loop,3,1.0,1.0,1.0,0.0,budget_15_vertical_strip|volatility-clustering|3,budget_15_vertical_strip|double-loop|3,1_0,0.4439176548542998,1,0.5301706200582605,0.4716130970261339,0.5243781094527363,0.5301706200582605,ambiguity zone,1_0,-0.04713477352374962,1,0.6666666666666667,0.19194953439471305,0.3124378109452737,0.6666666666666667,ambiguity zone,0.0,0.4910524283780494,1.0,0.0
Base summary,119,4,1.0626095415356923e-08,budget_15_vertical_strip,volatility-clustering,3,budget_15_vertical_strip,double-loop,2,1.0,1.0,1.0,1.0,budget_15_vertical_strip|volatility-clustering|3,budget_15_vertical_strip|double-loop|2,1_0,0.4439176548542998,1,0.5301706200582605,0.4716130970261339,0.5243781094527363,0.5301706200582605,ambiguity zone,1_0,-0.04713477352374962,0,0.5609654598418644,0.8903574647041154,0.3502487562189055,0.5609654598418644,optimization-limited zone,0.0,0.4910524283780494,1.0,1.0
Base summary,119,5,1.2444296214400338e-08,budget_15_vertical_strip,volatility-clustering,3,budget_15_vertical_strip,double-loop,0,1.0,1.0,1.0,1.0,budget_15_vertical_strip|volatility-clustering|3,budget_15_vertical_strip|double-loop|0,1_0,0.4439176548542998,1,0.5301706200582605,0.4716130970261339,0.5243781094527363,0.5301706200582605,ambiguity zone,1_0,-0.04713477352374962,0,0.842280482729921,0.8203664764193449,0.5691542288557213,0.842280482729921,optimization-limited zone,0.0,0.4910524283780494,1.0,1.0
Base summary,120,1,2.640826408274716e-07,budget_17_high_rot_aniso,barbell-bridge,0,budget_17_high_rot_aniso,barbell-bridge,3,1.0,1.0,0.0,0.0,budget_17_high_rot_aniso|barbell-bridge|0,budget_17_high_rot_aniso|barbell-bridge|3,1_1,1.37352009580138,0,0.8722430295464003,0.7464704115349954,0.5194029850746268,0.8722430295464003,information-limited zone,1_1,1.37352009580138,1,0.8372867249271744,0.6960048062481224,0.8,0.8372867249271744,information-limited zone,0.0,0.0,0.0,1.0
Base summary,120,2,4.671955957073336e-07,budget_17_high_rot_aniso,barbell-bridge,0,budget_17_high_rot_aniso,barbell-bridge,1,0.0,0.0,0.0,0.0,budget_17_high_rot_aniso|barbell-bridge|0,budget_17_high_rot_aniso|barbell-bridge|1,1_1,1.37352009580138,0,0.8722430295464003,0.7464704115349954,0.5194029850746268,0.8722430295464003,information-limited zone,1_1,1.37352009580138,1,0.883062838119018,0.949534394713127,0.5213930348258707,0.883062838119018,information-limited zone,0.0,0.0,0.0,1.0
Base summary,120,3,5.348324694567082e-07,budget_17_high_rot_aniso,barbell-bridge,0,budget_17_high_rot_aniso,barbell-bridge,2,1.0,1.0,0.0,1.0,budget_17_high_rot_aniso|barbell-bridge|0,budget_17_high_rot_aniso|barbell-bridge|2,1_1,1.37352009580138,0,0.8722430295464003,0.7464704115349954,0.5194029850746268,0.8722430295464003,information-limited zone,1_1,1.37352009580138,0,0.8863920099875157,0.4349654550916191,0.3174129353233831,0.8863920099875157,ambiguity zone,0.0,0.0,0.0,0.0
Base summary,120,4,2.575719670104825e-06,budget_17_high_rot_aniso,barbell-bridge,0,budget_17_high_rot_aniso,mean-reversion,2,1.0,0.0,1.0,1.0,budget_17_high_rot_aniso|barbell-bridge|0,budget_17_high_rot_aniso|mean-reversion|2,1_1,1.37352009580138,0,0.8722430295464003,0.7464704115349954,0.5194029850746268,0.8722430295464003,information-limited zone,1_0,-0.2321875606103716,1,0.42530170620058266,0.5088615199759687,0.2258706467661692,0.42530170620058266,ambiguity zone,1.0,1.6057076564117516,1.0,1.0
Base summary,120,5,2.589468877852465e-06,budget_17_high_rot_aniso,barbell-bridge,0,budget_17_high_rot_aniso,mean-reversion,0,1.0,0.0,1.0,1.0,budget_17_high_rot_aniso|barbell-bridge|0,budget_17_high_rot_aniso|mean-reversion|0,1_1,1.37352009580138,0,0.8722430295464003,0.7464704115349954,0.5194029850746268,0.8722430295464003,information-limited zone,1_0,-0.2321875606103716,1,0.7174365376612567,0.527185340943226,0.29850746268656714,0.7174365376612567,ambiguity zone,1.0,1.6057076564117516,1.0,1.0
Base summary,121,1,6.790874156150999e-08,budget_17_high_rot_aniso,barbell-bridge,1,budget_17_high_rot_aniso,barbell-bridge,2,1.0,1.0,0.0,1.0,budget_17_high_rot_aniso|barbell-bridge|1,budget_17_high_rot_aniso|barbell-bridge|2,1_1,1.37352009580138,1,0.883062838119018,0.949534394713127,0.5213930348258707,0.883062838119018,information-limited zone,1_1,1.37352009580138,0,0.8863920099875157,0.4349654550916191,0.3174129353233831,0.8863920099875157,ambiguity zone,0.0,0.0,0.0,1.0
Base summary,121,2,2.04805338239923e-07,budget_17_high_rot_aniso,barbell-bridge,1,budget_17_high_rot_aniso,barbell-bridge,3,1.0,1.0,0.0,0.0,budget_17_high_rot_aniso|barbell-bridge|1,budget_17_high_rot_aniso|barbell-bridge|3,1_1,1.37352009580138,1,0.883062838119018,0.949534394713127,0.5213930348258707,0.883062838119018,information-limited zone,1_1,1.37352009580138,1,0.8372867249271744,0.6960048062481224,0.8,0.8372867249271744,information-limited zone,0.0,0.0,0.0,0.0
Base summary,121,3,4.671955957073336e-07,budget_17_high_rot_aniso,barbell-bridge,1,budget_17_high_rot_aniso,barbell-bridge,0,0.0,0.0,0.0,0.0,budget_17_high_rot_aniso|barbell-bridge|1,budget_17_high_rot_aniso|barbell-bridge|0,1_1,1.37352009580138,1,0.883062838119018,0.949534394713127,0.5213930348258707,0.883062838119018,information-limited zone,1_1,1.37352009580138,0,0.8722430295464003,0.7464704115349954,0.5194029850746268,0.8722430295464003,information-limited zone,0.0,0.0,0.0,1.0
Base summary,121,4,2.108650049153673e-06,budget_17_high_rot_aniso,barbell-bridge,1,budget_17_high_rot_aniso,mean-reversion,2,1.0,0.0,1.0,1.0,budget_17_high_rot_aniso|barbell-bridge|1,budget_17_high_rot_aniso|mean-reversion|2,1_1,1.37352009580138,1,0.883062838119018,0.949534394713127,0.5213930348258707,0.883062838119018,information-limited zone,1_0,-0.2321875606103716,1,0.42530170620058266,0.5088615199759687,0.2258706467661692,0.42530170620058266,ambiguity zone,1.0,1.6057076564117516,1.0,0.0
Base summary,121,5,2.1224096018142966e-06,budget_17_high_rot_aniso,barbell-bridge,1,budget_17_high_rot_aniso,mean-reversion,0,1.0,0.0,1.0,1.0,budget_17_high_rot_aniso|barbell-bridge|1,budget_17_high_rot_aniso|mean-reversion|0,1_1,1.37352009580138,1,0.883062838119018,0.949534394713127,0.5213930348258707,0.883062838119018,information-limited zone,1_0,-0.2321875606103716,1,0.7174365376612567,0.527185340943226,0.29850746268656714,0.7174365376612567,ambiguity zone,1.0,1.6057076564117516,1.0,0.0
Base summary,122,1,6.790874156150999e-08,budget_17_high_rot_aniso,barbell-bridge,2,budget_17_high_rot_aniso,barbell-bridge,1,1.0,1.0,0.0,1.0,budget_17_high_rot_aniso|barbell-bridge|2,budget_17_high_rot_aniso|barbell-bridge|1,1_1,1.37352009580138,0,0.8863920099875157,0.4349654550916191,0.3174129353233831,0.8863920099875157,ambiguity zone,1_1,1.37352009580138,1,0.883062838119018,0.949534394713127,0.5213930348258707,0.883062838119018,information-limited zone,0.0,0.0,0.0,1.0
Base summary,122,2,2.7268602571902654e-07,budget_17_high_rot_aniso,barbell-bridge,2,budget_17_high_rot_aniso,barbell-bridge,3,0.0,0.0,0.0,1.0,budget_17_high_rot_aniso|barbell-bridge|2,budget_17_high_rot_aniso|barbell-bridge|3,1_1,1.37352009580138,0,0.8863920099875157,0.4349654550916191,0.3174129353233831,0.8863920099875157,ambiguity zone,1_1,1.37352009580138,1,0.8372867249271744,0.6960048062481224,0.8,0.8372867249271744,information-limited zone,0.0,0.0,0.0,1.0
Base summary,122,3,5.348324694567082e-07,budget_17_high_rot_aniso,barbell-bridge,2,budget_17_high_rot_aniso,barbell-bridge,0,1.0,1.0,0.0,1.0,budget_17_high_rot_aniso|barbell-bridge|2,budget_17_high_rot_aniso|barbell-bridge|0,1_1,1.37352009580138,0,0.8863920099875157,0.4349654550916191,0.3174129353233831,0.8863920099875157,ambiguity zone,1_1,1.37352009580138,0,0.8722430295464003,0.7464704115349954,0.5194029850746268,0.8722430295464003,information-limited zone,0.0,0.0,0.0,0.0
Base summary,122,4,2.0412165297573823e-06,budget_17_high_rot_aniso,barbell-bridge,2,budget_17_high_rot_aniso,mean-reversion,2,1.0,1.0,1.0,0.0,budget_17_high_rot_aniso|barbell-bridge|2,budget_17_high_rot_aniso|mean-reversion|2,1_1,1.37352009580138,0,0.8863920099875157,0.4349654550916191,0.3174129353233831,0.8863920099875157,ambiguity zone,1_0,-0.2321875606103716,1,0.42530170620058266,0.5088615199759687,0.2258706467661692,0.42530170620058266,ambiguity zone,1.0,1.6057076564117516,1.0,1.0
Base summary,122,5,2.054987199662218e-06,budget_17_high_rot_aniso,barbell-bridge,2,budget_17_high_rot_aniso,mean-reversion,0,1.0,1.0,1.0,0.0,budget_17_high_rot_aniso|barbell-bridge|2,budget_17_high_rot_aniso|mean-reversion|0,1_1,1.37352009580138,0,0.8863920099875157,0.4349654550916191,0.3174129353233831,0.8863920099875157,ambiguity zone,1_0,-0.2321875606103716,1,0.7174365376612567,0.527185340943226,0.29850746268656714,0.7174365376612567,ambiguity zone,1.0,1.6057076564117516,1.0,1.0
Base summary,123,1,2.04805338239923e-07,budget_17_high_rot_aniso,barbell-bridge,3,budget_17_high_rot_aniso,barbell-bridge,1,1.0,1.0,0.0,0.0,budget_17_high_rot_aniso|barbell-bridge|3,budget_17_high_rot_aniso|barbell-bridge|1,1_1,1.37352009580138,1,0.8372867249271744,0.6960048062481224,0.8,0.8372867249271744,information-limited zone,1_1,1.37352009580138,1,0.883062838119018,0.949534394713127,0.5213930348258707,0.883062838119018,information-limited zone,0.0,0.0,0.0,0.0
Base summary,123,2,2.640826408274716e-07,budget_17_high_rot_aniso,barbell-bridge,3,budget_17_high_rot_aniso,barbell-bridge,0,1.0,1.0,0.0,0.0,budget_17_high_rot_aniso|barbell-bridge|3,budget_17_high_rot_aniso|barbell-bridge|0,1_1,1.37352009580138,1,0.8372867249271744,0.6960048062481224,0.8,0.8372867249271744,information-limited zone,1_1,1.37352009580138,0,0.8722430295464003,0.7464704115349954,0.5194029850746268,0.8722430295464003,information-limited zone,0.0,0.0,0.0,1.0
Base summary,123,3,2.7268602571902654e-07,budget_17_high_rot_aniso,barbell-bridge,3,budget_17_high_rot_aniso,barbell-bridge,2,0.0,0.0,0.0,1.0,budget_17_high_rot_aniso|barbell-bridge|3,budget_17_high_rot_aniso|barbell-bridge|2,1_1,1.37352009580138,1,0.8372867249271744,0.6960048062481224,0.8,0.8372867249271744,information-limited zone,1_1,1.37352009580138,0,0.8863920099875157,0.4349654550916191,0.3174129353233831,0.8863920099875157,ambiguity zone,0.0,0.0,0.0,1.0
Base summary,123,4,2.3120929670268178e-06,budget_17_high_rot_aniso,barbell-bridge,3,budget_17_high_rot_aniso,mean-reversion,2,1.0,1.0,1.0,1.0,budget_17_high_rot_aniso|barbell-bridge|3,budget_17_high_rot_aniso|mean-reversion|2,1_1,1.37352009580138,1,0.8372867249271744,0.6960048062481224,0.8,0.8372867249271744,information-limited zone,1_0,-0.2321875606103716,1,0.42530170620058266,0.5088615199759687,0.2258706467661692,0.42530170620058266,ambiguity zone,1.0,1.6057076564117516,1.0,0.0
Base summary,123,5,2.3258237039908138e-06,budget_17_high_rot_aniso,barbell-bridge,3,budget_17_high_rot_aniso,mean-reversion,0,1.0,1.0,1.0,1.0,budget_17_high_rot_aniso|barbell-bridge|3,budget_17_high_rot_aniso|mean-reversion|0,1_1,1.37352009580138,1,0.8372867249271744,0.6960048062481224,0.8,0.8372867249271744,information-limited zone,1_0,-0.2321875606103716,1,0.7174365376612567,0.527185340943226,0.29850746268656714,0.7174365376612567,ambiguity zone,1.0,1.6057076564117516,1.0,0.0
Base summary,124,1,4.261747041777958e-09,budget_17_high_rot_aniso,crescent,0,budget_17_high_rot_aniso,crescent,1,0.0,0.0,0.0,1.0,budget_17_high_rot_aniso|crescent|0,budget_17_high_rot_aniso|crescent|1,1_0,-0.26659513240484733,1,0.17311693716188098,0.17092219885851603,0.308457711442786,0.17311693716188098,ambiguity zone,1_0,-0.26659513240484733,1,0.4519350811485643,0.9224992490237308,0.5233830845771145,0.4519350811485643,optimization-limited zone,0.0,0.0,0.0,0.0
Base summary,124,2,1.612839860562258e-08,budget_17_high_rot_aniso,crescent,0,budget_17_high_rot_aniso,crescent,3,0.0,0.0,0.0,1.0,budget_17_high_rot_aniso|crescent|0,budget_17_high_rot_aniso|crescent|3,1_0,-0.26659513240484733,1,0.17311693716188098,0.17092219885851603,0.308457711442786,0.17311693716188098,ambiguity zone,1_0,-0.26659513240484733,0,0.05826050769870993,0.8663262240913187,0.4835820895522388,0.05826050769870993,optimization-limited zone,0.0,0.0,0.0,1.0
Base summary,124,3,1.9882331033051413e-08,budget_17_high_rot_aniso,crescent,0,budget_17_high_rot_aniso,crescent,2,0.0,0.0,0.0,0.0,budget_17_high_rot_aniso|crescent|0,budget_17_high_rot_aniso|crescent|2,1_0,-0.26659513240484733,1,0.17311693716188098,0.17092219885851603,0.308457711442786,0.17311693716188098,ambiguity zone,1_0,-0.26659513240484733,0,0.2380357885975863,0.09522379092820665,0.309452736318408,0.2380357885975863,ambiguity zone,0.0,0.0,0.0,1.0
Base summary,124,4,7.079657713704687e-08,budget_17_high_rot_aniso,crescent,0,budget_17_high_rot_aniso,cross-branch,3,1.0,1.0,1.0,1.0,budget_17_high_rot_aniso|crescent|0,budget_17_high_rot_aniso|cross-branch|3,1_0,-0.26659513240484733,1,0.17311693716188098,0.17092219885851603,0.308457711442786,0.17311693716188098,ambiguity zone,1_0,-0.2736144549003908,0,0.7307532251352475,0.9161910483628717,0.3393034825870648,0.7307532251352475,optimization-limited zone,0.0,0.00701932249554349,0.0,1.0
Base summary,124,5,7.37774125834609e-08,budget_17_high_rot_aniso,crescent,0,budget_17_high_rot_aniso,pinwheel,1,0.0,1.0,1.0,1.0,budget_17_high_rot_aniso|crescent|0,budget_17_high_rot_aniso|pinwheel|1,1_0,-0.26659513240484733,1,0.17311693716188098,0.17092219885851603,0.308457711442786,0.17311693716188098,ambiguity zone,1_1,0.22351500627580145,0,0.5709529754473576,0.6827876239110843,0.9810945273631839,0.5709529754473576,decision-fragile zone,1.0,0.4901101386806488,0.0,1.0
Base summary,125,1,4.261747041777958e-09,budget_17_high_rot_aniso,crescent,1,budget_17_high_rot_aniso,crescent,0,0.0,0.0,0.0,1.0,budget_17_high_rot_aniso|crescent|1,budget_17_high_rot_aniso|crescent|0,1_0,-0.26659513240484733,1,0.4519350811485643,0.9224992490237308,0.5233830845771145,0.4519350811485643,optimization-limited zone,1_0,-0.26659513240484733,1,0.17311693716188098,0.17092219885851603,0.308457711442786,0.17311693716188098,ambiguity zone,0.0,0.0,0.0,0.0
Base summary,125,2,1.6381695017881325e-08,budget_17_high_rot_aniso,crescent,1,budget_17_high_rot_aniso,crescent,3,0.0,0.0,0.0,0.0,budget_17_high_rot_aniso|crescent|1,budget_17_high_rot_aniso|crescent|3,1_0,-0.26659513240484733,1,0.4519350811485643,0.9224992490237308,0.5233830845771145,0.4519350811485643,optimization-limited zone,1_0,-0.26659513240484733,0,0.05826050769870993,0.8663262240913187,0.4835820895522388,0.05826050769870993,optimization-limited zone,0.0,0.0,0.0,1.0
Base summary,125,3,1.7185308626325043e-08,budget_17_high_rot_aniso,crescent,1,budget_17_high_rot_aniso,crescent,2,0.0,0.0,0.0,1.0,budget_17_high_rot_aniso|crescent|1,budget_17_high_rot_aniso|crescent|2,1_0,-0.26659513240484733,1,0.4519350811485643,0.9224992490237308,0.5233830845771145,0.4519350811485643,optimization-limited zone,1_0,-0.26659513240484733,0,0.2380357885975863,0.09522379092820665,0.309452736318408,0.2380357885975863,ambiguity zone,0.0,0.0,0.0,1.0
Base summary,125,4,6.699598106727502e-08,budget_17_high_rot_aniso,crescent,1,budget_17_high_rot_aniso,cross-branch,3,1.0,1.0,1.0,0.0,budget_17_high_rot_aniso|crescent|1,budget_17_high_rot_aniso|cross-branch|3,1_0,-0.26659513240484733,1,0.4519350811485643,0.9224992490237308,0.5233830845771145,0.4519350811485643,optimization-limited zone,1_0,-0.2736144549003908,0,0.7307532251352475,0.9161910483628717,0.3393034825870648,0.7307532251352475,optimization-limited zone,0.0,0.00701932249554349,0.0,1.0
Base summary,125,5,7.067271579508088e-08,budget_17_high_rot_aniso,crescent,1,budget_17_high_rot_aniso,pinwheel,1,0.0,1.0,1.0,0.0,budget_17_high_rot_aniso|crescent|1,budget_17_high_rot_aniso|pinwheel|1,1_0,-0.26659513240484733,1,0.4519350811485643,0.9224992490237308,0.5233830845771145,0.4519350811485643,optimization-limited zone,1_1,0.22351500627580145,0,0.5709529754473576,0.6827876239110843,0.9810945273631839,0.5709529754473576,decision-fragile zone,1.0,0.4901101386806488,0.0,1.0
Base summary,126,1,1.2835596735673253e-08,budget_17_high_rot_aniso,crescent,2,budget_17_high_rot_aniso,crescent,3,0.0,0.0,0.0,1.0,budget_17_high_rot_aniso|crescent|2,budget_17_high_rot_aniso|crescent|3,1_0,-0.26659513240484733,0,0.2380357885975863,0.09522379092820665,0.309452736318408,0.2380357885975863,ambiguity zone,1_0,-0.26659513240484733,0,0.05826050769870993,0.8663262240913187,0.4835820895522388,0.05826050769870993,optimization-limited zone,0.0,0.0,0.0,0.0
Base summary,126,2,1.7185308626325043e-08,budget_17_high_rot_aniso,crescent,2,budget_17_high_rot_aniso,crescent,1,0.0,0.0,0.0,1.0,budget_17_high_rot_aniso|crescent|2,budget_17_high_rot_aniso|crescent|1,1_0,-0.26659513240484733,0,0.2380357885975863,0.09522379092820665,0.309452736318408,0.2380357885975863,ambiguity zone,1_0,-0.26659513240484733,1,0.4519350811485643,0.9224992490237308,0.5233830845771145,0.4519350811485643,optimization-limited zone,0.0,0.0,0.0,1.0
Base summary,126,3,1.9882331033051413e-08,budget_17_high_rot_aniso,crescent,2,budget_17_high_rot_aniso,crescent,0,0.0,0.0,0.0,0.0,budget_17_high_rot_aniso|crescent|2,budget_17_high_rot_aniso|crescent|0,1_0,-0.26659513240484733,0,0.2380357885975863,0.09522379092820665,0.309452736318408,0.2380357885975863,ambiguity zone,1_0,-0.26659513240484733,1,0.17311693716188098,0.17092219885851603,0.308457711442786,0.17311693716188098,ambiguity zone,0.0,0.0,0.0,1.0
Base summary,126,4,6.191998115073426e-08,budget_17_high_rot_aniso,crescent,2,budget_17_high_rot_aniso,cross-branch,3,1.0,1.0,1.0,1.0,budget_17_high_rot_aniso|crescent|2,budget_17_high_rot_aniso|cross-branch|3,1_0,-0.26659513240484733,0,0.2380357885975863,0.09522379092820665,0.309452736318408,0.2380357885975863,ambiguity zone,1_0,-0.2736144549003908,0,0.7307532251352475,0.9161910483628717,0.3393034825870648,0.7307532251352475,optimization-limited zone,0.0,0.00701932249554349,0.0,0.0
Base summary,126,5,6.246373386970616e-08,budget_17_high_rot_aniso,crescent,2,budget_17_high_rot_aniso,pinwheel,1,0.0,1.0,1.0,1.0,budget_17_high_rot_aniso|crescent|2,budget_17_high_rot_aniso|pinwheel|1,1_0,-0.26659513240484733,0,0.2380357885975863,0.09522379092820665,0.309452736318408,0.2380357885975863,ambiguity zone,1_1,0.22351500627580145,0,0.5709529754473576,0.6827876239110843,0.9810945273631839,0.5709529754473576,decision-fragile zone,1.0,0.4901101386806488,0.0,0.0
Base summary,127,1,1.2835596735673253e-08,budget_17_high_rot_aniso,crescent,3,budget_17_high_rot_aniso,crescent,2,0.0,0.0,0.0,1.0,budget_17_high_rot_aniso|crescent|3,budget_17_high_rot_aniso|crescent|2,1_0,-0.26659513240484733,0,0.05826050769870993,0.8663262240913187,0.4835820895522388,0.05826050769870993,optimization-limited zone,1_0,-0.26659513240484733,0,0.2380357885975863,0.09522379092820665,0.309452736318408,0.2380357885975863,ambiguity zone,0.0,0.0,0.0,0.0
Base summary,127,2,1.612839860562258e-08,budget_17_high_rot_aniso,crescent,3,budget_17_high_rot_aniso,crescent,0,0.0,0.0,0.0,1.0,budget_17_high_rot_aniso|crescent|3,budget_17_high_rot_aniso|crescent|0,1_0,-0.26659513240484733,0,0.05826050769870993,0.8663262240913187,0.4835820895522388,0.05826050769870993,optimization-limited zone,1_0,-0.26659513240484733,1,0.17311693716188098,0.17092219885851603,0.308457711442786,0.17311693716188098,ambiguity zone,0.0,0.0,0.0,1.0
Base summary,127,3,1.6381695017881325e-08,budget_17_high_rot_aniso,crescent,3,budget_17_high_rot_aniso,crescent,1,0.0,0.0,0.0,0.0,budget_17_high_rot_aniso|crescent|3,budget_17_high_rot_aniso|crescent|1,1_0,-0.26659513240484733,0,0.05826050769870993,0.8663262240913187,0.4835820895522388,0.05826050769870993,optimization-limited zone,1_0,-0.26659513240484733,1,0.4519350811485643,0.9224992490237308,0.5233830845771145,0.4519350811485643,optimization-limited zone,0.0,0.0,0.0,1.0
Base summary,127,4,7.117342768025933e-08,budget_17_high_rot_aniso,crescent,3,budget_17_high_rot_aniso,pinwheel,0,0.0,1.0,1.0,1.0,budget_17_high_rot_aniso|crescent|3,budget_17_high_rot_aniso|pinwheel|0,1_0,-0.26659513240484733,0,0.05826050769870993,0.8663262240913187,0.4835820895522388,0.05826050769870993,optimization-limited zone,1_1,0.22351500627580145,1,0.40033291718684977,0.48573145088615194,0.8208955223880596,0.40033291718684977,decision-fragile zone,1.0,0.4901101386806488,0.0,1.0
Base summary,127,5,7.14450989154773e-08,budget_17_high_rot_aniso,crescent,3,budget_17_high_rot_aniso,pinwheel,3,0.0,1.0,1.0,0.0,budget_17_high_rot_aniso|crescent|3,budget_17_high_rot_aniso|pinwheel|3,1_0,-0.26659513240484733,0,0.05826050769870993,0.8663262240913187,0.4835820895522388,0.05826050769870993,optimization-limited zone,1_1,0.22351500627580145,1,0.6816479400749064,0.8519074797236407,0.5223880597014924,0.6816479400749064,optimization-limited zone,1.0,0.4901101386806488,0.0,1.0
Base summary,128,1,2.93285141173917e-09,budget_17_high_rot_aniso,cross-branch,0,budget_17_high_rot_aniso,cross-branch,1,1.0,0.0,0.0,1.0,budget_17_high_rot_aniso|cross-branch|0,budget_17_high_rot_aniso|cross-branch|1,1_0,-0.2736144549003908,0,0.5052018310445276,0.1321718233703815,0.014925373134328351,0.5052018310445276,ambiguity zone,1_0,-0.2736144549003908,1,0.4427798585101956,0.8242715530189246,0.282587064676617,0.4427798585101956,optimization-limited zone,0.0,0.0,0.0,1.0
Base summary,128,2,2.988753355718303e-09,budget_17_high_rot_aniso,cross-branch,0,budget_17_high_rot_aniso,cross-branch,2,0.0,0.0,0.0,0.0,budget_17_high_rot_aniso|cross-branch|0,budget_17_high_rot_aniso|cross-branch|2,1_0,-0.2736144549003908,0,0.5052018310445276,0.1321718233703815,0.014925373134328351,0.5052018310445276,ambiguity zone,1_0,-0.2736144549003908,1,0.7482313774448605,0.492340042054671,0.1830845771144279,0.7482313774448605,ambiguity zone,0.0,0.0,0.0,1.0
Base summary,128,3,7.22037139763259e-09,budget_17_high_rot_aniso,cross-branch,0,budget_17_high_rot_aniso,cross-branch,3,1.0,0.0,0.0,1.0,budget_17_high_rot_aniso|cross-branch|0,budget_17_high_rot_aniso|cross-branch|3,1_0,-0.2736144549003908,0,0.5052018310445276,0.1321718233703815,0.014925373134328351,0.5052018310445276,ambiguity zone,1_0,-0.2736144549003908,0,0.7307532251352475,0.9161910483628717,0.3393034825870648,0.7307532251352475,optimization-limited zone,0.0,0.0,0.0,0.0
Base summary,128,4,1.3536469299807234e-08,budget_17_high_rot_aniso,cross-branch,0,budget_17_high_rot_aniso,spiral,2,1.0,0.0,1.0,1.0,budget_17_high_rot_aniso|cross-branch|0,budget_17_high_rot_aniso|spiral|2,1_0,-0.2736144549003908,0,0.5052018310445276,0.1321718233703815,0.014925373134328351,0.5052018310445276,ambiguity zone,1_1,-0.3289846515378983,0,0.3062838119017894,0.3944127365575248,0.27761194029850744,0.3062838119017894,effective-collapse zone,1.0,0.055370196637507474,0.0,0.0
Base summary,128,5,1.3613496729519668e-08,budget_17_high_rot_aniso,cross-branch,0,budget_17_high_rot_aniso,spiral,3,1.0,1.0,1.0,1.0,budget_17_high_rot_aniso|cross-branch|0,budget_17_high_rot_aniso|spiral|3,1_0,-0.2736144549003908,0,0.5052018310445276,0.1321718233703815,0.014925373134328351,0.5052018310445276,ambiguity zone,1_1,-0.3289846515378983,1,0.1531419059508947,0.8047461700210273,0.4467661691542289,0.1531419059508947,optimization-limited zone,1.0,0.055370196637507474,0.0,1.0
Base summary,129,1,2.93285141173917e-09,budget_17_high_rot_aniso,cross-branch,1,budget_17_high_rot_aniso,cross-branch,0,1.0,0.0,0.0,1.0,budget_17_high_rot_aniso|cross-branch|1,budget_17_high_rot_aniso|cross-branch|0,1_0,-0.2736144549003908,1,0.4427798585101956,0.8242715530189246,0.282587064676617,0.4427798585101956,optimization-limited zone,1_0,-0.2736144549003908,0,0.5052018310445276,0.1321718233703815,0.014925373134328351,0.5052018310445276,ambiguity zone,0.0,0.0,0.0,1.0
Base summary,129,2,3.464299439281944e-09,budget_17_high_rot_aniso,cross-branch,1,budget_17_high_rot_aniso,cross-branch,2,1.0,0.0,0.0,1.0,budget_17_high_rot_aniso|cross-branch|1,budget_17_high_rot_aniso|cross-branch|2,1_0,-0.2736144549003908,1,0.4427798585101956,0.8242715530189246,0.282587064676617,0.4427798585101956,optimization-limited zone,1_0,-0.2736144549003908,1,0.7482313774448605,0.492340042054671,0.1830845771144279,0.7482313774448605,ambiguity zone,0.0,0.0,0.0,0.0
Base summary,129,3,8.445386196285998e-09,budget_17_high_rot_aniso,cross-branch,1,budget_17_high_rot_aniso,cross-branch,3,0.0,0.0,0.0,0.0,budget_17_high_rot_aniso|cross-branch|1,budget_17_high_rot_aniso|cross-branch|3,1_0,-0.2736144549003908,1,0.4427798585101956,0.8242715530189246,0.282587064676617,0.4427798585101956,optimization-limited zone,1_0,-0.2736144549003908,0,0.7307532251352475,0.9161910483628717,0.3393034825870648,0.7307532251352475,optimization-limited zone,0.0,0.0,0.0,1.0
Base summary,129,4,1.6437398605468175e-08,budget_17_high_rot_aniso,cross-branch,1,budget_17_high_rot_aniso,spiral,2,0.0,0.0,1.0,1.0,budget_17_high_rot_aniso|cross-branch|1,budget_17_high_rot_aniso|spiral|2,1_0,-0.2736144549003908,1,0.4427798585101956,0.8242715530189246,0.282587064676617,0.4427798585101956,optimization-limited zone,1_1,-0.3289846515378983,0,0.3062838119017894,0.3944127365575248,0.27761194029850744,0.3062838119017894,effective-collapse zone,1.0,0.055370196637507474,0.0,1.0
Base summary,129,5,1.6543876276467232e-08,budget_17_high_rot_aniso,cross-branch,1,budget_17_high_rot_aniso,spiral,3,1.0,1.0,1.0,0.0,budget_17_high_rot_aniso|cross-branch|1,budget_17_high_rot_aniso|spiral|3,1_0,-0.2736144549003908,1,0.4427798585101956,0.8242715530189246,0.282587064676617,0.4427798585101956,optimization-limited zone,1_1,-0.3289846515378983,1,0.1531419059508947,0.8047461700210273,0.4467661691542289,0.1531419059508947,optimization-limited zone,1.0,0.055370196637507474,0.0,0.0
Base summary,130,1,2.988753355718303e-09,budget_17_high_rot_aniso,cross-branch,2,budget_17_high_rot_aniso,cross-branch,0,0.0,0.0,0.0,0.0,budget_17_high_rot_aniso|cross-branch|2,budget_17_high_rot_aniso|cross-branch|0,1_0,-0.2736144549003908,1,0.7482313774448605,0.492340042054671,0.1830845771144279,0.7482313774448605,ambiguity zone,1_0,-0.2736144549003908,0,0.5052018310445276,0.1321718233703815,0.014925373134328351,0.5052018310445276,ambiguity zone,0.0,0.0,0.0,1.0
Base summary,130,2,3.464299439281944e-09,budget_17_high_rot_aniso,cross-branch,2,budget_17_high_rot_aniso,cross-branch,1,1.0,0.0,0.0,1.0,budget_17_high_rot_aniso|cross-branch|2,budget_17_high_rot_aniso|cross-branch|1,1_0,-0.2736144549003908,1,0.7482313774448605,0.492340042054671,0.1830845771144279,0.7482313774448605,ambiguity zone,1_0,-0.2736144549003908,1,0.4427798585101956,0.8242715530189246,0.282587064676617,0.4427798585101956,optimization-limited zone,0.0,0.0,0.0,0.0
Base summary,130,3,9.18204620807848e-09,budget_17_high_rot_aniso,cross-branch,2,budget_17_high_rot_aniso,cross-branch,3,1.0,0.0,0.0,1.0,budget_17_high_rot_aniso|cross-branch|2,budget_17_high_rot_aniso|cross-branch|3,1_0,-0.2736144549003908,1,0.7482313774448605,0.492340042054671,0.1830845771144279,0.7482313774448605,ambiguity zone,1_0,-0.2736144549003908,0,0.7307532251352475,0.9161910483628717,0.3393034825870648,0.7307532251352475,optimization-limited zone,0.0,0.0,0.0,1.0
Base summary,130,4,1.4331051066341592e-08,budget_17_high_rot_aniso,cross-branch,2,budget_17_high_rot_aniso,spiral,2,1.0,0.0,1.0,1.0,budget_17_high_rot_aniso|cross-branch|2,budget_17_high_rot_aniso|spiral|2,1_0,-0.2736144549003908,1,0.7482313774448605,0.492340042054671,0.1830845771144279,0.7482313774448605,ambiguity zone,1_1,-0.3289846515378983,0,0.3062838119017894,0.3944127365575248,0.27761194029850744,0.3062838119017894,effective-collapse zone,1.0,0.055370196637507474,0.0,1.0
Base summary,130,5,1.4879027132721769e-08,budget_17_high_rot_aniso,cross-branch,2,budget_17_high_rot_aniso,spiral,3,1.0,1.0,1.0,1.0,budget_17_high_rot_aniso|cross-branch|2,budget_17_high_rot_aniso|spiral|3,1_0,-0.2736144549003908,1,0.7482313774448605,0.492340042054671,0.1830845771144279,0.7482313774448605,ambiguity zone,1_1,-0.3289846515378983,1,0.1531419059508947,0.8047461700210273,0.4467661691542289,0.1531419059508947,optimization-limited zone,1.0,0.055370196637507474,0.0,0.0
Base summary,131,1,7.22037139763259e-09,budget_17_high_rot_aniso,cross-branch,3,budget_17_high_rot_aniso,cross-branch,0,1.0,0.0,0.0,1.0,budget_17_high_rot_aniso|cross-branch|3,budget_17_high_rot_aniso|cross-branch|0,1_0,-0.2736144549003908,0,0.7307532251352475,0.9161910483628717,0.3393034825870648,0.7307532251352475,optimization-limited zone,1_0,-0.2736144549003908,0,0.5052018310445276,0.1321718233703815,0.014925373134328351,0.5052018310445276,ambiguity zone,0.0,0.0,0.0,0.0
Base summary,131,2,8.445386196285998e-09,budget_17_high_rot_aniso,cross-branch,3,budget_17_high_rot_aniso,cross-branch,1,0.0,0.0,0.0,0.0,budget_17_high_rot_aniso|cross-branch|3,budget_17_high_rot_aniso|cross-branch|1,1_0,-0.2736144549003908,0,0.7307532251352475,0.9161910483628717,0.3393034825870648,0.7307532251352475,optimization-limited zone,1_0,-0.2736144549003908,1,0.4427798585101956,0.8242715530189246,0.282587064676617,0.4427798585101956,optimization-limited zone,0.0,0.0,0.0,1.0
Base summary,131,3,9.18204620807848e-09,budget_17_high_rot_aniso,cross-branch,3,budget_17_high_rot_aniso,cross-branch,2,1.0,0.0,0.0,1.0,budget_17_high_rot_aniso|cross-branch|3,budget_17_high_rot_aniso|cross-branch|2,1_0,-0.2736144549003908,0,0.7307532251352475,0.9161910483628717,0.3393034825870648,0.7307532251352475,optimization-limited zone,1_0,-0.2736144549003908,1,0.7482313774448605,0.492340042054671,0.1830845771144279,0.7482313774448605,ambiguity zone,0.0,0.0,0.0,1.0
Base summary,131,4,1.1080246385639132e-08,budget_17_high_rot_aniso,cross-branch,3,budget_17_high_rot_aniso,spiral,1,0.0,0.0,1.0,0.0,budget_17_high_rot_aniso|cross-branch|3,budget_17_high_rot_aniso|spiral|1,1_0,-0.2736144549003908,0,0.7307532251352475,0.9161910483628717,0.3393034825870648,0.7307532251352475,optimization-limited zone,1_1,-0.3289846515378983,1,0.27715355805243447,0.6437368579152897,0.40796019900497515,0.27715355805243447,optimization-limited zone,1.0,0.055370196637507474,0.0,1.0
Base summary,131,5,1.2384071053189612e-08,budget_17_high_rot_aniso,cross-branch,3,budget_17_high_rot_aniso,spiral,0,0.0,0.0,1.0,1.0,budget_17_high_rot_aniso|cross-branch|3,budget_17_high_rot_aniso|spiral|0,1_0,-0.2736144549003908,0,0.7307532251352475,0.9161910483628717,0.3393034825870648,0.7307532251352475,optimization-limited zone,1_1,-0.3289846515378983,1,0.08905534748231377,0.15500150195253828,0.23880597014925367,0.08905534748231377,effective-collapse zone,1.0,0.055370196637507474,0.0,1.0
Base summary,132,1,2.983154217346392e-09,budget_17_high_rot_aniso,double-loop,0,budget_17_high_rot_aniso,double-loop,2,0.0,0.0,0.0,0.0,budget_17_high_rot_aniso|double-loop|0,budget_17_high_rot_aniso|double-loop|2,1_0,-0.04713477352374962,0,0.6242197253433208,0.8233703814959447,0.48557213930348253,0.6242197253433208,optimization-limited zone,1_0,-0.04713477352374962,0,0.7240948813982522,0.9408230699909881,0.37213930348258706,0.7240948813982522,optimization-limited zone,0.0,0.0,0.0,0.0
Base summary,132,2,3.158519276631722e-09,budget_17_high_rot_aniso,double-loop,0,budget_17_high_rot_aniso,double-loop,3,1.0,0.0,0.0,1.0,budget_17_high_rot_aniso|double-loop|0,budget_17_high_rot_aniso|double-loop|3,1_0,-0.04713477352374962,0,0.6242197253433208,0.8233703814959447,0.48557213930348253,0.6242197253433208,optimization-limited zone,1_0,-0.04713477352374962,0,0.3503953391593841,0.2328026434364674,0.09154228855721389,0.3503953391593841,ambiguity zone,0.0,0.0,0.0,0.0
Base summary,132,3,7.53456140193216e-09,budget_17_high_rot_aniso,double-loop,0,budget_17_high_rot_aniso,double-loop,1,1.0,0.0,0.0,1.0,budget_17_high_rot_aniso|double-loop|0,budget_17_high_rot_aniso|double-loop|1,1_0,-0.04713477352374962,0,0.6242197253433208,0.8233703814959447,0.48557213930348253,0.6242197253433208,optimization-limited zone,1_0,-0.04713477352374962,0,0.340407823553891,0.1339741664163412,0.31044776119402984,0.340407823553891,ambiguity zone,0.0,0.0,0.0,0.0
Base summary,132,4,2.0497198191211532e-08,budget_17_high_rot_aniso,double-loop,0,budget_17_high_rot_aniso,volatility-clustering,3,1.0,1.0,1.0,1.0,budget_17_high_rot_aniso|double-loop|0,budget_17_high_rot_aniso|volatility-clustering|3,1_0,-0.04713477352374962,0,0.6242197253433208,0.8233703814959447,0.48557213930348253,0.6242197253433208,optimization-limited zone,1_0,0.4439176548542998,0,0.8680815647107781,0.38329828777410624,0.7024875621890548,0.8680815647107781,decision-fragile zone,0.0,0.4910524283780494,1.0,0.0
Base summary,132,5,2.433091019982144e-08,budget_17_high_rot_aniso,double-loop,0,budget_17_high_rot_aniso,volatility-clustering,0,0.0,0.0,1.0,0.0,budget_17_high_rot_aniso|double-loop|0,budget_17_high_rot_aniso|volatility-clustering|0,1_0,-0.04713477352374962,0,0.6242197253433208,0.8233703814959447,0.48557213930348253,0.6242197253433208,optimization-limited zone,1_0,0.4439176548542998,0,0.5418227215980024,0.656954040252328,0.8766169154228857,0.5418227215980024,decision-fragile zone,0.0,0.4910524283780494,1.0,0.0
Base summary,133,1,4.634755843620042e-09,budget_17_high_rot_aniso,double-loop,1,budget_17_high_rot_aniso,double-loop,2,1.0,0.0,0.0,1.0,budget_17_high_rot_aniso|double-loop|1,budget_17_high_rot_aniso|double-loop|2,1_0,-0.04713477352374962,0,0.340407823553891,0.1339741664163412,0.31044776119402984,0.340407823553891,ambiguity zone,1_0,-0.04713477352374962,0,0.7240948813982522,0.9408230699909881,0.37213930348258706,0.7240948813982522,optimization-limited zone,0.0,0.0,0.0,0.0
Base summary,133,2,6.782992380625937e-09,budget_17_high_rot_aniso,double-loop,1,budget_17_high_rot_aniso,double-loop,3,0.0,0.0,0.0,0.0,budget_17_high_rot_aniso|double-loop|1,budget_17_high_rot_aniso|double-loop|3,1_0,-0.04713477352374962,0,0.340407823553891,0.1339741664163412,0.31044776119402984,0.340407823553891,ambiguity zone,1_0,-0.04713477352374962,0,0.3503953391593841,0.2328026434364674,0.09154228855721389,0.3503953391593841,ambiguity zone,0.0,0.0,0.0,0.0
Base summary,133,3,7.53456140193216e-09,budget_17_high_rot_aniso,double-loop,1,budget_17_high_rot_aniso,double-loop,0,1.0,0.0,0.0,1.0,budget_17_high_rot_aniso|double-loop|1,budget_17_high_rot_aniso|double-loop|0,1_0,-0.04713477352374962,0,0.340407823553891,0.1339741664163412,0.31044776119402984,0.340407823553891,ambiguity zone,1_0,-0.04713477352374962,0,0.6242197253433208,0.8233703814959447,0.48557213930348253,0.6242197253433208,optimization-limited zone,0.0,0.0,0.0,0.0
Base summary,133,4,1.498967684346248e-08,budget_17_high_rot_aniso,double-loop,1,budget_17_high_rot_aniso,volatility-clustering,3,1.0,1.0,1.0,0.0,budget_17_high_rot_aniso|double-loop|1,budget_17_high_rot_aniso|volatility-clustering|3,1_0,-0.04713477352374962,0,0.340407823553891,0.1339741664163412,0.31044776119402984,0.340407823553891,ambiguity zone,1_0,0.4439176548542998,0,0.8680815647107781,0.38329828777410624,0.7024875621890548,0.8680815647107781,decision-fragile zone,0.0,0.4910524283780494,1.0,0.0
Base summary,133,5,2.00427608732982e-08,budget_17_high_rot_aniso,double-loop,1,budget_17_high_rot_aniso,volatility-clustering,0,1.0,0.0,1.0,1.0,budget_17_high_rot_aniso|double-loop|1,budget_17_high_rot_aniso|volatility-clustering|0,1_0,-0.04713477352374962,0,0.340407823553891,0.1339741664163412,0.31044776119402984,0.340407823553891,ambiguity zone,1_0,0.4439176548542998,0,0.5418227215980024,0.656954040252328,0.8766169154228857,0.5418227215980024,decision-fragile zone,0.0,0.4910524283780494,1.0,0.0
Base summary,134,1,2.983154217346392e-09,budget_17_high_rot_aniso,double-loop,2,budget_17_high_rot_aniso,double-loop,0,0.0,0.0,0.0,0.0,budget_17_high_rot_aniso|double-loop|2,budget_17_high_rot_aniso|double-loop|0,1_0,-0.04713477352374962,0,0.7240948813982522,0.9408230699909881,0.37213930348258706,0.7240948813982522,optimization-limited zone,1_0,-0.04713477352374962,0,0.6242197253433208,0.8233703814959447,0.48557213930348253,0.6242197253433208,optimization-limited zone,0.0,0.0,0.0,0.0
Base summary,134,2,3.2452500728359927e-09,budget_17_high_rot_aniso,double-loop,2,budget_17_high_rot_aniso,double-loop,3,1.0,0.0,0.0,1.0,budget_17_high_rot_aniso|double-loop|2,budget_17_high_rot_aniso|double-loop|3,1_0,-0.04713477352374962,0,0.7240948813982522,0.9408230699909881,0.37213930348258706,0.7240948813982522,optimization-limited zone,1_0,-0.04713477352374962,0,0.3503953391593841,0.2328026434364674,0.09154228855721389,0.3503953391593841,ambiguity zone,0.0,0.0,0.0,0.0
Base summary,134,3,4.634755843620042e-09,budget_17_high_rot_aniso,double-loop,2,budget_17_high_rot_aniso,double-loop,1,1.0,0.0,0.0,1.0,budget_17_high_rot_aniso|double-loop|2,budget_17_high_rot_aniso|double-loop|1,1_0,-0.04713477352374962,0,0.7240948813982522,0.9408230699909881,0.37213930348258706,0.7240948813982522,optimization-limited zone,1_0,-0.04713477352374962,0,0.340407823553891,0.1339741664163412,0.31044776119402984,0.340407823553891,ambiguity zone,0.0,0.0,0.0,0.0
Base summary,134,4,1.8533002822218272e-08,budget_17_high_rot_aniso,double-loop,2,budget_17_high_rot_aniso,volatility-clustering,3,1.0,1.0,1.0,1.0,budget_17_high_rot_aniso|double-loop|2,budget_17_high_rot_aniso|volatility-clustering|3,1_0,-0.04713477352374962,0,0.7240948813982522,0.9408230699909881,0.37213930348258706,0.7240948813982522,optimization-limited zone,1_0,0.4439176548542998,0,0.8680815647107781,0.38329828777410624,0.7024875621890548,0.8680815647107781,decision-fragile zone,0.0,0.4910524283780494,1.0,0.0
Base summary,134,5,2.2858924272510744e-08,budget_17_high_rot_aniso,double-loop,2,budget_17_high_rot_aniso,volatility-clustering,0,0.0,0.0,1.0,0.0,budget_17_high_rot_aniso|double-loop|2,budget_17_high_rot_aniso|volatility-clustering|0,1_0,-0.04713477352374962,0,0.7240948813982522,0.9408230699909881,0.37213930348258706,0.7240948813982522,optimization-limited zone,1_0,0.4439176548542998,0,0.5418227215980024,0.656954040252328,0.8766169154228857,0.5418227215980024,decision-fragile zone,0.0,0.4910524283780494,1.0,0.0
Base summary,135,1,3.158519276631722e-09,budget_17_high_rot_aniso,double-loop,3,budget_17_high_rot_aniso,double-loop,0,1.0,0.0,0.0,1.0,budget_17_high_rot_aniso|double-loop|3,budget_17_high_rot_aniso|double-loop|0,1_0,-0.04713477352374962,0,0.3503953391593841,0.2328026434364674,0.09154228855721389,0.3503953391593841,ambiguity zone,1_0,-0.04713477352374962,0,0.6242197253433208,0.8233703814959447,0.48557213930348253,0.6242197253433208,optimization-limited zone,0.0,0.0,0.0,0.0
Base summary,135,2,3.2452500728359927e-09,budget_17_high_rot_aniso,double-loop,3,budget_17_high_rot_aniso,double-loop,2,1.0,0.0,0.0,1.0,budget_17_high_rot_aniso|double-loop|3,budget_17_high_rot_aniso|double-loop|2,1_0,-0.04713477352374962,0,0.3503953391593841,0.2328026434364674,0.09154228855721389,0.3503953391593841,ambiguity zone,1_0,-0.04713477352374962,0,0.7240948813982522,0.9408230699909881,0.37213930348258706,0.7240948813982522,optimization-limited zone,0.0,0.0,0.0,0.0
Base summary,135,3,6.782992380625937e-09,budget_17_high_rot_aniso,double-loop,3,budget_17_high_rot_aniso,double-loop,1,0.0,0.0,0.0,0.0,budget_17_high_rot_aniso|double-loop|3,budget_17_high_rot_aniso|double-loop|1,1_0,-0.04713477352374962,0,0.3503953391593841,0.2328026434364674,0.09154228855721389,0.3503953391593841,ambiguity zone,1_0,-0.04713477352374962,0,0.340407823553891,0.1339741664163412,0.31044776119402984,0.340407823553891,ambiguity zone,0.0,0.0,0.0,0.0
Base summary,135,4,2.0145132653306012e-08,budget_17_high_rot_aniso,double-loop,3,budget_17_high_rot_aniso,volatility-clustering,3,1.0,1.0,1.0,0.0,budget_17_high_rot_aniso|double-loop|3,budget_17_high_rot_aniso|volatility-clustering|3,1_0,-0.04713477352374962,0,0.3503953391593841,0.2328026434364674,0.09154228855721389,0.3503953391593841,ambiguity zone,1_0,0.4439176548542998,0,0.8680815647107781,0.38329828777410624,0.7024875621890548,0.8680815647107781,decision-fragile zone,0.0,0.4910524283780494,1.0,0.0
Base summary,135,5,2.4674580492010985e-08,budget_17_high_rot_aniso,double-loop,3,budget_17_high_rot_aniso,volatility-clustering,0,1.0,0.0,1.0,1.0,budget_17_high_rot_aniso|double-loop|3,budget_17_high_rot_aniso|volatility-clustering|0,1_0,-0.04713477352374962,0,0.3503953391593841,0.2328026434364674,0.09154228855721389,0.3503953391593841,ambiguity zone,1_0,0.4439176548542998,0,0.5418227215980024,0.656954040252328,0.8766169154228857,0.5418227215980024,decision-fragile zone,0.0,0.4910524283780494,1.0,0.0
Base summary,136,1,1.1702715154947369e-08,budget_17_high_rot_aniso,mean-reversion,0,budget_17_high_rot_aniso,mean-reversion,3,1.0,1.0,0.0,1.0,budget_17_high_rot_aniso|mean-reversion|0,budget_17_high_rot_aniso|mean-reversion|3,1_0,-0.2321875606103716,1,0.7174365376612567,0.527185340943226,0.29850746268656714,0.7174365376612567,ambiguity zone,1_0,-0.2321875606103716,1,0.5218476903870163,0.8197656954040252,0.4656716417910448,0.5218476903870163,optimization-limited zone,0.0,0.0,0.0,0.0
Base summary,136,2,1.4074065525735444e-08,budget_17_high_rot_aniso,mean-reversion,0,budget_17_high_rot_aniso,mean-reversion,2,0.0,0.0,0.0,0.0,budget_17_high_rot_aniso|mean-reversion|0,budget_17_high_rot_aniso|mean-reversion|2,1_0,-0.2321875606103716,1,0.7174365376612567,0.527185340943226,0.29850746268656714,0.7174365376612567,ambiguity zone,1_0,-0.2321875606103716,1,0.42530170620058266,0.5088615199759687,0.2258706467661692,0.42530170620058266,ambiguity zone,0.0,0.0,0.0,0.0
Base summary,136,3,2.4258047830461952e-08,budget_17_high_rot_aniso,mean-reversion,0,budget_17_high_rot_aniso,mean-reversion,1,1.0,0.0,0.0,1.0,budget_17_high_rot_aniso|mean-reversion|0,budget_17_high_rot_aniso|mean-reversion|1,1_0,-0.2321875606103716,1,0.7174365376612567,0.527185340943226,0.29850746268656714,0.7174365376612567,ambiguity zone,1_0,-0.2321875606103716,1,0.3928422804827299,0.6683688795434063,0.4338308457711443,0.3928422804827299,optimization-limited zone,0.0,0.0,0.0,0.0
Base summary,136,4,2.0471301405793058e-07,budget_17_high_rot_aniso,mean-reversion,0,budget_17_high_rot_aniso,volatility-clustering,1,1.0,1.0,1.0,0.0,budget_17_high_rot_aniso|mean-reversion|0,budget_17_high_rot_aniso|volatility-clustering|1,1_0,-0.2321875606103716,1,0.7174365376612567,0.527185340943226,0.29850746268656714,0.7174365376612567,ambiguity zone,1_0,0.4439176548542998,0,0.3379109446525177,0.3235205767497747,0.37512437810945276,0.3379109446525177,ambiguity zone,0.0,0.6761052154646714,1.0,1.0
Base summary,136,5,2.441981042266102e-07,budget_17_high_rot_aniso,mean-reversion,0,budget_17_high_rot_aniso,volatility-clustering,3,1.0,1.0,1.0,0.0,budget_17_high_rot_aniso|mean-reversion|0,budget_17_high_rot_aniso|volatility-clustering|3,1_0,-0.2321875606103716,1,0.7174365376612567,0.527185340943226,0.29850746268656714,0.7174365376612567,ambiguity zone,1_0,0.4439176548542998,0,0.8680815647107781,0.38329828777410624,0.7024875621890548,0.8680815647107781,decision-fragile zone,0.0,0.6761052154646714,1.0,1.0
Base summary,137,1,1.2609202379168924e-08,budget_17_high_rot_aniso,mean-reversion,1,budget_17_high_rot_aniso,mean-reversion,3,1.0,1.0,0.0,0.0,budget_17_high_rot_aniso|mean-reversion|1,budget_17_high_rot_aniso|mean-reversion|3,1_0,-0.2321875606103716,1,0.3928422804827299,0.6683688795434063,0.4338308457711443,0.3928422804827299,optimization-limited zone,1_0,-0.2321875606103716,1,0.5218476903870163,0.8197656954040252,0.4656716417910448,0.5218476903870163,optimization-limited zone,0.0,0.0,0.0,0.0
Base summary,137,2,2.4258047830461952e-08,budget_17_high_rot_aniso,mean-reversion,1,budget_17_high_rot_aniso,mean-reversion,0,1.0,0.0,0.0,1.0,budget_17_high_rot_aniso|mean-reversion|1,budget_17_high_rot_aniso|mean-reversion|0,1_0,-0.2321875606103716,1,0.3928422804827299,0.6683688795434063,0.4338308457711443,0.3928422804827299,optimization-limited zone,1_0,-0.2321875606103716,1,0.7174365376612567,0.527185340943226,0.29850746268656714,0.7174365376612567,ambiguity zone,0.0,0.0,0.0,0.0
Base summary,137,3,3.79510469544866e-08,budget_17_high_rot_aniso,mean-reversion,1,budget_17_high_rot_aniso,mean-reversion,2,1.0,0.0,0.0,1.0,budget_17_high_rot_aniso|mean-reversion|1,budget_17_high_rot_aniso|mean-reversion|2,1_0,-0.2321875606103716,1,0.3928422804827299,0.6683688795434063,0.4338308457711443,0.3928422804827299,optimization-limited zone,1_0,-0.2321875606103716,1,0.42530170620058266,0.5088615199759687,0.2258706467661692,0.42530170620058266,ambiguity zone,0.0,0.0,0.0,0.0
Base summary,137,4,1.8050235065093493e-07,budget_17_high_rot_aniso,mean-reversion,1,budget_17_high_rot_aniso,volatility-clustering,1,1.0,1.0,1.0,1.0,budget_17_high_rot_aniso|mean-reversion|1,budget_17_high_rot_aniso|volatility-clustering|1,1_0,-0.2321875606103716,1,0.3928422804827299,0.6683688795434063,0.4338308457711443,0.3928422804827299,optimization-limited zone,1_0,0.4439176548542998,0,0.3379109446525177,0.3235205767497747,0.37512437810945276,0.3379109446525177,ambiguity zone,0.0,0.6761052154646714,1.0,1.0
Base summary,137,5,2.1995663616098853e-07,budget_17_high_rot_aniso,mean-reversion,1,budget_17_high_rot_aniso,volatility-clustering,3,1.0,1.0,1.0,1.0,budget_17_high_rot_aniso|mean-reversion|1,budget_17_high_rot_aniso|volatility-clustering|3,1_0,-0.2321875606103716,1,0.3928422804827299,0.6683688795434063,0.4338308457711443,0.3928422804827299,optimization-limited zone,1_0,0.4439176548542998,0,0.8680815647107781,0.38329828777410624,0.7024875621890548,0.8680815647107781,decision-fragile zone,0.0,0.6761052154646714,1.0,1.0
Base summary,138,1,1.4074065525735444e-08,budget_17_high_rot_aniso,mean-reversion,2,budget_17_high_rot_aniso,mean-reversion,0,0.0,0.0,0.0,0.0,budget_17_high_rot_aniso|mean-reversion|2,budget_17_high_rot_aniso|mean-reversion|0,1_0,-0.2321875606103716,1,0.42530170620058266,0.5088615199759687,0.2258706467661692,0.42530170620058266,ambiguity zone,1_0,-0.2321875606103716,1,0.7174365376612567,0.527185340943226,0.29850746268656714,0.7174365376612567,ambiguity zone,0.0,0.0,0.0,0.0
Base summary,138,2,2.5380164737757077e-08,budget_17_high_rot_aniso,mean-reversion,2,budget_17_high_rot_aniso,mean-reversion,3,1.0,1.0,0.0,1.0,budget_17_high_rot_aniso|mean-reversion|2,budget_17_high_rot_aniso|mean-reversion|3,1_0,-0.2321875606103716,1,0.42530170620058266,0.5088615199759687,0.2258706467661692,0.42530170620058266,ambiguity zone,1_0,-0.2321875606103716,1,0.5218476903870163,0.8197656954040252,0.4656716417910448,0.5218476903870163,optimization-limited zone,0.0,0.0,0.0,0.0
Base summary,138,3,3.79510469544866e-08,budget_17_high_rot_aniso,mean-reversion,2,budget_17_high_rot_aniso,mean-reversion,1,1.0,0.0,0.0,1.0,budget_17_high_rot_aniso|mean-reversion|2,budget_17_high_rot_aniso|mean-reversion|1,1_0,-0.2321875606103716,1,0.42530170620058266,0.5088615199759687,0.2258706467661692,0.42530170620058266,ambiguity zone,1_0,-0.2321875606103716,1,0.3928422804827299,0.6683688795434063,0.4338308457711443,0.3928422804827299,optimization-limited zone,0.0,0.0,0.0,0.0
Base summary,138,4,2.1842400351277687e-07,budget_17_high_rot_aniso,mean-reversion,2,budget_17_high_rot_aniso,volatility-clustering,1,1.0,1.0,1.0,0.0,budget_17_high_rot_aniso|mean-reversion|2,budget_17_high_rot_aniso|volatility-clustering|1,1_0,-0.2321875606103716,1,0.42530170620058266,0.5088615199759687,0.2258706467661692,0.42530170620058266,ambiguity zone,1_0,0.4439176548542998,0,0.3379109446525177,0.3235205767497747,0.37512437810945276,0.3379109446525177,ambiguity zone,0.0,0.6761052154646714,1.0,1.0
Base summary,138,5,2.578148139382605e-07,budget_17_high_rot_aniso,mean-reversion,2,budget_17_high_rot_aniso,volatility-clustering,3,1.0,1.0,1.0,0.0,budget_17_high_rot_aniso|mean-reversion|2,budget_17_high_rot_aniso|volatility-clustering|3,1_0,-0.2321875606103716,1,0.42530170620058266,0.5088615199759687,0.2258706467661692,0.42530170620058266,ambiguity zone,1_0,0.4439176548542998,0,0.8680815647107781,0.38329828777410624,0.7024875621890548,0.8680815647107781,decision-fragile zone,0.0,0.6761052154646714,1.0,1.0
Base summary,139,1,1.1702715154947369e-08,budget_17_high_rot_aniso,mean-reversion,3,budget_17_high_rot_aniso,mean-reversion,0,1.0,1.0,0.0,1.0,budget_17_high_rot_aniso|mean-reversion|3,budget_17_high_rot_aniso|mean-reversion|0,1_0,-0.2321875606103716,1,0.5218476903870163,0.8197656954040252,0.4656716417910448,0.5218476903870163,optimization-limited zone,1_0,-0.2321875606103716,1,0.7174365376612567,0.527185340943226,0.29850746268656714,0.7174365376612567,ambiguity zone,0.0,0.0,0.0,0.0
Base summary,139,2,1.2609202379168924e-08,budget_17_high_rot_aniso,mean-reversion,3,budget_17_high_rot_aniso,mean-reversion,1,1.0,1.0,0.0,0.0,budget_17_high_rot_aniso|mean-reversion|3,budget_17_high_rot_aniso|mean-reversion|1,1_0,-0.2321875606103716,1,0.5218476903870163,0.8197656954040252,0.4656716417910448,0.5218476903870163,optimization-limited zone,1_0,-0.2321875606103716,1,0.3928422804827299,0.6683688795434063,0.4338308457711443,0.3928422804827299,optimization-limited zone,0.0,0.0,0.0,0.0
Base summary,139,3,2.5380164737757077e-08,budget_17_high_rot_aniso,mean-reversion,3,budget_17_high_rot_aniso,mean-reversion,2,1.0,1.0,0.0,1.0,budget_17_high_rot_aniso|mean-reversion|3,budget_17_high_rot_aniso|mean-reversion|2,1_0,-0.2321875606103716,1,0.5218476903870163,0.8197656954040252,0.4656716417910448,0.5218476903870163,optimization-limited zone,1_0,-0.2321875606103716,1,0.42530170620058266,0.5088615199759687,0.2258706467661692,0.42530170620058266,ambiguity zone,0.0,0.0,0.0,0.0
Base summary,139,4,1.931075804429479e-07,budget_17_high_rot_aniso,mean-reversion,3,budget_17_high_rot_aniso,volatility-clustering,1,0.0,0.0,1.0,1.0,budget_17_high_rot_aniso|mean-reversion|3,budget_17_high_rot_aniso|volatility-clustering|1,1_0,-0.2321875606103716,1,0.5218476903870163,0.8197656954040252,0.4656716417910448,0.5218476903870163,optimization-limited zone,1_0,0.4439176548542998,0,0.3379109446525177,0.3235205767497747,0.37512437810945276,0.3379109446525177,ambiguity zone,0.0,0.6761052154646714,1.0,1.0
Base summary,139,5,2.3254611379987202e-07,budget_17_high_rot_aniso,mean-reversion,3,budget_17_high_rot_aniso,volatility-clustering,3,0.0,0.0,1.0,1.0,budget_17_high_rot_aniso|mean-reversion|3,budget_17_high_rot_aniso|volatility-clustering|3,1_0,-0.2321875606103716,1,0.5218476903870163,0.8197656954040252,0.4656716417910448,0.5218476903870163,optimization-limited zone,1_0,0.4439176548542998,0,0.8680815647107781,0.38329828777410624,0.7024875621890548,0.8680815647107781,decision-fragile zone,0.0,0.6761052154646714,1.0,1.0
Base summary,140,1,2.6353284631567404e-09,budget_17_high_rot_aniso,multi-hole,0,budget_17_high_rot_aniso,pinwheel,0,1.0,1.0,1.0,0.0,budget_17_high_rot_aniso|multi-hole|0,budget_17_high_rot_aniso|pinwheel|0,1_1,-0.689700722662991,0,0.4044943820224719,0.3775908681285671,0.291542288557214,0.4044943820224719,effective-collapse zone,1_1,0.22351500627580145,1,0.40033291718684977,0.48573145088615194,0.8208955223880596,0.40033291718684977,decision-fragile zone,0.0,0.9132157289387924,1.0,1.0
Base summary,140,2,2.8894608383573104e-09,budget_17_high_rot_aniso,multi-hole,0,budget_17_high_rot_aniso,multi-hole,2,1.0,0.0,0.0,0.0,budget_17_high_rot_aniso|multi-hole|0,budget_17_high_rot_aniso|multi-hole|2,1_1,-0.689700722662991,0,0.4044943820224719,0.3775908681285671,0.291542288557214,0.4044943820224719,effective-collapse zone,1_1,-0.689700722662991,1,0.0965459841864336,0.39831781315710413,0.30348258706467657,0.0965459841864336,effective-collapse zone,0.0,0.0,0.0,1.0
Base summary,140,3,4.480371702797198e-09,budget_17_high_rot_aniso,multi-hole,0,budget_17_high_rot_aniso,pinwheel,2,0.0,0.0,1.0,0.0,budget_17_high_rot_aniso|multi-hole|0,budget_17_high_rot_aniso|pinwheel|2,1_1,-0.689700722662991,0,0.4044943820224719,0.3775908681285671,0.291542288557214,0.4044943820224719,effective-collapse zone,1_1,0.22351500627580145,0,0.31460674157303375,0.5857614899369179,0.8149253731343284,0.31460674157303375,decision-fragile zone,0.0,0.9132157289387924,1.0,0.0
Base summary,140,4,5.690536794633713e-09,budget_17_high_rot_aniso,multi-hole,0,budget_17_high_rot_aniso,pinwheel,3,1.0,1.0,1.0,1.0,budget_17_high_rot_aniso|multi-hole|0,budget_17_high_rot_aniso|pinwheel|3,1_1,-0.689700722662991,0,0.4044943820224719,0.3775908681285671,0.291542288557214,0.4044943820224719,effective-collapse zone,1_1,0.22351500627580145,1,0.6816479400749064,0.8519074797236407,0.5223880597014924,0.6816479400749064,optimization-limited zone,0.0,0.9132157289387924,1.0,1.0
Base summary,140,5,7.388436849554352e-09,budget_17_high_rot_aniso,multi-hole,0,budget_17_high_rot_aniso,multi-hole,3,1.0,0.0,0.0,1.0,budget_17_high_rot_aniso|multi-hole|0,budget_17_high_rot_aniso|multi-hole|3,1_1,-0.689700722662991,0,0.4044943820224719,0.3775908681285671,0.291542288557214,0.4044943820224719,effective-collapse zone,1_1,-0.689700722662991,1,0.4902205576362879,0.8915590267347551,0.5084577114427861,0.4902205576362879,optimization-limited zone,0.0,0.0,0.0,1.0
Base summary,141,1,1.0573439368169964e-08,budget_17_high_rot_aniso,multi-hole,1,budget_17_high_rot_aniso,multi-hole,0,1.0,0.0,0.0,1.0,budget_17_high_rot_aniso|multi-hole|1,budget_17_high_rot_aniso|multi-hole|0,1_1,-0.689700722662991,1,0.1764461090303787,0.935416040853109,0.5213930348258707,0.1764461090303787,optimization-limited zone,1_1,-0.689700722662991,0,0.4044943820224719,0.3775908681285671,0.291542288557214,0.4044943820224719,effective-collapse zone,0.0,0.0,0.0,1.0
Base summary,141,2,1.1387729730949137e-08,budget_17_high_rot_aniso,multi-hole,1,budget_17_high_rot_aniso,pinwheel,0,0.0,1.0,1.0,1.0,budget_17_high_rot_aniso|multi-hole|1,budget_17_high_rot_aniso|pinwheel|0,1_1,-0.689700722662991,1,0.1764461090303787,0.935416040853109,0.5213930348258707,0.1764461090303787,optimization-limited zone,1_1,0.22351500627580145,1,0.40033291718684977,0.48573145088615194,0.8208955223880596,0.40033291718684977,decision-fragile zone,0.0,0.9132157289387924,1.0,0.0
Base summary,141,3,1.2007577693739044e-08,budget_17_high_rot_aniso,multi-hole,1,budget_17_high_rot_aniso,pinwheel,2,1.0,0.0,1.0,1.0,budget_17_high_rot_aniso|multi-hole|1,budget_17_high_rot_aniso|pinwheel|2,1_1,-0.689700722662991,1,0.1764461090303787,0.935416040853109,0.5213930348258707,0.1764461090303787,optimization-limited zone,1_1,0.22351500627580145,0,0.31460674157303375,0.5857614899369179,0.8149253731343284,0.31460674157303375,decision-fragile zone,0.0,0.9132157289387924,1.0,1.0
Base summary,141,4,1.2909262715614251e-08,budget_17_high_rot_aniso,multi-hole,1,budget_17_high_rot_aniso,multi-hole,2,0.0,0.0,0.0,1.0,budget_17_high_rot_aniso|multi-hole|1,budget_17_high_rot_aniso|multi-hole|2,1_1,-0.689700722662991,1,0.1764461090303787,0.935416040853109,0.5213930348258707,0.1764461090303787,optimization-limited zone,1_1,-0.689700722662991,1,0.0965459841864336,0.39831781315710413,0.30348258706467657,0.0965459841864336,effective-collapse zone,0.0,0.0,0.0,0.0
Base summary,141,5,1.515561815235453e-08,budget_17_high_rot_aniso,multi-hole,1,budget_17_high_rot_aniso,pinwheel,3,0.0,1.0,1.0,0.0,budget_17_high_rot_aniso|multi-hole|1,budget_17_high_rot_aniso|pinwheel|3,1_1,-0.689700722662991,1,0.1764461090303787,0.935416040853109,0.5213930348258707,0.1764461090303787,optimization-limited zone,1_1,0.22351500627580145,1,0.6816479400749064,0.8519074797236407,0.5223880597014924,0.6816479400749064,optimization-limited zone,0.0,0.9132157289387924,1.0,0.0
Base summary,142,1,2.8894608383573104e-09,budget_17_high_rot_aniso,multi-hole,2,budget_17_high_rot_aniso,multi-hole,0,1.0,0.0,0.0,0.0,budget_17_high_rot_aniso|multi-hole|2,budget_17_high_rot_aniso|multi-hole|0,1_1,-0.689700722662991,1,0.0965459841864336,0.39831781315710413,0.30348258706467657,0.0965459841864336,effective-collapse zone,1_1,-0.689700722662991,0,0.4044943820224719,0.3775908681285671,0.291542288557214,0.4044943820224719,effective-collapse zone,0.0,0.0,0.0,1.0
Base summary,142,2,4.717485411611102e-09,budget_17_high_rot_aniso,multi-hole,2,budget_17_high_rot_aniso,multi-hole,3,0.0,0.0,0.0,1.0,budget_17_high_rot_aniso|multi-hole|2,budget_17_high_rot_aniso|multi-hole|3,1_1,-0.689700722662991,1,0.0965459841864336,0.39831781315710413,0.30348258706467657,0.0965459841864336,effective-collapse zone,1_1,-0.689700722662991,1,0.4902205576362879,0.8915590267347551,0.5084577114427861,0.4902205576362879,optimization-limited zone,0.0,0.0,0.0,0.0
Base summary,142,3,4.741393266411729e-09,budget_17_high_rot_aniso,multi-hole,2,budget_17_high_rot_aniso,pinwheel,0,0.0,1.0,1.0,0.0,budget_17_high_rot_aniso|multi-hole|2,budget_17_high_rot_aniso|pinwheel|0,1_1,-0.689700722662991,1,0.0965459841864336,0.39831781315710413,0.30348258706467657,0.0965459841864336,effective-collapse zone,1_1,0.22351500627580145,1,0.40033291718684977,0.48573145088615194,0.8208955223880596,0.40033291718684977,decision-fragile zone,0.0,0.9132157289387924,1.0,0.0
Base summary,142,4,5.788094354016151e-09,budget_17_high_rot_aniso,multi-hole,2,budget_17_high_rot_aniso,pinwheel,3,0.0,1.0,1.0,1.0,budget_17_high_rot_aniso|multi-hole|2,budget_17_high_rot_aniso|pinwheel|3,1_1,-0.689700722662991,1,0.0965459841864336,0.39831781315710413,0.30348258706467657,0.0965459841864336,effective-collapse zone,1_1,0.22351500627580145,1,0.6816479400749064,0.8519074797236407,0.5223880597014924,0.6816479400749064,optimization-limited zone,0.0,0.9132157289387924,1.0,0.0
Base summary,142,5,5.998827715409661e-09,budget_17_high_rot_aniso,multi-hole,2,budget_17_high_rot_aniso,pinwheel,2,1.0,0.0,1.0,0.0,budget_17_high_rot_aniso|multi-hole|2,budget_17_high_rot_aniso|pinwheel|2,1_1,-0.689700722662991,1,0.0965459841864336,0.39831781315710413,0.30348258706467657,0.0965459841864336,effective-collapse zone,1_1,0.22351500627580145,0,0.31460674157303375,0.5857614899369179,0.8149253731343284,0.31460674157303375,decision-fragile zone,0.0,0.9132157289387924,1.0,1.0
Base summary,143,1,4.717485411611102e-09,budget_17_high_rot_aniso,multi-hole,3,budget_17_high_rot_aniso,multi-hole,2,0.0,0.0,0.0,1.0,budget_17_high_rot_aniso|multi-hole|3,budget_17_high_rot_aniso|multi-hole|2,1_1,-0.689700722662991,1,0.4902205576362879,0.8915590267347551,0.5084577114427861,0.4902205576362879,optimization-limited zone,1_1,-0.689700722662991,1,0.0965459841864336,0.39831781315710413,0.30348258706467657,0.0965459841864336,effective-collapse zone,0.0,0.0,0.0,0.0
Base summary,143,2,6.316383720810097e-09,budget_17_high_rot_aniso,multi-hole,3,budget_17_high_rot_aniso,pinwheel,1,0.0,1.0,1.0,0.0,budget_17_high_rot_aniso|multi-hole|3,budget_17_high_rot_aniso|pinwheel|1,1_1,-0.689700722662991,1,0.4902205576362879,0.8915590267347551,0.5084577114427861,0.4902205576362879,optimization-limited zone,1_1,0.22351500627580145,0,0.5709529754473576,0.6827876239110843,0.9810945273631839,0.5709529754473576,decision-fragile zone,0.0,0.9132157289387924,1.0,1.0
Base summary,143,3,6.6833700032688365e-09,budget_17_high_rot_aniso,multi-hole,3,budget_17_high_rot_aniso,pinwheel,3,0.0,1.0,1.0,0.0,budget_17_high_rot_aniso|multi-hole|3,budget_17_high_rot_aniso|pinwheel|3,1_1,-0.689700722662991,1,0.4902205576362879,0.8915590267347551,0.5084577114427861,0.4902205576362879,optimization-limited zone,1_1,0.22351500627580145,1,0.6816479400749064,0.8519074797236407,0.5223880597014924,0.6816479400749064,optimization-limited zone,0.0,0.9132157289387924,1.0,0.0
Base summary,143,4,7.388436849554352e-09,budget_17_high_rot_aniso,multi-hole,3,budget_17_high_rot_aniso,multi-hole,0,1.0,0.0,0.0,1.0,budget_17_high_rot_aniso|multi-hole|3,budget_17_high_rot_aniso|multi-hole|0,1_1,-0.689700722662991,1,0.4902205576362879,0.8915590267347551,0.5084577114427861,0.4902205576362879,optimization-limited zone,1_1,-0.689700722662991,0,0.4044943820224719,0.3775908681285671,0.291542288557214,0.4044943820224719,effective-collapse zone,0.0,0.0,0.0,1.0
Base summary,143,5,8.292931136666574e-09,budget_17_high_rot_aniso,multi-hole,3,budget_17_high_rot_aniso,pinwheel,0,0.0,1.0,1.0,1.0,budget_17_high_rot_aniso|multi-hole|3,budget_17_high_rot_aniso|pinwheel|0,1_1,-0.689700722662991,1,0.4902205576362879,0.8915590267347551,0.5084577114427861,0.4902205576362879,optimization-limited zone,1_1,0.22351500627580145,1,0.40033291718684977,0.48573145088615194,0.8208955223880596,0.40033291718684977,decision-fragile zone,0.0,0.9132157289387924,1.0,0.0
Base summary,144,1,4.029288589962027e-09,budget_17_high_rot_aniso,nested-rings,0,budget_17_high_rot_aniso,nested-rings,2,0.0,0.0,0.0,0.0,budget_17_high_rot_aniso|nested-rings|0,budget_17_high_rot_aniso|nested-rings|2,1_1,-0.20273546129123288,0,0.2929671244277986,0.18143586662661454,0.3701492537313433,0.2929671244277986,effective-collapse zone,1_1,-0.20273546129123288,0,0.19392426133999166,0.16911985581255629,0.31542288557213927,0.19392426133999166,effective-collapse zone,0.0,0.0,0.0,0.0
Base summary,144,2,4.2986800086727884e-09,budget_17_high_rot_aniso,nested-rings,0,budget_17_high_rot_aniso,nested-rings,3,1.0,1.0,0.0,1.0,budget_17_high_rot_aniso|nested-rings|0,budget_17_high_rot_aniso|nested-rings|3,1_1,-0.20273546129123288,0,0.2929671244277986,0.18143586662661454,0.3701492537313433,0.2929671244277986,effective-collapse zone,1_1,-0.20273546129123288,1,0.4236371202663337,0.92850705917693,0.5064676616915423,0.4236371202663337,optimization-limited zone,0.0,0.0,0.0,1.0
Base summary,144,3,5.505988476185856e-09,budget_17_high_rot_aniso,nested-rings,0,budget_17_high_rot_aniso,nested-rings,1,0.0,0.0,0.0,1.0,budget_17_high_rot_aniso|nested-rings|0,budget_17_high_rot_aniso|nested-rings|1,1_1,-0.20273546129123288,0,0.2929671244277986,0.18143586662661454,0.3701492537313433,0.2929671244277986,effective-collapse zone,1_1,-0.20273546129123288,0,0.3803578859758635,0.9309101832382095,0.5492537313432836,0.3803578859758635,optimization-limited zone,0.0,0.0,0.0,0.0
Base summary,144,4,2.5574712967746445e-08,budget_17_high_rot_aniso,nested-rings,0,budget_17_high_rot_aniso,multi-hole,1,1.0,0.0,1.0,1.0,budget_17_high_rot_aniso|nested-rings|0,budget_17_high_rot_aniso|multi-hole|1,1_1,-0.20273546129123288,0,0.2929671244277986,0.18143586662661454,0.3701492537313433,0.2929671244277986,effective-collapse zone,1_1,-0.689700722662991,1,0.1764461090303787,0.935416040853109,0.5213930348258707,0.1764461090303787,optimization-limited zone,0.0,0.4869652613717581,0.0,1.0
Base summary,144,5,3.60899578473342e-08,budget_17_high_rot_aniso,nested-rings,0,budget_17_high_rot_aniso,multi-hole,0,0.0,0.0,1.0,0.0,budget_17_high_rot_aniso|nested-rings|0,budget_17_high_rot_aniso|multi-hole|0,1_1,-0.20273546129123288,0,0.2929671244277986,0.18143586662661454,0.3701492537313433,0.2929671244277986,effective-collapse zone,1_1,-0.689700722662991,0,0.4044943820224719,0.3775908681285671,0.291542288557214,0.4044943820224719,effective-collapse zone,0.0,0.4869652613717581,0.0,0.0
Base summary,145,1,5.244781816361175e-09,budget_17_high_rot_aniso,nested-rings,1,budget_17_high_rot_aniso,nested-rings,3,1.0,1.0,0.0,0.0,budget_17_high_rot_aniso|nested-rings|1,budget_17_high_rot_aniso|nested-rings|3,1_1,-0.20273546129123288,0,0.3803578859758635,0.9309101832382095,0.5492537313432836,0.3803578859758635,optimization-limited zone,1_1,-0.20273546129123288,1,0.4236371202663337,0.92850705917693,0.5064676616915423,0.4236371202663337,optimization-limited zone,0.0,0.0,0.0,1.0
Base summary,145,2,5.505988476185856e-09,budget_17_high_rot_aniso,nested-rings,1,budget_17_high_rot_aniso,nested-rings,0,0.0,0.0,0.0,1.0,budget_17_high_rot_aniso|nested-rings|1,budget_17_high_rot_aniso|nested-rings|0,1_1,-0.20273546129123288,0,0.3803578859758635,0.9309101832382095,0.5492537313432836,0.3803578859758635,optimization-limited zone,1_1,-0.20273546129123288,0,0.2929671244277986,0.18143586662661454,0.3701492537313433,0.2929671244277986,effective-collapse zone,0.0,0.0,0.0,0.0
Base summary,145,3,7.700321570931486e-09,budget_17_high_rot_aniso,nested-rings,1,budget_17_high_rot_aniso,nested-rings,2,0.0,0.0,0.0,1.0,budget_17_high_rot_aniso|nested-rings|1,budget_17_high_rot_aniso|nested-rings|2,1_1,-0.20273546129123288,0,0.3803578859758635,0.9309101832382095,0.5492537313432836,0.3803578859758635,optimization-limited zone,1_1,-0.20273546129123288,0,0.19392426133999166,0.16911985581255629,0.31542288557213927,0.19392426133999166,effective-collapse zone,0.0,0.0,0.0,0.0
Base summary,145,4,2.2333662895846167e-08,budget_17_high_rot_aniso,nested-rings,1,budget_17_high_rot_aniso,multi-hole,1,1.0,0.0,1.0,0.0,budget_17_high_rot_aniso|nested-rings|1,budget_17_high_rot_aniso|multi-hole|1,1_1,-0.20273546129123288,0,0.3803578859758635,0.9309101832382095,0.5492537313432836,0.3803578859758635,optimization-limited zone,1_1,-0.689700722662991,1,0.1764461090303787,0.935416040853109,0.5213930348258707,0.1764461090303787,optimization-limited zone,0.0,0.4869652613717581,0.0,1.0
Base summary,145,5,3.265411542925491e-08,budget_17_high_rot_aniso,nested-rings,1,budget_17_high_rot_aniso,multi-hole,0,0.0,0.0,1.0,1.0,budget_17_high_rot_aniso|nested-rings|1,budget_17_high_rot_aniso|multi-hole|0,1_1,-0.20273546129123288,0,0.3803578859758635,0.9309101832382095,0.5492537313432836,0.3803578859758635,optimization-limited zone,1_1,-0.689700722662991,0,0.4044943820224719,0.3775908681285671,0.291542288557214,0.4044943820224719,effective-collapse zone,0.0,0.4869652613717581,0.0,0.0
Base summary,146,1,3.3454118731820263e-09,budget_17_high_rot_aniso,nested-rings,2,budget_17_high_rot_aniso,nested-rings,3,1.0,1.0,0.0,1.0,budget_17_high_rot_aniso|nested-rings|2,budget_17_high_rot_aniso|nested-rings|3,1_1,-0.20273546129123288,0,0.19392426133999166,0.16911985581255629,0.31542288557213927,0.19392426133999166,effective-collapse zone,1_1,-0.20273546129123288,1,0.4236371202663337,0.92850705917693,0.5064676616915423,0.4236371202663337,optimization-limited zone,0.0,0.0,0.0,1.0
Base summary,146,2,4.029288589962027e-09,budget_17_high_rot_aniso,nested-rings,2,budget_17_high_rot_aniso,nested-rings,0,0.0,0.0,0.0,0.0,budget_17_high_rot_aniso|nested-rings|2,budget_17_high_rot_aniso|nested-rings|0,1_1,-0.20273546129123288,0,0.19392426133999166,0.16911985581255629,0.31542288557213927,0.19392426133999166,effective-collapse zone,1_1,-0.20273546129123288,0,0.2929671244277986,0.18143586662661454,0.3701492537313433,0.2929671244277986,effective-collapse zone,0.0,0.0,0.0,0.0
Base summary,146,3,7.700321570931486e-09,budget_17_high_rot_aniso,nested-rings,2,budget_17_high_rot_aniso,nested-rings,1,0.0,0.0,0.0,1.0,budget_17_high_rot_aniso|nested-rings|2,budget_17_high_rot_aniso|nested-rings|1,1_1,-0.20273546129123288,0,0.19392426133999166,0.16911985581255629,0.31542288557213927,0.19392426133999166,effective-collapse zone,1_1,-0.20273546129123288,0,0.3803578859758635,0.9309101832382095,0.5492537313432836,0.3803578859758635,optimization-limited zone,0.0,0.0,0.0,0.0
Base summary,146,4,2.9012189447162768e-08,budget_17_high_rot_aniso,nested-rings,2,budget_17_high_rot_aniso,multi-hole,1,1.0,0.0,1.0,1.0,budget_17_high_rot_aniso|nested-rings|2,budget_17_high_rot_aniso|multi-hole|1,1_1,-0.20273546129123288,0,0.19392426133999166,0.16911985581255629,0.31542288557213927,0.19392426133999166,effective-collapse zone,1_1,-0.689700722662991,1,0.1764461090303787,0.935416040853109,0.5213930348258707,0.1764461090303787,optimization-limited zone,0.0,0.4869652613717581,0.0,1.0
Base summary,146,5,3.9429614089991155e-08,budget_17_high_rot_aniso,nested-rings,2,budget_17_high_rot_aniso,multi-hole,0,0.0,0.0,1.0,0.0,budget_17_high_rot_aniso|nested-rings|2,budget_17_high_rot_aniso|multi-hole|0,1_1,-0.20273546129123288,0,0.19392426133999166,0.16911985581255629,0.31542288557213927,0.19392426133999166,effective-collapse zone,1_1,-0.689700722662991,0,0.4044943820224719,0.3775908681285671,0.291542288557214,0.4044943820224719,effective-collapse zone,0.0,0.4869652613717581,0.0,0.0
Base summary,147,1,3.3454118731820263e-09,budget_17_high_rot_aniso,nested-rings,3,budget_17_high_rot_aniso,nested-rings,2,1.0,1.0,0.0,1.0,budget_17_high_rot_aniso|nested-rings|3,budget_17_high_rot_aniso|nested-rings|2,1_1,-0.20273546129123288,1,0.4236371202663337,0.92850705917693,0.5064676616915423,0.4236371202663337,optimization-limited zone,1_1,-0.20273546129123288,0,0.19392426133999166,0.16911985581255629,0.31542288557213927,0.19392426133999166,effective-collapse zone,0.0,0.0,0.0,1.0
Base summary,147,2,4.2986800086727884e-09,budget_17_high_rot_aniso,nested-rings,3,budget_17_high_rot_aniso,nested-rings,0,1.0,1.0,0.0,1.0,budget_17_high_rot_aniso|nested-rings|3,budget_17_high_rot_aniso|nested-rings|0,1_1,-0.20273546129123288,1,0.4236371202663337,0.92850705917693,0.5064676616915423,0.4236371202663337,optimization-limited zone,1_1,-0.20273546129123288,0,0.2929671244277986,0.18143586662661454,0.3701492537313433,0.2929671244277986,effective-collapse zone,0.0,0.0,0.0,1.0
Base summary,147,3,5.244781816361175e-09,budget_17_high_rot_aniso,nested-rings,3,budget_17_high_rot_aniso,nested-rings,1,1.0,1.0,0.0,0.0,budget_17_high_rot_aniso|nested-rings|3,budget_17_high_rot_aniso|nested-rings|1,1_1,-0.20273546129123288,1,0.4236371202663337,0.92850705917693,0.5064676616915423,0.4236371202663337,optimization-limited zone,1_1,-0.20273546129123288,0,0.3803578859758635,0.9309101832382095,0.5492537313432836,0.3803578859758635,optimization-limited zone,0.0,0.0,0.0,1.0
Base summary,147,4,2.664322789219828e-08,budget_17_high_rot_aniso,nested-rings,3,budget_17_high_rot_aniso,multi-hole,1,0.0,1.0,1.0,0.0,budget_17_high_rot_aniso|nested-rings|3,budget_17_high_rot_aniso|multi-hole|1,1_1,-0.20273546129123288,1,0.4236371202663337,0.92850705917693,0.5064676616915423,0.4236371202663337,optimization-limited zone,1_1,-0.689700722662991,1,0.1764461090303787,0.935416040853109,0.5213930348258707,0.1764461090303787,optimization-limited zone,0.0,0.4869652613717581,0.0,0.0
Base summary,147,5,3.692345227048263e-08,budget_17_high_rot_aniso,nested-rings,3,budget_17_high_rot_aniso,multi-hole,0,1.0,1.0,1.0,1.0,budget_17_high_rot_aniso|nested-rings|3,budget_17_high_rot_aniso|multi-hole|0,1_1,-0.20273546129123288,1,0.4236371202663337,0.92850705917693,0.5064676616915423,0.4236371202663337,optimization-limited zone,1_1,-0.689700722662991,0,0.4044943820224719,0.3775908681285671,0.291542288557214,0.4044943820224719,effective-collapse zone,0.0,0.4869652613717581,0.0,1.0
Base summary,148,1,2.6353284631567404e-09,budget_17_high_rot_aniso,pinwheel,0,budget_17_high_rot_aniso,multi-hole,0,1.0,1.0,1.0,0.0,budget_17_high_rot_aniso|pinwheel|0,budget_17_high_rot_aniso|multi-hole|0,1_1,0.22351500627580145,1,0.40033291718684977,0.48573145088615194,0.8208955223880596,0.40033291718684977,decision-fragile zone,1_1,-0.689700722662991,0,0.4044943820224719,0.3775908681285671,0.291542288557214,0.4044943820224719,effective-collapse zone,0.0,0.9132157289387924,1.0,1.0
Base summary,148,2,2.979125736088425e-09,budget_17_high_rot_aniso,pinwheel,0,budget_17_high_rot_aniso,pinwheel,2,1.0,1.0,0.0,0.0,budget_17_high_rot_aniso|pinwheel|0,budget_17_high_rot_aniso|pinwheel|2,1_1,0.22351500627580145,1,0.40033291718684977,0.48573145088615194,0.8208955223880596,0.40033291718684977,decision-fragile zone,1_1,0.22351500627580145,0,0.31460674157303375,0.5857614899369179,0.8149253731343284,0.31460674157303375,decision-fragile zone,0.0,0.0,0.0,1.0
Base summary,148,3,4.216137863646007e-09,budget_17_high_rot_aniso,pinwheel,0,budget_17_high_rot_aniso,pinwheel,3,0.0,0.0,0.0,1.0,budget_17_high_rot_aniso|pinwheel|0,budget_17_high_rot_aniso|pinwheel|3,1_1,0.22351500627580145,1,0.40033291718684977,0.48573145088615194,0.8208955223880596,0.40033291718684977,decision-fragile zone,1_1,0.22351500627580145,1,0.6816479400749064,0.8519074797236407,0.5223880597014924,0.6816479400749064,optimization-limited zone,0.0,0.0,0.0,0.0
Base summary,148,4,4.741393266411729e-09,budget_17_high_rot_aniso,pinwheel,0,budget_17_high_rot_aniso,multi-hole,2,0.0,1.0,1.0,0.0,budget_17_high_rot_aniso|pinwheel|0,budget_17_high_rot_aniso|multi-hole|2,1_1,0.22351500627580145,1,0.40033291718684977,0.48573145088615194,0.8208955223880596,0.40033291718684977,decision-fragile zone,1_1,-0.689700722662991,1,0.0965459841864336,0.39831781315710413,0.30348258706467657,0.0965459841864336,effective-collapse zone,0.0,0.9132157289387924,1.0,0.0
Base summary,148,5,7.467990669354842e-09,budget_17_high_rot_aniso,pinwheel,0,budget_17_high_rot_aniso,pinwheel,1,0.0,0.0,0.0,1.0,budget_17_high_rot_aniso|pinwheel|0,budget_17_high_rot_aniso|pinwheel|1,1_1,0.22351500627580145,1,0.40033291718684977,0.48573145088615194,0.8208955223880596,0.40033291718684977,decision-fragile zone,1_1,0.22351500627580145,0,0.5709529754473576,0.6827876239110843,0.9810945273631839,0.5709529754473576,decision-fragile zone,0.0,0.0,0.0,1.0
Base summary,149,1,3.406461274259369e-09,budget_17_high_rot_aniso,pinwheel,1,budget_17_high_rot_aniso,pinwheel,3,0.0,0.0,0.0,0.0,budget_17_high_rot_aniso|pinwheel|1,budget_17_high_rot_aniso|pinwheel|3,1_1,0.22351500627580145,0,0.5709529754473576,0.6827876239110843,0.9810945273631839,0.5709529754473576,decision-fragile zone,1_1,0.22351500627580145,1,0.6816479400749064,0.8519074797236407,0.5223880597014924,0.6816479400749064,optimization-limited zone,0.0,0.0,0.0,1.0
Base summary,149,2,6.316383720810097e-09,budget_17_high_rot_aniso,pinwheel,1,budget_17_high_rot_aniso,multi-hole,3,0.0,1.0,1.0,0.0,budget_17_high_rot_aniso|pinwheel|1,budget_17_high_rot_aniso|multi-hole|3,1_1,0.22351500627580145,0,0.5709529754473576,0.6827876239110843,0.9810945273631839,0.5709529754473576,decision-fragile zone,1_1,-0.689700722662991,1,0.4902205576362879,0.8915590267347551,0.5084577114427861,0.4902205576362879,optimization-limited zone,0.0,0.9132157289387924,1.0,1.0
Base summary,149,3,6.811217868334945e-09,budget_17_high_rot_aniso,pinwheel,1,budget_17_high_rot_aniso,pinwheel,2,1.0,1.0,0.0,1.0,budget_17_high_rot_aniso|pinwheel|1,budget_17_high_rot_aniso|pinwheel|2,1_1,0.22351500627580145,0,0.5709529754473576,0.6827876239110843,0.9810945273631839,0.5709529754473576,decision-fragile zone,1_1,0.22351500627580145,0,0.31460674157303375,0.5857614899369179,0.8149253731343284,0.31460674157303375,decision-fragile zone,0.0,0.0,0.0,0.0
Base summary,149,4,7.467990669354842e-09,budget_17_high_rot_aniso,pinwheel,1,budget_17_high_rot_aniso,pinwheel,0,0.0,0.0,0.0,1.0,budget_17_high_rot_aniso|pinwheel|1,budget_17_high_rot_aniso|pinwheel|0,1_1,0.22351500627580145,0,0.5709529754473576,0.6827876239110843,0.9810945273631839,0.5709529754473576,decision-fragile zone,1_1,0.22351500627580145,1,0.40033291718684977,0.48573145088615194,0.8208955223880596,0.40033291718684977,decision-fragile zone,0.0,0.0,0.0,1.0
Base summary,149,5,7.754202382539064e-09,budget_17_high_rot_aniso,pinwheel,1,budget_17_high_rot_aniso,multi-hole,2,0.0,1.0,1.0,1.0,budget_17_high_rot_aniso|pinwheel|1,budget_17_high_rot_aniso|multi-hole|2,1_1,0.22351500627580145,0,0.5709529754473576,0.6827876239110843,0.9810945273631839,0.5709529754473576,decision-fragile zone,1_1,-0.689700722662991,1,0.0965459841864336,0.39831781315710413,0.30348258706467657,0.0965459841864336,effective-collapse zone,0.0,0.9132157289387924,1.0,1.0
Base summary,150,1,2.979125736088425e-09,budget_17_high_rot_aniso,pinwheel,2,budget_17_high_rot_aniso,pinwheel,0,1.0,1.0,0.0,0.0,budget_17_high_rot_aniso|pinwheel|2,budget_17_high_rot_aniso|pinwheel|0,1_1,0.22351500627580145,0,0.31460674157303375,0.5857614899369179,0.8149253731343284,0.31460674157303375,decision-fragile zone,1_1,0.22351500627580145,1,0.40033291718684977,0.48573145088615194,0.8208955223880596,0.40033291718684977,decision-fragile zone,0.0,0.0,0.0,1.0
Base summary,150,2,3.52983989557203e-09,budget_17_high_rot_aniso,pinwheel,2,budget_17_high_rot_aniso,pinwheel,3,1.0,1.0,0.0,1.0,budget_17_high_rot_aniso|pinwheel|2,budget_17_high_rot_aniso|pinwheel|3,1_1,0.22351500627580145,0,0.31460674157303375,0.5857614899369179,0.8149253731343284,0.31460674157303375,decision-fragile zone,1_1,0.22351500627580145,1,0.6816479400749064,0.8519074797236407,0.5223880597014924,0.6816479400749064,optimization-limited zone,0.0,0.0,0.0,1.0
Base summary,150,3,4.480371702797198e-09,budget_17_high_rot_aniso,pinwheel,2,budget_17_high_rot_aniso,multi-hole,0,0.0,0.0,1.0,0.0,budget_17_high_rot_aniso|pinwheel|2,budget_17_high_rot_aniso|multi-hole|0,1_1,0.22351500627580145,0,0.31460674157303375,0.5857614899369179,0.8149253731343284,0.31460674157303375,decision-fragile zone,1_1,-0.689700722662991,0,0.4044943820224719,0.3775908681285671,0.291542288557214,0.4044943820224719,effective-collapse zone,0.0,0.9132157289387924,1.0,0.0
Base summary,150,4,5.998827715409661e-09,budget_17_high_rot_aniso,pinwheel,2,budget_17_high_rot_aniso,multi-hole,2,1.0,0.0,1.0,0.0,budget_17_high_rot_aniso|pinwheel|2,budget_17_high_rot_aniso|multi-hole|2,1_1,0.22351500627580145,0,0.31460674157303375,0.5857614899369179,0.8149253731343284,0.31460674157303375,decision-fragile zone,1_1,-0.689700722662991,1,0.0965459841864336,0.39831781315710413,0.30348258706467657,0.0965459841864336,effective-collapse zone,0.0,0.9132157289387924,1.0,1.0
Base summary,150,5,6.811217868334945e-09,budget_17_high_rot_aniso,pinwheel,2,budget_17_high_rot_aniso,pinwheel,1,1.0,1.0,0.0,1.0,budget_17_high_rot_aniso|pinwheel|2,budget_17_high_rot_aniso|pinwheel|1,1_1,0.22351500627580145,0,0.31460674157303375,0.5857614899369179,0.8149253731343284,0.31460674157303375,decision-fragile zone,1_1,0.22351500627580145,0,0.5709529754473576,0.6827876239110843,0.9810945273631839,0.5709529754473576,decision-fragile zone,0.0,0.0,0.0,0.0
Base summary,151,1,3.406461274259369e-09,budget_17_high_rot_aniso,pinwheel,3,budget_17_high_rot_aniso,pinwheel,1,0.0,0.0,0.0,0.0,budget_17_high_rot_aniso|pinwheel|3,budget_17_high_rot_aniso|pinwheel|1,1_1,0.22351500627580145,1,0.6816479400749064,0.8519074797236407,0.5223880597014924,0.6816479400749064,optimization-limited zone,1_1,0.22351500627580145,0,0.5709529754473576,0.6827876239110843,0.9810945273631839,0.5709529754473576,decision-fragile zone,0.0,0.0,0.0,1.0
Base summary,151,2,3.52983989557203e-09,budget_17_high_rot_aniso,pinwheel,3,budget_17_high_rot_aniso,pinwheel,2,1.0,1.0,0.0,1.0,budget_17_high_rot_aniso|pinwheel|3,budget_17_high_rot_aniso|pinwheel|2,1_1,0.22351500627580145,1,0.6816479400749064,0.8519074797236407,0.5223880597014924,0.6816479400749064,optimization-limited zone,1_1,0.22351500627580145,0,0.31460674157303375,0.5857614899369179,0.8149253731343284,0.31460674157303375,decision-fragile zone,0.0,0.0,0.0,1.0
Base summary,151,3,4.216137863646007e-09,budget_17_high_rot_aniso,pinwheel,3,budget_17_high_rot_aniso,pinwheel,0,0.0,0.0,0.0,1.0,budget_17_high_rot_aniso|pinwheel|3,budget_17_high_rot_aniso|pinwheel|0,1_1,0.22351500627580145,1,0.6816479400749064,0.8519074797236407,0.5223880597014924,0.6816479400749064,optimization-limited zone,1_1,0.22351500627580145,1,0.40033291718684977,0.48573145088615194,0.8208955223880596,0.40033291718684977,decision-fragile zone,0.0,0.0,0.0,0.0
Base summary,151,4,5.690536794633713e-09,budget_17_high_rot_aniso,pinwheel,3,budget_17_high_rot_aniso,multi-hole,0,1.0,1.0,1.0,1.0,budget_17_high_rot_aniso|pinwheel|3,budget_17_high_rot_aniso|multi-hole|0,1_1,0.22351500627580145,1,0.6816479400749064,0.8519074797236407,0.5223880597014924,0.6816479400749064,optimization-limited zone,1_1,-0.689700722662991,0,0.4044943820224719,0.3775908681285671,0.291542288557214,0.4044943820224719,effective-collapse zone,0.0,0.9132157289387924,1.0,1.0
Base summary,151,5,5.788094354016151e-09,budget_17_high_rot_aniso,pinwheel,3,budget_17_high_rot_aniso,multi-hole,2,0.0,1.0,1.0,1.0,budget_17_high_rot_aniso|pinwheel|3,budget_17_high_rot_aniso|multi-hole|2,1_1,0.22351500627580145,1,0.6816479400749064,0.8519074797236407,0.5223880597014924,0.6816479400749064,optimization-limited zone,1_1,-0.689700722662991,1,0.0965459841864336,0.39831781315710413,0.30348258706467657,0.0965459841864336,effective-collapse zone,0.0,0.9132157289387924,1.0,0.0
Base summary,152,1,2.6848641870875802e-09,budget_17_high_rot_aniso,spiral,0,budget_17_high_rot_aniso,spiral,1,0.0,0.0,0.0,1.0,budget_17_high_rot_aniso|spiral|0,budget_17_high_rot_aniso|spiral|1,1_1,-0.3289846515378983,1,0.08905534748231377,0.15500150195253828,0.23880597014925367,0.08905534748231377,effective-collapse zone,1_1,-0.3289846515378983,1,0.27715355805243447,0.6437368579152897,0.40796019900497515,0.27715355805243447,optimization-limited zone,0.0,0.0,0.0,0.0
Base summary,152,2,4.847844783364725e-09,budget_17_high_rot_aniso,spiral,0,budget_17_high_rot_aniso,spiral,3,1.0,1.0,0.0,1.0,budget_17_high_rot_aniso|spiral|0,budget_17_high_rot_aniso|spiral|3,1_1,-0.3289846515378983,1,0.08905534748231377,0.15500150195253828,0.23880597014925367,0.08905534748231377,effective-collapse zone,1_1,-0.3289846515378983,1,0.1531419059508947,0.8047461700210273,0.4467661691542289,0.1531419059508947,optimization-limited zone,0.0,0.0,0.0,0.0
Base summary,152,3,7.480302572848136e-09,budget_17_high_rot_aniso,spiral,0,budget_17_high_rot_aniso,spiral,2,0.0,0.0,0.0,0.0,budget_17_high_rot_aniso|spiral|0,budget_17_high_rot_aniso|spiral|2,1_1,-0.3289846515378983,1,0.08905534748231377,0.15500150195253828,0.23880597014925367,0.08905534748231377,effective-collapse zone,1_1,-0.3289846515378983,0,0.3062838119017894,0.3944127365575248,0.27761194029850744,0.3062838119017894,effective-collapse zone,0.0,0.0,0.0,1.0
Base summary,152,4,1.2384071053189612e-08,budget_17_high_rot_aniso,spiral,0,budget_17_high_rot_aniso,cross-branch,3,0.0,0.0,1.0,1.0,budget_17_high_rot_aniso|spiral|0,budget_17_high_rot_aniso|cross-branch|3,1_1,-0.3289846515378983,1,0.08905534748231377,0.15500150195253828,0.23880597014925367,0.08905534748231377,effective-collapse zone,1_0,-0.2736144549003908,0,0.7307532251352475,0.9161910483628717,0.3393034825870648,0.7307532251352475,optimization-limited zone,1.0,0.055370196637507474,0.0,1.0
Base summary,152,5,1.4835727401112846e-08,budget_17_high_rot_aniso,spiral,0,budget_17_high_rot_aniso,cross-branch,0,1.0,0.0,1.0,1.0,budget_17_high_rot_aniso|spiral|0,budget_17_high_rot_aniso|cross-branch|0,1_1,-0.3289846515378983,1,0.08905534748231377,0.15500150195253828,0.23880597014925367,0.08905534748231377,effective-collapse zone,1_0,-0.2736144549003908,0,0.5052018310445276,0.1321718233703815,0.014925373134328351,0.5052018310445276,ambiguity zone,1.0,0.055370196637507474,0.0,1.0
Base summary,153,1,2.6848641870875802e-09,budget_17_high_rot_aniso,spiral,1,budget_17_high_rot_aniso,spiral,0,0.0,0.0,0.0,1.0,budget_17_high_rot_aniso|spiral|1,budget_17_high_rot_aniso|spiral|0,1_1,-0.3289846515378983,1,0.27715355805243447,0.6437368579152897,0.40796019900497515,0.27715355805243447,optimization-limited zone,1_1,-0.3289846515378983,1,0.08905534748231377,0.15500150195253828,0.23880597014925367,0.08905534748231377,effective-collapse zone,0.0,0.0,0.0,0.0
Base summary,153,2,7.137989593964858e-09,budget_17_high_rot_aniso,spiral,1,budget_17_high_rot_aniso,spiral,3,1.0,1.0,0.0,0.0,budget_17_high_rot_aniso|spiral|1,budget_17_high_rot_aniso|spiral|3,1_1,-0.3289846515378983,1,0.27715355805243447,0.6437368579152897,0.40796019900497515,0.27715355805243447,optimization-limited zone,1_1,-0.3289846515378983,1,0.1531419059508947,0.8047461700210273,0.4467661691542289,0.1531419059508947,optimization-limited zone,0.0,0.0,0.0,0.0
Base summary,153,3,9.7097347347047e-09,budget_17_high_rot_aniso,spiral,1,budget_17_high_rot_aniso,spiral,2,0.0,0.0,0.0,1.0,budget_17_high_rot_aniso|spiral|1,budget_17_high_rot_aniso|spiral|2,1_1,-0.3289846515378983,1,0.27715355805243447,0.6437368579152897,0.40796019900497515,0.27715355805243447,optimization-limited zone,1_1,-0.3289846515378983,0,0.3062838119017894,0.3944127365575248,0.27761194029850744,0.3062838119017894,effective-collapse zone,0.0,0.0,0.0,1.0
Base summary,153,4,1.1080246385639132e-08,budget_17_high_rot_aniso,spiral,1,budget_17_high_rot_aniso,cross-branch,3,0.0,0.0,1.0,0.0,budget_17_high_rot_aniso|spiral|1,budget_17_high_rot_aniso|cross-branch|3,1_1,-0.3289846515378983,1,0.27715355805243447,0.6437368579152897,0.40796019900497515,0.27715355805243447,optimization-limited zone,1_0,-0.2736144549003908,0,0.7307532251352475,0.9161910483628717,0.3393034825870648,0.7307532251352475,optimization-limited zone,1.0,0.055370196637507474,0.0,1.0
Base summary,153,5,1.4423616659398264e-08,budget_17_high_rot_aniso,spiral,1,budget_17_high_rot_aniso,cross-branch,0,1.0,0.0,1.0,1.0,budget_17_high_rot_aniso|spiral|1,budget_17_high_rot_aniso|cross-branch|0,1_1,-0.3289846515378983,1,0.27715355805243447,0.6437368579152897,0.40796019900497515,0.27715355805243447,optimization-limited zone,1_0,-0.2736144549003908,0,0.5052018310445276,0.1321718233703815,0.014925373134328351,0.5052018310445276,ambiguity zone,1.0,0.055370196637507474,0.0,1.0
Base summary,154,1,2.6475905440678516e-09,budget_17_high_rot_aniso,spiral,2,budget_17_high_rot_aniso,spiral,3,1.0,1.0,0.0,1.0,budget_17_high_rot_aniso|spiral|2,budget_17_high_rot_aniso|spiral|3,1_1,-0.3289846515378983,0,0.3062838119017894,0.3944127365575248,0.27761194029850744,0.3062838119017894,effective-collapse zone,1_1,-0.3289846515378983,1,0.1531419059508947,0.8047461700210273,0.4467661691542289,0.1531419059508947,optimization-limited zone,0.0,0.0,0.0,1.0
Base summary,154,2,7.480302572848136e-09,budget_17_high_rot_aniso,spiral,2,budget_17_high_rot_aniso,spiral,0,0.0,0.0,0.0,0.0,budget_17_high_rot_aniso|spiral|2,budget_17_high_rot_aniso|spiral|0,1_1,-0.3289846515378983,0,0.3062838119017894,0.3944127365575248,0.27761194029850744,0.3062838119017894,effective-collapse zone,1_1,-0.3289846515378983,1,0.08905534748231377,0.15500150195253828,0.23880597014925367,0.08905534748231377,effective-collapse zone,0.0,0.0,0.0,1.0
Base summary,154,3,9.7097347347047e-09,budget_17_high_rot_aniso,spiral,2,budget_17_high_rot_aniso,spiral,1,0.0,0.0,0.0,1.0,budget_17_high_rot_aniso|spiral|2,budget_17_high_rot_aniso|spiral|1,1_1,-0.3289846515378983,0,0.3062838119017894,0.3944127365575248,0.27761194029850744,0.3062838119017894,effective-collapse zone,1_1,-0.3289846515378983,1,0.27715355805243447,0.6437368579152897,0.40796019900497515,0.27715355805243447,optimization-limited zone,0.0,0.0,0.0,1.0
Base summary,154,4,1.3536469299807234e-08,budget_17_high_rot_aniso,spiral,2,budget_17_high_rot_aniso,cross-branch,0,1.0,0.0,1.0,1.0,budget_17_high_rot_aniso|spiral|2,budget_17_high_rot_aniso|cross-branch|0,1_1,-0.3289846515378983,0,0.3062838119017894,0.3944127365575248,0.27761194029850744,0.3062838119017894,effective-collapse zone,1_0,-0.2736144549003908,0,0.5052018310445276,0.1321718233703815,0.014925373134328351,0.5052018310445276,ambiguity zone,1.0,0.055370196637507474,0.0,0.0
Base summary,154,5,1.4331051066341592e-08,budget_17_high_rot_aniso,spiral,2,budget_17_high_rot_aniso,cross-branch,2,1.0,0.0,1.0,1.0,budget_17_high_rot_aniso|spiral|2,budget_17_high_rot_aniso|cross-branch|2,1_1,-0.3289846515378983,0,0.3062838119017894,0.3944127365575248,0.27761194029850744,0.3062838119017894,effective-collapse zone,1_0,-0.2736144549003908,1,0.7482313774448605,0.492340042054671,0.1830845771144279,0.7482313774448605,ambiguity zone,1.0,0.055370196637507474,0.0,1.0
Base summary,155,1,2.6475905440678516e-09,budget_17_high_rot_aniso,spiral,3,budget_17_high_rot_aniso,spiral,2,1.0,1.0,0.0,1.0,budget_17_high_rot_aniso|spiral|3,budget_17_high_rot_aniso|spiral|2,1_1,-0.3289846515378983,1,0.1531419059508947,0.8047461700210273,0.4467661691542289,0.1531419059508947,optimization-limited zone,1_1,-0.3289846515378983,0,0.3062838119017894,0.3944127365575248,0.27761194029850744,0.3062838119017894,effective-collapse zone,0.0,0.0,0.0,1.0
Base summary,155,2,4.847844783364725e-09,budget_17_high_rot_aniso,spiral,3,budget_17_high_rot_aniso,spiral,0,1.0,1.0,0.0,1.0,budget_17_high_rot_aniso|spiral|3,budget_17_high_rot_aniso|spiral|0,1_1,-0.3289846515378983,1,0.1531419059508947,0.8047461700210273,0.4467661691542289,0.1531419059508947,optimization-limited zone,1_1,-0.3289846515378983,1,0.08905534748231377,0.15500150195253828,0.23880597014925367,0.08905534748231377,effective-collapse zone,0.0,0.0,0.0,0.0
Base summary,155,3,7.137989593964858e-09,budget_17_high_rot_aniso,spiral,3,budget_17_high_rot_aniso,spiral,1,1.0,1.0,0.0,0.0,budget_17_high_rot_aniso|spiral|3,budget_17_high_rot_aniso|spiral|1,1_1,-0.3289846515378983,1,0.1531419059508947,0.8047461700210273,0.4467661691542289,0.1531419059508947,optimization-limited zone,1_1,-0.3289846515378983,1,0.27715355805243447,0.6437368579152897,0.40796019900497515,0.27715355805243447,optimization-limited zone,0.0,0.0,0.0,0.0
Base summary,155,4,1.3408240488438314e-08,budget_17_high_rot_aniso,spiral,3,budget_17_high_rot_aniso,cross-branch,3,1.0,1.0,1.0,0.0,budget_17_high_rot_aniso|spiral|3,budget_17_high_rot_aniso|cross-branch|3,1_1,-0.3289846515378983,1,0.1531419059508947,0.8047461700210273,0.4467661691542289,0.1531419059508947,optimization-limited zone,1_0,-0.2736144549003908,0,0.7307532251352475,0.9161910483628717,0.3393034825870648,0.7307532251352475,optimization-limited zone,1.0,0.055370196637507474,0.0,1.0
Base summary,155,5,1.3613496729519668e-08,budget_17_high_rot_aniso,spiral,3,budget_17_high_rot_aniso,cross-branch,0,1.0,1.0,1.0,1.0,budget_17_high_rot_aniso|spiral|3,budget_17_high_rot_aniso|cross-branch|0,1_1,-0.3289846515378983,1,0.1531419059508947,0.8047461700210273,0.4467661691542289,0.1531419059508947,optimization-limited zone,1_0,-0.2736144549003908,0,0.5052018310445276,0.1321718233703815,0.014925373134328351,0.5052018310445276,ambiguity zone,1.0,0.055370196637507474,0.0,1.0
Base summary,156,1,6.8336281481994726e-09,budget_17_high_rot_aniso,volatility-clustering,0,budget_17_high_rot_aniso,volatility-clustering,3,1.0,1.0,0.0,1.0,budget_17_high_rot_aniso|volatility-clustering|0,budget_17_high_rot_aniso|volatility-clustering|3,1_0,0.4439176548542998,0,0.5418227215980024,0.656954040252328,0.8766169154228857,0.5418227215980024,decision-fragile zone,1_0,0.4439176548542998,0,0.8680815647107781,0.38329828777410624,0.7024875621890548,0.8680815647107781,decision-fragile zone,0.0,0.0,0.0,0.0
Base summary,156,2,2.00427608732982e-08,budget_17_high_rot_aniso,volatility-clustering,0,budget_17_high_rot_aniso,double-loop,1,1.0,0.0,1.0,1.0,budget_17_high_rot_aniso|volatility-clustering|0,budget_17_high_rot_aniso|double-loop|1,1_0,0.4439176548542998,0,0.5418227215980024,0.656954040252328,0.8766169154228857,0.5418227215980024,decision-fragile zone,1_0,-0.04713477352374962,0,0.340407823553891,0.1339741664163412,0.31044776119402984,0.340407823553891,ambiguity zone,0.0,0.4910524283780494,1.0,0.0
Base summary,156,3,2.2858924272510744e-08,budget_17_high_rot_aniso,volatility-clustering,0,budget_17_high_rot_aniso,double-loop,2,0.0,0.0,1.0,0.0,budget_17_high_rot_aniso|volatility-clustering|0,budget_17_high_rot_aniso|double-loop|2,1_0,0.4439176548542998,0,0.5418227215980024,0.656954040252328,0.8766169154228857,0.5418227215980024,decision-fragile zone,1_0,-0.04713477352374962,0,0.7240948813982522,0.9408230699909881,0.37213930348258706,0.7240948813982522,optimization-limited zone,0.0,0.4910524283780494,1.0,0.0
Base summary,156,4,2.433091019982144e-08,budget_17_high_rot_aniso,volatility-clustering,0,budget_17_high_rot_aniso,double-loop,0,0.0,0.0,1.0,0.0,budget_17_high_rot_aniso|volatility-clustering|0,budget_17_high_rot_aniso|double-loop|0,1_0,0.4439176548542998,0,0.5418227215980024,0.656954040252328,0.8766169154228857,0.5418227215980024,decision-fragile zone,1_0,-0.04713477352374962,0,0.6242197253433208,0.8233703814959447,0.48557213930348253,0.6242197253433208,optimization-limited zone,0.0,0.4910524283780494,1.0,0.0
Base summary,156,5,2.4674580492010985e-08,budget_17_high_rot_aniso,volatility-clustering,0,budget_17_high_rot_aniso,double-loop,3,1.0,0.0,1.0,1.0,budget_17_high_rot_aniso|volatility-clustering|0,budget_17_high_rot_aniso|double-loop|3,1_0,0.4439176548542998,0,0.5418227215980024,0.656954040252328,0.8766169154228857,0.5418227215980024,decision-fragile zone,1_0,-0.04713477352374962,0,0.3503953391593841,0.2328026434364674,0.09154228855721389,0.3503953391593841,ambiguity zone,0.0,0.4910524283780494,1.0,0.0
Base summary,157,1,4.029874961296213e-08,budget_17_high_rot_aniso,volatility-clustering,1,budget_17_high_rot_aniso,volatility-clustering,0,1.0,1.0,0.0,1.0,budget_17_high_rot_aniso|volatility-clustering|1,budget_17_high_rot_aniso|volatility-clustering|0,1_0,0.4439176548542998,0,0.3379109446525177,0.3235205767497747,0.37512437810945276,0.3379109446525177,ambiguity zone,1_0,0.4439176548542998,0,0.5418227215980024,0.656954040252328,0.8766169154228857,0.5418227215980024,decision-fragile zone,0.0,0.0,0.0,0.0
Base summary,157,2,4.0421519866810384e-08,budget_17_high_rot_aniso,volatility-clustering,1,budget_17_high_rot_aniso,volatility-clustering,3,0.0,0.0,0.0,0.0,budget_17_high_rot_aniso|volatility-clustering|1,budget_17_high_rot_aniso|volatility-clustering|3,1_0,0.4439176548542998,0,0.3379109446525177,0.3235205767497747,0.37512437810945276,0.3379109446525177,ambiguity zone,1_0,0.4439176548542998,0,0.8680815647107781,0.38329828777410624,0.7024875621890548,0.8680815647107781,decision-fragile zone,0.0,0.0,0.0,0.0
Base summary,157,3,5.1665221719011455e-08,budget_17_high_rot_aniso,volatility-clustering,1,budget_17_high_rot_aniso,double-loop,1,1.0,1.0,1.0,0.0,budget_17_high_rot_aniso|volatility-clustering|1,budget_17_high_rot_aniso|double-loop|1,1_0,0.4439176548542998,0,0.3379109446525177,0.3235205767497747,0.37512437810945276,0.3379109446525177,ambiguity zone,1_0,-0.04713477352374962,0,0.340407823553891,0.1339741664163412,0.31044776119402984,0.340407823553891,ambiguity zone,0.0,0.4910524283780494,1.0,0.0
Base summary,157,4,5.6180359222466457e-08,budget_17_high_rot_aniso,volatility-clustering,1,budget_17_high_rot_aniso,double-loop,2,1.0,1.0,1.0,1.0,budget_17_high_rot_aniso|volatility-clustering|1,budget_17_high_rot_aniso|double-loop|2,1_0,0.4439176548542998,0,0.3379109446525177,0.3235205767497747,0.37512437810945276,0.3379109446525177,ambiguity zone,1_0,-0.04713477352374962,0,0.7240948813982522,0.9408230699909881,0.37213930348258706,0.7240948813982522,optimization-limited zone,0.0,0.4910524283780494,1.0,0.0
Base summary,157,5,5.81413938550022e-08,budget_17_high_rot_aniso,volatility-clustering,1,budget_17_high_rot_aniso,double-loop,3,1.0,1.0,1.0,0.0,budget_17_high_rot_aniso|volatility-clustering|1,budget_17_high_rot_aniso|double-loop|3,1_0,0.4439176548542998,0,0.3379109446525177,0.3235205767497747,0.37512437810945276,0.3379109446525177,ambiguity zone,1_0,-0.04713477352374962,0,0.3503953391593841,0.2328026434364674,0.09154228855721389,0.3503953391593841,ambiguity zone,0.0,0.4910524283780494,1.0,0.0
Base summary,158,1,2.68568708533592e-08,budget_17_high_rot_aniso,volatility-clustering,2,budget_17_high_rot_aniso,double-loop,0,1.0,1.0,1.0,0.0,budget_17_high_rot_aniso|volatility-clustering|2,budget_17_high_rot_aniso|double-loop|0,1_0,0.4439176548542998,0,0.5176862255513941,0.749774707119255,0.42985074626865677,0.5176862255513941,optimization-limited zone,1_0,-0.04713477352374962,0,0.6242197253433208,0.8233703814959447,0.48557213930348253,0.6242197253433208,optimization-limited zone,0.0,0.4910524283780494,1.0,0.0
Base summary,158,2,2.8874208796855772e-08,budget_17_high_rot_aniso,volatility-clustering,2,budget_17_high_rot_aniso,double-loop,3,1.0,1.0,1.0,1.0,budget_17_high_rot_aniso|volatility-clustering|2,budget_17_high_rot_aniso|double-loop|3,1_0,0.4439176548542998,0,0.5176862255513941,0.749774707119255,0.42985074626865677,0.5176862255513941,optimization-limited zone,1_0,-0.04713477352374962,0,0.3503953391593841,0.2328026434364674,0.09154228855721389,0.3503953391593841,ambiguity zone,0.0,0.4910524283780494,1.0,0.0
Base summary,158,3,2.9586423301645962e-08,budget_17_high_rot_aniso,volatility-clustering,2,budget_17_high_rot_aniso,double-loop,2,1.0,1.0,1.0,0.0,budget_17_high_rot_aniso|volatility-clustering|2,budget_17_high_rot_aniso|double-loop|2,1_0,0.4439176548542998,0,0.5176862255513941,0.749774707119255,0.42985074626865677,0.5176862255513941,optimization-limited zone,1_0,-0.04713477352374962,0,0.7240948813982522,0.9408230699909881,0.37213930348258706,0.7240948813982522,optimization-limited zone,0.0,0.4910524283780494,1.0,0.0
Base summary,158,4,3.334495806964674e-08,budget_17_high_rot_aniso,volatility-clustering,2,budget_17_high_rot_aniso,double-loop,1,1.0,1.0,1.0,1.0,budget_17_high_rot_aniso|volatility-clustering|2,budget_17_high_rot_aniso|double-loop|1,1_0,0.4439176548542998,0,0.5176862255513941,0.749774707119255,0.42985074626865677,0.5176862255513941,optimization-limited zone,1_0,-0.04713477352374962,0,0.340407823553891,0.1339741664163412,0.31044776119402984,0.340407823553891,ambiguity zone,0.0,0.4910524283780494,1.0,0.0
Base summary,158,5,3.8652263613687945e-08,budget_17_high_rot_aniso,volatility-clustering,2,budget_17_high_rot_aniso,volatility-clustering,0,1.0,1.0,0.0,0.0,budget_17_high_rot_aniso|volatility-clustering|2,budget_17_high_rot_aniso|volatility-clustering|0,1_0,0.4439176548542998,0,0.5176862255513941,0.749774707119255,0.42985074626865677,0.5176862255513941,optimization-limited zone,1_0,0.4439176548542998,0,0.5418227215980024,0.656954040252328,0.8766169154228857,0.5418227215980024,decision-fragile zone,0.0,0.0,0.0,0.0
Base summary,159,1,6.8336281481994726e-09,budget_17_high_rot_aniso,volatility-clustering,3,budget_17_high_rot_aniso,volatility-clustering,0,1.0,1.0,0.0,1.0,budget_17_high_rot_aniso|volatility-clustering|3,budget_17_high_rot_aniso|volatility-clustering|0,1_0,0.4439176548542998,0,0.8680815647107781,0.38329828777410624,0.7024875621890548,0.8680815647107781,decision-fragile zone,1_0,0.4439176548542998,0,0.5418227215980024,0.656954040252328,0.8766169154228857,0.5418227215980024,decision-fragile zone,0.0,0.0,0.0,0.0
Base summary,159,2,1.498967684346248e-08,budget_17_high_rot_aniso,volatility-clustering,3,budget_17_high_rot_aniso,double-loop,1,1.0,1.0,1.0,0.0,budget_17_high_rot_aniso|volatility-clustering|3,budget_17_high_rot_aniso|double-loop|1,1_0,0.4439176548542998,0,0.8680815647107781,0.38329828777410624,0.7024875621890548,0.8680815647107781,decision-fragile zone,1_0,-0.04713477352374962,0,0.340407823553891,0.1339741664163412,0.31044776119402984,0.340407823553891,ambiguity zone,0.0,0.4910524283780494,1.0,0.0
Base summary,159,3,1.8533002822218272e-08,budget_17_high_rot_aniso,volatility-clustering,3,budget_17_high_rot_aniso,double-loop,2,1.0,1.0,1.0,1.0,budget_17_high_rot_aniso|volatility-clustering|3,budget_17_high_rot_aniso|double-loop|2,1_0,0.4439176548542998,0,0.8680815647107781,0.38329828777410624,0.7024875621890548,0.8680815647107781,decision-fragile zone,1_0,-0.04713477352374962,0,0.7240948813982522,0.9408230699909881,0.37213930348258706,0.7240948813982522,optimization-limited zone,0.0,0.4910524283780494,1.0,0.0
Base summary,159,4,2.0145132653306012e-08,budget_17_high_rot_aniso,volatility-clustering,3,budget_17_high_rot_aniso,double-loop,3,1.0,1.0,1.0,0.0,budget_17_high_rot_aniso|volatility-clustering|3,budget_17_high_rot_aniso|double-loop|3,1_0,0.4439176548542998,0,0.8680815647107781,0.38329828777410624,0.7024875621890548,0.8680815647107781,decision-fragile zone,1_0,-0.04713477352374962,0,0.3503953391593841,0.2328026434364674,0.09154228855721389,0.3503953391593841,ambiguity zone,0.0,0.4910524283780494,1.0,0.0
Base summary,159,5,2.0497198191211532e-08,budget_17_high_rot_aniso,volatility-clustering,3,budget_17_high_rot_aniso,double-loop,0,1.0,1.0,1.0,1.0,budget_17_high_rot_aniso|volatility-clustering|3,budget_17_high_rot_aniso|double-loop|0,1_0,0.4439176548542998,0,0.8680815647107781,0.38329828777410624,0.7024875621890548,0.8680815647107781,decision-fragile zone,1_0,-0.04713477352374962,0,0.6242197253433208,0.8233703814959447,0.48557213930348253,0.6242197253433208,optimization-limited zone,0.0,0.4910524283780494,1.0,0.0
Base summary,160,1,3.190346865793371e-07,budget_18_neg_diag_extreme,barbell-bridge,0,budget_18_neg_diag_extreme,barbell-bridge,3,0.0,0.0,0.0,0.0,budget_18_neg_diag_extreme|barbell-bridge|0,budget_18_neg_diag_extreme|barbell-bridge|3,1_1,1.37352009580138,1,0.8514357053682896,0.584259537398618,0.5104477611940298,0.8514357053682896,information-limited zone,1_1,1.37352009580138,1,0.673325010403662,0.6353259237008111,0.7960199004975124,0.673325010403662,information-limited zone,0.0,0.0,0.0,0.0
Base summary,160,2,4.848296048245207e-07,budget_18_neg_diag_extreme,barbell-bridge,0,budget_18_neg_diag_extreme,barbell-bridge,1,0.0,0.0,0.0,0.0,budget_18_neg_diag_extreme|barbell-bridge|0,budget_18_neg_diag_extreme|barbell-bridge|1,1_1,1.37352009580138,1,0.8514357053682896,0.584259537398618,0.5104477611940298,0.8514357053682896,information-limited zone,1_1,1.37352009580138,0,0.8772367873491469,0.6257134274556924,0.5203980099502487,0.8772367873491469,information-limited zone,0.0,0.0,0.0,1.0
Base summary,160,3,5.36532530271659e-07,budget_18_neg_diag_extreme,barbell-bridge,0,budget_18_neg_diag_extreme,barbell-bridge,2,0.0,0.0,0.0,0.0,budget_18_neg_diag_extreme|barbell-bridge|0,budget_18_neg_diag_extreme|barbell-bridge|2,1_1,1.37352009580138,1,0.8514357053682896,0.584259537398618,0.5104477611940298,0.8514357053682896,information-limited zone,1_1,1.37352009580138,0,0.8797336662505202,0.33703814959447276,0.35621890547263674,0.8797336662505202,information-limited zone,0.0,0.0,0.0,1.0
Base summary,160,4,2.74817369597086e-06,budget_18_neg_diag_extreme,barbell-bridge,0,budget_18_neg_diag_extreme,mean-reversion,2,1.0,0.0,1.0,1.0,budget_18_neg_diag_extreme|barbell-bridge|0,budget_18_neg_diag_extreme|mean-reversion|2,1_1,1.37352009580138,1,0.8514357053682896,0.584259537398618,0.5104477611940298,0.8514357053682896,information-limited zone,1_0,-0.2321875606103716,0,0.6400332917186848,0.40672874737158293,0.3124378109452737,0.6400332917186848,ambiguity zone,1.0,1.6057076564117516,1.0,1.0
Base summary,160,5,2.771594329039685e-06,budget_18_neg_diag_extreme,barbell-bridge,0,budget_18_neg_diag_extreme,mean-reversion,0,1.0,0.0,1.0,1.0,budget_18_neg_diag_extreme|barbell-bridge|0,budget_18_neg_diag_extreme|mean-reversion|0,1_1,1.37352009580138,1,0.8514357053682896,0.584259537398618,0.5104477611940298,0.8514357053682896,information-limited zone,1_0,-0.2321875606103716,0,0.3545568039950063,0.4013217182337037,0.2557213930348259,0.3545568039950063,ambiguity zone,1.0,1.6057076564117516,1.0,1.0
Base summary,161,1,5.265991193173349e-08,budget_18_neg_diag_extreme,barbell-bridge,1,budget_18_neg_diag_extreme,barbell-bridge,2,0.0,0.0,0.0,0.0,budget_18_neg_diag_extreme|barbell-bridge|1,budget_18_neg_diag_extreme|barbell-bridge|2,1_1,1.37352009580138,0,0.8772367873491469,0.6257134274556924,0.5203980099502487,0.8772367873491469,information-limited zone,1_1,1.37352009580138,0,0.8797336662505202,0.33703814959447276,0.35621890547263674,0.8797336662505202,information-limited zone,0.0,0.0,0.0,0.0
Base summary,161,2,1.676266610702062e-07,budget_18_neg_diag_extreme,barbell-bridge,1,budget_18_neg_diag_extreme,barbell-bridge,3,0.0,0.0,0.0,0.0,budget_18_neg_diag_extreme|barbell-bridge|1,budget_18_neg_diag_extreme|barbell-bridge|3,1_1,1.37352009580138,0,0.8772367873491469,0.6257134274556924,0.5203980099502487,0.8772367873491469,information-limited zone,1_1,1.37352009580138,1,0.673325010403662,0.6353259237008111,0.7960199004975124,0.673325010403662,information-limited zone,0.0,0.0,0.0,1.0
Base summary,161,3,4.848296048245207e-07,budget_18_neg_diag_extreme,barbell-bridge,1,budget_18_neg_diag_extreme,barbell-bridge,0,0.0,0.0,0.0,0.0,budget_18_neg_diag_extreme|barbell-bridge|1,budget_18_neg_diag_extreme|barbell-bridge|0,1_1,1.37352009580138,0,0.8772367873491469,0.6257134274556924,0.5203980099502487,0.8772367873491469,information-limited zone,1_1,1.37352009580138,1,0.8514357053682896,0.584259537398618,0.5104477611940298,0.8514357053682896,information-limited zone,0.0,0.0,0.0,1.0
Base summary,161,4,2.2633633839719987e-06,budget_18_neg_diag_extreme,barbell-bridge,1,budget_18_neg_diag_extreme,mean-reversion,2,1.0,0.0,1.0,1.0,budget_18_neg_diag_extreme|barbell-bridge|1,budget_18_neg_diag_extreme|mean-reversion|2,1_1,1.37352009580138,0,0.8772367873491469,0.6257134274556924,0.5203980099502487,0.8772367873491469,information-limited zone,1_0,-0.2321875606103716,0,0.6400332917186848,0.40672874737158293,0.3124378109452737,0.6400332917186848,ambiguity zone,1.0,1.6057076564117516,1.0,0.0
Base summary,161,5,2.286789526576188e-06,budget_18_neg_diag_extreme,barbell-bridge,1,budget_18_neg_diag_extreme,mean-reversion,0,1.0,0.0,1.0,1.0,budget_18_neg_diag_extreme|barbell-bridge|1,budget_18_neg_diag_extreme|mean-reversion|0,1_1,1.37352009580138,0,0.8772367873491469,0.6257134274556924,0.5203980099502487,0.8772367873491469,information-limited zone,1_0,-0.2321875606103716,0,0.3545568039950063,0.4013217182337037,0.2557213930348259,0.3545568039950063,ambiguity zone,1.0,1.6057076564117516,1.0,0.0
Base summary,162,1,5.265991193173349e-08,budget_18_neg_diag_extreme,barbell-bridge,2,budget_18_neg_diag_extreme,barbell-bridge,1,0.0,0.0,0.0,0.0,budget_18_neg_diag_extreme|barbell-bridge|2,budget_18_neg_diag_extreme|barbell-bridge|1,1_1,1.37352009580138,0,0.8797336662505202,0.33703814959447276,0.35621890547263674,0.8797336662505202,information-limited zone,1_1,1.37352009580138,0,0.8772367873491469,0.6257134274556924,0.5203980099502487,0.8772367873491469,information-limited zone,0.0,0.0,0.0,0.0
Base summary,162,2,2.20139551528345e-07,budget_18_neg_diag_extreme,barbell-bridge,2,budget_18_neg_diag_extreme,barbell-bridge,3,0.0,0.0,0.0,0.0,budget_18_neg_diag_extreme|barbell-bridge|2,budget_18_neg_diag_extreme|barbell-bridge|3,1_1,1.37352009580138,0,0.8797336662505202,0.33703814959447276,0.35621890547263674,0.8797336662505202,information-limited zone,1_1,1.37352009580138,1,0.673325010403662,0.6353259237008111,0.7960199004975124,0.673325010403662,information-limited zone,0.0,0.0,0.0,1.0
Base summary,162,3,5.36532530271659e-07,budget_18_neg_diag_extreme,barbell-bridge,2,budget_18_neg_diag_extreme,barbell-bridge,0,0.0,0.0,0.0,0.0,budget_18_neg_diag_extreme|barbell-bridge|2,budget_18_neg_diag_extreme|barbell-bridge|0,1_1,1.37352009580138,0,0.8797336662505202,0.33703814959447276,0.35621890547263674,0.8797336662505202,information-limited zone,1_1,1.37352009580138,1,0.8514357053682896,0.584259537398618,0.5104477611940298,0.8514357053682896,information-limited zone,0.0,0.0,0.0,1.0
Base summary,162,4,2.211848909803054e-06,budget_18_neg_diag_extreme,barbell-bridge,2,budget_18_neg_diag_extreme,mean-reversion,2,1.0,0.0,1.0,1.0,budget_18_neg_diag_extreme|barbell-bridge|2,budget_18_neg_diag_extreme|mean-reversion|2,1_1,1.37352009580138,0,0.8797336662505202,0.33703814959447276,0.35621890547263674,0.8797336662505202,information-limited zone,1_0,-0.2321875606103716,0,0.6400332917186848,0.40672874737158293,0.3124378109452737,0.6400332917186848,ambiguity zone,1.0,1.6057076564117516,1.0,0.0
Base summary,162,5,2.2352992133878822e-06,budget_18_neg_diag_extreme,barbell-bridge,2,budget_18_neg_diag_extreme,mean-reversion,0,1.0,0.0,1.0,1.0,budget_18_neg_diag_extreme|barbell-bridge|2,budget_18_neg_diag_extreme|mean-reversion|0,1_1,1.37352009580138,0,0.8797336662505202,0.33703814959447276,0.35621890547263674,0.8797336662505202,information-limited zone,1_0,-0.2321875606103716,0,0.3545568039950063,0.4013217182337037,0.2557213930348259,0.3545568039950063,ambiguity zone,1.0,1.6057076564117516,1.0,0.0
Base summary,163,1,1.676266610702062e-07,budget_18_neg_diag_extreme,barbell-bridge,3,budget_18_neg_diag_extreme,barbell-bridge,1,0.0,0.0,0.0,0.0,budget_18_neg_diag_extreme|barbell-bridge|3,budget_18_neg_diag_extreme|barbell-bridge|1,1_1,1.37352009580138,1,0.673325010403662,0.6353259237008111,0.7960199004975124,0.673325010403662,information-limited zone,1_1,1.37352009580138,0,0.8772367873491469,0.6257134274556924,0.5203980099502487,0.8772367873491469,information-limited zone,0.0,0.0,0.0,1.0
Base summary,163,2,2.20139551528345e-07,budget_18_neg_diag_extreme,barbell-bridge,3,budget_18_neg_diag_extreme,barbell-bridge,2,0.0,0.0,0.0,0.0,budget_18_neg_diag_extreme|barbell-bridge|3,budget_18_neg_diag_extreme|barbell-bridge|2,1_1,1.37352009580138,1,0.673325010403662,0.6353259237008111,0.7960199004975124,0.673325010403662,information-limited zone,1_1,1.37352009580138,0,0.8797336662505202,0.33703814959447276,0.35621890547263674,0.8797336662505202,information-limited zone,0.0,0.0,0.0,1.0
Base summary,163,3,3.190346865793371e-07,budget_18_neg_diag_extreme,barbell-bridge,3,budget_18_neg_diag_extreme,barbell-bridge,0,0.0,0.0,0.0,0.0,budget_18_neg_diag_extreme|barbell-bridge|3,budget_18_neg_diag_extreme|barbell-bridge|0,1_1,1.37352009580138,1,0.673325010403662,0.6353259237008111,0.7960199004975124,0.673325010403662,information-limited zone,1_1,1.37352009580138,1,0.8514357053682896,0.584259537398618,0.5104477611940298,0.8514357053682896,information-limited zone,0.0,0.0,0.0,0.0
Base summary,163,4,2.4297372284905834e-06,budget_18_neg_diag_extreme,barbell-bridge,3,budget_18_neg_diag_extreme,mean-reversion,2,1.0,0.0,1.0,1.0,budget_18_neg_diag_extreme|barbell-bridge|3,budget_18_neg_diag_extreme|mean-reversion|2,1_1,1.37352009580138,1,0.673325010403662,0.6353259237008111,0.7960199004975124,0.673325010403662,information-limited zone,1_0,-0.2321875606103716,0,0.6400332917186848,0.40672874737158293,0.3124378109452737,0.6400332917186848,ambiguity zone,1.0,1.6057076564117516,1.0,1.0
Base summary,163,5,2.453120076660936e-06,budget_18_neg_diag_extreme,barbell-bridge,3,budget_18_neg_diag_extreme,mean-reversion,0,1.0,0.0,1.0,1.0,budget_18_neg_diag_extreme|barbell-bridge|3,budget_18_neg_diag_extreme|mean-reversion|0,1_1,1.37352009580138,1,0.673325010403662,0.6353259237008111,0.7960199004975124,0.673325010403662,information-limited zone,1_0,-0.2321875606103716,0,0.3545568039950063,0.4013217182337037,0.2557213930348259,0.3545568039950063,ambiguity zone,1.0,1.6057076564117516,1.0,1.0
Base summary,164,1,5.6460619757756225e-09,budget_18_neg_diag_extreme,crescent,0,budget_18_neg_diag_extreme,crescent,1,0.0,0.0,0.0,1.0,budget_18_neg_diag_extreme|crescent|0,budget_18_neg_diag_extreme|crescent|1,1_0,-0.26659513240484733,1,0.5185185185185185,0.15590267347551812,0.3213930348258708,0.5185185185185185,ambiguity zone,1_0,-0.26659513240484733,1,0.5401581356637536,0.6824872334034243,0.5194029850746268,0.5401581356637536,optimization-limited zone,0.0,0.0,0.0,0.0
Base summary,164,2,2.947201608117761e-08,budget_18_neg_diag_extreme,crescent,0,budget_18_neg_diag_extreme,crescent,3,0.0,0.0,0.0,0.0,budget_18_neg_diag_extreme|crescent|0,budget_18_neg_diag_extreme|crescent|3,1_0,-0.26659513240484733,1,0.5185185185185185,0.15590267347551812,0.3213930348258708,0.5185185185185185,ambiguity zone,1_0,-0.26659513240484733,0,0.5572201414898044,0.6106939020726944,0.32835820895522383,0.5572201414898044,ambiguity zone,0.0,0.0,0.0,1.0
Base summary,164,3,3.820837428666907e-08,budget_18_neg_diag_extreme,crescent,0,budget_18_neg_diag_extreme,crescent,2,0.0,0.0,0.0,0.0,budget_18_neg_diag_extreme|crescent|0,budget_18_neg_diag_extreme|crescent|2,1_0,-0.26659513240484733,1,0.5185185185185185,0.15590267347551812,0.3213930348258708,0.5185185185185185,ambiguity zone,1_0,-0.26659513240484733,0,0.16146483562213898,0.12075698407930309,0.2995024875621891,0.16146483562213898,ambiguity zone,0.0,0.0,0.0,1.0
Base summary,164,4,8.346125418525582e-08,budget_18_neg_diag_extreme,crescent,0,budget_18_neg_diag_extreme,cross-branch,2,0.0,1.0,1.0,0.0,budget_18_neg_diag_extreme|crescent|0,budget_18_neg_diag_extreme|cross-branch|2,1_0,-0.26659513240484733,1,0.5185185185185185,0.15590267347551812,0.3213930348258708,0.5185185185185185,ambiguity zone,1_0,-0.2736144549003908,1,0.6125676238035789,0.24662060678882544,0.04278606965174136,0.6125676238035789,ambiguity zone,0.0,0.00701932249554349,0.0,0.0
Base summary,164,5,8.572238544126205e-08,budget_18_neg_diag_extreme,crescent,0,budget_18_neg_diag_extreme,cross-branch,3,1.0,1.0,1.0,1.0,budget_18_neg_diag_extreme|crescent|0,budget_18_neg_diag_extreme|cross-branch|3,1_0,-0.26659513240484733,1,0.5185185185185185,0.15590267347551812,0.3213930348258708,0.5185185185185185,ambiguity zone,1_0,-0.2736144549003908,1,0.5434873075322514,0.7287473715830579,0.23283582089552243,0.5434873075322514,optimization-limited zone,0.0,0.00701932249554349,0.0,0.0
Base summary,165,1,5.6460619757756225e-09,budget_18_neg_diag_extreme,crescent,1,budget_18_neg_diag_extreme,crescent,0,0.0,0.0,0.0,1.0,budget_18_neg_diag_extreme|crescent|1,budget_18_neg_diag_extreme|crescent|0,1_0,-0.26659513240484733,1,0.5401581356637536,0.6824872334034243,0.5194029850746268,0.5401581356637536,optimization-limited zone,1_0,-0.26659513240484733,1,0.5185185185185185,0.15590267347551812,0.3213930348258708,0.5185185185185185,ambiguity zone,0.0,0.0,0.0,0.0
Base summary,165,2,2.599621893073025e-08,budget_18_neg_diag_extreme,crescent,1,budget_18_neg_diag_extreme,crescent,3,0.0,0.0,0.0,1.0,budget_18_neg_diag_extreme|crescent|1,budget_18_neg_diag_extreme|crescent|3,1_0,-0.26659513240484733,1,0.5401581356637536,0.6824872334034243,0.5194029850746268,0.5401581356637536,optimization-limited zone,1_0,-0.26659513240484733,0,0.5572201414898044,0.6106939020726944,0.32835820895522383,0.5572201414898044,ambiguity zone,0.0,0.0,0.0,1.0
Base summary,165,3,3.3348181715116364e-08,budget_18_neg_diag_extreme,crescent,1,budget_18_neg_diag_extreme,crescent,2,0.0,0.0,0.0,1.0,budget_18_neg_diag_extreme|crescent|1,budget_18_neg_diag_extreme|crescent|2,1_0,-0.26659513240484733,1,0.5401581356637536,0.6824872334034243,0.5194029850746268,0.5401581356637536,optimization-limited zone,1_0,-0.26659513240484733,0,0.16146483562213898,0.12075698407930309,0.2995024875621891,0.16146483562213898,ambiguity zone,0.0,0.0,0.0,1.0
Base summary,165,4,8.204697050067792e-08,budget_18_neg_diag_extreme,crescent,1,budget_18_neg_diag_extreme,cross-branch,2,0.0,1.0,1.0,1.0,budget_18_neg_diag_extreme|crescent|1,budget_18_neg_diag_extreme|cross-branch|2,1_0,-0.26659513240484733,1,0.5401581356637536,0.6824872334034243,0.5194029850746268,0.5401581356637536,optimization-limited zone,1_0,-0.2736144549003908,1,0.6125676238035789,0.24662060678882544,0.04278606965174136,0.6125676238035789,ambiguity zone,0.0,0.00701932249554349,0.0,0.0
Base summary,165,5,8.52954366937977e-08,budget_18_neg_diag_extreme,crescent,1,budget_18_neg_diag_extreme,cross-branch,3,1.0,1.0,1.0,0.0,budget_18_neg_diag_extreme|crescent|1,budget_18_neg_diag_extreme|cross-branch|3,1_0,-0.26659513240484733,1,0.5401581356637536,0.6824872334034243,0.5194029850746268,0.5401581356637536,optimization-limited zone,1_0,-0.2736144549003908,1,0.5434873075322514,0.7287473715830579,0.23283582089552243,0.5434873075322514,optimization-limited zone,0.0,0.00701932249554349,0.0,0.0
Base summary,166,1,1.4188853909948354e-08,budget_18_neg_diag_extreme,crescent,2,budget_18_neg_diag_extreme,crescent,3,0.0,0.0,0.0,0.0,budget_18_neg_diag_extreme|crescent|2,budget_18_neg_diag_extreme|crescent|3,1_0,-0.26659513240484733,0,0.16146483562213898,0.12075698407930309,0.2995024875621891,0.16146483562213898,ambiguity zone,1_0,-0.26659513240484733,0,0.5572201414898044,0.6106939020726944,0.32835820895522383,0.5572201414898044,ambiguity zone,0.0,0.0,0.0,0.0
Base summary,166,2,3.3348181715116364e-08,budget_18_neg_diag_extreme,crescent,2,budget_18_neg_diag_extreme,crescent,1,0.0,0.0,0.0,1.0,budget_18_neg_diag_extreme|crescent|2,budget_18_neg_diag_extreme|crescent|1,1_0,-0.26659513240484733,0,0.16146483562213898,0.12075698407930309,0.2995024875621891,0.16146483562213898,ambiguity zone,1_0,-0.26659513240484733,1,0.5401581356637536,0.6824872334034243,0.5194029850746268,0.5401581356637536,optimization-limited zone,0.0,0.0,0.0,1.0
Base summary,166,3,3.820837428666907e-08,budget_18_neg_diag_extreme,crescent,2,budget_18_neg_diag_extreme,crescent,0,0.0,0.0,0.0,0.0,budget_18_neg_diag_extreme|crescent|2,budget_18_neg_diag_extreme|crescent|0,1_0,-0.26659513240484733,0,0.16146483562213898,0.12075698407930309,0.2995024875621891,0.16146483562213898,ambiguity zone,1_0,-0.26659513240484733,1,0.5185185185185185,0.15590267347551812,0.3213930348258708,0.5185185185185185,ambiguity zone,0.0,0.0,0.0,1.0
Base summary,166,4,9.85122955583977e-08,budget_18_neg_diag_extreme,crescent,2,budget_18_neg_diag_extreme,cross-branch,2,0.0,1.0,1.0,0.0,budget_18_neg_diag_extreme|crescent|2,budget_18_neg_diag_extreme|cross-branch|2,1_0,-0.26659513240484733,0,0.16146483562213898,0.12075698407930309,0.2995024875621891,0.16146483562213898,ambiguity zone,1_0,-0.2736144549003908,1,0.6125676238035789,0.24662060678882544,0.04278606965174136,0.6125676238035789,ambiguity zone,0.0,0.00701932249554349,0.0,1.0
Base summary,166,5,1.0428809663110505e-07,budget_18_neg_diag_extreme,crescent,2,budget_18_neg_diag_extreme,cross-branch,1,1.0,1.0,1.0,1.0,budget_18_neg_diag_extreme|crescent|2,budget_18_neg_diag_extreme|cross-branch|1,1_0,-0.26659513240484733,0,0.16146483562213898,0.12075698407930309,0.2995024875621891,0.16146483562213898,ambiguity zone,1_0,-0.2736144549003908,1,0.5568039950062421,0.6966055872634423,0.4437810945273633,0.5568039950062421,optimization-limited zone,0.0,0.00701932249554349,0.0,1.0
Base summary,167,1,1.4188853909948354e-08,budget_18_neg_diag_extreme,crescent,3,budget_18_neg_diag_extreme,crescent,2,0.0,0.0,0.0,0.0,budget_18_neg_diag_extreme|crescent|3,budget_18_neg_diag_extreme|crescent|2,1_0,-0.26659513240484733,0,0.5572201414898044,0.6106939020726944,0.32835820895522383,0.5572201414898044,ambiguity zone,1_0,-0.26659513240484733,0,0.16146483562213898,0.12075698407930309,0.2995024875621891,0.16146483562213898,ambiguity zone,0.0,0.0,0.0,0.0
Base summary,167,2,2.599621893073025e-08,budget_18_neg_diag_extreme,crescent,3,budget_18_neg_diag_extreme,crescent,1,0.0,0.0,0.0,1.0,budget_18_neg_diag_extreme|crescent|3,budget_18_neg_diag_extreme|crescent|1,1_0,-0.26659513240484733,0,0.5572201414898044,0.6106939020726944,0.32835820895522383,0.5572201414898044,ambiguity zone,1_0,-0.26659513240484733,1,0.5401581356637536,0.6824872334034243,0.5194029850746268,0.5401581356637536,optimization-limited zone,0.0,0.0,0.0,1.0
Base summary,167,3,2.947201608117761e-08,budget_18_neg_diag_extreme,crescent,3,budget_18_neg_diag_extreme,crescent,0,0.0,0.0,0.0,0.0,budget_18_neg_diag_extreme|crescent|3,budget_18_neg_diag_extreme|crescent|0,1_0,-0.26659513240484733,0,0.5572201414898044,0.6106939020726944,0.32835820895522383,0.5572201414898044,ambiguity zone,1_0,-0.26659513240484733,1,0.5185185185185185,0.15590267347551812,0.3213930348258708,0.5185185185185185,ambiguity zone,0.0,0.0,0.0,1.0
Base summary,167,4,1.01653272030931e-07,budget_18_neg_diag_extreme,crescent,3,budget_18_neg_diag_extreme,cross-branch,2,0.0,1.0,1.0,0.0,budget_18_neg_diag_extreme|crescent|3,budget_18_neg_diag_extreme|cross-branch|2,1_0,-0.26659513240484733,0,0.5572201414898044,0.6106939020726944,0.32835820895522383,0.5572201414898044,ambiguity zone,1_0,-0.2736144549003908,1,0.6125676238035789,0.24662060678882544,0.04278606965174136,0.6125676238035789,ambiguity zone,0.0,0.00701932249554349,0.0,1.0
Base summary,167,5,1.0646003986883582e-07,budget_18_neg_diag_extreme,crescent,3,budget_18_neg_diag_extreme,cross-branch,1,1.0,1.0,1.0,1.0,budget_18_neg_diag_extreme|crescent|3,budget_18_neg_diag_extreme|cross-branch|1,1_0,-0.26659513240484733,0,0.5572201414898044,0.6106939020726944,0.32835820895522383,0.5572201414898044,ambiguity zone,1_0,-0.2736144549003908,1,0.5568039950062421,0.6966055872634423,0.4437810945273633,0.5568039950062421,optimization-limited zone,0.0,0.00701932249554349,0.0,1.0
Base summary,168,1,2.0697688170882437e-09,budget_18_neg_diag_extreme,cross-branch,0,budget_18_neg_diag_extreme,cross-branch,1,1.0,0.0,0.0,1.0,budget_18_neg_diag_extreme|cross-branch|0,budget_18_neg_diag_extreme|cross-branch|1,1_0,-0.2736144549003908,0,0.7919267582188929,0.059477320516671664,0.002985074626865741,0.7919267582188929,ambiguity zone,1_0,-0.2736144549003908,1,0.5568039950062421,0.6966055872634423,0.4437810945273633,0.5568039950062421,optimization-limited zone,0.0,0.0,0.0,1.0
Base summary,168,2,6.630912914474315e-09,budget_18_neg_diag_extreme,cross-branch,0,budget_18_neg_diag_extreme,cross-branch,3,1.0,0.0,0.0,1.0,budget_18_neg_diag_extreme|cross-branch|0,budget_18_neg_diag_extreme|cross-branch|3,1_0,-0.2736144549003908,0,0.7919267582188929,0.059477320516671664,0.002985074626865741,0.7919267582188929,ambiguity zone,1_0,-0.2736144549003908,1,0.5434873075322514,0.7287473715830579,0.23283582089552243,0.5434873075322514,optimization-limited zone,0.0,0.0,0.0,1.0
Base summary,168,3,6.9093307646235e-09,budget_18_neg_diag_extreme,cross-branch,0,budget_18_neg_diag_extreme,spiral,2,1.0,0.0,1.0,1.0,budget_18_neg_diag_extreme|cross-branch|0,budget_18_neg_diag_extreme|spiral|2,1_0,-0.2736144549003908,0,0.7919267582188929,0.059477320516671664,0.002985074626865741,0.7919267582188929,ambiguity zone,1_1,-0.3289846515378983,0,0.2555139409071993,0.12105737458696304,0.46069651741293544,0.2555139409071993,effective-collapse zone,1.0,0.055370196637507474,0.0,0.0
Base summary,168,4,9.340166638638273e-09,budget_18_neg_diag_extreme,cross-branch,0,budget_18_neg_diag_extreme,spiral,3,1.0,0.0,1.0,1.0,budget_18_neg_diag_extreme|cross-branch|0,budget_18_neg_diag_extreme|spiral|3,1_0,-0.2736144549003908,0,0.7919267582188929,0.059477320516671664,0.002985074626865741,0.7919267582188929,ambiguity zone,1_1,-0.3289846515378983,1,0.5551394090719933,0.5740462601381796,0.47661691542288553,0.5551394090719933,optimization-limited zone,1.0,0.055370196637507474,0.0,1.0
Base summary,168,5,1.0380919281667167e-08,budget_18_neg_diag_extreme,cross-branch,0,budget_18_neg_diag_extreme,cross-branch,2,1.0,1.0,0.0,0.0,budget_18_neg_diag_extreme|cross-branch|0,budget_18_neg_diag_extreme|cross-branch|2,1_0,-0.2736144549003908,0,0.7919267582188929,0.059477320516671664,0.002985074626865741,0.7919267582188929,ambiguity zone,1_0,-0.2736144549003908,1,0.6125676238035789,0.24662060678882544,0.04278606965174136,0.6125676238035789,ambiguity zone,0.0,0.0,0.0,1.0
Base summary,169,1,2.0697688170882437e-09,budget_18_neg_diag_extreme,cross-branch,1,budget_18_neg_diag_extreme,cross-branch,0,1.0,0.0,0.0,1.0,budget_18_neg_diag_extreme|cross-branch|1,budget_18_neg_diag_extreme|cross-branch|0,1_0,-0.2736144549003908,1,0.5568039950062421,0.6966055872634423,0.4437810945273633,0.5568039950062421,optimization-limited zone,1_0,-0.2736144549003908,0,0.7919267582188929,0.059477320516671664,0.002985074626865741,0.7919267582188929,ambiguity zone,0.0,0.0,0.0,1.0
Base summary,169,2,6.9819585013385355e-09,budget_18_neg_diag_extreme,cross-branch,1,budget_18_neg_diag_extreme,cross-branch,3,0.0,0.0,0.0,0.0,budget_18_neg_diag_extreme|cross-branch|1,budget_18_neg_diag_extreme|cross-branch|3,1_0,-0.2736144549003908,1,0.5568039950062421,0.6966055872634423,0.4437810945273633,0.5568039950062421,optimization-limited zone,1_0,-0.2736144549003908,1,0.5434873075322514,0.7287473715830579,0.23283582089552243,0.5434873075322514,optimization-limited zone,0.0,0.0,0.0,0.0
Base summary,169,3,8.528135930018878e-09,budget_18_neg_diag_extreme,cross-branch,1,budget_18_neg_diag_extreme,spiral,2,0.0,0.0,1.0,1.0,budget_18_neg_diag_extreme|cross-branch|1,budget_18_neg_diag_extreme|spiral|2,1_0,-0.2736144549003908,1,0.5568039950062421,0.6966055872634423,0.4437810945273633,0.5568039950062421,optimization-limited zone,1_1,-0.3289846515378983,0,0.2555139409071993,0.12105737458696304,0.46069651741293544,0.2555139409071993,effective-collapse zone,1.0,0.055370196637507474,0.0,1.0
Base summary,169,4,8.901725445120857e-09,budget_18_neg_diag_extreme,cross-branch,1,budget_18_neg_diag_extreme,cross-branch,2,1.0,1.0,0.0,1.0,budget_18_neg_diag_extreme|cross-branch|1,budget_18_neg_diag_extreme|cross-branch|2,1_0,-0.2736144549003908,1,0.5568039950062421,0.6966055872634423,0.4437810945273633,0.5568039950062421,optimization-limited zone,1_0,-0.2736144549003908,1,0.6125676238035789,0.24662060678882544,0.04278606965174136,0.6125676238035789,ambiguity zone,0.0,0.0,0.0,0.0
Base summary,169,5,1.140764271590842e-08,budget_18_neg_diag_extreme,cross-branch,1,budget_18_neg_diag_extreme,spiral,3,0.0,0.0,1.0,0.0,budget_18_neg_diag_extreme|cross-branch|1,budget_18_neg_diag_extreme|spiral|3,1_0,-0.2736144549003908,1,0.5568039950062421,0.6966055872634423,0.4437810945273633,0.5568039950062421,optimization-limited zone,1_1,-0.3289846515378983,1,0.5551394090719933,0.5740462601381796,0.47661691542288553,0.5551394090719933,optimization-limited zone,1.0,0.055370196637507474,0.0,0.0
Base summary,170,1,8.901725445120857e-09,budget_18_neg_diag_extreme,cross-branch,2,budget_18_neg_diag_extreme,cross-branch,1,1.0,1.0,0.0,1.0,budget_18_neg_diag_extreme|cross-branch|2,budget_18_neg_diag_extreme|cross-branch|1,1_0,-0.2736144549003908,1,0.6125676238035789,0.24662060678882544,0.04278606965174136,0.6125676238035789,ambiguity zone,1_0,-0.2736144549003908,1,0.5568039950062421,0.6966055872634423,0.4437810945273633,0.5568039950062421,optimization-limited zone,0.0,0.0,0.0,0.0
Base summary,170,2,1.0380919281667167e-08,budget_18_neg_diag_extreme,cross-branch,2,budget_18_neg_diag_extreme,cross-branch,0,1.0,1.0,0.0,0.0,budget_18_neg_diag_extreme|cross-branch|2,budget_18_neg_diag_extreme|cross-branch|0,1_0,-0.2736144549003908,1,0.6125676238035789,0.24662060678882544,0.04278606965174136,0.6125676238035789,ambiguity zone,1_0,-0.2736144549003908,0,0.7919267582188929,0.059477320516671664,0.002985074626865741,0.7919267582188929,ambiguity zone,0.0,0.0,0.0,1.0
Base summary,170,3,1.3077124587113564e-08,budget_18_neg_diag_extreme,cross-branch,2,budget_18_neg_diag_extreme,spiral,2,1.0,1.0,1.0,1.0,budget_18_neg_diag_extreme|cross-branch|2,budget_18_neg_diag_extreme|spiral|2,1_0,-0.2736144549003908,1,0.6125676238035789,0.24662060678882544,0.04278606965174136,0.6125676238035789,ambiguity zone,1_1,-0.3289846515378983,0,0.2555139409071993,0.12105737458696304,0.46069651741293544,0.2555139409071993,effective-collapse zone,1.0,0.055370196637507474,0.0,1.0
Base summary,170,4,1.5210942025925393e-08,budget_18_neg_diag_extreme,cross-branch,2,budget_18_neg_diag_extreme,cross-branch,3,1.0,1.0,0.0,1.0,budget_18_neg_diag_extreme|cross-branch|2,budget_18_neg_diag_extreme|cross-branch|3,1_0,-0.2736144549003908,1,0.6125676238035789,0.24662060678882544,0.04278606965174136,0.6125676238035789,ambiguity zone,1_0,-0.2736144549003908,1,0.5434873075322514,0.7287473715830579,0.23283582089552243,0.5434873075322514,optimization-limited zone,0.0,0.0,0.0,0.0
Base summary,170,5,1.8654822376562344e-08,budget_18_neg_diag_extreme,cross-branch,2,budget_18_neg_diag_extreme,spiral,3,1.0,1.0,1.0,1.0,budget_18_neg_diag_extreme|cross-branch|2,budget_18_neg_diag_extreme|spiral|3,1_0,-0.2736144549003908,1,0.6125676238035789,0.24662060678882544,0.04278606965174136,0.6125676238035789,ambiguity zone,1_1,-0.3289846515378983,1,0.5551394090719933,0.5740462601381796,0.47661691542288553,0.5551394090719933,optimization-limited zone,1.0,0.055370196637507474,0.0,0.0
Base summary,171,1,6.630912914474315e-09,budget_18_neg_diag_extreme,cross-branch,3,budget_18_neg_diag_extreme,cross-branch,0,1.0,0.0,0.0,1.0,budget_18_neg_diag_extreme|cross-branch|3,budget_18_neg_diag_extreme|cross-branch|0,1_0,-0.2736144549003908,1,0.5434873075322514,0.7287473715830579,0.23283582089552243,0.5434873075322514,optimization-limited zone,1_0,-0.2736144549003908,0,0.7919267582188929,0.059477320516671664,0.002985074626865741,0.7919267582188929,ambiguity zone,0.0,0.0,0.0,1.0
Base summary,171,2,6.9819585013385355e-09,budget_18_neg_diag_extreme,cross-branch,3,budget_18_neg_diag_extreme,cross-branch,1,0.0,0.0,0.0,0.0,budget_18_neg_diag_extreme|cross-branch|3,budget_18_neg_diag_extreme|cross-branch|1,1_0,-0.2736144549003908,1,0.5434873075322514,0.7287473715830579,0.23283582089552243,0.5434873075322514,optimization-limited zone,1_0,-0.2736144549003908,1,0.5568039950062421,0.6966055872634423,0.4437810945273633,0.5568039950062421,optimization-limited zone,0.0,0.0,0.0,0.0
Base summary,171,3,1.107298356989143e-08,budget_18_neg_diag_extreme,cross-branch,3,budget_18_neg_diag_extreme,spiral,3,0.0,0.0,1.0,0.0,budget_18_neg_diag_extreme|cross-branch|3,budget_18_neg_diag_extreme|spiral|3,1_0,-0.2736144549003908,1,0.5434873075322514,0.7287473715830579,0.23283582089552243,0.5434873075322514,optimization-limited zone,1_1,-0.3289846515378983,1,0.5551394090719933,0.5740462601381796,0.47661691542288553,0.5551394090719933,optimization-limited zone,1.0,0.055370196637507474,0.0,0.0
Base summary,171,4,1.2152284274873811e-08,budget_18_neg_diag_extreme,cross-branch,3,budget_18_neg_diag_extreme,spiral,2,0.0,0.0,1.0,1.0,budget_18_neg_diag_extreme|cross-branch|3,budget_18_neg_diag_extreme|spiral|2,1_0,-0.2736144549003908,1,0.5434873075322514,0.7287473715830579,0.23283582089552243,0.5434873075322514,optimization-limited zone,1_1,-0.3289846515378983,0,0.2555139409071993,0.12105737458696304,0.46069651741293544,0.2555139409071993,effective-collapse zone,1.0,0.055370196637507474,0.0,1.0
Base summary,171,5,1.5210942025925393e-08,budget_18_neg_diag_extreme,cross-branch,3,budget_18_neg_diag_extreme,cross-branch,2,1.0,1.0,0.0,1.0,budget_18_neg_diag_extreme|cross-branch|3,budget_18_neg_diag_extreme|cross-branch|2,1_0,-0.2736144549003908,1,0.5434873075322514,0.7287473715830579,0.23283582089552243,0.5434873075322514,optimization-limited zone,1_0,-0.2736144549003908,1,0.6125676238035789,0.24662060678882544,0.04278606965174136,0.6125676238035789,ambiguity zone,0.0,0.0,0.0,0.0
Base summary,172,1,2.759281708411852e-09,budget_18_neg_diag_extreme,double-loop,0,budget_18_neg_diag_extreme,double-loop,2,0.0,0.0,0.0,0.0,budget_18_neg_diag_extreme|double-loop|0,budget_18_neg_diag_extreme|double-loop|2,1_0,-0.04713477352374962,1,0.5476487723678735,0.7756082907780113,0.37512437810945276,0.5476487723678735,optimization-limited zone,1_0,-0.04713477352374962,1,0.6508531002913025,0.684589966957044,0.38109452736318417,0.6508531002913025,optimization-limited zone,0.0,0.0,0.0,0.0
Base summary,172,2,8.283724443149633e-09,budget_18_neg_diag_extreme,double-loop,0,budget_18_neg_diag_extreme,double-loop,1,1.0,0.0,0.0,1.0,budget_18_neg_diag_extreme|double-loop|0,budget_18_neg_diag_extreme|double-loop|1,1_0,-0.04713477352374962,1,0.5476487723678735,0.7756082907780113,0.37512437810945276,0.5476487723678735,optimization-limited zone,1_0,-0.04713477352374962,0,0.663337494798169,0.07599879843796936,0.21791044776119406,0.663337494798169,ambiguity zone,0.0,0.0,0.0,1.0
Base summary,172,3,1.064413570855574e-08,budget_18_neg_diag_extreme,double-loop,0,budget_18_neg_diag_extreme,double-loop,3,1.0,0.0,0.0,1.0,budget_18_neg_diag_extreme|double-loop|0,budget_18_neg_diag_extreme|double-loop|3,1_0,-0.04713477352374962,1,0.5476487723678735,0.7756082907780113,0.37512437810945276,0.5476487723678735,optimization-limited zone,1_0,-0.04713477352374962,1,0.8297960882230545,0.08531090417542804,0.21990049751243787,0.8297960882230545,ambiguity zone,0.0,0.0,0.0,0.0
Base summary,172,4,1.7629057402645883e-08,budget_18_neg_diag_extreme,double-loop,0,budget_18_neg_diag_extreme,volatility-clustering,0,1.0,1.0,1.0,0.0,budget_18_neg_diag_extreme|double-loop|0,budget_18_neg_diag_extreme|volatility-clustering|0,1_0,-0.04713477352374962,1,0.5476487723678735,0.7756082907780113,0.37512437810945276,0.5476487723678735,optimization-limited zone,1_0,0.4439176548542998,1,0.4061589679567208,0.57074196455392,0.38805970149253727,0.4061589679567208,optimization-limited zone,0.0,0.4910524283780494,1.0,0.0
Base summary,172,5,2.5215894749140388e-08,budget_18_neg_diag_extreme,double-loop,0,budget_18_neg_diag_extreme,volatility-clustering,3,1.0,0.0,1.0,1.0,budget_18_neg_diag_extreme|double-loop|0,budget_18_neg_diag_extreme|volatility-clustering|3,1_0,-0.04713477352374962,1,0.5476487723678735,0.7756082907780113,0.37512437810945276,0.5476487723678735,optimization-limited zone,1_0,0.4439176548542998,1,0.772367873491469,0.35265845599279055,0.20597014925373136,0.772367873491469,effective-collapse zone,0.0,0.4910524283780494,1.0,0.0
Base summary,173,1,4.114162458927172e-09,budget_18_neg_diag_extreme,double-loop,1,budget_18_neg_diag_extreme,double-loop,3,0.0,0.0,0.0,0.0,budget_18_neg_diag_extreme|double-loop|1,budget_18_neg_diag_extreme|double-loop|3,1_0,-0.04713477352374962,0,0.663337494798169,0.07599879843796936,0.21791044776119406,0.663337494798169,ambiguity zone,1_0,-0.04713477352374962,1,0.8297960882230545,0.08531090417542804,0.21990049751243787,0.8297960882230545,ambiguity zone,0.0,0.0,0.0,1.0
Base summary,173,2,5.6909102457272554e-09,budget_18_neg_diag_extreme,double-loop,1,budget_18_neg_diag_extreme,double-loop,2,1.0,0.0,0.0,1.0,budget_18_neg_diag_extreme|double-loop|1,budget_18_neg_diag_extreme|double-loop|2,1_0,-0.04713477352374962,0,0.663337494798169,0.07599879843796936,0.21791044776119406,0.663337494798169,ambiguity zone,1_0,-0.04713477352374962,1,0.6508531002913025,0.684589966957044,0.38109452736318417,0.6508531002913025,optimization-limited zone,0.0,0.0,0.0,1.0
Base summary,173,3,8.283724443149633e-09,budget_18_neg_diag_extreme,double-loop,1,budget_18_neg_diag_extreme,double-loop,0,1.0,0.0,0.0,1.0,budget_18_neg_diag_extreme|double-loop|1,budget_18_neg_diag_extreme|double-loop|0,1_0,-0.04713477352374962,0,0.663337494798169,0.07599879843796936,0.21791044776119406,0.663337494798169,ambiguity zone,1_0,-0.04713477352374962,1,0.5476487723678735,0.7756082907780113,0.37512437810945276,0.5476487723678735,optimization-limited zone,0.0,0.0,0.0,1.0
Base summary,173,4,1.3878834992364734e-08,budget_18_neg_diag_extreme,double-loop,1,budget_18_neg_diag_extreme,volatility-clustering,0,1.0,1.0,1.0,1.0,budget_18_neg_diag_extreme|double-loop|1,budget_18_neg_diag_extreme|volatility-clustering|0,1_0,-0.04713477352374962,0,0.663337494798169,0.07599879843796936,0.21791044776119406,0.663337494798169,ambiguity zone,1_0,0.4439176548542998,1,0.4061589679567208,0.57074196455392,0.38805970149253727,0.4061589679567208,optimization-limited zone,0.0,0.4910524283780494,1.0,1.0
Base summary,173,5,1.853535716621234e-08,budget_18_neg_diag_extreme,double-loop,1,budget_18_neg_diag_extreme,volatility-clustering,3,0.0,0.0,1.0,0.0,budget_18_neg_diag_extreme|double-loop|1,budget_18_neg_diag_extreme|volatility-clustering|3,1_0,-0.04713477352374962,0,0.663337494798169,0.07599879843796936,0.21791044776119406,0.663337494798169,ambiguity zone,1_0,0.4439176548542998,1,0.772367873491469,0.35265845599279055,0.20597014925373136,0.772367873491469,effective-collapse zone,0.0,0.4910524283780494,1.0,1.0
Base summary,174,1,2.759281708411852e-09,budget_18_neg_diag_extreme,double-loop,2,budget_18_neg_diag_extreme,double-loop,0,0.0,0.0,0.0,0.0,budget_18_neg_diag_extreme|double-loop|2,budget_18_neg_diag_extreme|double-loop|0,1_0,-0.04713477352374962,1,0.6508531002913025,0.684589966957044,0.38109452736318417,0.6508531002913025,optimization-limited zone,1_0,-0.04713477352374962,1,0.5476487723678735,0.7756082907780113,0.37512437810945276,0.5476487723678735,optimization-limited zone,0.0,0.0,0.0,0.0
Base summary,174,2,5.6909102457272554e-09,budget_18_neg_diag_extreme,double-loop,2,budget_18_neg_diag_extreme,double-loop,1,1.0,0.0,0.0,1.0,budget_18_neg_diag_extreme|double-loop|2,budget_18_neg_diag_extreme|double-loop|1,1_0,-0.04713477352374962,1,0.6508531002913025,0.684589966957044,0.38109452736318417,0.6508531002913025,optimization-limited zone,1_0,-0.04713477352374962,0,0.663337494798169,0.07599879843796936,0.21791044776119406,0.663337494798169,ambiguity zone,0.0,0.0,0.0,1.0
Base summary,174,3,8.573362058165076e-09,budget_18_neg_diag_extreme,double-loop,2,budget_18_neg_diag_extreme,double-loop,3,1.0,0.0,0.0,1.0,budget_18_neg_diag_extreme|double-loop|2,budget_18_neg_diag_extreme|double-loop|3,1_0,-0.04713477352374962,1,0.6508531002913025,0.684589966957044,0.38109452736318417,0.6508531002913025,optimization-limited zone,1_0,-0.04713477352374962,1,0.8297960882230545,0.08531090417542804,0.21990049751243787,0.8297960882230545,ambiguity zone,0.0,0.0,0.0,0.0
Base summary,174,4,1.6695449031508543e-08,budget_18_neg_diag_extreme,double-loop,2,budget_18_neg_diag_extreme,volatility-clustering,0,1.0,1.0,1.0,0.0,budget_18_neg_diag_extreme|double-loop|2,budget_18_neg_diag_extreme|volatility-clustering|0,1_0,-0.04713477352374962,1,0.6508531002913025,0.684589966957044,0.38109452736318417,0.6508531002913025,optimization-limited zone,1_0,0.4439176548542998,1,0.4061589679567208,0.57074196455392,0.38805970149253727,0.4061589679567208,optimization-limited zone,0.0,0.4910524283780494,1.0,0.0
Base summary,174,5,2.340547735218373e-08,budget_18_neg_diag_extreme,double-loop,2,budget_18_neg_diag_extreme,volatility-clustering,3,1.0,0.0,1.0,1.0,budget_18_neg_diag_extreme|double-loop|2,budget_18_neg_diag_extreme|volatility-clustering|3,1_0,-0.04713477352374962,1,0.6508531002913025,0.684589966957044,0.38109452736318417,0.6508531002913025,optimization-limited zone,1_0,0.4439176548542998,1,0.772367873491469,0.35265845599279055,0.20597014925373136,0.772367873491469,effective-collapse zone,0.0,0.4910524283780494,1.0,0.0
Base summary,175,1,4.114162458927172e-09,budget_18_neg_diag_extreme,double-loop,3,budget_18_neg_diag_extreme,double-loop,1,0.0,0.0,0.0,0.0,budget_18_neg_diag_extreme|double-loop|3,budget_18_neg_diag_extreme|double-loop|1,1_0,-0.04713477352374962,1,0.8297960882230545,0.08531090417542804,0.21990049751243787,0.8297960882230545,ambiguity zone,1_0,-0.04713477352374962,0,0.663337494798169,0.07599879843796936,0.21791044776119406,0.663337494798169,ambiguity zone,0.0,0.0,0.0,1.0
Base summary,175,2,8.573362058165076e-09,budget_18_neg_diag_extreme,double-loop,3,budget_18_neg_diag_extreme,double-loop,2,1.0,0.0,0.0,1.0,budget_18_neg_diag_extreme|double-loop|3,budget_18_neg_diag_extreme|double-loop|2,1_0,-0.04713477352374962,1,0.8297960882230545,0.08531090417542804,0.21990049751243787,0.8297960882230545,ambiguity zone,1_0,-0.04713477352374962,1,0.6508531002913025,0.684589966957044,0.38109452736318417,0.6508531002913025,optimization-limited zone,0.0,0.0,0.0,0.0
Base summary,175,3,1.064413570855574e-08,budget_18_neg_diag_extreme,double-loop,3,budget_18_neg_diag_extreme,double-loop,0,1.0,0.0,0.0,1.0,budget_18_neg_diag_extreme|double-loop|3,budget_18_neg_diag_extreme|double-loop|0,1_0,-0.04713477352374962,1,0.8297960882230545,0.08531090417542804,0.21990049751243787,0.8297960882230545,ambiguity zone,1_0,-0.04713477352374962,1,0.5476487723678735,0.7756082907780113,0.37512437810945276,0.5476487723678735,optimization-limited zone,0.0,0.0,0.0,0.0
Base summary,175,4,1.1245299792179109e-08,budget_18_neg_diag_extreme,double-loop,3,budget_18_neg_diag_extreme,volatility-clustering,0,1.0,1.0,1.0,1.0,budget_18_neg_diag_extreme|double-loop|3,budget_18_neg_diag_extreme|volatility-clustering|0,1_0,-0.04713477352374962,1,0.8297960882230545,0.08531090417542804,0.21990049751243787,0.8297960882230545,ambiguity zone,1_0,0.4439176548542998,1,0.4061589679567208,0.57074196455392,0.38805970149253727,0.4061589679567208,optimization-limited zone,0.0,0.4910524283780494,1.0,0.0
Base summary,175,5,1.5322404607973286e-08,budget_18_neg_diag_extreme,double-loop,3,budget_18_neg_diag_extreme,volatility-clustering,3,0.0,0.0,1.0,0.0,budget_18_neg_diag_extreme|double-loop|3,budget_18_neg_diag_extreme|volatility-clustering|3,1_0,-0.04713477352374962,1,0.8297960882230545,0.08531090417542804,0.21990049751243787,0.8297960882230545,ambiguity zone,1_0,0.4439176548542998,1,0.772367873491469,0.35265845599279055,0.20597014925373136,0.772367873491469,effective-collapse zone,0.0,0.4910524283780494,1.0,0.0
Base summary,176,1,8.282840974597375e-09,budget_18_neg_diag_extreme,mean-reversion,0,budget_18_neg_diag_extreme,mean-reversion,3,0.0,0.0,0.0,0.0,budget_18_neg_diag_extreme|mean-reversion|0,budget_18_neg_diag_extreme|mean-reversion|3,1_0,-0.2321875606103716,0,0.3545568039950063,0.4013217182337037,0.2557213930348259,0.3545568039950063,ambiguity zone,1_0,-0.2321875606103716,0,0.7032875572201415,0.5977771102433161,0.45273631840796014,0.7032875572201415,optimization-limited zone,0.0,0.0,0.0,0.0
Base summary,176,2,2.0296496682952032e-08,budget_18_neg_diag_extreme,mean-reversion,0,budget_18_neg_diag_extreme,mean-reversion,1,0.0,0.0,0.0,1.0,budget_18_neg_diag_extreme|mean-reversion|0,budget_18_neg_diag_extreme|mean-reversion|1,1_0,-0.2321875606103716,0,0.3545568039950063,0.4013217182337037,0.2557213930348259,0.3545568039950063,ambiguity zone,1_0,-0.2321875606103716,1,0.8148148148148148,0.5091619104836287,0.31641791044776113,0.8148148148148148,ambiguity zone,0.0,0.0,0.0,1.0
Base summary,176,3,2.3957895131430583e-08,budget_18_neg_diag_extreme,mean-reversion,0,budget_18_neg_diag_extreme,mean-reversion,2,0.0,0.0,0.0,0.0,budget_18_neg_diag_extreme|mean-reversion|0,budget_18_neg_diag_extreme|mean-reversion|2,1_0,-0.2321875606103716,0,0.3545568039950063,0.4013217182337037,0.2557213930348259,0.3545568039950063,ambiguity zone,1_0,-0.2321875606103716,0,0.6400332917186848,0.40672874737158293,0.3124378109452737,0.6400332917186848,ambiguity zone,0.0,0.0,0.0,0.0
Base summary,176,4,2.025327446795092e-07,budget_18_neg_diag_extreme,mean-reversion,0,budget_18_neg_diag_extreme,volatility-clustering,1,1.0,0.0,1.0,1.0,budget_18_neg_diag_extreme|mean-reversion|0,budget_18_neg_diag_extreme|volatility-clustering|1,1_0,-0.2321875606103716,0,0.3545568039950063,0.4013217182337037,0.2557213930348259,0.3545568039950063,ambiguity zone,1_0,0.4439176548542998,1,0.6591760299625468,0.3097026133974166,0.6646766169154228,0.6591760299625468,decision-fragile zone,0.0,0.6761052154646714,1.0,1.0
Base summary,176,5,2.277256422496938e-07,budget_18_neg_diag_extreme,mean-reversion,0,budget_18_neg_diag_extreme,volatility-clustering,3,0.0,0.0,1.0,1.0,budget_18_neg_diag_extreme|mean-reversion|0,budget_18_neg_diag_extreme|volatility-clustering|3,1_0,-0.2321875606103716,0,0.3545568039950063,0.4013217182337037,0.2557213930348259,0.3545568039950063,ambiguity zone,1_0,0.4439176548542998,1,0.772367873491469,0.35265845599279055,0.20597014925373136,0.772367873491469,effective-collapse zone,0.0,0.6761052154646714,1.0,1.0
Base summary,177,1,1.2101262749525834e-08,budget_18_neg_diag_extreme,mean-reversion,1,budget_18_neg_diag_extreme,mean-reversion,3,0.0,0.0,0.0,1.0,budget_18_neg_diag_extreme|mean-reversion|1,budget_18_neg_diag_extreme|mean-reversion|3,1_0,-0.2321875606103716,1,0.8148148148148148,0.5091619104836287,0.31641791044776113,0.8148148148148148,ambiguity zone,1_0,-0.2321875606103716,0,0.7032875572201415,0.5977771102433161,0.45273631840796014,0.7032875572201415,optimization-limited zone,0.0,0.0,0.0,1.0
Base summary,177,2,2.0296496682952032e-08,budget_18_neg_diag_extreme,mean-reversion,1,budget_18_neg_diag_extreme,mean-reversion,0,0.0,0.0,0.0,1.0,budget_18_neg_diag_extreme|mean-reversion|1,budget_18_neg_diag_extreme|mean-reversion|0,1_0,-0.2321875606103716,1,0.8148148148148148,0.5091619104836287,0.31641791044776113,0.8148148148148148,ambiguity zone,1_0,-0.2321875606103716,0,0.3545568039950063,0.4013217182337037,0.2557213930348259,0.3545568039950063,ambiguity zone,0.0,0.0,0.0,1.0
Base summary,177,3,4.337055097611544e-08,budget_18_neg_diag_extreme,mean-reversion,1,budget_18_neg_diag_extreme,mean-reversion,2,0.0,0.0,0.0,1.0,budget_18_neg_diag_extreme|mean-reversion|1,budget_18_neg_diag_extreme|mean-reversion|2,1_0,-0.2321875606103716,1,0.8148148148148148,0.5091619104836287,0.31641791044776113,0.8148148148148148,ambiguity zone,1_0,-0.2321875606103716,0,0.6400332917186848,0.40672874737158293,0.3124378109452737,0.6400332917186848,ambiguity zone,0.0,0.0,0.0,1.0
Base summary,177,4,1.8239678881778012e-07,budget_18_neg_diag_extreme,mean-reversion,1,budget_18_neg_diag_extreme,volatility-clustering,1,1.0,0.0,1.0,1.0,budget_18_neg_diag_extreme|mean-reversion|1,budget_18_neg_diag_extreme|volatility-clustering|1,1_0,-0.2321875606103716,1,0.8148148148148148,0.5091619104836287,0.31641791044776113,0.8148148148148148,ambiguity zone,1_0,0.4439176548542998,1,0.6591760299625468,0.3097026133974166,0.6646766169154228,0.6591760299625468,decision-fragile zone,0.0,0.6761052154646714,1.0,0.0
Base summary,177,5,2.075491878752034e-07,budget_18_neg_diag_extreme,mean-reversion,1,budget_18_neg_diag_extreme,volatility-clustering,3,0.0,0.0,1.0,0.0,budget_18_neg_diag_extreme|mean-reversion|1,budget_18_neg_diag_extreme|volatility-clustering|3,1_0,-0.2321875606103716,1,0.8148148148148148,0.5091619104836287,0.31641791044776113,0.8148148148148148,ambiguity zone,1_0,0.4439176548542998,1,0.772367873491469,0.35265845599279055,0.20597014925373136,0.772367873491469,effective-collapse zone,0.0,0.6761052154646714,1.0,0.0
Base summary,178,1,2.3957895131430583e-08,budget_18_neg_diag_extreme,mean-reversion,2,budget_18_neg_diag_extreme,mean-reversion,0,0.0,0.0,0.0,0.0,budget_18_neg_diag_extreme|mean-reversion|2,budget_18_neg_diag_extreme|mean-reversion|0,1_0,-0.2321875606103716,0,0.6400332917186848,0.40672874737158293,0.3124378109452737,0.6400332917186848,ambiguity zone,1_0,-0.2321875606103716,0,0.3545568039950063,0.4013217182337037,0.2557213930348259,0.3545568039950063,ambiguity zone,0.0,0.0,0.0,0.0
Base summary,178,2,3.144216425621818e-08,budget_18_neg_diag_extreme,mean-reversion,2,budget_18_neg_diag_extreme,mean-reversion,3,0.0,0.0,0.0,0.0,budget_18_neg_diag_extreme|mean-reversion|2,budget_18_neg_diag_extreme|mean-reversion|3,1_0,-0.2321875606103716,0,0.6400332917186848,0.40672874737158293,0.3124378109452737,0.6400332917186848,ambiguity zone,1_0,-0.2321875606103716,0,0.7032875572201415,0.5977771102433161,0.45273631840796014,0.7032875572201415,optimization-limited zone,0.0,0.0,0.0,0.0
Base summary,178,3,4.337055097611544e-08,budget_18_neg_diag_extreme,mean-reversion,2,budget_18_neg_diag_extreme,mean-reversion,1,0.0,0.0,0.0,1.0,budget_18_neg_diag_extreme|mean-reversion|2,budget_18_neg_diag_extreme|mean-reversion|1,1_0,-0.2321875606103716,0,0.6400332917186848,0.40672874737158293,0.3124378109452737,0.6400332917186848,ambiguity zone,1_0,-0.2321875606103716,1,0.8148148148148148,0.5091619104836287,0.31641791044776113,0.8148148148148148,ambiguity zone,0.0,0.0,0.0,1.0
Base summary,178,4,2.2563976836928858e-07,budget_18_neg_diag_extreme,mean-reversion,2,budget_18_neg_diag_extreme,volatility-clustering,1,1.0,0.0,1.0,1.0,budget_18_neg_diag_extreme|mean-reversion|2,budget_18_neg_diag_extreme|volatility-clustering|1,1_0,-0.2321875606103716,0,0.6400332917186848,0.40672874737158293,0.3124378109452737,0.6400332917186848,ambiguity zone,1_0,0.4439176548542998,1,0.6591760299625468,0.3097026133974166,0.6646766169154228,0.6591760299625468,decision-fragile zone,0.0,0.6761052154646714,1.0,1.0
Base summary,178,5,2.507238520476465e-07,budget_18_neg_diag_extreme,mean-reversion,2,budget_18_neg_diag_extreme,volatility-clustering,3,0.0,0.0,1.0,1.0,budget_18_neg_diag_extreme|mean-reversion|2,budget_18_neg_diag_extreme|volatility-clustering|3,1_0,-0.2321875606103716,0,0.6400332917186848,0.40672874737158293,0.3124378109452737,0.6400332917186848,ambiguity zone,1_0,0.4439176548542998,1,0.772367873491469,0.35265845599279055,0.20597014925373136,0.772367873491469,effective-collapse zone,0.0,0.6761052154646714,1.0,1.0
Base summary,179,1,8.282840974597375e-09,budget_18_neg_diag_extreme,mean-reversion,3,budget_18_neg_diag_extreme,mean-reversion,0,0.0,0.0,0.0,0.0,budget_18_neg_diag_extreme|mean-reversion|3,budget_18_neg_diag_extreme|mean-reversion|0,1_0,-0.2321875606103716,0,0.7032875572201415,0.5977771102433161,0.45273631840796014,0.7032875572201415,optimization-limited zone,1_0,-0.2321875606103716,0,0.3545568039950063,0.4013217182337037,0.2557213930348259,0.3545568039950063,ambiguity zone,0.0,0.0,0.0,0.0
Base summary,179,2,1.2101262749525834e-08,budget_18_neg_diag_extreme,mean-reversion,3,budget_18_neg_diag_extreme,mean-reversion,1,0.0,0.0,0.0,1.0,budget_18_neg_diag_extreme|mean-reversion|3,budget_18_neg_diag_extreme|mean-reversion|1,1_0,-0.2321875606103716,0,0.7032875572201415,0.5977771102433161,0.45273631840796014,0.7032875572201415,optimization-limited zone,1_0,-0.2321875606103716,1,0.8148148148148148,0.5091619104836287,0.31641791044776113,0.8148148148148148,ambiguity zone,0.0,0.0,0.0,1.0
Base summary,179,3,3.144216425621818e-08,budget_18_neg_diag_extreme,mean-reversion,3,budget_18_neg_diag_extreme,mean-reversion,2,0.0,0.0,0.0,0.0,budget_18_neg_diag_extreme|mean-reversion|3,budget_18_neg_diag_extreme|mean-reversion|2,1_0,-0.2321875606103716,0,0.7032875572201415,0.5977771102433161,0.45273631840796014,0.7032875572201415,optimization-limited zone,1_0,-0.2321875606103716,0,0.6400332917186848,0.40672874737158293,0.3124378109452737,0.6400332917186848,ambiguity zone,0.0,0.0,0.0,0.0
Base summary,179,4,1.9447843197993573e-07,budget_18_neg_diag_extreme,mean-reversion,3,budget_18_neg_diag_extreme,volatility-clustering,1,1.0,0.0,1.0,1.0,budget_18_neg_diag_extreme|mean-reversion|3,budget_18_neg_diag_extreme|volatility-clustering|1,1_0,-0.2321875606103716,0,0.7032875572201415,0.5977771102433161,0.45273631840796014,0.7032875572201415,optimization-limited zone,1_0,0.4439176548542998,1,0.6591760299625468,0.3097026133974166,0.6646766169154228,0.6591760299625468,decision-fragile zone,0.0,0.6761052154646714,1.0,1.0
Base summary,179,5,2.196380000968233e-07,budget_18_neg_diag_extreme,mean-reversion,3,budget_18_neg_diag_extreme,volatility-clustering,3,0.0,0.0,1.0,1.0,budget_18_neg_diag_extreme|mean-reversion|3,budget_18_neg_diag_extreme|volatility-clustering|3,1_0,-0.2321875606103716,0,0.7032875572201415,0.5977771102433161,0.45273631840796014,0.7032875572201415,optimization-limited zone,1_0,0.4439176548542998,1,0.772367873491469,0.35265845599279055,0.20597014925373136,0.772367873491469,effective-collapse zone,0.0,0.6761052154646714,1.0,1.0
Base summary,180,1,1.503334678979451e-09,budget_18_neg_diag_extreme,multi-hole,0,budget_18_neg_diag_extreme,pinwheel,3,0.0,0.0,1.0,1.0,budget_18_neg_diag_extreme|multi-hole|0,budget_18_neg_diag_extreme|pinwheel|3,1_1,-0.689700722662991,1,0.21972534332084892,0.20576749774707115,0.2945273631840797,0.21972534332084892,effective-collapse zone,1_1,0.22351500627580145,1,0.6550145651269247,0.6428356863923098,0.9920398009950251,0.6550145651269247,decision-fragile zone,0.0,0.9132157289387924,1.0,0.0
Base summary,180,2,1.918596670500298e-09,budget_18_neg_diag_extreme,multi-hole,0,budget_18_neg_diag_extreme,pinwheel,0,0.0,0.0,1.0,0.0,budget_18_neg_diag_extreme|multi-hole|0,budget_18_neg_diag_extreme|pinwheel|0,1_1,-0.689700722662991,1,0.21972534332084892,0.20576749774707115,0.2945273631840797,0.21972534332084892,effective-collapse zone,1_1,0.22351500627580145,0,0.6525176862255513,0.4580955241814357,0.8248756218905473,0.6525176862255513,decision-fragile zone,0.0,0.9132157289387924,1.0,1.0
Base summary,180,3,3.8107822854912705e-09,budget_18_neg_diag_extreme,multi-hole,0,budget_18_neg_diag_extreme,multi-hole,2,0.0,0.0,0.0,0.0,budget_18_neg_diag_extreme|multi-hole|0,budget_18_neg_diag_extreme|multi-hole|2,1_1,-0.689700722662991,1,0.21972534332084892,0.20576749774707115,0.2945273631840797,0.21972534332084892,effective-collapse zone,1_1,-0.689700722662991,1,0.34040782355389093,0.14809252027635925,0.31044776119402984,0.34040782355389093,effective-collapse zone,0.0,0.0,0.0,0.0
Base summary,180,4,4.145696011954097e-09,budget_18_neg_diag_extreme,multi-hole,0,budget_18_neg_diag_extreme,pinwheel,1,0.0,0.0,1.0,1.0,budget_18_neg_diag_extreme|multi-hole|0,budget_18_neg_diag_extreme|pinwheel|1,1_1,-0.689700722662991,1,0.21972534332084892,0.20576749774707115,0.2945273631840797,0.21972534332084892,effective-collapse zone,1_1,0.22351500627580145,1,0.5767790262172284,0.7801141483929107,0.9781094527363182,0.5767790262172284,decision-fragile zone,0.0,0.9132157289387924,1.0,0.0
Base summary,180,5,9.212429026612486e-09,budget_18_neg_diag_extreme,multi-hole,0,budget_18_neg_diag_extreme,multi-hole,3,0.0,0.0,0.0,1.0,budget_18_neg_diag_extreme|multi-hole|0,budget_18_neg_diag_extreme|multi-hole|3,1_1,-0.689700722662991,1,0.21972534332084892,0.20576749774707115,0.2945273631840797,0.21972534332084892,effective-collapse zone,1_1,-0.689700722662991,0,0.3778610070744903,0.5527185340943225,0.5054726368159205,0.3778610070744903,optimization-limited zone,0.0,0.0,0.0,1.0
Base summary,181,1,1.0626217572038104e-08,budget_18_neg_diag_extreme,multi-hole,1,budget_18_neg_diag_extreme,pinwheel,2,0.0,0.0,1.0,0.0,budget_18_neg_diag_extreme|multi-hole|1,budget_18_neg_diag_extreme|pinwheel|2,1_1,-0.689700722662991,1,0.1856013316687474,0.6515470111144487,0.4517412935323383,0.1856013316687474,optimization-limited zone,1_1,0.22351500627580145,1,0.36038285476487725,0.5614298588164613,0.9661691542288557,0.36038285476487725,decision-fragile zone,0.0,0.9132157289387924,1.0,0.0
Base summary,181,2,1.9127241856243405e-08,budget_18_neg_diag_extreme,multi-hole,1,budget_18_neg_diag_extreme,pinwheel,3,0.0,0.0,1.0,0.0,budget_18_neg_diag_extreme|multi-hole|1,budget_18_neg_diag_extreme|pinwheel|3,1_1,-0.689700722662991,1,0.1856013316687474,0.6515470111144487,0.4517412935323383,0.1856013316687474,optimization-limited zone,1_1,0.22351500627580145,1,0.6550145651269247,0.6428356863923098,0.9920398009950251,0.6550145651269247,decision-fragile zone,0.0,0.9132157289387924,1.0,0.0
Base summary,181,3,1.9584316414703215e-08,budget_18_neg_diag_extreme,multi-hole,1,budget_18_neg_diag_extreme,multi-hole,0,0.0,0.0,0.0,1.0,budget_18_neg_diag_extreme|multi-hole|1,budget_18_neg_diag_extreme|multi-hole|0,1_1,-0.689700722662991,1,0.1856013316687474,0.6515470111144487,0.4517412935323383,0.1856013316687474,optimization-limited zone,1_1,-0.689700722662991,1,0.21972534332084892,0.20576749774707115,0.2945273631840797,0.21972534332084892,effective-collapse zone,0.0,0.0,0.0,0.0
Base summary,181,4,1.9834042373805467e-08,budget_18_neg_diag_extreme,multi-hole,1,budget_18_neg_diag_extreme,pinwheel,0,0.0,0.0,1.0,1.0,budget_18_neg_diag_extreme|multi-hole|1,budget_18_neg_diag_extreme|pinwheel|0,1_1,-0.689700722662991,1,0.1856013316687474,0.6515470111144487,0.4517412935323383,0.1856013316687474,optimization-limited zone,1_1,0.22351500627580145,0,0.6525176862255513,0.4580955241814357,0.8248756218905473,0.6525176862255513,decision-fragile zone,0.0,0.9132157289387924,1.0,1.0
Base summary,181,5,2.301056073629629e-08,budget_18_neg_diag_extreme,multi-hole,1,budget_18_neg_diag_extreme,multi-hole,2,0.0,0.0,0.0,1.0,budget_18_neg_diag_extreme|multi-hole|1,budget_18_neg_diag_extreme|multi-hole|2,1_1,-0.689700722662991,1,0.1856013316687474,0.6515470111144487,0.4517412935323383,0.1856013316687474,optimization-limited zone,1_1,-0.689700722662991,1,0.34040782355389093,0.14809252027635925,0.31044776119402984,0.34040782355389093,effective-collapse zone,0.0,0.0,0.0,0.0
Base summary,182,1,2.046214029948419e-09,budget_18_neg_diag_extreme,multi-hole,2,budget_18_neg_diag_extreme,pinwheel,1,0.0,0.0,1.0,1.0,budget_18_neg_diag_extreme|multi-hole|2,budget_18_neg_diag_extreme|pinwheel|1,1_1,-0.689700722662991,1,0.34040782355389093,0.14809252027635925,0.31044776119402984,0.34040782355389093,effective-collapse zone,1_1,0.22351500627580145,1,0.5767790262172284,0.7801141483929107,0.9781094527363182,0.5767790262172284,decision-fragile zone,0.0,0.9132157289387924,1.0,0.0
Base summary,182,2,3.8107822854912705e-09,budget_18_neg_diag_extreme,multi-hole,2,budget_18_neg_diag_extreme,multi-hole,0,0.0,0.0,0.0,0.0,budget_18_neg_diag_extreme|multi-hole|2,budget_18_neg_diag_extreme|multi-hole|0,1_1,-0.689700722662991,1,0.34040782355389093,0.14809252027635925,0.31044776119402984,0.34040782355389093,effective-collapse zone,1_1,-0.689700722662991,1,0.21972534332084892,0.20576749774707115,0.2945273631840797,0.21972534332084892,effective-collapse zone,0.0,0.0,0.0,0.0
Base summary,182,3,4.468942707520592e-09,budget_18_neg_diag_extreme,multi-hole,2,budget_18_neg_diag_extreme,pinwheel,3,0.0,0.0,1.0,1.0,budget_18_neg_diag_extreme|multi-hole|2,budget_18_neg_diag_extreme|pinwheel|3,1_1,-0.689700722662991,1,0.34040782355389093,0.14809252027635925,0.31044776119402984,0.34040782355389093,effective-collapse zone,1_1,0.22351500627580145,1,0.6550145651269247,0.6428356863923098,0.9920398009950251,0.6550145651269247,decision-fragile zone,0.0,0.9132157289387924,1.0,0.0
Base summary,182,4,4.897477718571068e-09,budget_18_neg_diag_extreme,multi-hole,2,budget_18_neg_diag_extreme,pinwheel,0,0.0,0.0,1.0,0.0,budget_18_neg_diag_extreme|multi-hole|2,budget_18_neg_diag_extreme|pinwheel|0,1_1,-0.689700722662991,1,0.34040782355389093,0.14809252027635925,0.31044776119402984,0.34040782355389093,effective-collapse zone,1_1,0.22351500627580145,0,0.6525176862255513,0.4580955241814357,0.8248756218905473,0.6525176862255513,decision-fragile zone,0.0,0.9132157289387924,1.0,1.0
Base summary,182,5,5.426146231687656e-09,budget_18_neg_diag_extreme,multi-hole,2,budget_18_neg_diag_extreme,multi-hole,3,0.0,0.0,0.0,1.0,budget_18_neg_diag_extreme|multi-hole|2,budget_18_neg_diag_extreme|multi-hole|3,1_1,-0.689700722662991,1,0.34040782355389093,0.14809252027635925,0.31044776119402984,0.34040782355389093,effective-collapse zone,1_1,-0.689700722662991,0,0.3778610070744903,0.5527185340943225,0.5054726368159205,0.3778610070744903,optimization-limited zone,0.0,0.0,0.0,1.0
Base summary,183,1,5.426146231687656e-09,budget_18_neg_diag_extreme,multi-hole,3,budget_18_neg_diag_extreme,multi-hole,2,0.0,0.0,0.0,1.0,budget_18_neg_diag_extreme|multi-hole|3,budget_18_neg_diag_extreme|multi-hole|2,1_1,-0.689700722662991,0,0.3778610070744903,0.5527185340943225,0.5054726368159205,0.3778610070744903,optimization-limited zone,1_1,-0.689700722662991,1,0.34040782355389093,0.14809252027635925,0.31044776119402984,0.34040782355389093,effective-collapse zone,0.0,0.0,0.0,1.0
Base summary,183,2,5.726639700915987e-09,budget_18_neg_diag_extreme,multi-hole,3,budget_18_neg_diag_extreme,pinwheel,1,0.0,0.0,1.0,0.0,budget_18_neg_diag_extreme|multi-hole|3,budget_18_neg_diag_extreme|pinwheel|1,1_1,-0.689700722662991,0,0.3778610070744903,0.5527185340943225,0.5054726368159205,0.3778610070744903,optimization-limited zone,1_1,0.22351500627580145,1,0.5767790262172284,0.7801141483929107,0.9781094527363182,0.5767790262172284,decision-fragile zone,0.0,0.9132157289387924,1.0,1.0
Base summary,183,3,9.212429026612486e-09,budget_18_neg_diag_extreme,multi-hole,3,budget_18_neg_diag_extreme,multi-hole,0,0.0,0.0,0.0,1.0,budget_18_neg_diag_extreme|multi-hole|3,budget_18_neg_diag_extreme|multi-hole|0,1_1,-0.689700722662991,0,0.3778610070744903,0.5527185340943225,0.5054726368159205,0.3778610070744903,optimization-limited zone,1_1,-0.689700722662991,1,0.21972534332084892,0.20576749774707115,0.2945273631840797,0.21972534332084892,effective-collapse zone,0.0,0.0,0.0,1.0
Base summary,183,4,9.692922456269378e-09,budget_18_neg_diag_extreme,multi-hole,3,budget_18_neg_diag_extreme,pinwheel,3,0.0,0.0,1.0,0.0,budget_18_neg_diag_extreme|multi-hole|3,budget_18_neg_diag_extreme|pinwheel|3,1_1,-0.689700722662991,0,0.3778610070744903,0.5527185340943225,0.5054726368159205,0.3778610070744903,optimization-limited zone,1_1,0.22351500627580145,1,0.6550145651269247,0.6428356863923098,0.9920398009950251,0.6550145651269247,decision-fragile zone,0.0,0.9132157289387924,1.0,1.0
Base summary,183,5,9.99566011213509e-09,budget_18_neg_diag_extreme,multi-hole,3,budget_18_neg_diag_extreme,pinwheel,0,0.0,0.0,1.0,1.0,budget_18_neg_diag_extreme|multi-hole|3,budget_18_neg_diag_extreme|pinwheel|0,1_1,-0.689700722662991,0,0.3778610070744903,0.5527185340943225,0.5054726368159205,0.3778610070744903,optimization-limited zone,1_1,0.22351500627580145,0,0.6525176862255513,0.4580955241814357,0.8248756218905473,0.6525176862255513,decision-fragile zone,0.0,0.9132157289387924,1.0,0.0
Base summary,184,1,3.327962416290978e-09,budget_18_neg_diag_extreme,nested-rings,0,budget_18_neg_diag_extreme,nested-rings,2,0.0,0.0,0.0,0.0,budget_18_neg_diag_extreme|nested-rings|0,budget_18_neg_diag_extreme|nested-rings|2,1_1,-0.20273546129123288,1,0.5734498543487307,0.05887653950135175,0.36616915422885576,0.5734498543487307,effective-collapse zone,1_1,-0.20273546129123288,0,0.24885559717020392,0.061279663562631405,0.31940298507462694,0.24885559717020392,effective-collapse zone,0.0,0.0,0.0,1.0
Base summary,184,2,1.0026547554390221e-08,budget_18_neg_diag_extreme,nested-rings,0,budget_18_neg_diag_extreme,nested-rings,1,0.0,0.0,0.0,1.0,budget_18_neg_diag_extreme|nested-rings|0,budget_18_neg_diag_extreme|nested-rings|1,1_1,-0.20273546129123288,1,0.5734498543487307,0.05887653950135175,0.36616915422885576,0.5734498543487307,effective-collapse zone,1_1,-0.20273546129123288,0,0.7473990844777362,0.6455392009612496,0.5711442786069653,0.7473990844777362,optimization-limited zone,0.0,0.0,0.0,1.0
Base summary,184,3,1.1746827785073538e-08,budget_18_neg_diag_extreme,nested-rings,0,budget_18_neg_diag_extreme,nested-rings,3,0.0,0.0,0.0,1.0,budget_18_neg_diag_extreme|nested-rings|0,budget_18_neg_diag_extreme|nested-rings|3,1_1,-0.20273546129123288,1,0.5734498543487307,0.05887653950135175,0.36616915422885576,0.5734498543487307,effective-collapse zone,1_1,-0.20273546129123288,0,0.38285476487723674,0.6488434965455091,0.47562189054726367,0.38285476487723674,optimization-limited zone,0.0,0.0,0.0,1.0
Base summary,184,4,3.703820039014548e-08,budget_18_neg_diag_extreme,nested-rings,0,budget_18_neg_diag_extreme,multi-hole,1,0.0,0.0,1.0,1.0,budget_18_neg_diag_extreme|nested-rings|0,budget_18_neg_diag_extreme|multi-hole|1,1_1,-0.20273546129123288,1,0.5734498543487307,0.05887653950135175,0.36616915422885576,0.5734498543487307,effective-collapse zone,1_1,-0.689700722662991,1,0.1856013316687474,0.6515470111144487,0.4517412935323383,0.1856013316687474,optimization-limited zone,0.0,0.4869652613717581,0.0,0.0
Base summary,184,5,4.7602099284479066e-08,budget_18_neg_diag_extreme,nested-rings,0,budget_18_neg_diag_extreme,pinwheel,2,0.0,0.0,1.0,1.0,budget_18_neg_diag_extreme|nested-rings|0,budget_18_neg_diag_extreme|pinwheel|2,1_1,-0.20273546129123288,1,0.5734498543487307,0.05887653950135175,0.36616915422885576,0.5734498543487307,effective-collapse zone,1_1,0.22351500627580145,1,0.36038285476487725,0.5614298588164613,0.9661691542288557,0.36038285476487725,decision-fragile zone,0.0,0.42625046756703433,0.0,0.0
Base summary,185,1,4.9781934608246414e-09,budget_18_neg_diag_extreme,nested-rings,1,budget_18_neg_diag_extreme,nested-rings,3,0.0,0.0,0.0,0.0,budget_18_neg_diag_extreme|nested-rings|1,budget_18_neg_diag_extreme|nested-rings|3,1_1,-0.20273546129123288,0,0.7473990844777362,0.6455392009612496,0.5711442786069653,0.7473990844777362,optimization-limited zone,1_1,-0.20273546129123288,0,0.38285476487723674,0.6488434965455091,0.47562189054726367,0.38285476487723674,optimization-limited zone,0.0,0.0,0.0,0.0
Base summary,185,2,8.593758230438225e-09,budget_18_neg_diag_extreme,nested-rings,1,budget_18_neg_diag_extreme,nested-rings,2,0.0,0.0,0.0,1.0,budget_18_neg_diag_extreme|nested-rings|1,budget_18_neg_diag_extreme|nested-rings|2,1_1,-0.20273546129123288,0,0.7473990844777362,0.6455392009612496,0.5711442786069653,0.7473990844777362,optimization-limited zone,1_1,-0.20273546129123288,0,0.24885559717020392,0.061279663562631405,0.31940298507462694,0.24885559717020392,effective-collapse zone,0.0,0.0,0.0,0.0
Base summary,185,3,1.0026547554390221e-08,budget_18_neg_diag_extreme,nested-rings,1,budget_18_neg_diag_extreme,nested-rings,0,0.0,0.0,0.0,1.0,budget_18_neg_diag_extreme|nested-rings|1,budget_18_neg_diag_extreme|nested-rings|0,1_1,-0.20273546129123288,0,0.7473990844777362,0.6455392009612496,0.5711442786069653,0.7473990844777362,optimization-limited zone,1_1,-0.20273546129123288,1,0.5734498543487307,0.05887653950135175,0.36616915422885576,0.5734498543487307,effective-collapse zone,0.0,0.0,0.0,1.0
Base summary,185,4,2.725518019160304e-08,budget_18_neg_diag_extreme,nested-rings,1,budget_18_neg_diag_extreme,multi-hole,1,0.0,0.0,1.0,0.0,budget_18_neg_diag_extreme|nested-rings|1,budget_18_neg_diag_extreme|multi-hole|1,1_1,-0.20273546129123288,0,0.7473990844777362,0.6455392009612496,0.5711442786069653,0.7473990844777362,optimization-limited zone,1_1,-0.689700722662991,1,0.1856013316687474,0.6515470111144487,0.4517412935323383,0.1856013316687474,optimization-limited zone,0.0,0.4869652613717581,0.0,1.0
Base summary,185,5,3.78427636153427e-08,budget_18_neg_diag_extreme,nested-rings,1,budget_18_neg_diag_extreme,pinwheel,2,0.0,0.0,1.0,0.0,budget_18_neg_diag_extreme|nested-rings|1,budget_18_neg_diag_extreme|pinwheel|2,1_1,-0.20273546129123288,0,0.7473990844777362,0.6455392009612496,0.5711442786069653,0.7473990844777362,optimization-limited zone,1_1,0.22351500627580145,1,0.36038285476487725,0.5614298588164613,0.9661691542288557,0.36038285476487725,decision-fragile zone,0.0,0.42625046756703433,0.0,1.0
Base summary,186,1,3.327962416290978e-09,budget_18_neg_diag_extreme,nested-rings,2,budget_18_neg_diag_extreme,nested-rings,0,0.0,0.0,0.0,0.0,budget_18_neg_diag_extreme|nested-rings|2,budget_18_neg_diag_extreme|nested-rings|0,1_1,-0.20273546129123288,0,0.24885559717020392,0.061279663562631405,0.31940298507462694,0.24885559717020392,effective-collapse zone,1_1,-0.20273546129123288,1,0.5734498543487307,0.05887653950135175,0.36616915422885576,0.5734498543487307,effective-collapse zone,0.0,0.0,0.0,1.0
Base summary,186,2,8.593758230438225e-09,budget_18_neg_diag_extreme,nested-rings,2,budget_18_neg_diag_extreme,nested-rings,1,0.0,0.0,0.0,1.0,budget_18_neg_diag_extreme|nested-rings|2,budget_18_neg_diag_extreme|nested-rings|1,1_1,-0.20273546129123288,0,0.24885559717020392,0.061279663562631405,0.31940298507462694,0.24885559717020392,effective-collapse zone,1_1,-0.20273546129123288,0,0.7473990844777362,0.6455392009612496,0.5711442786069653,0.7473990844777362,optimization-limited zone,0.0,0.0,0.0,0.0
Base summary,186,3,9.068870545597714e-09,budget_18_neg_diag_extreme,nested-rings,2,budget_18_neg_diag_extreme,nested-rings,3,0.0,0.0,0.0,1.0,budget_18_neg_diag_extreme|nested-rings|2,budget_18_neg_diag_extreme|nested-rings|3,1_1,-0.20273546129123288,0,0.24885559717020392,0.061279663562631405,0.31940298507462694,0.24885559717020392,effective-collapse zone,1_1,-0.20273546129123288,0,0.38285476487723674,0.6488434965455091,0.47562189054726367,0.38285476487723674,optimization-limited zone,0.0,0.0,0.0,0.0
Base summary,186,4,3.5017800840285045e-08,budget_18_neg_diag_extreme,nested-rings,2,budget_18_neg_diag_extreme,multi-hole,1,0.0,0.0,1.0,1.0,budget_18_neg_diag_extreme|nested-rings|2,budget_18_neg_diag_extreme|multi-hole|1,1_1,-0.20273546129123288,0,0.24885559717020392,0.061279663562631405,0.31940298507462694,0.24885559717020392,effective-collapse zone,1_1,-0.689700722662991,1,0.1856013316687474,0.6515470111144487,0.4517412935323383,0.1856013316687474,optimization-limited zone,0.0,0.4869652613717581,0.0,1.0
Base summary,186,5,4.559867838355325e-08,budget_18_neg_diag_extreme,nested-rings,2,budget_18_neg_diag_extreme,pinwheel,2,0.0,0.0,1.0,1.0,budget_18_neg_diag_extreme|nested-rings|2,budget_18_neg_diag_extreme|pinwheel|2,1_1,-0.20273546129123288,0,0.24885559717020392,0.061279663562631405,0.31940298507462694,0.24885559717020392,effective-collapse zone,1_1,0.22351500627580145,1,0.36038285476487725,0.5614298588164613,0.9661691542288557,0.36038285476487725,decision-fragile zone,0.0,0.42625046756703433,0.0,1.0
Base summary,187,1,4.9781934608246414e-09,budget_18_neg_diag_extreme,nested-rings,3,budget_18_neg_diag_extreme,nested-rings,1,0.0,0.0,0.0,0.0,budget_18_neg_diag_extreme|nested-rings|3,budget_18_neg_diag_extreme|nested-rings|1,1_1,-0.20273546129123288,0,0.38285476487723674,0.6488434965455091,0.47562189054726367,0.38285476487723674,optimization-limited zone,1_1,-0.20273546129123288,0,0.7473990844777362,0.6455392009612496,0.5711442786069653,0.7473990844777362,optimization-limited zone,0.0,0.0,0.0,0.0
Base summary,187,2,9.068870545597714e-09,budget_18_neg_diag_extreme,nested-rings,3,budget_18_neg_diag_extreme,nested-rings,2,0.0,0.0,0.0,1.0,budget_18_neg_diag_extreme|nested-rings|3,budget_18_neg_diag_extreme|nested-rings|2,1_1,-0.20273546129123288,0,0.38285476487723674,0.6488434965455091,0.47562189054726367,0.38285476487723674,optimization-limited zone,1_1,-0.20273546129123288,0,0.24885559717020392,0.061279663562631405,0.31940298507462694,0.24885559717020392,effective-collapse zone,0.0,0.0,0.0,0.0
Base summary,187,3,1.1746827785073538e-08,budget_18_neg_diag_extreme,nested-rings,3,budget_18_neg_diag_extreme,nested-rings,0,0.0,0.0,0.0,1.0,budget_18_neg_diag_extreme|nested-rings|3,budget_18_neg_diag_extreme|nested-rings|0,1_1,-0.20273546129123288,0,0.38285476487723674,0.6488434965455091,0.47562189054726367,0.38285476487723674,optimization-limited zone,1_1,-0.20273546129123288,1,0.5734498543487307,0.05887653950135175,0.36616915422885576,0.5734498543487307,effective-collapse zone,0.0,0.0,0.0,1.0
Base summary,187,4,2.6252185391447163e-08,budget_18_neg_diag_extreme,nested-rings,3,budget_18_neg_diag_extreme,multi-hole,1,0.0,0.0,1.0,0.0,budget_18_neg_diag_extreme|nested-rings|3,budget_18_neg_diag_extreme|multi-hole|1,1_1,-0.20273546129123288,0,0.38285476487723674,0.6488434965455091,0.47562189054726367,0.38285476487723674,optimization-limited zone,1_1,-0.689700722662991,1,0.1856013316687474,0.6515470111144487,0.4517412935323383,0.1856013316687474,optimization-limited zone,0.0,0.4869652613717581,0.0,1.0
Base summary,187,5,3.6821332332755725e-08,budget_18_neg_diag_extreme,nested-rings,3,budget_18_neg_diag_extreme,pinwheel,2,0.0,0.0,1.0,0.0,budget_18_neg_diag_extreme|nested-rings|3,budget_18_neg_diag_extreme|pinwheel|2,1_1,-0.20273546129123288,0,0.38285476487723674,0.6488434965455091,0.47562189054726367,0.38285476487723674,optimization-limited zone,1_1,0.22351500627580145,1,0.36038285476487725,0.5614298588164613,0.9661691542288557,0.36038285476487725,decision-fragile zone,0.0,0.42625046756703433,0.0,1.0
Base summary,188,1,1.918596670500298e-09,budget_18_neg_diag_extreme,pinwheel,0,budget_18_neg_diag_extreme,multi-hole,0,0.0,0.0,1.0,0.0,budget_18_neg_diag_extreme|pinwheel|0,budget_18_neg_diag_extreme|multi-hole|0,1_1,0.22351500627580145,0,0.6525176862255513,0.4580955241814357,0.8248756218905473,0.6525176862255513,decision-fragile zone,1_1,-0.689700722662991,1,0.21972534332084892,0.20576749774707115,0.2945273631840797,0.21972534332084892,effective-collapse zone,0.0,0.9132157289387924,1.0,1.0
Base summary,188,2,2.358805536848313e-09,budget_18_neg_diag_extreme,pinwheel,0,budget_18_neg_diag_extreme,pinwheel,3,0.0,0.0,0.0,1.0,budget_18_neg_diag_extreme|pinwheel|0,budget_18_neg_diag_extreme|pinwheel|3,1_1,0.22351500627580145,0,0.6525176862255513,0.4580955241814357,0.8248756218905473,0.6525176862255513,decision-fragile zone,1_1,0.22351500627580145,1,0.6550145651269247,0.6428356863923098,0.9920398009950251,0.6550145651269247,decision-fragile zone,0.0,0.0,0.0,1.0
Base summary,188,3,4.647288754173703e-09,budget_18_neg_diag_extreme,pinwheel,0,budget_18_neg_diag_extreme,pinwheel,1,0.0,0.0,0.0,1.0,budget_18_neg_diag_extreme|pinwheel|0,budget_18_neg_diag_extreme|pinwheel|1,1_1,0.22351500627580145,0,0.6525176862255513,0.4580955241814357,0.8248756218905473,0.6525176862255513,decision-fragile zone,1_1,0.22351500627580145,1,0.5767790262172284,0.7801141483929107,0.9781094527363182,0.5767790262172284,decision-fragile zone,0.0,0.0,0.0,1.0
Base summary,188,4,4.897477718571068e-09,budget_18_neg_diag_extreme,pinwheel,0,budget_18_neg_diag_extreme,multi-hole,2,0.0,0.0,1.0,0.0,budget_18_neg_diag_extreme|pinwheel|0,budget_18_neg_diag_extreme|multi-hole|2,1_1,0.22351500627580145,0,0.6525176862255513,0.4580955241814357,0.8248756218905473,0.6525176862255513,decision-fragile zone,1_1,-0.689700722662991,1,0.34040782355389093,0.14809252027635925,0.31044776119402984,0.34040782355389093,effective-collapse zone,0.0,0.9132157289387924,1.0,1.0
Base summary,188,5,9.799124387505381e-09,budget_18_neg_diag_extreme,pinwheel,0,budget_18_neg_diag_extreme,pinwheel,2,0.0,0.0,0.0,1.0,budget_18_neg_diag_extreme|pinwheel|0,budget_18_neg_diag_extreme|pinwheel|2,1_1,0.22351500627580145,0,0.6525176862255513,0.4580955241814357,0.8248756218905473,0.6525176862255513,decision-fragile zone,1_1,0.22351500627580145,1,0.36038285476487725,0.5614298588164613,0.9661691542288557,0.36038285476487725,decision-fragile zone,0.0,0.0,0.0,1.0
Base summary,189,1,2.046214029948419e-09,budget_18_neg_diag_extreme,pinwheel,1,budget_18_neg_diag_extreme,multi-hole,2,0.0,0.0,1.0,1.0,budget_18_neg_diag_extreme|pinwheel|1,budget_18_neg_diag_extreme|multi-hole|2,1_1,0.22351500627580145,1,0.5767790262172284,0.7801141483929107,0.9781094527363182,0.5767790262172284,decision-fragile zone,1_1,-0.689700722662991,1,0.34040782355389093,0.14809252027635925,0.31044776119402984,0.34040782355389093,effective-collapse zone,0.0,0.9132157289387924,1.0,0.0
Base summary,189,2,4.145696011954097e-09,budget_18_neg_diag_extreme,pinwheel,1,budget_18_neg_diag_extreme,multi-hole,0,0.0,0.0,1.0,1.0,budget_18_neg_diag_extreme|pinwheel|1,budget_18_neg_diag_extreme|multi-hole|0,1_1,0.22351500627580145,1,0.5767790262172284,0.7801141483929107,0.9781094527363182,0.5767790262172284,decision-fragile zone,1_1,-0.689700722662991,1,0.21972534332084892,0.20576749774707115,0.2945273631840797,0.21972534332084892,effective-collapse zone,0.0,0.9132157289387924,1.0,0.0
Base summary,189,3,4.273509232244726e-09,budget_18_neg_diag_extreme,pinwheel,1,budget_18_neg_diag_extreme,pinwheel,3,0.0,0.0,0.0,0.0,budget_18_neg_diag_extreme|pinwheel|1,budget_18_neg_diag_extreme|pinwheel|3,1_1,0.22351500627580145,1,0.5767790262172284,0.7801141483929107,0.9781094527363182,0.5767790262172284,decision-fragile zone,1_1,0.22351500627580145,1,0.6550145651269247,0.6428356863923098,0.9920398009950251,0.6550145651269247,decision-fragile zone,0.0,0.0,0.0,0.0
Base summary,189,4,4.647288754173703e-09,budget_18_neg_diag_extreme,pinwheel,1,budget_18_neg_diag_extreme,pinwheel,0,0.0,0.0,0.0,1.0,budget_18_neg_diag_extreme|pinwheel|1,budget_18_neg_diag_extreme|pinwheel|0,1_1,0.22351500627580145,1,0.5767790262172284,0.7801141483929107,0.9781094527363182,0.5767790262172284,decision-fragile zone,1_1,0.22351500627580145,0,0.6525176862255513,0.4580955241814357,0.8248756218905473,0.6525176862255513,decision-fragile zone,0.0,0.0,0.0,1.0
Base summary,189,5,5.726639700915987e-09,budget_18_neg_diag_extreme,pinwheel,1,budget_18_neg_diag_extreme,multi-hole,3,0.0,0.0,1.0,0.0,budget_18_neg_diag_extreme|pinwheel|1,budget_18_neg_diag_extreme|multi-hole|3,1_1,0.22351500627580145,1,0.5767790262172284,0.7801141483929107,0.9781094527363182,0.5767790262172284,decision-fragile zone,1_1,-0.689700722662991,0,0.3778610070744903,0.5527185340943225,0.5054726368159205,0.3778610070744903,optimization-limited zone,0.0,0.9132157289387924,1.0,1.0
Base summary,190,1,8.668941402077033e-09,budget_18_neg_diag_extreme,pinwheel,2,budget_18_neg_diag_extreme,pinwheel,3,0.0,0.0,0.0,0.0,budget_18_neg_diag_extreme|pinwheel|2,budget_18_neg_diag_extreme|pinwheel|3,1_1,0.22351500627580145,1,0.36038285476487725,0.5614298588164613,0.9661691542288557,0.36038285476487725,decision-fragile zone,1_1,0.22351500627580145,1,0.6550145651269247,0.6428356863923098,0.9920398009950251,0.6550145651269247,decision-fragile zone,0.0,0.0,0.0,0.0
Base summary,190,2,9.341019562202014e-09,budget_18_neg_diag_extreme,pinwheel,2,budget_18_neg_diag_extreme,multi-hole,0,0.0,0.0,1.0,1.0,budget_18_neg_diag_extreme|pinwheel|2,budget_18_neg_diag_extreme|multi-hole|0,1_1,0.22351500627580145,1,0.36038285476487725,0.5614298588164613,0.9661691542288557,0.36038285476487725,decision-fragile zone,1_1,-0.689700722662991,1,0.21972534332084892,0.20576749774707115,0.2945273631840797,0.21972534332084892,effective-collapse zone,0.0,0.9132157289387924,1.0,0.0
Base summary,190,3,9.799124387505381e-09,budget_18_neg_diag_extreme,pinwheel,2,budget_18_neg_diag_extreme,pinwheel,0,0.0,0.0,0.0,1.0,budget_18_neg_diag_extreme|pinwheel|2,budget_18_neg_diag_extreme|pinwheel|0,1_1,0.22351500627580145,1,0.36038285476487725,0.5614298588164613,0.9661691542288557,0.36038285476487725,decision-fragile zone,1_1,0.22351500627580145,0,0.6525176862255513,0.4580955241814357,0.8248756218905473,0.6525176862255513,decision-fragile zone,0.0,0.0,0.0,1.0
Base summary,190,4,1.0626217572038104e-08,budget_18_neg_diag_extreme,pinwheel,2,budget_18_neg_diag_extreme,multi-hole,1,0.0,0.0,1.0,0.0,budget_18_neg_diag_extreme|pinwheel|2,budget_18_neg_diag_extreme|multi-hole|1,1_1,0.22351500627580145,1,0.36038285476487725,0.5614298588164613,0.9661691542288557,0.36038285476487725,decision-fragile zone,1_1,-0.689700722662991,1,0.1856013316687474,0.6515470111144487,0.4517412935323383,0.1856013316687474,optimization-limited zone,0.0,0.9132157289387924,1.0,0.0
Base summary,190,5,1.2651382378882097e-08,budget_18_neg_diag_extreme,pinwheel,2,budget_18_neg_diag_extreme,multi-hole,2,0.0,0.0,1.0,1.0,budget_18_neg_diag_extreme|pinwheel|2,budget_18_neg_diag_extreme|multi-hole|2,1_1,0.22351500627580145,1,0.36038285476487725,0.5614298588164613,0.9661691542288557,0.36038285476487725,decision-fragile zone,1_1,-0.689700722662991,1,0.34040782355389093,0.14809252027635925,0.31044776119402984,0.34040782355389093,effective-collapse zone,0.0,0.9132157289387924,1.0,0.0
Base summary,191,1,1.503334678979451e-09,budget_18_neg_diag_extreme,pinwheel,3,budget_18_neg_diag_extreme,multi-hole,0,0.0,0.0,1.0,1.0,budget_18_neg_diag_extreme|pinwheel|3,budget_18_neg_diag_extreme|multi-hole|0,1_1,0.22351500627580145,1,0.6550145651269247,0.6428356863923098,0.9920398009950251,0.6550145651269247,decision-fragile zone,1_1,-0.689700722662991,1,0.21972534332084892,0.20576749774707115,0.2945273631840797,0.21972534332084892,effective-collapse zone,0.0,0.9132157289387924,1.0,0.0
Base summary,191,2,2.358805536848313e-09,budget_18_neg_diag_extreme,pinwheel,3,budget_18_neg_diag_extreme,pinwheel,0,0.0,0.0,0.0,1.0,budget_18_neg_diag_extreme|pinwheel|3,budget_18_neg_diag_extreme|pinwheel|0,1_1,0.22351500627580145,1,0.6550145651269247,0.6428356863923098,0.9920398009950251,0.6550145651269247,decision-fragile zone,1_1,0.22351500627580145,0,0.6525176862255513,0.4580955241814357,0.8248756218905473,0.6525176862255513,decision-fragile zone,0.0,0.0,0.0,1.0
Base summary,191,3,4.273509232244726e-09,budget_18_neg_diag_extreme,pinwheel,3,budget_18_neg_diag_extreme,pinwheel,1,0.0,0.0,0.0,0.0,budget_18_neg_diag_extreme|pinwheel|3,budget_18_neg_diag_extreme|pinwheel|1,1_1,0.22351500627580145,1,0.6550145651269247,0.6428356863923098,0.9920398009950251,0.6550145651269247,decision-fragile zone,1_1,0.22351500627580145,1,0.5767790262172284,0.7801141483929107,0.9781094527363182,0.5767790262172284,decision-fragile zone,0.0,0.0,0.0,0.0
Base summary,191,4,4.468942707520592e-09,budget_18_neg_diag_extreme,pinwheel,3,budget_18_neg_diag_extreme,multi-hole,2,0.0,0.0,1.0,1.0,budget_18_neg_diag_extreme|pinwheel|3,budget_18_neg_diag_extreme|multi-hole|2,1_1,0.22351500627580145,1,0.6550145651269247,0.6428356863923098,0.9920398009950251,0.6550145651269247,decision-fragile zone,1_1,-0.689700722662991,1,0.34040782355389093,0.14809252027635925,0.31044776119402984,0.34040782355389093,effective-collapse zone,0.0,0.9132157289387924,1.0,0.0
Base summary,191,5,8.668941402077033e-09,budget_18_neg_diag_extreme,pinwheel,3,budget_18_neg_diag_extreme,pinwheel,2,0.0,0.0,0.0,0.0,budget_18_neg_diag_extreme|pinwheel|3,budget_18_neg_diag_extreme|pinwheel|2,1_1,0.22351500627580145,1,0.6550145651269247,0.6428356863923098,0.9920398009950251,0.6550145651269247,decision-fragile zone,1_1,0.22351500627580145,1,0.36038285476487725,0.5614298588164613,0.9661691542288557,0.36038285476487725,decision-fragile zone,0.0,0.0,0.0,0.0
Base summary,192,1,5.4023673270177725e-09,budget_18_neg_diag_extreme,spiral,0,budget_18_neg_diag_extreme,spiral,1,0.0,0.0,0.0,0.0,budget_18_neg_diag_extreme|spiral|0,budget_18_neg_diag_extreme|spiral|1,1_1,-0.3289846515378983,1,0.1373283395755306,0.0835085611294683,0.2348258706467662,0.1373283395755306,effective-collapse zone,1_1,-0.3289846515378983,0,0.33791094465251775,0.44337638930609785,0.2587064676616915,0.33791094465251775,effective-collapse zone,0.0,0.0,0.0,1.0
Base summary,192,2,1.0595676817239263e-08,budget_18_neg_diag_extreme,spiral,0,budget_18_neg_diag_extreme,spiral,3,0.0,0.0,0.0,1.0,budget_18_neg_diag_extreme|spiral|0,budget_18_neg_diag_extreme|spiral|3,1_1,-0.3289846515378983,1,0.1373283395755306,0.0835085611294683,0.2348258706467662,0.1373283395755306,effective-collapse zone,1_1,-0.3289846515378983,1,0.5551394090719933,0.5740462601381796,0.47661691542288553,0.5551394090719933,optimization-limited zone,0.0,0.0,0.0,0.0
Base summary,192,3,1.573487525948636e-08,budget_18_neg_diag_extreme,spiral,0,budget_18_neg_diag_extreme,cross-branch,3,0.0,0.0,1.0,1.0,budget_18_neg_diag_extreme|spiral|0,budget_18_neg_diag_extreme|cross-branch|3,1_1,-0.3289846515378983,1,0.1373283395755306,0.0835085611294683,0.2348258706467662,0.1373283395755306,effective-collapse zone,1_0,-0.2736144549003908,1,0.5434873075322514,0.7287473715830579,0.23283582089552243,0.5434873075322514,optimization-limited zone,1.0,0.055370196637507474,0.0,0.0
Base summary,192,4,1.5885947580678213e-08,budget_18_neg_diag_extreme,spiral,0,budget_18_neg_diag_extreme,multi-hole,3,0.0,0.0,1.0,1.0,budget_18_neg_diag_extreme|spiral|0,budget_18_neg_diag_extreme|multi-hole|3,1_1,-0.3289846515378983,1,0.1373283395755306,0.0835085611294683,0.2348258706467662,0.1373283395755306,effective-collapse zone,1_1,-0.689700722662991,0,0.3778610070744903,0.5527185340943225,0.5054726368159205,0.3778610070744903,optimization-limited zone,0.0,0.3607160711250927,0.0,1.0
Base summary,192,5,1.7326479138540212e-08,budget_18_neg_diag_extreme,spiral,0,budget_18_neg_diag_extreme,spiral,2,0.0,0.0,0.0,0.0,budget_18_neg_diag_extreme|spiral|0,budget_18_neg_diag_extreme|spiral|2,1_1,-0.3289846515378983,1,0.1373283395755306,0.0835085611294683,0.2348258706467662,0.1373283395755306,effective-collapse zone,1_1,-0.3289846515378983,0,0.2555139409071993,0.12105737458696304,0.46069651741293544,0.2555139409071993,effective-collapse zone,0.0,0.0,0.0,1.0
Base summary,193,1,5.4023673270177725e-09,budget_18_neg_diag_extreme,spiral,1,budget_18_neg_diag_extreme,spiral,0,0.0,0.0,0.0,0.0,budget_18_neg_diag_extreme|spiral|1,budget_18_neg_diag_extreme|spiral|0,1_1,-0.3289846515378983,0,0.33791094465251775,0.44337638930609785,0.2587064676616915,0.33791094465251775,effective-collapse zone,1_1,-0.3289846515378983,1,0.1373283395755306,0.0835085611294683,0.2348258706467662,0.1373283395755306,effective-collapse zone,0.0,0.0,0.0,1.0
Base summary,193,2,1.1367559222559991e-08,budget_18_neg_diag_extreme,spiral,1,budget_18_neg_diag_extreme,multi-hole,3,0.0,0.0,1.0,1.0,budget_18_neg_diag_extreme|spiral|1,budget_18_neg_diag_extreme|multi-hole|3,1_1,-0.3289846515378983,0,0.33791094465251775,0.44337638930609785,0.2587064676616915,0.33791094465251775,effective-collapse zone,1_1,-0.689700722662991,0,0.3778610070744903,0.5527185340943225,0.5054726368159205,0.3778610070744903,optimization-limited zone,0.0,0.3607160711250927,0.0,0.0
Base summary,193,3,1.5986142476999746e-08,budget_18_neg_diag_extreme,spiral,1,budget_18_neg_diag_extreme,spiral,3,0.0,0.0,0.0,1.0,budget_18_neg_diag_extreme|spiral|1,budget_18_neg_diag_extreme|spiral|3,1_1,-0.3289846515378983,0,0.33791094465251775,0.44337638930609785,0.2587064676616915,0.33791094465251775,effective-collapse zone,1_1,-0.3289846515378983,1,0.5551394090719933,0.5740462601381796,0.47661691542288553,0.5551394090719933,optimization-limited zone,0.0,0.0,0.0,1.0
Base summary,193,4,1.6247173954664572e-08,budget_18_neg_diag_extreme,spiral,1,budget_18_neg_diag_extreme,pinwheel,1,0.0,0.0,1.0,1.0,budget_18_neg_diag_extreme|spiral|1,budget_18_neg_diag_extreme|pinwheel|1,1_1,-0.3289846515378983,0,0.33791094465251775,0.44337638930609785,0.2587064676616915,0.33791094465251775,effective-collapse zone,1_1,0.22351500627580145,1,0.5767790262172284,0.7801141483929107,0.9781094527363182,0.5767790262172284,decision-fragile zone,0.0,0.5524996578136998,1.0,1.0
Base summary,193,5,1.6499304111251546e-08,budget_18_neg_diag_extreme,spiral,1,budget_18_neg_diag_extreme,multi-hole,2,0.0,0.0,1.0,0.0,budget_18_neg_diag_extreme|spiral|1,budget_18_neg_diag_extreme|multi-hole|2,1_1,-0.3289846515378983,0,0.33791094465251775,0.44337638930609785,0.2587064676616915,0.33791094465251775,effective-collapse zone,1_1,-0.689700722662991,1,0.34040782355389093,0.14809252027635925,0.31044776119402984,0.34040782355389093,effective-collapse zone,0.0,0.3607160711250927,0.0,1.0
Base summary,194,1,6.745836413040681e-09,budget_18_neg_diag_extreme,spiral,2,budget_18_neg_diag_extreme,spiral,3,0.0,0.0,0.0,1.0,budget_18_neg_diag_extreme|spiral|2,budget_18_neg_diag_extreme|spiral|3,1_1,-0.3289846515378983,0,0.2555139409071993,0.12105737458696304,0.46069651741293544,0.2555139409071993,effective-collapse zone,1_1,-0.3289846515378983,1,0.5551394090719933,0.5740462601381796,0.47661691542288553,0.5551394090719933,optimization-limited zone,0.0,0.0,0.0,1.0
Base summary,194,2,6.9093307646235e-09,budget_18_neg_diag_extreme,spiral,2,budget_18_neg_diag_extreme,cross-branch,0,1.0,0.0,1.0,1.0,budget_18_neg_diag_extreme|spiral|2,budget_18_neg_diag_extreme|cross-branch|0,1_1,-0.3289846515378983,0,0.2555139409071993,0.12105737458696304,0.46069651741293544,0.2555139409071993,effective-collapse zone,1_0,-0.2736144549003908,0,0.7919267582188929,0.059477320516671664,0.002985074626865741,0.7919267582188929,ambiguity zone,1.0,0.055370196637507474,0.0,0.0
Base summary,194,3,8.528135930018878e-09,budget_18_neg_diag_extreme,spiral,2,budget_18_neg_diag_extreme,cross-branch,1,0.0,0.0,1.0,1.0,budget_18_neg_diag_extreme|spiral|2,budget_18_neg_diag_extreme|cross-branch|1,1_1,-0.3289846515378983,0,0.2555139409071993,0.12105737458696304,0.46069651741293544,0.2555139409071993,effective-collapse zone,1_0,-0.2736144549003908,1,0.5568039950062421,0.6966055872634423,0.4437810945273633,0.5568039950062421,optimization-limited zone,1.0,0.055370196637507474,0.0,1.0
Base summary,194,4,1.2152284274873811e-08,budget_18_neg_diag_extreme,spiral,2,budget_18_neg_diag_extreme,cross-branch,3,0.0,0.0,1.0,1.0,budget_18_neg_diag_extreme|spiral|2,budget_18_neg_diag_extreme|cross-branch|3,1_1,-0.3289846515378983,0,0.2555139409071993,0.12105737458696304,0.46069651741293544,0.2555139409071993,effective-collapse zone,1_0,-0.2736144549003908,1,0.5434873075322514,0.7287473715830579,0.23283582089552243,0.5434873075322514,optimization-limited zone,1.0,0.055370196637507474,0.0,1.0
Base summary,194,5,1.3077124587113564e-08,budget_18_neg_diag_extreme,spiral,2,budget_18_neg_diag_extreme,cross-branch,2,1.0,1.0,1.0,1.0,budget_18_neg_diag_extreme|spiral|2,budget_18_neg_diag_extreme|cross-branch|2,1_1,-0.3289846515378983,0,0.2555139409071993,0.12105737458696304,0.46069651741293544,0.2555139409071993,effective-collapse zone,1_0,-0.2736144549003908,1,0.6125676238035789,0.24662060678882544,0.04278606965174136,0.6125676238035789,ambiguity zone,1.0,0.055370196637507474,0.0,1.0
Base summary,195,1,6.745836413040681e-09,budget_18_neg_diag_extreme,spiral,3,budget_18_neg_diag_extreme,spiral,2,0.0,0.0,0.0,1.0,budget_18_neg_diag_extreme|spiral|3,budget_18_neg_diag_extreme|spiral|2,1_1,-0.3289846515378983,1,0.5551394090719933,0.5740462601381796,0.47661691542288553,0.5551394090719933,optimization-limited zone,1_1,-0.3289846515378983,0,0.2555139409071993,0.12105737458696304,0.46069651741293544,0.2555139409071993,effective-collapse zone,0.0,0.0,0.0,1.0
Base summary,195,2,9.340166638638273e-09,budget_18_neg_diag_extreme,spiral,3,budget_18_neg_diag_extreme,cross-branch,0,1.0,0.0,1.0,1.0,budget_18_neg_diag_extreme|spiral|3,budget_18_neg_diag_extreme|cross-branch|0,1_1,-0.3289846515378983,1,0.5551394090719933,0.5740462601381796,0.47661691542288553,0.5551394090719933,optimization-limited zone,1_0,-0.2736144549003908,0,0.7919267582188929,0.059477320516671664,0.002985074626865741,0.7919267582188929,ambiguity zone,1.0,0.055370196637507474,0.0,1.0
Base summary,195,3,1.0595676817239263e-08,budget_18_neg_diag_extreme,spiral,3,budget_18_neg_diag_extreme,spiral,0,0.0,0.0,0.0,1.0,budget_18_neg_diag_extreme|spiral|3,budget_18_neg_diag_extreme|spiral|0,1_1,-0.3289846515378983,1,0.5551394090719933,0.5740462601381796,0.47661691542288553,0.5551394090719933,optimization-limited zone,1_1,-0.3289846515378983,1,0.1373283395755306,0.0835085611294683,0.2348258706467662,0.1373283395755306,effective-collapse zone,0.0,0.0,0.0,0.0
Base summary,195,4,1.107298356989143e-08,budget_18_neg_diag_extreme,spiral,3,budget_18_neg_diag_extreme,cross-branch,3,0.0,0.0,1.0,0.0,budget_18_neg_diag_extreme|spiral|3,budget_18_neg_diag_extreme|cross-branch|3,1_1,-0.3289846515378983,1,0.5551394090719933,0.5740462601381796,0.47661691542288553,0.5551394090719933,optimization-limited zone,1_0,-0.2736144549003908,1,0.5434873075322514,0.7287473715830579,0.23283582089552243,0.5434873075322514,optimization-limited zone,1.0,0.055370196637507474,0.0,0.0
Base summary,195,5,1.140764271590842e-08,budget_18_neg_diag_extreme,spiral,3,budget_18_neg_diag_extreme,cross-branch,1,0.0,0.0,1.0,0.0,budget_18_neg_diag_extreme|spiral|3,budget_18_neg_diag_extreme|cross-branch|1,1_1,-0.3289846515378983,1,0.5551394090719933,0.5740462601381796,0.47661691542288553,0.5551394090719933,optimization-limited zone,1_0,-0.2736144549003908,1,0.5568039950062421,0.6966055872634423,0.4437810945273633,0.5568039950062421,optimization-limited zone,1.0,0.055370196637507474,0.0,0.0
Base summary,196,1,1.087458193235628e-08,budget_18_neg_diag_extreme,volatility-clustering,0,budget_18_neg_diag_extreme,volatility-clustering,3,1.0,1.0,0.0,1.0,budget_18_neg_diag_extreme|volatility-clustering|0,budget_18_neg_diag_extreme|volatility-clustering|3,1_0,0.4439176548542998,1,0.4061589679567208,0.57074196455392,0.38805970149253727,0.4061589679567208,optimization-limited zone,1_0,0.4439176548542998,1,0.772367873491469,0.35265845599279055,0.20597014925373136,0.772367873491469,effective-collapse zone,0.0,0.0,0.0,0.0
Base summary,196,2,1.1245299792179109e-08,budget_18_neg_diag_extreme,volatility-clustering,0,budget_18_neg_diag_extreme,double-loop,3,1.0,1.0,1.0,1.0,budget_18_neg_diag_extreme|volatility-clustering|0,budget_18_neg_diag_extreme|double-loop|3,1_0,0.4439176548542998,1,0.4061589679567208,0.57074196455392,0.38805970149253727,0.4061589679567208,optimization-limited zone,1_0,-0.04713477352374962,1,0.8297960882230545,0.08531090417542804,0.21990049751243787,0.8297960882230545,ambiguity zone,0.0,0.4910524283780494,1.0,0.0
Base summary,196,3,1.3878834992364734e-08,budget_18_neg_diag_extreme,volatility-clustering,0,budget_18_neg_diag_extreme,double-loop,1,1.0,1.0,1.0,1.0,budget_18_neg_diag_extreme|volatility-clustering|0,budget_18_neg_diag_extreme|double-loop|1,1_0,0.4439176548542998,1,0.4061589679567208,0.57074196455392,0.38805970149253727,0.4061589679567208,optimization-limited zone,1_0,-0.04713477352374962,0,0.663337494798169,0.07599879843796936,0.21791044776119406,0.663337494798169,ambiguity zone,0.0,0.4910524283780494,1.0,1.0
Base summary,196,4,1.6695449031508543e-08,budget_18_neg_diag_extreme,volatility-clustering,0,budget_18_neg_diag_extreme,double-loop,2,1.0,1.0,1.0,0.0,budget_18_neg_diag_extreme|volatility-clustering|0,budget_18_neg_diag_extreme|double-loop|2,1_0,0.4439176548542998,1,0.4061589679567208,0.57074196455392,0.38805970149253727,0.4061589679567208,optimization-limited zone,1_0,-0.04713477352374962,1,0.6508531002913025,0.684589966957044,0.38109452736318417,0.6508531002913025,optimization-limited zone,0.0,0.4910524283780494,1.0,0.0
Base summary,196,5,1.7629057402645883e-08,budget_18_neg_diag_extreme,volatility-clustering,0,budget_18_neg_diag_extreme,double-loop,0,1.0,1.0,1.0,0.0,budget_18_neg_diag_extreme|volatility-clustering|0,budget_18_neg_diag_extreme|double-loop|0,1_0,0.4439176548542998,1,0.4061589679567208,0.57074196455392,0.38805970149253727,0.4061589679567208,optimization-limited zone,1_0,-0.04713477352374962,1,0.5476487723678735,0.7756082907780113,0.37512437810945276,0.5476487723678735,optimization-limited zone,0.0,0.4910524283780494,1.0,0.0
Base summary,197,1,2.557906348346392e-08,budget_18_neg_diag_extreme,volatility-clustering,1,budget_18_neg_diag_extreme,volatility-clustering,3,1.0,0.0,0.0,1.0,budget_18_neg_diag_extreme|volatility-clustering|1,budget_18_neg_diag_extreme|volatility-clustering|3,1_0,0.4439176548542998,1,0.6591760299625468,0.3097026133974166,0.6646766169154228,0.6591760299625468,decision-fragile zone,1_0,0.4439176548542998,1,0.772367873491469,0.35265845599279055,0.20597014925373136,0.772367873491469,effective-collapse zone,0.0,0.0,0.0,0.0
Base summary,197,2,3.558439830058442e-08,budget_18_neg_diag_extreme,volatility-clustering,1,budget_18_neg_diag_extreme,volatility-clustering,0,1.0,1.0,0.0,1.0,budget_18_neg_diag_extreme|volatility-clustering|1,budget_18_neg_diag_extreme|volatility-clustering|0,1_0,0.4439176548542998,1,0.6591760299625468,0.3097026133974166,0.6646766169154228,0.6591760299625468,decision-fragile zone,1_0,0.4439176548542998,1,0.4061589679567208,0.57074196455392,0.38805970149253727,0.4061589679567208,optimization-limited zone,0.0,0.0,0.0,0.0
Base summary,197,3,3.697954636656707e-08,budget_18_neg_diag_extreme,volatility-clustering,1,budget_18_neg_diag_extreme,double-loop,3,1.0,0.0,1.0,1.0,budget_18_neg_diag_extreme|volatility-clustering|1,budget_18_neg_diag_extreme|double-loop|3,1_0,0.4439176548542998,1,0.6591760299625468,0.3097026133974166,0.6646766169154228,0.6591760299625468,decision-fragile zone,1_0,-0.04713477352374962,1,0.8297960882230545,0.08531090417542804,0.21990049751243787,0.8297960882230545,ambiguity zone,0.0,0.4910524283780494,1.0,0.0
Base summary,197,4,3.872917261162707e-08,budget_18_neg_diag_extreme,volatility-clustering,1,budget_18_neg_diag_extreme,double-loop,1,1.0,0.0,1.0,1.0,budget_18_neg_diag_extreme|volatility-clustering|1,budget_18_neg_diag_extreme|double-loop|1,1_0,0.4439176548542998,1,0.6591760299625468,0.3097026133974166,0.6646766169154228,0.6591760299625468,decision-fragile zone,1_0,-0.04713477352374962,0,0.663337494798169,0.07599879843796936,0.21791044776119406,0.663337494798169,ambiguity zone,0.0,0.4910524283780494,1.0,1.0
Base summary,197,5,4.436897664136944e-08,budget_18_neg_diag_extreme,volatility-clustering,1,budget_18_neg_diag_extreme,double-loop,2,0.0,0.0,1.0,1.0,budget_18_neg_diag_extreme|volatility-clustering|1,budget_18_neg_diag_extreme|double-loop|2,1_0,0.4439176548542998,1,0.6591760299625468,0.3097026133974166,0.6646766169154228,0.6591760299625468,decision-fragile zone,1_0,-0.04713477352374962,1,0.6508531002913025,0.684589966957044,0.38109452736318417,0.6508531002913025,optimization-limited zone,0.0,0.4910524283780494,1.0,0.0
Base summary,198,1,3.097838708746504e-08,budget_18_neg_diag_extreme,volatility-clustering,2,budget_18_neg_diag_extreme,double-loop,0,0.0,0.0,1.0,0.0,budget_18_neg_diag_extreme|volatility-clustering|2,budget_18_neg_diag_extreme|double-loop|0,1_0,0.4439176548542998,1,0.49438202247191015,0.4770201261640131,0.3592039800995025,0.49438202247191015,optimization-limited zone,1_0,-0.04713477352374962,1,0.5476487723678735,0.7756082907780113,0.37512437810945276,0.5476487723678735,optimization-limited zone,0.0,0.4910524283780494,1.0,0.0
Base summary,198,2,3.3708393251849626e-08,budget_18_neg_diag_extreme,volatility-clustering,2,budget_18_neg_diag_extreme,double-loop,2,0.0,0.0,1.0,0.0,budget_18_neg_diag_extreme|volatility-clustering|2,budget_18_neg_diag_extreme|double-loop|2,1_0,0.4439176548542998,1,0.49438202247191015,0.4770201261640131,0.3592039800995025,0.49438202247191015,optimization-limited zone,1_0,-0.04713477352374962,1,0.6508531002913025,0.684589966957044,0.38109452736318417,0.6508531002913025,optimization-limited zone,0.0,0.4910524283780494,1.0,0.0
Base summary,198,3,3.8729412002567596e-08,budget_18_neg_diag_extreme,volatility-clustering,2,budget_18_neg_diag_extreme,double-loop,1,1.0,0.0,1.0,1.0,budget_18_neg_diag_extreme|volatility-clustering|2,budget_18_neg_diag_extreme|double-loop|1,1_0,0.4439176548542998,1,0.49438202247191015,0.4770201261640131,0.3592039800995025,0.49438202247191015,optimization-limited zone,1_0,-0.04713477352374962,0,0.663337494798169,0.07599879843796936,0.21791044776119406,0.663337494798169,ambiguity zone,0.0,0.4910524283780494,1.0,1.0
Base summary,198,4,3.964223555258653e-08,budget_18_neg_diag_extreme,volatility-clustering,2,budget_18_neg_diag_extreme,double-loop,3,1.0,0.0,1.0,1.0,budget_18_neg_diag_extreme|volatility-clustering|2,budget_18_neg_diag_extreme|double-loop|3,1_0,0.4439176548542998,1,0.49438202247191015,0.4770201261640131,0.3592039800995025,0.49438202247191015,optimization-limited zone,1_0,-0.04713477352374962,1,0.8297960882230545,0.08531090417542804,0.21990049751243787,0.8297960882230545,ambiguity zone,0.0,0.4910524283780494,1.0,0.0
Base summary,198,5,3.977123722713061e-08,budget_18_neg_diag_extreme,volatility-clustering,2,budget_18_neg_diag_extreme,volatility-clustering,0,1.0,1.0,0.0,0.0,budget_18_neg_diag_extreme|volatility-clustering|2,budget_18_neg_diag_extreme|volatility-clustering|0,1_0,0.4439176548542998,1,0.49438202247191015,0.4770201261640131,0.3592039800995025,0.49438202247191015,optimization-limited zone,1_0,0.4439176548542998,1,0.4061589679567208,0.57074196455392,0.38805970149253727,0.4061589679567208,optimization-limited zone,0.0,0.0,0.0,0.0
Base summary,199,1,1.087458193235628e-08,budget_18_neg_diag_extreme,volatility-clustering,3,budget_18_neg_diag_extreme,volatility-clustering,0,1.0,1.0,0.0,1.0,budget_18_neg_diag_extreme|volatility-clustering|3,budget_18_neg_diag_extreme|volatility-clustering|0,1_0,0.4439176548542998,1,0.772367873491469,0.35265845599279055,0.20597014925373136,0.772367873491469,effective-collapse zone,1_0,0.4439176548542998,1,0.4061589679567208,0.57074196455392,0.38805970149253727,0.4061589679567208,optimization-limited zone,0.0,0.0,0.0,0.0
Base summary,199,2,1.5322404607973286e-08,budget_18_neg_diag_extreme,volatility-clustering,3,budget_18_neg_diag_extreme,double-loop,3,0.0,0.0,1.0,0.0,budget_18_neg_diag_extreme|volatility-clustering|3,budget_18_neg_diag_extreme|double-loop|3,1_0,0.4439176548542998,1,0.772367873491469,0.35265845599279055,0.20597014925373136,0.772367873491469,effective-collapse zone,1_0,-0.04713477352374962,1,0.8297960882230545,0.08531090417542804,0.21990049751243787,0.8297960882230545,ambiguity zone,0.0,0.4910524283780494,1.0,0.0
Base summary,199,3,1.853535716621234e-08,budget_18_neg_diag_extreme,volatility-clustering,3,budget_18_neg_diag_extreme,double-loop,1,0.0,0.0,1.0,0.0,budget_18_neg_diag_extreme|volatility-clustering|3,budget_18_neg_diag_extreme|double-loop|1,1_0,0.4439176548542998,1,0.772367873491469,0.35265845599279055,0.20597014925373136,0.772367873491469,effective-collapse zone,1_0,-0.04713477352374962,0,0.663337494798169,0.07599879843796936,0.21791044776119406,0.663337494798169,ambiguity zone,0.0,0.4910524283780494,1.0,1.0
Base summary,199,4,2.340547735218373e-08,budget_18_neg_diag_extreme,volatility-clustering,3,budget_18_neg_diag_extreme,double-loop,2,1.0,0.0,1.0,1.0,budget_18_neg_diag_extreme|volatility-clustering|3,budget_18_neg_diag_extreme|double-loop|2,1_0,0.4439176548542998,1,0.772367873491469,0.35265845599279055,0.20597014925373136,0.772367873491469,effective-collapse zone,1_0,-0.04713477352374962,1,0.6508531002913025,0.684589966957044,0.38109452736318417,0.6508531002913025,optimization-limited zone,0.0,0.4910524283780494,1.0,0.0
Base summary,199,5,2.5215894749140388e-08,budget_18_neg_diag_extreme,volatility-clustering,3,budget_18_neg_diag_extreme,double-loop,0,1.0,0.0,1.0,1.0,budget_18_neg_diag_extreme|volatility-clustering|3,budget_18_neg_diag_extreme|double-loop|0,1_0,0.4439176548542998,1,0.772367873491469,0.35265845599279055,0.20597014925373136,0.772367873491469,effective-collapse zone,1_0,-0.04713477352374962,1,0.5476487723678735,0.7756082907780113,0.37512437810945276,0.5476487723678735,optimization-limited zone,0.0,0.4910524283780494,1.0,0.0
Base summary,200,1,6.964976558596098e-08,budget_22_broad_high_cond,barbell-bridge,0,budget_22_broad_high_cond,barbell-bridge,3,1.0,1.0,0.0,0.0,budget_22_broad_high_cond|barbell-bridge|0,budget_22_broad_high_cond|barbell-bridge|3,1_1,1.37352009580138,0,0.8522679983354141,0.7149294082306997,0.9353233830845771,0.8522679983354141,decision-fragile zone,1_1,1.37352009580138,1,0.42030794839783603,0.612796635626314,0.4636815920398011,0.42030794839783603,optimization-limited zone,0.0,0.0,0.0,1.0
Base summary,200,2,1.440782900499462e-07,budget_22_broad_high_cond,barbell-bridge,0,budget_22_broad_high_cond,barbell-bridge,1,0.0,0.0,0.0,0.0,budget_22_broad_high_cond|barbell-bridge|0,budget_22_broad_high_cond|barbell-bridge|1,1_1,1.37352009580138,0,0.8522679983354141,0.7149294082306997,0.9353233830845771,0.8522679983354141,decision-fragile zone,1_1,1.37352009580138,0,0.5967540574282147,0.7741063382397114,0.919402985074627,0.5967540574282147,decision-fragile zone,0.0,0.0,0.0,0.0
Base summary,200,3,1.66813188809816e-07,budget_22_broad_high_cond,barbell-bridge,0,budget_22_broad_high_cond,barbell-bridge,2,1.0,1.0,0.0,1.0,budget_22_broad_high_cond|barbell-bridge|0,budget_22_broad_high_cond|barbell-bridge|2,1_1,1.37352009580138,0,0.8522679983354141,0.7149294082306997,0.9353233830845771,0.8522679983354141,decision-fragile zone,1_1,1.37352009580138,0,0.8589263420724095,0.3445479122859718,0.7472636815920398,0.8589263420724095,decision-fragile zone,0.0,0.0,0.0,0.0
Base summary,200,4,7.409507773999585e-07,budget_22_broad_high_cond,barbell-bridge,0,budget_22_broad_high_cond,mean-reversion,2,1.0,0.0,1.0,1.0,budget_22_broad_high_cond|barbell-bridge|0,budget_22_broad_high_cond|mean-reversion|2,1_1,1.37352009580138,0,0.8522679983354141,0.7149294082306997,0.9353233830845771,0.8522679983354141,decision-fragile zone,1_0,-0.2321875606103716,0,0.4161464835622139,0.292279963953139,0.43084577114427847,0.4161464835622139,ambiguity zone,1.0,1.6057076564117516,1.0,0.0
Base summary,200,5,7.438503799860383e-07,budget_22_broad_high_cond,barbell-bridge,0,budget_22_broad_high_cond,mean-reversion,0,1.0,0.0,1.0,1.0,budget_22_broad_high_cond|barbell-bridge|0,budget_22_broad_high_cond|mean-reversion|0,1_1,1.37352009580138,0,0.8522679983354141,0.7149294082306997,0.9353233830845771,0.8522679983354141,decision-fragile zone,1_0,-0.2321875606103716,0,0.26550145651269247,0.15199759687593867,0.3890547263681593,0.26550145651269247,ambiguity zone,1.0,1.6057076564117516,1.0,0.0
Base summary,201,1,2.4714073799076177e-08,budget_22_broad_high_cond,barbell-bridge,1,budget_22_broad_high_cond,barbell-bridge,2,1.0,1.0,0.0,1.0,budget_22_broad_high_cond|barbell-bridge|1,budget_22_broad_high_cond|barbell-bridge|2,1_1,1.37352009580138,0,0.5967540574282147,0.7741063382397114,0.919402985074627,0.5967540574282147,decision-fragile zone,1_1,1.37352009580138,0,0.8589263420724095,0.3445479122859718,0.7472636815920398,0.8589263420724095,decision-fragile zone,0.0,0.0,0.0,0.0
Base summary,201,2,8.064353616919769e-08,budget_22_broad_high_cond,barbell-bridge,1,budget_22_broad_high_cond,barbell-bridge,3,1.0,1.0,0.0,0.0,budget_22_broad_high_cond|barbell-bridge|1,budget_22_broad_high_cond|barbell-bridge|3,1_1,1.37352009580138,0,0.5967540574282147,0.7741063382397114,0.919402985074627,0.5967540574282147,decision-fragile zone,1_1,1.37352009580138,1,0.42030794839783603,0.612796635626314,0.4636815920398011,0.42030794839783603,optimization-limited zone,0.0,0.0,0.0,1.0
Base summary,201,3,1.440782900499462e-07,budget_22_broad_high_cond,barbell-bridge,1,budget_22_broad_high_cond,barbell-bridge,0,0.0,0.0,0.0,0.0,budget_22_broad_high_cond|barbell-bridge|1,budget_22_broad_high_cond|barbell-bridge|0,1_1,1.37352009580138,0,0.5967540574282147,0.7741063382397114,0.919402985074627,0.5967540574282147,decision-fragile zone,1_1,1.37352009580138,0,0.8522679983354141,0.7149294082306997,0.9353233830845771,0.8522679983354141,decision-fragile zone,0.0,0.0,0.0,0.0
Base summary,201,4,5.996481789528989e-07,budget_22_broad_high_cond,barbell-bridge,1,budget_22_broad_high_cond,mean-reversion,2,1.0,0.0,1.0,1.0,budget_22_broad_high_cond|barbell-bridge|1,budget_22_broad_high_cond|mean-reversion|2,1_1,1.37352009580138,0,0.5967540574282147,0.7741063382397114,0.919402985074627,0.5967540574282147,decision-fragile zone,1_0,-0.2321875606103716,0,0.4161464835622139,0.292279963953139,0.43084577114427847,0.4161464835622139,ambiguity zone,1.0,1.6057076564117516,1.0,0.0
Base summary,201,5,6.024175228326012e-07,budget_22_broad_high_cond,barbell-bridge,1,budget_22_broad_high_cond,mean-reversion,0,1.0,0.0,1.0,1.0,budget_22_broad_high_cond|barbell-bridge|1,budget_22_broad_high_cond|mean-reversion|0,1_1,1.37352009580138,0,0.5967540574282147,0.7741063382397114,0.919402985074627,0.5967540574282147,decision-fragile zone,1_0,-0.2321875606103716,0,0.26550145651269247,0.15199759687593867,0.3890547263681593,0.26550145651269247,ambiguity zone,1.0,1.6057076564117516,1.0,0.0
Base summary,202,1,2.4714073799076177e-08,budget_22_broad_high_cond,barbell-bridge,2,budget_22_broad_high_cond,barbell-bridge,1,1.0,1.0,0.0,1.0,budget_22_broad_high_cond|barbell-bridge|2,budget_22_broad_high_cond|barbell-bridge|1,1_1,1.37352009580138,0,0.8589263420724095,0.3445479122859718,0.7472636815920398,0.8589263420724095,decision-fragile zone,1_1,1.37352009580138,0,0.5967540574282147,0.7741063382397114,0.919402985074627,0.5967540574282147,decision-fragile zone,0.0,0.0,0.0,0.0
Base summary,202,2,1.0336026120050323e-07,budget_22_broad_high_cond,barbell-bridge,2,budget_22_broad_high_cond,barbell-bridge,3,0.0,0.0,0.0,1.0,budget_22_broad_high_cond|barbell-bridge|2,budget_22_broad_high_cond|barbell-bridge|3,1_1,1.37352009580138,0,0.8589263420724095,0.3445479122859718,0.7472636815920398,0.8589263420724095,decision-fragile zone,1_1,1.37352009580138,1,0.42030794839783603,0.612796635626314,0.4636815920398011,0.42030794839783603,optimization-limited zone,0.0,0.0,0.0,1.0
Base summary,202,3,1.66813188809816e-07,budget_22_broad_high_cond,barbell-bridge,2,budget_22_broad_high_cond,barbell-bridge,0,1.0,1.0,0.0,1.0,budget_22_broad_high_cond|barbell-bridge|2,budget_22_broad_high_cond|barbell-bridge|0,1_1,1.37352009580138,0,0.8589263420724095,0.3445479122859718,0.7472636815920398,0.8589263420724095,decision-fragile zone,1_1,1.37352009580138,0,0.8522679983354141,0.7149294082306997,0.9353233830845771,0.8522679983354141,decision-fragile zone,0.0,0.0,0.0,0.0
Base summary,202,4,5.766318956043559e-07,budget_22_broad_high_cond,barbell-bridge,2,budget_22_broad_high_cond,mean-reversion,2,1.0,1.0,1.0,1.0,budget_22_broad_high_cond|barbell-bridge|2,budget_22_broad_high_cond|mean-reversion|2,1_1,1.37352009580138,0,0.8589263420724095,0.3445479122859718,0.7472636815920398,0.8589263420724095,decision-fragile zone,1_0,-0.2321875606103716,0,0.4161464835622139,0.292279963953139,0.43084577114427847,0.4161464835622139,ambiguity zone,1.0,1.6057076564117516,1.0,0.0
Base summary,202,5,5.794707850901767e-07,budget_22_broad_high_cond,barbell-bridge,2,budget_22_broad_high_cond,mean-reversion,0,1.0,1.0,1.0,1.0,budget_22_broad_high_cond|barbell-bridge|2,budget_22_broad_high_cond|mean-reversion|0,1_1,1.37352009580138,0,0.8589263420724095,0.3445479122859718,0.7472636815920398,0.8589263420724095,decision-fragile zone,1_0,-0.2321875606103716,0,0.26550145651269247,0.15199759687593867,0.3890547263681593,0.26550145651269247,ambiguity zone,1.0,1.6057076564117516,1.0,0.0
Base summary,203,1,6.964976558596098e-08,budget_22_broad_high_cond,barbell-bridge,3,budget_22_broad_high_cond,barbell-bridge,0,1.0,1.0,0.0,0.0,budget_22_broad_high_cond|barbell-bridge|3,budget_22_broad_high_cond|barbell-bridge|0,1_1,1.37352009580138,1,0.42030794839783603,0.612796635626314,0.4636815920398011,0.42030794839783603,optimization-limited zone,1_1,1.37352009580138,0,0.8522679983354141,0.7149294082306997,0.9353233830845771,0.8522679983354141,decision-fragile zone,0.0,0.0,0.0,1.0
Base summary,203,2,8.064353616919769e-08,budget_22_broad_high_cond,barbell-bridge,3,budget_22_broad_high_cond,barbell-bridge,1,1.0,1.0,0.0,0.0,budget_22_broad_high_cond|barbell-bridge|3,budget_22_broad_high_cond|barbell-bridge|1,1_1,1.37352009580138,1,0.42030794839783603,0.612796635626314,0.4636815920398011,0.42030794839783603,optimization-limited zone,1_1,1.37352009580138,0,0.5967540574282147,0.7741063382397114,0.919402985074627,0.5967540574282147,decision-fragile zone,0.0,0.0,0.0,1.0
Base summary,203,3,1.0336026120050323e-07,budget_22_broad_high_cond,barbell-bridge,3,budget_22_broad_high_cond,barbell-bridge,2,0.0,0.0,0.0,1.0,budget_22_broad_high_cond|barbell-bridge|3,budget_22_broad_high_cond|barbell-bridge|2,1_1,1.37352009580138,1,0.42030794839783603,0.612796635626314,0.4636815920398011,0.42030794839783603,optimization-limited zone,1_1,1.37352009580138,0,0.8589263420724095,0.3445479122859718,0.7472636815920398,0.8589263420724095,decision-fragile zone,0.0,0.0,0.0,1.0
Base summary,203,4,6.731112479763266e-07,budget_22_broad_high_cond,barbell-bridge,3,budget_22_broad_high_cond,mean-reversion,2,1.0,1.0,1.0,1.0,budget_22_broad_high_cond|barbell-bridge|3,budget_22_broad_high_cond|mean-reversion|2,1_1,1.37352009580138,1,0.42030794839783603,0.612796635626314,0.4636815920398011,0.42030794839783603,optimization-limited zone,1_0,-0.2321875606103716,0,0.4161464835622139,0.292279963953139,0.43084577114427847,0.4161464835622139,ambiguity zone,1.0,1.6057076564117516,1.0,1.0
Base summary,203,5,6.759359525006978e-07,budget_22_broad_high_cond,barbell-bridge,3,budget_22_broad_high_cond,mean-reversion,0,1.0,1.0,1.0,1.0,budget_22_broad_high_cond|barbell-bridge|3,budget_22_broad_high_cond|mean-reversion|0,1_1,1.37352009580138,1,0.42030794839783603,0.612796635626314,0.4636815920398011,0.42030794839783603,optimization-limited zone,1_0,-0.2321875606103716,0,0.26550145651269247,0.15199759687593867,0.3890547263681593,0.26550145651269247,ambiguity zone,1.0,1.6057076564117516,1.0,1.0
Base summary,204,1,1.1912157387631926e-08,budget_22_broad_high_cond,crescent,0,budget_22_broad_high_cond,crescent,1,0.0,0.0,0.0,1.0,budget_22_broad_high_cond|crescent|0,budget_22_broad_high_cond|crescent|1,1_0,-0.26659513240484733,1,0.6928838951310861,0.3439471312706518,0.33731343283582094,0.6928838951310861,ambiguity zone,1_0,-0.26659513240484733,0,0.5501456512692467,0.7891258636227094,0.6895522388059702,0.5501456512692467,optimization-limited zone,0.0,0.0,0.0,1.0
Base summary,204,2,1.7511048098006234e-08,budget_22_broad_high_cond,crescent,0,budget_22_broad_high_cond,crescent,3,0.0,0.0,0.0,1.0,budget_22_broad_high_cond|crescent|0,budget_22_broad_high_cond|crescent|3,1_0,-0.26659513240484733,1,0.6928838951310861,0.3439471312706518,0.33731343283582094,0.6928838951310861,ambiguity zone,1_0,-0.26659513240484733,0,0.4228048272992093,0.864824271553019,0.5064676616915423,0.4228048272992093,optimization-limited zone,0.0,0.0,0.0,1.0
Base summary,204,3,3.7776374514747534e-08,budget_22_broad_high_cond,crescent,0,budget_22_broad_high_cond,crescent,2,0.0,0.0,0.0,0.0,budget_22_broad_high_cond|crescent|0,budget_22_broad_high_cond|crescent|2,1_0,-0.26659513240484733,1,0.6928838951310861,0.3439471312706518,0.33731343283582094,0.6928838951310861,ambiguity zone,1_0,-0.26659513240484733,0,0.22888056595921766,0.15800540702913785,0.31044776119402984,0.22888056595921766,ambiguity zone,0.0,0.0,0.0,1.0
Base summary,204,4,3.152465972910081e-07,budget_22_broad_high_cond,crescent,0,budget_22_broad_high_cond,cross-branch,3,1.0,1.0,1.0,1.0,budget_22_broad_high_cond|crescent|0,budget_22_broad_high_cond|cross-branch|3,1_0,-0.26659513240484733,1,0.6928838951310861,0.3439471312706518,0.33731343283582094,0.6928838951310861,ambiguity zone,1_0,-0.2736144549003908,0,0.4128173116937162,0.99909882847702,0.2218905472636817,0.4128173116937162,optimization-limited zone,0.0,0.00701932249554349,0.0,1.0
Base summary,204,5,3.163794728507456e-07,budget_22_broad_high_cond,crescent,0,budget_22_broad_high_cond,cross-branch,1,1.0,1.0,1.0,1.0,budget_22_broad_high_cond|crescent|0,budget_22_broad_high_cond|cross-branch|1,1_0,-0.26659513240484733,1,0.6928838951310861,0.3439471312706518,0.33731343283582094,0.6928838951310861,ambiguity zone,1_0,-0.2736144549003908,0,0.4061589679567208,0.7629918894562931,0.45472636815920403,0.4061589679567208,optimization-limited zone,0.0,0.00701932249554349,0.0,1.0
Base summary,205,1,1.1912157387631926e-08,budget_22_broad_high_cond,crescent,1,budget_22_broad_high_cond,crescent,0,0.0,0.0,0.0,1.0,budget_22_broad_high_cond|crescent|1,budget_22_broad_high_cond|crescent|0,1_0,-0.26659513240484733,0,0.5501456512692467,0.7891258636227094,0.6895522388059702,0.5501456512692467,optimization-limited zone,1_0,-0.26659513240484733,1,0.6928838951310861,0.3439471312706518,0.33731343283582094,0.6928838951310861,ambiguity zone,0.0,0.0,0.0,1.0
Base summary,205,2,2.301083882752052e-08,budget_22_broad_high_cond,crescent,1,budget_22_broad_high_cond,crescent,3,0.0,0.0,0.0,0.0,budget_22_broad_high_cond|crescent|1,budget_22_broad_high_cond|crescent|3,1_0,-0.26659513240484733,0,0.5501456512692467,0.7891258636227094,0.6895522388059702,0.5501456512692467,optimization-limited zone,1_0,-0.26659513240484733,0,0.4228048272992093,0.864824271553019,0.5064676616915423,0.4228048272992093,optimization-limited zone,0.0,0.0,0.0,0.0
Base summary,205,3,2.71944298476525e-08,budget_22_broad_high_cond,crescent,1,budget_22_broad_high_cond,crescent,2,0.0,0.0,0.0,1.0,budget_22_broad_high_cond|crescent|1,budget_22_broad_high_cond|crescent|2,1_0,-0.26659513240484733,0,0.5501456512692467,0.7891258636227094,0.6895522388059702,0.5501456512692467,optimization-limited zone,1_0,-0.26659513240484733,0,0.22888056595921766,0.15800540702913785,0.31044776119402984,0.22888056595921766,ambiguity zone,0.0,0.0,0.0,0.0
Base summary,205,4,3.034756519963982e-07,budget_22_broad_high_cond,crescent,1,budget_22_broad_high_cond,cross-branch,3,1.0,1.0,1.0,0.0,budget_22_broad_high_cond|crescent|1,budget_22_broad_high_cond|cross-branch|3,1_0,-0.26659513240484733,0,0.5501456512692467,0.7891258636227094,0.6895522388059702,0.5501456512692467,optimization-limited zone,1_0,-0.2736144549003908,0,0.4128173116937162,0.99909882847702,0.2218905472636817,0.4128173116937162,optimization-limited zone,0.0,0.00701932249554349,0.0,0.0
Base summary,205,5,3.046178681895936e-07,budget_22_broad_high_cond,crescent,1,budget_22_broad_high_cond,cross-branch,1,1.0,1.0,1.0,0.0,budget_22_broad_high_cond|crescent|1,budget_22_broad_high_cond|cross-branch|1,1_0,-0.26659513240484733,0,0.5501456512692467,0.7891258636227094,0.6895522388059702,0.5501456512692467,optimization-limited zone,1_0,-0.2736144549003908,0,0.4061589679567208,0.7629918894562931,0.45472636815920403,0.4061589679567208,optimization-limited zone,0.0,0.00701932249554349,0.0,0.0
Base summary,206,1,2.71944298476525e-08,budget_22_broad_high_cond,crescent,2,budget_22_broad_high_cond,crescent,1,0.0,0.0,0.0,1.0,budget_22_broad_high_cond|crescent|2,budget_22_broad_high_cond|crescent|1,1_0,-0.26659513240484733,0,0.22888056595921766,0.15800540702913785,0.31044776119402984,0.22888056595921766,ambiguity zone,1_0,-0.26659513240484733,0,0.5501456512692467,0.7891258636227094,0.6895522388059702,0.5501456512692467,optimization-limited zone,0.0,0.0,0.0,0.0
Base summary,206,2,3.7776374514747534e-08,budget_22_broad_high_cond,crescent,2,budget_22_broad_high_cond,crescent,0,0.0,0.0,0.0,0.0,budget_22_broad_high_cond|crescent|2,budget_22_broad_high_cond|crescent|0,1_0,-0.26659513240484733,0,0.22888056595921766,0.15800540702913785,0.31044776119402984,0.22888056595921766,ambiguity zone,1_0,-0.26659513240484733,1,0.6928838951310861,0.3439471312706518,0.33731343283582094,0.6928838951310861,ambiguity zone,0.0,0.0,0.0,1.0
Base summary,206,3,3.8295623757036745e-08,budget_22_broad_high_cond,crescent,2,budget_22_broad_high_cond,crescent,3,0.0,0.0,0.0,1.0,budget_22_broad_high_cond|crescent|2,budget_22_broad_high_cond|crescent|3,1_0,-0.26659513240484733,0,0.22888056595921766,0.15800540702913785,0.31044776119402984,0.22888056595921766,ambiguity zone,1_0,-0.26659513240484733,0,0.4228048272992093,0.864824271553019,0.5064676616915423,0.4228048272992093,optimization-limited zone,0.0,0.0,0.0,0.0
Base summary,206,4,2.8357640939897655e-07,budget_22_broad_high_cond,crescent,2,budget_22_broad_high_cond,cross-branch,3,1.0,1.0,1.0,1.0,budget_22_broad_high_cond|crescent|2,budget_22_broad_high_cond|cross-branch|3,1_0,-0.26659513240484733,0,0.22888056595921766,0.15800540702913785,0.31044776119402984,0.22888056595921766,ambiguity zone,1_0,-0.2736144549003908,0,0.4128173116937162,0.99909882847702,0.2218905472636817,0.4128173116937162,optimization-limited zone,0.0,0.00701932249554349,0.0,0.0
Base summary,206,5,2.848510703136449e-07,budget_22_broad_high_cond,crescent,2,budget_22_broad_high_cond,cross-branch,1,1.0,1.0,1.0,1.0,budget_22_broad_high_cond|crescent|2,budget_22_broad_high_cond|cross-branch|1,1_0,-0.26659513240484733,0,0.22888056595921766,0.15800540702913785,0.31044776119402984,0.22888056595921766,ambiguity zone,1_0,-0.2736144549003908,0,0.4061589679567208,0.7629918894562931,0.45472636815920403,0.4061589679567208,optimization-limited zone,0.0,0.00701932249554349,0.0,0.0
Base summary,207,1,1.7511048098006234e-08,budget_22_broad_high_cond,crescent,3,budget_22_broad_high_cond,crescent,0,0.0,0.0,0.0,1.0,budget_22_broad_high_cond|crescent|3,budget_22_broad_high_cond|crescent|0,1_0,-0.26659513240484733,0,0.4228048272992093,0.864824271553019,0.5064676616915423,0.4228048272992093,optimization-limited zone,1_0,-0.26659513240484733,1,0.6928838951310861,0.3439471312706518,0.33731343283582094,0.6928838951310861,ambiguity zone,0.0,0.0,0.0,1.0
Base summary,207,2,2.301083882752052e-08,budget_22_broad_high_cond,crescent,3,budget_22_broad_high_cond,crescent,1,0.0,0.0,0.0,0.0,budget_22_broad_high_cond|crescent|3,budget_22_broad_high_cond|crescent|1,1_0,-0.26659513240484733,0,0.4228048272992093,0.864824271553019,0.5064676616915423,0.4228048272992093,optimization-limited zone,1_0,-0.26659513240484733,0,0.5501456512692467,0.7891258636227094,0.6895522388059702,0.5501456512692467,optimization-limited zone,0.0,0.0,0.0,0.0
Base summary,207,3,3.8295623757036745e-08,budget_22_broad_high_cond,crescent,3,budget_22_broad_high_cond,crescent,2,0.0,0.0,0.0,1.0,budget_22_broad_high_cond|crescent|3,budget_22_broad_high_cond|crescent|2,1_0,-0.26659513240484733,0,0.4228048272992093,0.864824271553019,0.5064676616915423,0.4228048272992093,optimization-limited zone,1_0,-0.26659513240484733,0,0.22888056595921766,0.15800540702913785,0.31044776119402984,0.22888056595921766,ambiguity zone,0.0,0.0,0.0,0.0
Base summary,207,4,3.214743343521107e-07,budget_22_broad_high_cond,crescent,3,budget_22_broad_high_cond,cross-branch,3,1.0,1.0,1.0,0.0,budget_22_broad_high_cond|crescent|3,budget_22_broad_high_cond|cross-branch|3,1_0,-0.26659513240484733,0,0.4228048272992093,0.864824271553019,0.5064676616915423,0.4228048272992093,optimization-limited zone,1_0,-0.2736144549003908,0,0.4128173116937162,0.99909882847702,0.2218905472636817,0.4128173116937162,optimization-limited zone,0.0,0.00701932249554349,0.0,0.0
Base summary,207,5,3.2272075649409413e-07,budget_22_broad_high_cond,crescent,3,budget_22_broad_high_cond,cross-branch,1,1.0,1.0,1.0,0.0,budget_22_broad_high_cond|crescent|3,budget_22_broad_high_cond|cross-branch|1,1_0,-0.26659513240484733,0,0.4228048272992093,0.864824271553019,0.5064676616915423,0.4228048272992093,optimization-limited zone,1_0,-0.2736144549003908,0,0.4061589679567208,0.7629918894562931,0.45472636815920403,0.4061589679567208,optimization-limited zone,0.0,0.00701932249554349,0.0,0.0
Base summary,208,1,7.944574986790549e-09,budget_22_broad_high_cond,cross-branch,0,budget_22_broad_high_cond,cross-branch,2,0.0,0.0,0.0,0.0,budget_22_broad_high_cond|cross-branch|0,budget_22_broad_high_cond|cross-branch|2,1_0,-0.2736144549003908,1,0.8023304203079485,0.02313006908981674,0.23681592039800992,0.8023304203079485,ambiguity zone,1_0,-0.2736144549003908,1,0.7057844361215148,0.4412736557524782,0.17014925373134335,0.7057844361215148,ambiguity zone,0.0,0.0,0.0,0.0
Base summary,208,2,1.0137909991294368e-08,budget_22_broad_high_cond,cross-branch,0,budget_22_broad_high_cond,cross-branch,1,1.0,0.0,0.0,1.0,budget_22_broad_high_cond|cross-branch|0,budget_22_broad_high_cond|cross-branch|1,1_0,-0.2736144549003908,1,0.8023304203079485,0.02313006908981674,0.23681592039800992,0.8023304203079485,ambiguity zone,1_0,-0.2736144549003908,0,0.4061589679567208,0.7629918894562931,0.45472636815920403,0.4061589679567208,optimization-limited zone,0.0,0.0,0.0,1.0
Base summary,208,3,1.1276698369805852e-08,budget_22_broad_high_cond,cross-branch,0,budget_22_broad_high_cond,cross-branch,3,1.0,0.0,0.0,1.0,budget_22_broad_high_cond|cross-branch|0,budget_22_broad_high_cond|cross-branch|3,1_0,-0.2736144549003908,1,0.8023304203079485,0.02313006908981674,0.23681592039800992,0.8023304203079485,ambiguity zone,1_0,-0.2736144549003908,0,0.4128173116937162,0.99909882847702,0.2218905472636817,0.4128173116937162,optimization-limited zone,0.0,0.0,0.0,1.0
Base summary,208,4,3.298393141294009e-08,budget_22_broad_high_cond,cross-branch,0,budget_22_broad_high_cond,pinwheel,1,1.0,1.0,1.0,1.0,budget_22_broad_high_cond|cross-branch|0,budget_22_broad_high_cond|pinwheel|1,1_0,-0.2736144549003908,1,0.8023304203079485,0.02313006908981674,0.23681592039800992,0.8023304203079485,ambiguity zone,1_1,0.22351500627580145,1,0.8747399084477736,0.7500750976269149,1.0,0.8747399084477736,decision-fragile zone,1.0,0.4971294611761923,1.0,0.0
Base summary,208,5,3.3928236466404306e-08,budget_22_broad_high_cond,cross-branch,0,budget_22_broad_high_cond,pinwheel,0,1.0,1.0,1.0,1.0,budget_22_broad_high_cond|cross-branch|0,budget_22_broad_high_cond|pinwheel|0,1_0,-0.2736144549003908,1,0.8023304203079485,0.02313006908981674,0.23681592039800992,0.8023304203079485,ambiguity zone,1_1,0.22351500627580145,0,0.5509779442363713,0.44848302793631706,0.8139303482587064,0.5509779442363713,decision-fragile zone,1.0,0.4971294611761923,1.0,1.0
Base summary,209,1,3.0858450071328087e-09,budget_22_broad_high_cond,cross-branch,1,budget_22_broad_high_cond,cross-branch,3,0.0,0.0,0.0,0.0,budget_22_broad_high_cond|cross-branch|1,budget_22_broad_high_cond|cross-branch|3,1_0,-0.2736144549003908,0,0.4061589679567208,0.7629918894562931,0.45472636815920403,0.4061589679567208,optimization-limited zone,1_0,-0.2736144549003908,0,0.4128173116937162,0.99909882847702,0.2218905472636817,0.4128173116937162,optimization-limited zone,0.0,0.0,0.0,0.0
Base summary,209,2,4.4839562007079805e-09,budget_22_broad_high_cond,cross-branch,1,budget_22_broad_high_cond,cross-branch,2,1.0,0.0,0.0,1.0,budget_22_broad_high_cond|cross-branch|1,budget_22_broad_high_cond|cross-branch|2,1_0,-0.2736144549003908,0,0.4061589679567208,0.7629918894562931,0.45472636815920403,0.4061589679567208,optimization-limited zone,1_0,-0.2736144549003908,1,0.7057844361215148,0.4412736557524782,0.17014925373134335,0.7057844361215148,ambiguity zone,0.0,0.0,0.0,1.0
Base summary,209,3,1.0137909991294368e-08,budget_22_broad_high_cond,cross-branch,1,budget_22_broad_high_cond,cross-branch,0,1.0,0.0,0.0,1.0,budget_22_broad_high_cond|cross-branch|1,budget_22_broad_high_cond|cross-branch|0,1_0,-0.2736144549003908,0,0.4061589679567208,0.7629918894562931,0.45472636815920403,0.4061589679567208,optimization-limited zone,1_0,-0.2736144549003908,1,0.8023304203079485,0.02313006908981674,0.23681592039800992,0.8023304203079485,ambiguity zone,0.0,0.0,0.0,1.0
Base summary,209,4,4.1180066287001136e-08,budget_22_broad_high_cond,cross-branch,1,budget_22_broad_high_cond,volatility-clustering,0,0.0,0.0,1.0,0.0,budget_22_broad_high_cond|cross-branch|1,budget_22_broad_high_cond|volatility-clustering|0,1_0,-0.2736144549003908,0,0.4061589679567208,0.7629918894562931,0.45472636815920403,0.4061589679567208,optimization-limited zone,1_0,0.4439176548542998,0,0.5210153974198919,0.5956743766896966,0.3850746268656717,0.5210153974198919,optimization-limited zone,0.0,0.7175321097546906,1.0,0.0
Base summary,209,5,4.2901642064386476e-08,budget_22_broad_high_cond,cross-branch,1,budget_22_broad_high_cond,pinwheel,1,1.0,1.0,1.0,0.0,budget_22_broad_high_cond|cross-branch|1,budget_22_broad_high_cond|pinwheel|1,1_0,-0.2736144549003908,0,0.4061589679567208,0.7629918894562931,0.45472636815920403,0.4061589679567208,optimization-limited zone,1_1,0.22351500627580145,1,0.8747399084477736,0.7500750976269149,1.0,0.8747399084477736,decision-fragile zone,1.0,0.4971294611761923,1.0,1.0
Base summary,210,1,4.4839562007079805e-09,budget_22_broad_high_cond,cross-branch,2,budget_22_broad_high_cond,cross-branch,1,1.0,0.0,0.0,1.0,budget_22_broad_high_cond|cross-branch|2,budget_22_broad_high_cond|cross-branch|1,1_0,-0.2736144549003908,1,0.7057844361215148,0.4412736557524782,0.17014925373134335,0.7057844361215148,ambiguity zone,1_0,-0.2736144549003908,0,0.4061589679567208,0.7629918894562931,0.45472636815920403,0.4061589679567208,optimization-limited zone,0.0,0.0,0.0,1.0
Base summary,210,2,4.550821406523392e-09,budget_22_broad_high_cond,cross-branch,2,budget_22_broad_high_cond,cross-branch,3,1.0,0.0,0.0,1.0,budget_22_broad_high_cond|cross-branch|2,budget_22_broad_high_cond|cross-branch|3,1_0,-0.2736144549003908,1,0.7057844361215148,0.4412736557524782,0.17014925373134335,0.7057844361215148,ambiguity zone,1_0,-0.2736144549003908,0,0.4128173116937162,0.99909882847702,0.2218905472636817,0.4128173116937162,optimization-limited zone,0.0,0.0,0.0,1.0
Base summary,210,3,7.944574986790549e-09,budget_22_broad_high_cond,cross-branch,2,budget_22_broad_high_cond,cross-branch,0,0.0,0.0,0.0,0.0,budget_22_broad_high_cond|cross-branch|2,budget_22_broad_high_cond|cross-branch|0,1_0,-0.2736144549003908,1,0.7057844361215148,0.4412736557524782,0.17014925373134335,0.7057844361215148,ambiguity zone,1_0,-0.2736144549003908,1,0.8023304203079485,0.02313006908981674,0.23681592039800992,0.8023304203079485,ambiguity zone,0.0,0.0,0.0,0.0
Base summary,210,4,3.9946970861584296e-08,budget_22_broad_high_cond,cross-branch,2,budget_22_broad_high_cond,pinwheel,1,1.0,1.0,1.0,1.0,budget_22_broad_high_cond|cross-branch|2,budget_22_broad_high_cond|pinwheel|1,1_0,-0.2736144549003908,1,0.7057844361215148,0.4412736557524782,0.17014925373134335,0.7057844361215148,ambiguity zone,1_1,0.22351500627580145,1,0.8747399084477736,0.7500750976269149,1.0,0.8747399084477736,decision-fragile zone,1.0,0.4971294611761923,1.0,0.0
Base summary,210,5,4.0559062705530124e-08,budget_22_broad_high_cond,cross-branch,2,budget_22_broad_high_cond,pinwheel,0,1.0,1.0,1.0,1.0,budget_22_broad_high_cond|cross-branch|2,budget_22_broad_high_cond|pinwheel|0,1_0,-0.2736144549003908,1,0.7057844361215148,0.4412736557524782,0.17014925373134335,0.7057844361215148,ambiguity zone,1_1,0.22351500627580145,0,0.5509779442363713,0.44848302793631706,0.8139303482587064,0.5509779442363713,decision-fragile zone,1.0,0.4971294611761923,1.0,1.0
Base summary,211,1,3.0858450071328087e-09,budget_22_broad_high_cond,cross-branch,3,budget_22_broad_high_cond,cross-branch,1,0.0,0.0,0.0,0.0,budget_22_broad_high_cond|cross-branch|3,budget_22_broad_high_cond|cross-branch|1,1_0,-0.2736144549003908,0,0.4128173116937162,0.99909882847702,0.2218905472636817,0.4128173116937162,optimization-limited zone,1_0,-0.2736144549003908,0,0.4061589679567208,0.7629918894562931,0.45472636815920403,0.4061589679567208,optimization-limited zone,0.0,0.0,0.0,0.0
Base summary,211,2,4.550821406523392e-09,budget_22_broad_high_cond,cross-branch,3,budget_22_broad_high_cond,cross-branch,2,1.0,0.0,0.0,1.0,budget_22_broad_high_cond|cross-branch|3,budget_22_broad_high_cond|cross-branch|2,1_0,-0.2736144549003908,0,0.4128173116937162,0.99909882847702,0.2218905472636817,0.4128173116937162,optimization-limited zone,1_0,-0.2736144549003908,1,0.7057844361215148,0.4412736557524782,0.17014925373134335,0.7057844361215148,ambiguity zone,0.0,0.0,0.0,1.0
Base summary,211,3,1.1276698369805852e-08,budget_22_broad_high_cond,cross-branch,3,budget_22_broad_high_cond,cross-branch,0,1.0,0.0,0.0,1.0,budget_22_broad_high_cond|cross-branch|3,budget_22_broad_high_cond|cross-branch|0,1_0,-0.2736144549003908,0,0.4128173116937162,0.99909882847702,0.2218905472636817,0.4128173116937162,optimization-limited zone,1_0,-0.2736144549003908,1,0.8023304203079485,0.02313006908981674,0.23681592039800992,0.8023304203079485,ambiguity zone,0.0,0.0,0.0,1.0
Base summary,211,4,4.3230661950361245e-08,budget_22_broad_high_cond,cross-branch,3,budget_22_broad_high_cond,pinwheel,1,1.0,1.0,1.0,0.0,budget_22_broad_high_cond|cross-branch|3,budget_22_broad_high_cond|pinwheel|1,1_0,-0.2736144549003908,0,0.4128173116937162,0.99909882847702,0.2218905472636817,0.4128173116937162,optimization-limited zone,1_1,0.22351500627580145,1,0.8747399084477736,0.7500750976269149,1.0,0.8747399084477736,decision-fragile zone,1.0,0.4971294611761923,1.0,1.0
Base summary,211,5,4.378892281435179e-08,budget_22_broad_high_cond,cross-branch,3,budget_22_broad_high_cond,pinwheel,0,1.0,1.0,1.0,1.0,budget_22_broad_high_cond|cross-branch|3,budget_22_broad_high_cond|pinwheel|0,1_0,-0.2736144549003908,0,0.4128173116937162,0.99909882847702,0.2218905472636817,0.4128173116937162,optimization-limited zone,1_1,0.22351500627580145,0,0.5509779442363713,0.44848302793631706,0.8139303482587064,0.5509779442363713,decision-fragile zone,1.0,0.4971294611761923,1.0,0.0
Base summary,212,1,1.6371645166952764e-09,budget_22_broad_high_cond,double-loop,0,budget_22_broad_high_cond,double-loop,2,0.0,0.0,0.0,1.0,budget_22_broad_high_cond|double-loop|0,budget_22_broad_high_cond|double-loop|2,1_0,-0.04713477352374962,1,0.0024968789013732817,0.9164914388705316,0.42985074626865677,0.0024968789013732817,optimization-limited zone,1_0,-0.04713477352374962,0,0.3329171868497712,0.9720636827876238,0.3393034825870648,0.3329171868497712,optimization-limited zone,0.0,0.0,0.0,1.0
Base summary,212,2,4.245797351998928e-09,budget_22_broad_high_cond,double-loop,0,budget_22_broad_high_cond,double-loop,1,1.0,0.0,0.0,1.0,budget_22_broad_high_cond|double-loop|0,budget_22_broad_high_cond|double-loop|1,1_0,-0.04713477352374962,1,0.0024968789013732817,0.9164914388705316,0.42985074626865677,0.0024968789013732817,optimization-limited zone,1_0,-0.04713477352374962,1,0.10570120682480232,0.028236707720036038,0.2666666666666667,0.10570120682480232,ambiguity zone,0.0,0.0,0.0,0.0
Base summary,212,3,4.692609366535772e-09,budget_22_broad_high_cond,double-loop,0,budget_22_broad_high_cond,double-loop,3,1.0,0.0,0.0,1.0,budget_22_broad_high_cond|double-loop|0,budget_22_broad_high_cond|double-loop|3,1_0,-0.04713477352374962,1,0.0024968789013732817,0.9164914388705316,0.42985074626865677,0.0024968789013732817,optimization-limited zone,1_0,-0.04713477352374962,0,0.40033291718684977,0.22859717632922794,0.2796019900497513,0.40033291718684977,ambiguity zone,0.0,0.0,0.0,1.0
Base summary,212,4,5.1111709654770594e-08,budget_22_broad_high_cond,double-loop,0,budget_22_broad_high_cond,spiral,3,0.0,0.0,1.0,0.0,budget_22_broad_high_cond|double-loop|0,budget_22_broad_high_cond|spiral|3,1_0,-0.04713477352374962,1,0.0024968789013732817,0.9164914388705316,0.42985074626865677,0.0024968789013732817,optimization-limited zone,1_1,-0.3289846515378983,1,0.26133999167707034,0.7762090717933313,0.4746268656716418,0.26133999167707034,optimization-limited zone,1.0,0.2818498780141487,0.0,0.0
Base summary,212,5,5.142908108809419e-08,budget_22_broad_high_cond,double-loop,0,budget_22_broad_high_cond,spiral,2,0.0,0.0,1.0,1.0,budget_22_broad_high_cond|double-loop|0,budget_22_broad_high_cond|spiral|2,1_0,-0.04713477352374962,1,0.0024968789013732817,0.9164914388705316,0.42985074626865677,0.0024968789013732817,optimization-limited zone,1_1,-0.3289846515378983,0,0.3736995422388681,0.12436167017122257,0.7671641791044777,0.3736995422388681,decision-fragile zone,1.0,0.2818498780141487,0.0,1.0
Base summary,213,1,4.245797351998928e-09,budget_22_broad_high_cond,double-loop,1,budget_22_broad_high_cond,double-loop,0,1.0,0.0,0.0,1.0,budget_22_broad_high_cond|double-loop|1,budget_22_broad_high_cond|double-loop|0,1_0,-0.04713477352374962,1,0.10570120682480232,0.028236707720036038,0.2666666666666667,0.10570120682480232,ambiguity zone,1_0,-0.04713477352374962,1,0.0024968789013732817,0.9164914388705316,0.42985074626865677,0.0024968789013732817,optimization-limited zone,0.0,0.0,0.0,0.0
Base summary,213,2,4.611435028001833e-09,budget_22_broad_high_cond,double-loop,1,budget_22_broad_high_cond,double-loop,3,0.0,0.0,0.0,1.0,budget_22_broad_high_cond|double-loop|1,budget_22_broad_high_cond|double-loop|3,1_0,-0.04713477352374962,1,0.10570120682480232,0.028236707720036038,0.2666666666666667,0.10570120682480232,ambiguity zone,1_0,-0.04713477352374962,0,0.40033291718684977,0.22859717632922794,0.2796019900497513,0.40033291718684977,ambiguity zone,0.0,0.0,0.0,1.0
Base summary,213,3,5.1714692696466e-09,budget_22_broad_high_cond,double-loop,1,budget_22_broad_high_cond,double-loop,2,1.0,0.0,0.0,0.0,budget_22_broad_high_cond|double-loop|1,budget_22_broad_high_cond|double-loop|2,1_0,-0.04713477352374962,1,0.10570120682480232,0.028236707720036038,0.2666666666666667,0.10570120682480232,ambiguity zone,1_0,-0.04713477352374962,0,0.3329171868497712,0.9720636827876238,0.3393034825870648,0.3329171868497712,optimization-limited zone,0.0,0.0,0.0,1.0
Base summary,213,4,4.8389431904180095e-08,budget_22_broad_high_cond,double-loop,1,budget_22_broad_high_cond,volatility-clustering,2,1.0,0.0,1.0,1.0,budget_22_broad_high_cond|double-loop|1,budget_22_broad_high_cond|volatility-clustering|2,1_0,-0.04713477352374962,1,0.10570120682480232,0.028236707720036038,0.2666666666666667,0.10570120682480232,ambiguity zone,1_0,0.4439176548542998,0,0.42030794839783603,0.8368879543406428,0.8348258706467662,0.42030794839783603,decision-fragile zone,0.0,0.4910524283780494,1.0,1.0
Base summary,213,5,5.0386912383694336e-08,budget_22_broad_high_cond,double-loop,1,budget_22_broad_high_cond,spiral,3,1.0,0.0,1.0,1.0,budget_22_broad_high_cond|double-loop|1,budget_22_broad_high_cond|spiral|3,1_0,-0.04713477352374962,1,0.10570120682480232,0.028236707720036038,0.2666666666666667,0.10570120682480232,ambiguity zone,1_1,-0.3289846515378983,1,0.26133999167707034,0.7762090717933313,0.4746268656716418,0.26133999167707034,optimization-limited zone,1.0,0.2818498780141487,0.0,0.0
Base summary,214,1,1.6371645166952764e-09,budget_22_broad_high_cond,double-loop,2,budget_22_broad_high_cond,double-loop,0,0.0,0.0,0.0,1.0,budget_22_broad_high_cond|double-loop|2,budget_22_broad_high_cond|double-loop|0,1_0,-0.04713477352374962,0,0.3329171868497712,0.9720636827876238,0.3393034825870648,0.3329171868497712,optimization-limited zone,1_0,-0.04713477352374962,1,0.0024968789013732817,0.9164914388705316,0.42985074626865677,0.0024968789013732817,optimization-limited zone,0.0,0.0,0.0,1.0
Base summary,214,2,5.1714692696466e-09,budget_22_broad_high_cond,double-loop,2,budget_22_broad_high_cond,double-loop,1,1.0,0.0,0.0,0.0,budget_22_broad_high_cond|double-loop|2,budget_22_broad_high_cond|double-loop|1,1_0,-0.04713477352374962,0,0.3329171868497712,0.9720636827876238,0.3393034825870648,0.3329171868497712,optimization-limited zone,1_0,-0.04713477352374962,1,0.10570120682480232,0.028236707720036038,0.2666666666666667,0.10570120682480232,ambiguity zone,0.0,0.0,0.0,1.0
Base summary,214,3,6.049961612319541e-09,budget_22_broad_high_cond,double-loop,2,budget_22_broad_high_cond,double-loop,3,1.0,0.0,0.0,1.0,budget_22_broad_high_cond|double-loop|2,budget_22_broad_high_cond|double-loop|3,1_0,-0.04713477352374962,0,0.3329171868497712,0.9720636827876238,0.3393034825870648,0.3329171868497712,optimization-limited zone,1_0,-0.04713477352374962,0,0.40033291718684977,0.22859717632922794,0.2796019900497513,0.40033291718684977,ambiguity zone,0.0,0.0,0.0,0.0
Base summary,214,4,5.270036304310112e-08,budget_22_broad_high_cond,double-loop,2,budget_22_broad_high_cond,spiral,3,0.0,0.0,1.0,1.0,budget_22_broad_high_cond|double-loop|2,budget_22_broad_high_cond|spiral|3,1_0,-0.04713477352374962,0,0.3329171868497712,0.9720636827876238,0.3393034825870648,0.3329171868497712,optimization-limited zone,1_1,-0.3289846515378983,1,0.26133999167707034,0.7762090717933313,0.4746268656716418,0.26133999167707034,optimization-limited zone,1.0,0.2818498780141487,0.0,1.0
Base summary,214,5,5.3019560704630555e-08,budget_22_broad_high_cond,double-loop,2,budget_22_broad_high_cond,spiral,2,0.0,0.0,1.0,1.0,budget_22_broad_high_cond|double-loop|2,budget_22_broad_high_cond|spiral|2,1_0,-0.04713477352374962,0,0.3329171868497712,0.9720636827876238,0.3393034825870648,0.3329171868497712,optimization-limited zone,1_1,-0.3289846515378983,0,0.3736995422388681,0.12436167017122257,0.7671641791044777,0.3736995422388681,decision-fragile zone,1.0,0.2818498780141487,0.0,0.0
Base summary,215,1,4.611435028001833e-09,budget_22_broad_high_cond,double-loop,3,budget_22_broad_high_cond,double-loop,1,0.0,0.0,0.0,1.0,budget_22_broad_high_cond|double-loop|3,budget_22_broad_high_cond|double-loop|1,1_0,-0.04713477352374962,0,0.40033291718684977,0.22859717632922794,0.2796019900497513,0.40033291718684977,ambiguity zone,1_0,-0.04713477352374962,1,0.10570120682480232,0.028236707720036038,0.2666666666666667,0.10570120682480232,ambiguity zone,0.0,0.0,0.0,1.0
Base summary,215,2,4.692609366535772e-09,budget_22_broad_high_cond,double-loop,3,budget_22_broad_high_cond,double-loop,0,1.0,0.0,0.0,1.0,budget_22_broad_high_cond|double-loop|3,budget_22_broad_high_cond|double-loop|0,1_0,-0.04713477352374962,0,0.40033291718684977,0.22859717632922794,0.2796019900497513,0.40033291718684977,ambiguity zone,1_0,-0.04713477352374962,1,0.0024968789013732817,0.9164914388705316,0.42985074626865677,0.0024968789013732817,optimization-limited zone,0.0,0.0,0.0,1.0
Base summary,215,3,6.049961612319541e-09,budget_22_broad_high_cond,double-loop,3,budget_22_broad_high_cond,double-loop,2,1.0,0.0,0.0,1.0,budget_22_broad_high_cond|double-loop|3,budget_22_broad_high_cond|double-loop|2,1_0,-0.04713477352374962,0,0.40033291718684977,0.22859717632922794,0.2796019900497513,0.40033291718684977,ambiguity zone,1_0,-0.04713477352374962,0,0.3329171868497712,0.9720636827876238,0.3393034825870648,0.3329171868497712,optimization-limited zone,0.0,0.0,0.0,0.0
Base summary,215,4,4.8099807527405166e-08,budget_22_broad_high_cond,double-loop,3,budget_22_broad_high_cond,spiral,3,1.0,0.0,1.0,1.0,budget_22_broad_high_cond|double-loop|3,budget_22_broad_high_cond|spiral|3,1_0,-0.04713477352374962,0,0.40033291718684977,0.22859717632922794,0.2796019900497513,0.40033291718684977,ambiguity zone,1_1,-0.3289846515378983,1,0.26133999167707034,0.7762090717933313,0.4746268656716418,0.26133999167707034,optimization-limited zone,1.0,0.2818498780141487,0.0,1.0
Base summary,215,5,4.8314227937399095e-08,budget_22_broad_high_cond,double-loop,3,budget_22_broad_high_cond,spiral,2,1.0,0.0,1.0,1.0,budget_22_broad_high_cond|double-loop|3,budget_22_broad_high_cond|spiral|2,1_0,-0.04713477352374962,0,0.40033291718684977,0.22859717632922794,0.2796019900497513,0.40033291718684977,ambiguity zone,1_1,-0.3289846515378983,0,0.3736995422388681,0.12436167017122257,0.7671641791044777,0.3736995422388681,decision-fragile zone,1.0,0.2818498780141487,0.0,0.0
Base summary,216,1,4.590503018727658e-09,budget_22_broad_high_cond,mean-reversion,0,budget_22_broad_high_cond,mean-reversion,3,0.0,0.0,0.0,0.0,budget_22_broad_high_cond|mean-reversion|0,budget_22_broad_high_cond|mean-reversion|3,1_0,-0.2321875606103716,0,0.26550145651269247,0.15199759687593867,0.3890547263681593,0.26550145651269247,ambiguity zone,1_0,-0.2321875606103716,1,0.4327923429047025,0.7458696305196755,0.4417910447761194,0.4327923429047025,optimization-limited zone,0.0,0.0,0.0,1.0
Base summary,216,2,6.071181647007529e-09,budget_22_broad_high_cond,mean-reversion,0,budget_22_broad_high_cond,mean-reversion,2,0.0,0.0,0.0,0.0,budget_22_broad_high_cond|mean-reversion|0,budget_22_broad_high_cond|mean-reversion|2,1_0,-0.2321875606103716,0,0.26550145651269247,0.15199759687593867,0.3890547263681593,0.26550145651269247,ambiguity zone,1_0,-0.2321875606103716,0,0.4161464835622139,0.292279963953139,0.43084577114427847,0.4161464835622139,ambiguity zone,0.0,0.0,0.0,0.0
Base summary,216,3,9.058085567472572e-09,budget_22_broad_high_cond,mean-reversion,0,budget_22_broad_high_cond,mean-reversion,1,1.0,0.0,0.0,1.0,budget_22_broad_high_cond|mean-reversion|0,budget_22_broad_high_cond|mean-reversion|1,1_0,-0.2321875606103716,0,0.26550145651269247,0.15199759687593867,0.3890547263681593,0.26550145651269247,ambiguity zone,1_0,-0.2321875606103716,1,0.02247191011235955,0.6185040552718534,0.5383084577114429,0.02247191011235955,optimization-limited zone,0.0,0.0,0.0,1.0
Base summary,216,4,6.498732268508627e-08,budget_22_broad_high_cond,mean-reversion,0,budget_22_broad_high_cond,volatility-clustering,1,1.0,1.0,1.0,1.0,budget_22_broad_high_cond|mean-reversion|0,budget_22_broad_high_cond|volatility-clustering|1,1_0,-0.2321875606103716,0,0.26550145651269247,0.15199759687593867,0.3890547263681593,0.26550145651269247,ambiguity zone,1_0,0.4439176548542998,0,0.22055763628797337,0.13006908981676177,0.16119402985074624,0.22055763628797337,effective-collapse zone,0.0,0.6761052154646714,1.0,0.0
Base summary,216,5,7.702169760728507e-08,budget_22_broad_high_cond,mean-reversion,0,budget_22_broad_high_cond,volatility-clustering,3,1.0,1.0,1.0,1.0,budget_22_broad_high_cond|mean-reversion|0,budget_22_broad_high_cond|volatility-clustering|3,1_0,-0.2321875606103716,0,0.26550145651269247,0.15199759687593867,0.3890547263681593,0.26550145651269247,ambiguity zone,1_0,0.4439176548542998,0,0.22804827299209318,0.30519675578251726,0.3711442786069653,0.22804827299209318,ambiguity zone,0.0,0.6761052154646714,1.0,0.0
Base summary,217,1,4.862293902659681e-09,budget_22_broad_high_cond,mean-reversion,1,budget_22_broad_high_cond,mean-reversion,3,1.0,0.0,0.0,1.0,budget_22_broad_high_cond|mean-reversion|1,budget_22_broad_high_cond|mean-reversion|3,1_0,-0.2321875606103716,1,0.02247191011235955,0.6185040552718534,0.5383084577114429,0.02247191011235955,optimization-limited zone,1_0,-0.2321875606103716,1,0.4327923429047025,0.7458696305196755,0.4417910447761194,0.4327923429047025,optimization-limited zone,0.0,0.0,0.0,0.0
Base summary,217,2,9.058085567472572e-09,budget_22_broad_high_cond,mean-reversion,1,budget_22_broad_high_cond,mean-reversion,0,1.0,0.0,0.0,1.0,budget_22_broad_high_cond|mean-reversion|1,budget_22_broad_high_cond|mean-reversion|0,1_0,-0.2321875606103716,1,0.02247191011235955,0.6185040552718534,0.5383084577114429,0.02247191011235955,optimization-limited zone,1_0,-0.2321875606103716,0,0.26550145651269247,0.15199759687593867,0.3890547263681593,0.26550145651269247,ambiguity zone,0.0,0.0,0.0,1.0
Base summary,217,3,1.0252100234437678e-08,budget_22_broad_high_cond,mean-reversion,1,budget_22_broad_high_cond,mean-reversion,2,1.0,0.0,0.0,1.0,budget_22_broad_high_cond|mean-reversion|1,budget_22_broad_high_cond|mean-reversion|2,1_0,-0.2321875606103716,1,0.02247191011235955,0.6185040552718534,0.5383084577114429,0.02247191011235955,optimization-limited zone,1_0,-0.2321875606103716,0,0.4161464835622139,0.292279963953139,0.43084577114427847,0.4161464835622139,ambiguity zone,0.0,0.0,0.0,1.0
Base summary,217,4,5.6097262440064e-08,budget_22_broad_high_cond,mean-reversion,1,budget_22_broad_high_cond,volatility-clustering,1,1.0,1.0,1.0,1.0,budget_22_broad_high_cond|mean-reversion|1,budget_22_broad_high_cond|volatility-clustering|1,1_0,-0.2321875606103716,1,0.02247191011235955,0.6185040552718534,0.5383084577114429,0.02247191011235955,optimization-limited zone,1_0,0.4439176548542998,0,0.22055763628797337,0.13006908981676177,0.16119402985074624,0.22055763628797337,effective-collapse zone,0.0,0.6761052154646714,1.0,1.0
Base summary,217,5,6.825828543930578e-08,budget_22_broad_high_cond,mean-reversion,1,budget_22_broad_high_cond,volatility-clustering,0,0.0,0.0,1.0,0.0,budget_22_broad_high_cond|mean-reversion|1,budget_22_broad_high_cond|volatility-clustering|0,1_0,-0.2321875606103716,1,0.02247191011235955,0.6185040552718534,0.5383084577114429,0.02247191011235955,optimization-limited zone,1_0,0.4439176548542998,0,0.5210153974198919,0.5956743766896966,0.3850746268656717,0.5210153974198919,optimization-limited zone,0.0,0.6761052154646714,1.0,1.0
Base summary,218,1,6.071181647007529e-09,budget_22_broad_high_cond,mean-reversion,2,budget_22_broad_high_cond,mean-reversion,0,0.0,0.0,0.0,0.0,budget_22_broad_high_cond|mean-reversion|2,budget_22_broad_high_cond|mean-reversion|0,1_0,-0.2321875606103716,0,0.4161464835622139,0.292279963953139,0.43084577114427847,0.4161464835622139,ambiguity zone,1_0,-0.2321875606103716,0,0.26550145651269247,0.15199759687593867,0.3890547263681593,0.26550145651269247,ambiguity zone,0.0,0.0,0.0,0.0
Base summary,218,2,7.623790677455342e-09,budget_22_broad_high_cond,mean-reversion,2,budget_22_broad_high_cond,mean-reversion,3,0.0,0.0,0.0,0.0,budget_22_broad_high_cond|mean-reversion|2,budget_22_broad_high_cond|mean-reversion|3,1_0,-0.2321875606103716,0,0.4161464835622139,0.292279963953139,0.43084577114427847,0.4161464835622139,ambiguity zone,1_0,-0.2321875606103716,1,0.4327923429047025,0.7458696305196755,0.4417910447761194,0.4327923429047025,optimization-limited zone,0.0,0.0,0.0,1.0
Base summary,218,3,1.0252100234437678e-08,budget_22_broad_high_cond,mean-reversion,2,budget_22_broad_high_cond,mean-reversion,1,1.0,0.0,0.0,1.0,budget_22_broad_high_cond|mean-reversion|2,budget_22_broad_high_cond|mean-reversion|1,1_0,-0.2321875606103716,0,0.4161464835622139,0.292279963953139,0.43084577114427847,0.4161464835622139,ambiguity zone,1_0,-0.2321875606103716,1,0.02247191011235955,0.6185040552718534,0.5383084577114429,0.02247191011235955,optimization-limited zone,0.0,0.0,0.0,1.0
Base summary,218,4,6.54445709252379e-08,budget_22_broad_high_cond,mean-reversion,2,budget_22_broad_high_cond,volatility-clustering,1,1.0,1.0,1.0,1.0,budget_22_broad_high_cond|mean-reversion|2,budget_22_broad_high_cond|volatility-clustering|1,1_0,-0.2321875606103716,0,0.4161464835622139,0.292279963953139,0.43084577114427847,0.4161464835622139,ambiguity zone,1_0,0.4439176548542998,0,0.22055763628797337,0.13006908981676177,0.16119402985074624,0.22055763628797337,effective-collapse zone,0.0,0.6761052154646714,1.0,0.0
Base summary,218,5,7.780462241082083e-08,budget_22_broad_high_cond,mean-reversion,2,budget_22_broad_high_cond,volatility-clustering,0,1.0,0.0,1.0,1.0,budget_22_broad_high_cond|mean-reversion|2,budget_22_broad_high_cond|volatility-clustering|0,1_0,-0.2321875606103716,0,0.4161464835622139,0.292279963953139,0.43084577114427847,0.4161464835622139,ambiguity zone,1_0,0.4439176548542998,0,0.5210153974198919,0.5956743766896966,0.3850746268656717,0.5210153974198919,optimization-limited zone,0.0,0.6761052154646714,1.0,0.0
Base summary,219,1,4.590503018727658e-09,budget_22_broad_high_cond,mean-reversion,3,budget_22_broad_high_cond,mean-reversion,0,0.0,0.0,0.0,0.0,budget_22_broad_high_cond|mean-reversion|3,budget_22_broad_high_cond|mean-reversion|0,1_0,-0.2321875606103716,1,0.4327923429047025,0.7458696305196755,0.4417910447761194,0.4327923429047025,optimization-limited zone,1_0,-0.2321875606103716,0,0.26550145651269247,0.15199759687593867,0.3890547263681593,0.26550145651269247,ambiguity zone,0.0,0.0,0.0,1.0
Base summary,219,2,4.862293902659681e-09,budget_22_broad_high_cond,mean-reversion,3,budget_22_broad_high_cond,mean-reversion,1,1.0,0.0,0.0,1.0,budget_22_broad_high_cond|mean-reversion|3,budget_22_broad_high_cond|mean-reversion|1,1_0,-0.2321875606103716,1,0.4327923429047025,0.7458696305196755,0.4417910447761194,0.4327923429047025,optimization-limited zone,1_0,-0.2321875606103716,1,0.02247191011235955,0.6185040552718534,0.5383084577114429,0.02247191011235955,optimization-limited zone,0.0,0.0,0.0,0.0
Base summary,219,3,7.623790677455342e-09,budget_22_broad_high_cond,mean-reversion,3,budget_22_broad_high_cond,mean-reversion,2,0.0,0.0,0.0,0.0,budget_22_broad_high_cond|mean-reversion|3,budget_22_broad_high_cond|mean-reversion|2,1_0,-0.2321875606103716,1,0.4327923429047025,0.7458696305196755,0.4417910447761194,0.4327923429047025,optimization-limited zone,1_0,-0.2321875606103716,0,0.4161464835622139,0.292279963953139,0.43084577114427847,0.4161464835622139,ambiguity zone,0.0,0.0,0.0,1.0
Base summary,219,4,6.071471942595886e-08,budget_22_broad_high_cond,mean-reversion,3,budget_22_broad_high_cond,volatility-clustering,1,1.0,1.0,1.0,1.0,budget_22_broad_high_cond|mean-reversion|3,budget_22_broad_high_cond|volatility-clustering|1,1_0,-0.2321875606103716,1,0.4327923429047025,0.7458696305196755,0.4417910447761194,0.4327923429047025,optimization-limited zone,1_0,0.4439176548542998,0,0.22055763628797337,0.13006908981676177,0.16119402985074624,0.22055763628797337,effective-collapse zone,0.0,0.6761052154646714,1.0,1.0
Base summary,219,5,7.25781187823592e-08,budget_22_broad_high_cond,mean-reversion,3,budget_22_broad_high_cond,volatility-clustering,3,1.0,1.0,1.0,1.0,budget_22_broad_high_cond|mean-reversion|3,budget_22_broad_high_cond|volatility-clustering|3,1_0,-0.2321875606103716,1,0.4327923429047025,0.7458696305196755,0.4417910447761194,0.4327923429047025,optimization-limited zone,1_0,0.4439176548542998,0,0.22804827299209318,0.30519675578251726,0.3711442786069653,0.22804827299209318,ambiguity zone,0.0,0.6761052154646714,1.0,1.0
Base summary,220,1,5.986090505361287e-09,budget_22_broad_high_cond,multi-hole,0,budget_22_broad_high_cond,pinwheel,2,1.0,0.0,1.0,0.0,budget_22_broad_high_cond|multi-hole|0,budget_22_broad_high_cond|pinwheel|2,1_1,-0.689700722662991,1,0.31044527673741157,0.29828777410633817,0.3333333333333333,0.31044527673741157,effective-collapse zone,1_1,0.22351500627580145,0,0.44028297960882234,0.5500150195253829,0.8039800995024875,0.44028297960882234,decision-fragile zone,0.0,0.9132157289387924,1.0,1.0
Base summary,220,2,6.467609369273715e-09,budget_22_broad_high_cond,multi-hole,0,budget_22_broad_high_cond,multi-hole,2,0.0,0.0,0.0,0.0,budget_22_broad_high_cond|multi-hole|0,budget_22_broad_high_cond|multi-hole|2,1_1,-0.689700722662991,1,0.31044527673741157,0.29828777410633817,0.3333333333333333,0.31044527673741157,effective-collapse zone,1_1,-0.689700722662991,1,0.4752392842280483,0.5052568338840492,0.5203980099502487,0.4752392842280483,effective-collapse zone,0.0,0.0,0.0,0.0
Base summary,220,3,9.771058290256389e-09,budget_22_broad_high_cond,multi-hole,0,budget_22_broad_high_cond,multi-hole,3,0.0,0.0,0.0,1.0,budget_22_broad_high_cond|multi-hole|0,budget_22_broad_high_cond|multi-hole|3,1_1,-0.689700722662991,1,0.31044527673741157,0.29828777410633817,0.3333333333333333,0.31044527673741157,effective-collapse zone,1_1,-0.689700722662991,0,0.41614648356221395,0.8969660558726344,0.5293532338308456,0.41614648356221395,optimization-limited zone,0.0,0.0,0.0,1.0
Base summary,220,4,9.810675208720836e-09,budget_22_broad_high_cond,multi-hole,0,budget_22_broad_high_cond,pinwheel,3,0.0,1.0,1.0,1.0,budget_22_broad_high_cond|multi-hole|0,budget_22_broad_high_cond|pinwheel|3,1_1,-0.689700722662991,1,0.31044527673741157,0.29828777410633817,0.3333333333333333,0.31044527673741157,effective-collapse zone,1_1,0.22351500627580145,1,0.6267166042446942,0.8170621808350855,0.5044776119402984,0.6267166042446942,optimization-limited zone,0.0,0.9132157289387924,1.0,0.0
Base summary,220,5,1.0106149352729817e-08,budget_22_broad_high_cond,multi-hole,0,budget_22_broad_high_cond,spiral,2,1.0,0.0,1.0,0.0,budget_22_broad_high_cond|multi-hole|0,budget_22_broad_high_cond|spiral|2,1_1,-0.689700722662991,1,0.31044527673741157,0.29828777410633817,0.3333333333333333,0.31044527673741157,effective-collapse zone,1_1,-0.3289846515378983,0,0.3736995422388681,0.12436167017122257,0.7671641791044777,0.3736995422388681,decision-fragile zone,0.0,0.3607160711250927,0.0,1.0
Base summary,221,1,4.825130633688541e-09,budget_22_broad_high_cond,multi-hole,1,budget_22_broad_high_cond,multi-hole,3,0.0,0.0,0.0,0.0,budget_22_broad_high_cond|multi-hole|1,budget_22_broad_high_cond|multi-hole|3,1_1,-0.689700722662991,0,0.0,0.9957945328927605,0.4338308457711443,0.0,optimization-limited zone,1_1,-0.689700722662991,0,0.41614648356221395,0.8969660558726344,0.5293532338308456,0.41614648356221395,optimization-limited zone,0.0,0.0,0.0,0.0
Base summary,221,2,5.245944462898506e-09,budget_22_broad_high_cond,multi-hole,1,budget_22_broad_high_cond,multi-hole,2,0.0,0.0,0.0,1.0,budget_22_broad_high_cond|multi-hole|1,budget_22_broad_high_cond|multi-hole|2,1_1,-0.689700722662991,0,0.0,0.9957945328927605,0.4338308457711443,0.0,optimization-limited zone,1_1,-0.689700722662991,1,0.4752392842280483,0.5052568338840492,0.5203980099502487,0.4752392842280483,effective-collapse zone,0.0,0.0,0.0,1.0
Base summary,221,3,1.0357282079325623e-08,budget_22_broad_high_cond,multi-hole,1,budget_22_broad_high_cond,multi-hole,0,0.0,0.0,0.0,1.0,budget_22_broad_high_cond|multi-hole|1,budget_22_broad_high_cond|multi-hole|0,1_1,-0.689700722662991,0,0.0,0.9957945328927605,0.4338308457711443,0.0,optimization-limited zone,1_1,-0.689700722662991,1,0.31044527673741157,0.29828777410633817,0.3333333333333333,0.31044527673741157,effective-collapse zone,0.0,0.0,0.0,1.0
Base summary,221,4,1.3162293780726078e-08,budget_22_broad_high_cond,multi-hole,1,budget_22_broad_high_cond,spiral,3,1.0,0.0,1.0,0.0,budget_22_broad_high_cond|multi-hole|1,budget_22_broad_high_cond|spiral|3,1_1,-0.689700722662991,0,0.0,0.9957945328927605,0.4338308457711443,0.0,optimization-limited zone,1_1,-0.3289846515378983,1,0.26133999167707034,0.7762090717933313,0.4746268656716418,0.26133999167707034,optimization-limited zone,0.0,0.3607160711250927,0.0,1.0
Base summary,221,5,1.3400965689107136e-08,budget_22_broad_high_cond,multi-hole,1,budget_22_broad_high_cond,spiral,2,1.0,0.0,1.0,1.0,budget_22_broad_high_cond|multi-hole|1,budget_22_broad_high_cond|spiral|2,1_1,-0.689700722662991,0,0.0,0.9957945328927605,0.4338308457711443,0.0,optimization-limited zone,1_1,-0.3289846515378983,0,0.3736995422388681,0.12436167017122257,0.7671641791044777,0.3736995422388681,decision-fragile zone,0.0,0.3607160711250927,0.0,0.0
Base summary,222,1,3.409934042913561e-09,budget_22_broad_high_cond,multi-hole,2,budget_22_broad_high_cond,multi-hole,3,0.0,0.0,0.0,1.0,budget_22_broad_high_cond|multi-hole|2,budget_22_broad_high_cond|multi-hole|3,1_1,-0.689700722662991,1,0.4752392842280483,0.5052568338840492,0.5203980099502487,0.4752392842280483,effective-collapse zone,1_1,-0.689700722662991,0,0.41614648356221395,0.8969660558726344,0.5293532338308456,0.41614648356221395,optimization-limited zone,0.0,0.0,0.0,1.0
Base summary,222,2,5.245944462898506e-09,budget_22_broad_high_cond,multi-hole,2,budget_22_broad_high_cond,multi-hole,1,0.0,0.0,0.0,1.0,budget_22_broad_high_cond|multi-hole|2,budget_22_broad_high_cond|multi-hole|1,1_1,-0.689700722662991,1,0.4752392842280483,0.5052568338840492,0.5203980099502487,0.4752392842280483,effective-collapse zone,1_1,-0.689700722662991,0,0.0,0.9957945328927605,0.4338308457711443,0.0,optimization-limited zone,0.0,0.0,0.0,1.0
Base summary,222,3,6.467609369273715e-09,budget_22_broad_high_cond,multi-hole,2,budget_22_broad_high_cond,multi-hole,0,0.0,0.0,0.0,0.0,budget_22_broad_high_cond|multi-hole|2,budget_22_broad_high_cond|multi-hole|0,1_1,-0.689700722662991,1,0.4752392842280483,0.5052568338840492,0.5203980099502487,0.4752392842280483,effective-collapse zone,1_1,-0.689700722662991,1,0.31044527673741157,0.29828777410633817,0.3333333333333333,0.31044527673741157,effective-collapse zone,0.0,0.0,0.0,0.0
Base summary,222,4,9.730967030823981e-09,budget_22_broad_high_cond,multi-hole,2,budget_22_broad_high_cond,spiral,2,1.0,0.0,1.0,0.0,budget_22_broad_high_cond|multi-hole|2,budget_22_broad_high_cond|spiral|2,1_1,-0.689700722662991,1,0.4752392842280483,0.5052568338840492,0.5203980099502487,0.4752392842280483,effective-collapse zone,1_1,-0.3289846515378983,0,0.3736995422388681,0.12436167017122257,0.7671641791044777,0.3736995422388681,decision-fragile zone,0.0,0.3607160711250927,0.0,1.0
Base summary,222,5,1.0004868023416006e-08,budget_22_broad_high_cond,multi-hole,2,budget_22_broad_high_cond,spiral,3,1.0,0.0,1.0,1.0,budget_22_broad_high_cond|multi-hole|2,budget_22_broad_high_cond|spiral|3,1_1,-0.689700722662991,1,0.4752392842280483,0.5052568338840492,0.5203980099502487,0.4752392842280483,effective-collapse zone,1_1,-0.3289846515378983,1,0.26133999167707034,0.7762090717933313,0.4746268656716418,0.26133999167707034,optimization-limited zone,0.0,0.3607160711250927,0.0,0.0
Base summary,223,1,3.409934042913561e-09,budget_22_broad_high_cond,multi-hole,3,budget_22_broad_high_cond,multi-hole,2,0.0,0.0,0.0,1.0,budget_22_broad_high_cond|multi-hole|3,budget_22_broad_high_cond|multi-hole|2,1_1,-0.689700722662991,0,0.41614648356221395,0.8969660558726344,0.5293532338308456,0.41614648356221395,optimization-limited zone,1_1,-0.689700722662991,1,0.4752392842280483,0.5052568338840492,0.5203980099502487,0.4752392842280483,effective-collapse zone,0.0,0.0,0.0,1.0
Base summary,223,2,4.825130633688541e-09,budget_22_broad_high_cond,multi-hole,3,budget_22_broad_high_cond,multi-hole,1,0.0,0.0,0.0,0.0,budget_22_broad_high_cond|multi-hole|3,budget_22_broad_high_cond|multi-hole|1,1_1,-0.689700722662991,0,0.41614648356221395,0.8969660558726344,0.5293532338308456,0.41614648356221395,optimization-limited zone,1_1,-0.689700722662991,0,0.0,0.9957945328927605,0.4338308457711443,0.0,optimization-limited zone,0.0,0.0,0.0,0.0
Base summary,223,3,9.771058290256389e-09,budget_22_broad_high_cond,multi-hole,3,budget_22_broad_high_cond,multi-hole,0,0.0,0.0,0.0,1.0,budget_22_broad_high_cond|multi-hole|3,budget_22_broad_high_cond|multi-hole|0,1_1,-0.689700722662991,0,0.41614648356221395,0.8969660558726344,0.5293532338308456,0.41614648356221395,optimization-limited zone,1_1,-0.689700722662991,1,0.31044527673741157,0.29828777410633817,0.3333333333333333,0.31044527673741157,effective-collapse zone,0.0,0.0,0.0,1.0
Base summary,223,4,1.0221090063094316e-08,budget_22_broad_high_cond,multi-hole,3,budget_22_broad_high_cond,spiral,2,1.0,0.0,1.0,1.0,budget_22_broad_high_cond|multi-hole|3,budget_22_broad_high_cond|spiral|2,1_1,-0.689700722662991,0,0.41614648356221395,0.8969660558726344,0.5293532338308456,0.41614648356221395,optimization-limited zone,1_1,-0.3289846515378983,0,0.3736995422388681,0.12436167017122257,0.7671641791044777,0.3736995422388681,decision-fragile zone,0.0,0.3607160711250927,0.0,0.0
Base summary,223,5,1.0473344925084521e-08,budget_22_broad_high_cond,multi-hole,3,budget_22_broad_high_cond,spiral,3,1.0,0.0,1.0,0.0,budget_22_broad_high_cond|multi-hole|3,budget_22_broad_high_cond|spiral|3,1_1,-0.689700722662991,0,0.41614648356221395,0.8969660558726344,0.5293532338308456,0.41614648356221395,optimization-limited zone,1_1,-0.3289846515378983,1,0.26133999167707034,0.7762090717933313,0.4746268656716418,0.26133999167707034,optimization-limited zone,0.0,0.3607160711250927,0.0,1.0
Base summary,224,1,3.2397094843701804e-09,budget_22_broad_high_cond,nested-rings,0,budget_22_broad_high_cond,nested-rings,2,0.0,0.0,0.0,0.0,budget_22_broad_high_cond|nested-rings|0,budget_22_broad_high_cond|nested-rings|2,1_1,-0.20273546129123288,1,0.33541406575114446,0.12796635626314207,0.37711442786069654,0.33541406575114446,effective-collapse zone,1_1,-0.20273546129123288,1,0.3945068664169788,0.1441874436767798,0.3681592039800995,0.3945068664169788,effective-collapse zone,0.0,0.0,0.0,0.0
Base summary,224,2,5.5155106541726265e-09,budget_22_broad_high_cond,nested-rings,0,budget_22_broad_high_cond,nested-rings,3,0.0,0.0,0.0,1.0,budget_22_broad_high_cond|nested-rings|0,budget_22_broad_high_cond|nested-rings|3,1_1,-0.20273546129123288,1,0.33541406575114446,0.12796635626314207,0.37711442786069654,0.33541406575114446,effective-collapse zone,1_1,-0.20273546129123288,0,0.26799833541406576,0.6299188945629316,0.5223880597014924,0.26799833541406576,optimization-limited zone,0.0,0.0,0.0,1.0
Base summary,224,3,1.0478948917320364e-08,budget_22_broad_high_cond,nested-rings,0,budget_22_broad_high_cond,nested-rings,1,0.0,0.0,0.0,1.0,budget_22_broad_high_cond|nested-rings|0,budget_22_broad_high_cond|nested-rings|1,1_1,-0.20273546129123288,1,0.33541406575114446,0.12796635626314207,0.37711442786069654,0.33541406575114446,effective-collapse zone,1_1,-0.20273546129123288,0,0.27049521431543905,0.7909282066686691,0.5631840796019901,0.27049521431543905,optimization-limited zone,0.0,0.0,0.0,1.0
Base summary,224,4,1.7052757911787652e-08,budget_22_broad_high_cond,nested-rings,0,budget_22_broad_high_cond,multi-hole,1,1.0,0.0,1.0,1.0,budget_22_broad_high_cond|nested-rings|0,budget_22_broad_high_cond|multi-hole|1,1_1,-0.20273546129123288,1,0.33541406575114446,0.12796635626314207,0.37711442786069654,0.33541406575114446,effective-collapse zone,1_1,-0.689700722662991,0,0.0,0.9957945328927605,0.4338308457711443,0.0,optimization-limited zone,0.0,0.4869652613717581,0.0,1.0
Base summary,224,5,1.9454390789864016e-08,budget_22_broad_high_cond,nested-rings,0,budget_22_broad_high_cond,multi-hole,3,1.0,0.0,1.0,1.0,budget_22_broad_high_cond|nested-rings|0,budget_22_broad_high_cond|multi-hole|3,1_1,-0.20273546129123288,1,0.33541406575114446,0.12796635626314207,0.37711442786069654,0.33541406575114446,effective-collapse zone,1_1,-0.689700722662991,0,0.41614648356221395,0.8969660558726344,0.5293532338308456,0.41614648356221395,optimization-limited zone,0.0,0.4869652613717581,0.0,1.0
Base summary,225,1,1.0478948917320364e-08,budget_22_broad_high_cond,nested-rings,1,budget_22_broad_high_cond,nested-rings,0,0.0,0.0,0.0,1.0,budget_22_broad_high_cond|nested-rings|1,budget_22_broad_high_cond|nested-rings|0,1_1,-0.20273546129123288,0,0.27049521431543905,0.7909282066686691,0.5631840796019901,0.27049521431543905,optimization-limited zone,1_1,-0.20273546129123288,1,0.33541406575114446,0.12796635626314207,0.37711442786069654,0.33541406575114446,effective-collapse zone,0.0,0.0,0.0,1.0
Base summary,225,2,1.1538538174697222e-08,budget_22_broad_high_cond,nested-rings,1,budget_22_broad_high_cond,nested-rings,2,0.0,0.0,0.0,1.0,budget_22_broad_high_cond|nested-rings|1,budget_22_broad_high_cond|nested-rings|2,1_1,-0.20273546129123288,0,0.27049521431543905,0.7909282066686691,0.5631840796019901,0.27049521431543905,optimization-limited zone,1_1,-0.20273546129123288,1,0.3945068664169788,0.1441874436767798,0.3681592039800995,0.3945068664169788,effective-collapse zone,0.0,0.0,0.0,1.0
Base summary,225,3,1.2323760332093453e-08,budget_22_broad_high_cond,nested-rings,1,budget_22_broad_high_cond,nested-rings,3,0.0,0.0,0.0,0.0,budget_22_broad_high_cond|nested-rings|1,budget_22_broad_high_cond|nested-rings|3,1_1,-0.20273546129123288,0,0.27049521431543905,0.7909282066686691,0.5631840796019901,0.27049521431543905,optimization-limited zone,1_1,-0.20273546129123288,0,0.26799833541406576,0.6299188945629316,0.5223880597014924,0.26799833541406576,optimization-limited zone,0.0,0.0,0.0,0.0
Base summary,225,4,2.6576760171843818e-08,budget_22_broad_high_cond,nested-rings,1,budget_22_broad_high_cond,multi-hole,1,1.0,0.0,1.0,0.0,budget_22_broad_high_cond|nested-rings|1,budget_22_broad_high_cond|multi-hole|1,1_1,-0.20273546129123288,0,0.27049521431543905,0.7909282066686691,0.5631840796019901,0.27049521431543905,optimization-limited zone,1_1,-0.689700722662991,0,0.0,0.9957945328927605,0.4338308457711443,0.0,optimization-limited zone,0.0,0.4869652613717581,0.0,0.0
Base summary,225,5,2.792352245817348e-08,budget_22_broad_high_cond,nested-rings,1,budget_22_broad_high_cond,multi-hole,3,1.0,0.0,1.0,0.0,budget_22_broad_high_cond|nested-rings|1,budget_22_broad_high_cond|multi-hole|3,1_1,-0.20273546129123288,0,0.27049521431543905,0.7909282066686691,0.5631840796019901,0.27049521431543905,optimization-limited zone,1_1,-0.689700722662991,0,0.41614648356221395,0.8969660558726344,0.5293532338308456,0.41614648356221395,optimization-limited zone,0.0,0.4869652613717581,0.0,0.0
Base summary,226,1,2.494796934037965e-09,budget_22_broad_high_cond,nested-rings,2,budget_22_broad_high_cond,nested-rings,3,0.0,0.0,0.0,1.0,budget_22_broad_high_cond|nested-rings|2,budget_22_broad_high_cond|nested-rings|3,1_1,-0.20273546129123288,1,0.3945068664169788,0.1441874436767798,0.3681592039800995,0.3945068664169788,effective-collapse zone,1_1,-0.20273546129123288,0,0.26799833541406576,0.6299188945629316,0.5223880597014924,0.26799833541406576,optimization-limited zone,0.0,0.0,0.0,1.0
Base summary,226,2,3.2397094843701804e-09,budget_22_broad_high_cond,nested-rings,2,budget_22_broad_high_cond,nested-rings,0,0.0,0.0,0.0,0.0,budget_22_broad_high_cond|nested-rings|2,budget_22_broad_high_cond|nested-rings|0,1_1,-0.20273546129123288,1,0.3945068664169788,0.1441874436767798,0.3681592039800995,0.3945068664169788,effective-collapse zone,1_1,-0.20273546129123288,1,0.33541406575114446,0.12796635626314207,0.37711442786069654,0.33541406575114446,effective-collapse zone,0.0,0.0,0.0,0.0
Base summary,226,3,1.1538538174697222e-08,budget_22_broad_high_cond,nested-rings,2,budget_22_broad_high_cond,nested-rings,1,0.0,0.0,0.0,1.0,budget_22_broad_high_cond|nested-rings|2,budget_22_broad_high_cond|nested-rings|1,1_1,-0.20273546129123288,1,0.3945068664169788,0.1441874436767798,0.3681592039800995,0.3945068664169788,effective-collapse zone,1_1,-0.20273546129123288,0,0.27049521431543905,0.7909282066686691,0.5631840796019901,0.27049521431543905,optimization-limited zone,0.0,0.0,0.0,1.0
Base summary,226,4,1.6424846207430683e-08,budget_22_broad_high_cond,nested-rings,2,budget_22_broad_high_cond,multi-hole,1,1.0,0.0,1.0,1.0,budget_22_broad_high_cond|nested-rings|2,budget_22_broad_high_cond|multi-hole|1,1_1,-0.20273546129123288,1,0.3945068664169788,0.1441874436767798,0.3681592039800995,0.3945068664169788,effective-collapse zone,1_1,-0.689700722662991,0,0.0,0.9957945328927605,0.4338308457711443,0.0,optimization-limited zone,0.0,0.4869652613717581,0.0,1.0
Base summary,226,5,1.8772498919114512e-08,budget_22_broad_high_cond,nested-rings,2,budget_22_broad_high_cond,multi-hole,3,1.0,0.0,1.0,1.0,budget_22_broad_high_cond|nested-rings|2,budget_22_broad_high_cond|multi-hole|3,1_1,-0.20273546129123288,1,0.3945068664169788,0.1441874436767798,0.3681592039800995,0.3945068664169788,effective-collapse zone,1_1,-0.689700722662991,0,0.41614648356221395,0.8969660558726344,0.5293532338308456,0.41614648356221395,optimization-limited zone,0.0,0.4869652613717581,0.0,1.0
Base summary,227,1,2.494796934037965e-09,budget_22_broad_high_cond,nested-rings,3,budget_22_broad_high_cond,nested-rings,2,0.0,0.0,0.0,1.0,budget_22_broad_high_cond|nested-rings|3,budget_22_broad_high_cond|nested-rings|2,1_1,-0.20273546129123288,0,0.26799833541406576,0.6299188945629316,0.5223880597014924,0.26799833541406576,optimization-limited zone,1_1,-0.20273546129123288,1,0.3945068664169788,0.1441874436767798,0.3681592039800995,0.3945068664169788,effective-collapse zone,0.0,0.0,0.0,1.0
Base summary,227,2,5.5155106541726265e-09,budget_22_broad_high_cond,nested-rings,3,budget_22_broad_high_cond,nested-rings,0,0.0,0.0,0.0,1.0,budget_22_broad_high_cond|nested-rings|3,budget_22_broad_high_cond|nested-rings|0,1_1,-0.20273546129123288,0,0.26799833541406576,0.6299188945629316,0.5223880597014924,0.26799833541406576,optimization-limited zone,1_1,-0.20273546129123288,1,0.33541406575114446,0.12796635626314207,0.37711442786069654,0.33541406575114446,effective-collapse zone,0.0,0.0,0.0,1.0
Base summary,227,3,1.2323760332093453e-08,budget_22_broad_high_cond,nested-rings,3,budget_22_broad_high_cond,nested-rings,1,0.0,0.0,0.0,0.0,budget_22_broad_high_cond|nested-rings|3,budget_22_broad_high_cond|nested-rings|1,1_1,-0.20273546129123288,0,0.26799833541406576,0.6299188945629316,0.5223880597014924,0.26799833541406576,optimization-limited zone,1_1,-0.20273546129123288,0,0.27049521431543905,0.7909282066686691,0.5631840796019901,0.27049521431543905,optimization-limited zone,0.0,0.0,0.0,0.0
Base summary,227,4,1.6150111789492075e-08,budget_22_broad_high_cond,nested-rings,3,budget_22_broad_high_cond,multi-hole,1,1.0,0.0,1.0,0.0,budget_22_broad_high_cond|nested-rings|3,budget_22_broad_high_cond|multi-hole|1,1_1,-0.20273546129123288,0,0.26799833541406576,0.6299188945629316,0.5223880597014924,0.26799833541406576,optimization-limited zone,1_1,-0.689700722662991,0,0.0,0.9957945328927605,0.4338308457711443,0.0,optimization-limited zone,0.0,0.4869652613717581,0.0,0.0
Base summary,227,5,1.8104163507704835e-08,budget_22_broad_high_cond,nested-rings,3,budget_22_broad_high_cond,multi-hole,3,1.0,0.0,1.0,0.0,budget_22_broad_high_cond|nested-rings|3,budget_22_broad_high_cond|multi-hole|3,1_1,-0.20273546129123288,0,0.26799833541406576,0.6299188945629316,0.5223880597014924,0.26799833541406576,optimization-limited zone,1_1,-0.689700722662991,0,0.41614648356221395,0.8969660558726344,0.5293532338308456,0.41614648356221395,optimization-limited zone,0.0,0.4869652613717581,0.0,0.0
Base summary,228,1,2.8599920832422402e-09,budget_22_broad_high_cond,pinwheel,0,budget_22_broad_high_cond,pinwheel,3,0.0,0.0,0.0,1.0,budget_22_broad_high_cond|pinwheel|0,budget_22_broad_high_cond|pinwheel|3,1_1,0.22351500627580145,0,0.5509779442363713,0.44848302793631706,0.8139303482587064,0.5509779442363713,decision-fragile zone,1_1,0.22351500627580145,1,0.6267166042446942,0.8170621808350855,0.5044776119402984,0.6267166042446942,optimization-limited zone,0.0,0.0,0.0,1.0
Base summary,228,2,3.164311467977937e-09,budget_22_broad_high_cond,pinwheel,0,budget_22_broad_high_cond,pinwheel,1,0.0,0.0,0.0,1.0,budget_22_broad_high_cond|pinwheel|0,budget_22_broad_high_cond|pinwheel|1,1_1,0.22351500627580145,0,0.5509779442363713,0.44848302793631706,0.8139303482587064,0.5509779442363713,decision-fragile zone,1_1,0.22351500627580145,1,0.8747399084477736,0.7500750976269149,1.0,0.8747399084477736,decision-fragile zone,0.0,0.0,0.0,1.0
Base summary,228,3,7.773468421411231e-09,budget_22_broad_high_cond,pinwheel,0,budget_22_broad_high_cond,pinwheel,2,1.0,1.0,0.0,0.0,budget_22_broad_high_cond|pinwheel|0,budget_22_broad_high_cond|pinwheel|2,1_1,0.22351500627580145,0,0.5509779442363713,0.44848302793631706,0.8139303482587064,0.5509779442363713,decision-fragile zone,1_1,0.22351500627580145,0,0.44028297960882234,0.5500150195253829,0.8039800995024875,0.44028297960882234,decision-fragile zone,0.0,0.0,0.0,0.0
Base summary,228,4,1.0502186332272376e-08,budget_22_broad_high_cond,pinwheel,0,budget_22_broad_high_cond,multi-hole,0,0.0,1.0,1.0,0.0,budget_22_broad_high_cond|pinwheel|0,budget_22_broad_high_cond|multi-hole|0,1_1,0.22351500627580145,0,0.5509779442363713,0.44848302793631706,0.8139303482587064,0.5509779442363713,decision-fragile zone,1_1,-0.689700722662991,1,0.31044527673741157,0.29828777410633817,0.3333333333333333,0.31044527673741157,effective-collapse zone,0.0,0.9132157289387924,1.0,1.0
Base summary,228,5,1.2446696302750756e-08,budget_22_broad_high_cond,pinwheel,0,budget_22_broad_high_cond,spiral,1,1.0,1.0,1.0,1.0,budget_22_broad_high_cond|pinwheel|0,budget_22_broad_high_cond|spiral|1,1_1,0.22351500627580145,0,0.5509779442363713,0.44848302793631706,0.8139303482587064,0.5509779442363713,decision-fragile zone,1_1,-0.3289846515378983,1,0.045776113191843534,0.5019525382997896,0.6009950248756218,0.045776113191843534,optimization-limited zone,0.0,0.5524996578136998,1.0,1.0
Base summary,229,1,1.4419616590539422e-09,budget_22_broad_high_cond,pinwheel,1,budget_22_broad_high_cond,pinwheel,3,0.0,0.0,0.0,0.0,budget_22_broad_high_cond|pinwheel|1,budget_22_broad_high_cond|pinwheel|3,1_1,0.22351500627580145,1,0.8747399084477736,0.7500750976269149,1.0,0.8747399084477736,decision-fragile zone,1_1,0.22351500627580145,1,0.6267166042446942,0.8170621808350855,0.5044776119402984,0.6267166042446942,optimization-limited zone,0.0,0.0,0.0,0.0
Base summary,229,2,3.164311467977937e-09,budget_22_broad_high_cond,pinwheel,1,budget_22_broad_high_cond,pinwheel,0,0.0,0.0,0.0,1.0,budget_22_broad_high_cond|pinwheel|1,budget_22_broad_high_cond|pinwheel|0,1_1,0.22351500627580145,1,0.8747399084477736,0.7500750976269149,1.0,0.8747399084477736,decision-fragile zone,1_1,0.22351500627580145,0,0.5509779442363713,0.44848302793631706,0.8139303482587064,0.5509779442363713,decision-fragile zone,0.0,0.0,0.0,1.0
Base summary,229,3,6.957088474435281e-09,budget_22_broad_high_cond,pinwheel,1,budget_22_broad_high_cond,pinwheel,2,1.0,1.0,0.0,1.0,budget_22_broad_high_cond|pinwheel|1,budget_22_broad_high_cond|pinwheel|2,1_1,0.22351500627580145,1,0.8747399084477736,0.7500750976269149,1.0,0.8747399084477736,decision-fragile zone,1_1,0.22351500627580145,0,0.44028297960882234,0.5500150195253829,0.8039800995024875,0.44028297960882234,decision-fragile zone,0.0,0.0,0.0,1.0
Base summary,229,4,9.690999277138646e-09,budget_22_broad_high_cond,pinwheel,1,budget_22_broad_high_cond,spiral,1,1.0,1.0,1.0,0.0,budget_22_broad_high_cond|pinwheel|1,budget_22_broad_high_cond|spiral|1,1_1,0.22351500627580145,1,0.8747399084477736,0.7500750976269149,1.0,0.8747399084477736,decision-fragile zone,1_1,-0.3289846515378983,1,0.045776113191843534,0.5019525382997896,0.6009950248756218,0.045776113191843534,optimization-limited zone,0.0,0.5524996578136998,1.0,0.0
Base summary,229,5,1.1070234948729152e-08,budget_22_broad_high_cond,pinwheel,1,budget_22_broad_high_cond,multi-hole,0,0.0,1.0,1.0,1.0,budget_22_broad_high_cond|pinwheel|1,budget_22_broad_high_cond|multi-hole|0,1_1,0.22351500627580145,1,0.8747399084477736,0.7500750976269149,1.0,0.8747399084477736,decision-fragile zone,1_1,-0.689700722662991,1,0.31044527673741157,0.29828777410633817,0.3333333333333333,0.31044527673741157,effective-collapse zone,0.0,0.9132157289387924,1.0,0.0
Base summary,230,1,5.7428609199489685e-09,budget_22_broad_high_cond,pinwheel,2,budget_22_broad_high_cond,pinwheel,3,1.0,1.0,0.0,1.0,budget_22_broad_high_cond|pinwheel|2,budget_22_broad_high_cond|pinwheel|3,1_1,0.22351500627580145,0,0.44028297960882234,0.5500150195253829,0.8039800995024875,0.44028297960882234,decision-fragile zone,1_1,0.22351500627580145,1,0.6267166042446942,0.8170621808350855,0.5044776119402984,0.6267166042446942,optimization-limited zone,0.0,0.0,0.0,1.0
Base summary,230,2,5.986090505361287e-09,budget_22_broad_high_cond,pinwheel,2,budget_22_broad_high_cond,multi-hole,0,1.0,0.0,1.0,0.0,budget_22_broad_high_cond|pinwheel|2,budget_22_broad_high_cond|multi-hole|0,1_1,0.22351500627580145,0,0.44028297960882234,0.5500150195253829,0.8039800995024875,0.44028297960882234,decision-fragile zone,1_1,-0.689700722662991,1,0.31044527673741157,0.29828777410633817,0.3333333333333333,0.31044527673741157,effective-collapse zone,0.0,0.9132157289387924,1.0,1.0
Base summary,230,3,6.957088474435281e-09,budget_22_broad_high_cond,pinwheel,2,budget_22_broad_high_cond,pinwheel,1,1.0,1.0,0.0,1.0,budget_22_broad_high_cond|pinwheel|2,budget_22_broad_high_cond|pinwheel|1,1_1,0.22351500627580145,0,0.44028297960882234,0.5500150195253829,0.8039800995024875,0.44028297960882234,decision-fragile zone,1_1,0.22351500627580145,1,0.8747399084477736,0.7500750976269149,1.0,0.8747399084477736,decision-fragile zone,0.0,0.0,0.0,1.0
Base summary,230,4,7.773468421411231e-09,budget_22_broad_high_cond,pinwheel,2,budget_22_broad_high_cond,pinwheel,0,1.0,1.0,0.0,0.0,budget_22_broad_high_cond|pinwheel|2,budget_22_broad_high_cond|pinwheel|0,1_1,0.22351500627580145,0,0.44028297960882234,0.5500150195253829,0.8039800995024875,0.44028297960882234,decision-fragile zone,1_1,0.22351500627580145,0,0.5509779442363713,0.44848302793631706,0.8139303482587064,0.5509779442363713,decision-fragile zone,0.0,0.0,0.0,0.0
Base summary,230,5,8.425645757809524e-09,budget_22_broad_high_cond,pinwheel,2,budget_22_broad_high_cond,spiral,1,0.0,0.0,1.0,1.0,budget_22_broad_high_cond|pinwheel|2,budget_22_broad_high_cond|spiral|1,1_1,0.22351500627580145,0,0.44028297960882234,0.5500150195253829,0.8039800995024875,0.44028297960882234,decision-fragile zone,1_1,-0.3289846515378983,1,0.045776113191843534,0.5019525382997896,0.6009950248756218,0.045776113191843534,optimization-limited zone,0.0,0.5524996578136998,1.0,1.0
Base summary,231,1,1.4419616590539422e-09,budget_22_broad_high_cond,pinwheel,3,budget_22_broad_high_cond,pinwheel,1,0.0,0.0,0.0,0.0,budget_22_broad_high_cond|pinwheel|3,budget_22_broad_high_cond|pinwheel|1,1_1,0.22351500627580145,1,0.6267166042446942,0.8170621808350855,0.5044776119402984,0.6267166042446942,optimization-limited zone,1_1,0.22351500627580145,1,0.8747399084477736,0.7500750976269149,1.0,0.8747399084477736,decision-fragile zone,0.0,0.0,0.0,0.0
Base summary,231,2,2.8599920832422402e-09,budget_22_broad_high_cond,pinwheel,3,budget_22_broad_high_cond,pinwheel,0,0.0,0.0,0.0,1.0,budget_22_broad_high_cond|pinwheel|3,budget_22_broad_high_cond|pinwheel|0,1_1,0.22351500627580145,1,0.6267166042446942,0.8170621808350855,0.5044776119402984,0.6267166042446942,optimization-limited zone,1_1,0.22351500627580145,0,0.5509779442363713,0.44848302793631706,0.8139303482587064,0.5509779442363713,decision-fragile zone,0.0,0.0,0.0,1.0
Base summary,231,3,5.7428609199489685e-09,budget_22_broad_high_cond,pinwheel,3,budget_22_broad_high_cond,pinwheel,2,1.0,1.0,0.0,1.0,budget_22_broad_high_cond|pinwheel|3,budget_22_broad_high_cond|pinwheel|2,1_1,0.22351500627580145,1,0.6267166042446942,0.8170621808350855,0.5044776119402984,0.6267166042446942,optimization-limited zone,1_1,0.22351500627580145,0,0.44028297960882234,0.5500150195253829,0.8039800995024875,0.44028297960882234,decision-fragile zone,0.0,0.0,0.0,1.0
Base summary,231,4,9.731315463956851e-09,budget_22_broad_high_cond,pinwheel,3,budget_22_broad_high_cond,spiral,1,1.0,1.0,1.0,0.0,budget_22_broad_high_cond|pinwheel|3,budget_22_broad_high_cond|spiral|1,1_1,0.22351500627580145,1,0.6267166042446942,0.8170621808350855,0.5044776119402984,0.6267166042446942,optimization-limited zone,1_1,-0.3289846515378983,1,0.045776113191843534,0.5019525382997896,0.6009950248756218,0.045776113191843534,optimization-limited zone,0.0,0.5524996578136998,1.0,0.0
Base summary,231,5,9.810675208720836e-09,budget_22_broad_high_cond,pinwheel,3,budget_22_broad_high_cond,multi-hole,0,0.0,1.0,1.0,1.0,budget_22_broad_high_cond|pinwheel|3,budget_22_broad_high_cond|multi-hole|0,1_1,0.22351500627580145,1,0.6267166042446942,0.8170621808350855,0.5044776119402984,0.6267166042446942,optimization-limited zone,1_1,-0.689700722662991,1,0.31044527673741157,0.29828777410633817,0.3333333333333333,0.31044527673741157,effective-collapse zone,0.0,0.9132157289387924,1.0,0.0
Base summary,232,1,3.958820478590524e-09,budget_22_broad_high_cond,spiral,0,budget_22_broad_high_cond,spiral,3,0.0,0.0,0.0,1.0,budget_22_broad_high_cond|spiral|0,budget_22_broad_high_cond|spiral|3,1_1,-0.3289846515378983,0,0.3786933000416146,0.1619104836287173,0.7592039800995025,0.3786933000416146,decision-fragile zone,1_1,-0.3289846515378983,1,0.26133999167707034,0.7762090717933313,0.4746268656716418,0.26133999167707034,optimization-limited zone,0.0,0.0,0.0,1.0
Base summary,232,2,5.192420667830989e-09,budget_22_broad_high_cond,spiral,0,budget_22_broad_high_cond,spiral,2,0.0,0.0,0.0,0.0,budget_22_broad_high_cond|spiral|0,budget_22_broad_high_cond|spiral|2,1_1,-0.3289846515378983,0,0.3786933000416146,0.1619104836287173,0.7592039800995025,0.3786933000416146,decision-fragile zone,1_1,-0.3289846515378983,0,0.3736995422388681,0.12436167017122257,0.7671641791044777,0.3736995422388681,decision-fragile zone,0.0,0.0,0.0,0.0
Base summary,232,3,5.5517728127817415e-09,budget_22_broad_high_cond,spiral,0,budget_22_broad_high_cond,spiral,1,0.0,0.0,0.0,1.0,budget_22_broad_high_cond|spiral|0,budget_22_broad_high_cond|spiral|1,1_1,-0.3289846515378983,0,0.3786933000416146,0.1619104836287173,0.7592039800995025,0.3786933000416146,decision-fragile zone,1_1,-0.3289846515378983,1,0.045776113191843534,0.5019525382997896,0.6009950248756218,0.045776113191843534,optimization-limited zone,0.0,0.0,0.0,1.0
Base summary,232,4,8.64476769460271e-09,budget_22_broad_high_cond,spiral,0,budget_22_broad_high_cond,pinwheel,2,0.0,0.0,1.0,0.0,budget_22_broad_high_cond|spiral|0,budget_22_broad_high_cond|pinwheel|2,1_1,-0.3289846515378983,0,0.3786933000416146,0.1619104836287173,0.7592039800995025,0.3786933000416146,decision-fragile zone,1_1,0.22351500627580145,0,0.44028297960882234,0.5500150195253829,0.8039800995024875,0.44028297960882234,decision-fragile zone,0.0,0.5524996578136998,1.0,0.0
Base summary,232,5,1.0355478280941333e-08,budget_22_broad_high_cond,spiral,0,budget_22_broad_high_cond,multi-hole,0,1.0,0.0,1.0,0.0,budget_22_broad_high_cond|spiral|0,budget_22_broad_high_cond|multi-hole|0,1_1,-0.3289846515378983,0,0.3786933000416146,0.1619104836287173,0.7592039800995025,0.3786933000416146,decision-fragile zone,1_1,-0.689700722662991,1,0.31044527673741157,0.29828777410633817,0.3333333333333333,0.31044527673741157,effective-collapse zone,0.0,0.3607160711250927,0.0,1.0
Base summary,233,1,5.5517728127817415e-09,budget_22_broad_high_cond,spiral,1,budget_22_broad_high_cond,spiral,0,0.0,0.0,0.0,1.0,budget_22_broad_high_cond|spiral|1,budget_22_broad_high_cond|spiral|0,1_1,-0.3289846515378983,1,0.045776113191843534,0.5019525382997896,0.6009950248756218,0.045776113191843534,optimization-limited zone,1_1,-0.3289846515378983,0,0.3786933000416146,0.1619104836287173,0.7592039800995025,0.3786933000416146,decision-fragile zone,0.0,0.0,0.0,1.0
Base summary,233,2,8.425645757809524e-09,budget_22_broad_high_cond,spiral,1,budget_22_broad_high_cond,pinwheel,2,0.0,0.0,1.0,1.0,budget_22_broad_high_cond|spiral|1,budget_22_broad_high_cond|pinwheel|2,1_1,-0.3289846515378983,1,0.045776113191843534,0.5019525382997896,0.6009950248756218,0.045776113191843534,optimization-limited zone,1_1,0.22351500627580145,0,0.44028297960882234,0.5500150195253829,0.8039800995024875,0.44028297960882234,decision-fragile zone,0.0,0.5524996578136998,1.0,1.0
Base summary,233,3,9.36614127249098e-09,budget_22_broad_high_cond,spiral,1,budget_22_broad_high_cond,spiral,3,0.0,0.0,0.0,0.0,budget_22_broad_high_cond|spiral|1,budget_22_broad_high_cond|spiral|3,1_1,-0.3289846515378983,1,0.045776113191843534,0.5019525382997896,0.6009950248756218,0.045776113191843534,optimization-limited zone,1_1,-0.3289846515378983,1,0.26133999167707034,0.7762090717933313,0.4746268656716418,0.26133999167707034,optimization-limited zone,0.0,0.0,0.0,0.0
Base summary,233,4,9.690999277138646e-09,budget_22_broad_high_cond,spiral,1,budget_22_broad_high_cond,pinwheel,1,1.0,1.0,1.0,0.0,budget_22_broad_high_cond|spiral|1,budget_22_broad_high_cond|pinwheel|1,1_1,-0.3289846515378983,1,0.045776113191843534,0.5019525382997896,0.6009950248756218,0.045776113191843534,optimization-limited zone,1_1,0.22351500627580145,1,0.8747399084477736,0.7500750976269149,1.0,0.8747399084477736,decision-fragile zone,0.0,0.5524996578136998,1.0,0.0
Base summary,233,5,9.731315463956851e-09,budget_22_broad_high_cond,spiral,1,budget_22_broad_high_cond,pinwheel,3,1.0,1.0,1.0,0.0,budget_22_broad_high_cond|spiral|1,budget_22_broad_high_cond|pinwheel|3,1_1,-0.3289846515378983,1,0.045776113191843534,0.5019525382997896,0.6009950248756218,0.045776113191843534,optimization-limited zone,1_1,0.22351500627580145,1,0.6267166042446942,0.8170621808350855,0.5044776119402984,0.6267166042446942,optimization-limited zone,0.0,0.5524996578136998,1.0,0.0
Base summary,234,1,1.7191479050356495e-09,budget_22_broad_high_cond,spiral,2,budget_22_broad_high_cond,spiral,3,0.0,0.0,0.0,1.0,budget_22_broad_high_cond|spiral|2,budget_22_broad_high_cond|spiral|3,1_1,-0.3289846515378983,0,0.3736995422388681,0.12436167017122257,0.7671641791044777,0.3736995422388681,decision-fragile zone,1_1,-0.3289846515378983,1,0.26133999167707034,0.7762090717933313,0.4746268656716418,0.26133999167707034,optimization-limited zone,0.0,0.0,0.0,1.0
Base summary,234,2,5.192420667830989e-09,budget_22_broad_high_cond,spiral,2,budget_22_broad_high_cond,spiral,0,0.0,0.0,0.0,0.0,budget_22_broad_high_cond|spiral|2,budget_22_broad_high_cond|spiral|0,1_1,-0.3289846515378983,0,0.3736995422388681,0.12436167017122257,0.7671641791044777,0.3736995422388681,decision-fragile zone,1_1,-0.3289846515378983,0,0.3786933000416146,0.1619104836287173,0.7592039800995025,0.3786933000416146,decision-fragile zone,0.0,0.0,0.0,0.0
Base summary,234,3,9.730967030823981e-09,budget_22_broad_high_cond,spiral,2,budget_22_broad_high_cond,multi-hole,2,1.0,0.0,1.0,0.0,budget_22_broad_high_cond|spiral|2,budget_22_broad_high_cond|multi-hole|2,1_1,-0.3289846515378983,0,0.3736995422388681,0.12436167017122257,0.7671641791044777,0.3736995422388681,decision-fragile zone,1_1,-0.689700722662991,1,0.4752392842280483,0.5052568338840492,0.5203980099502487,0.4752392842280483,effective-collapse zone,0.0,0.3607160711250927,0.0,1.0
Base summary,234,4,1.0106149352729817e-08,budget_22_broad_high_cond,spiral,2,budget_22_broad_high_cond,multi-hole,0,1.0,0.0,1.0,0.0,budget_22_broad_high_cond|spiral|2,budget_22_broad_high_cond|multi-hole|0,1_1,-0.3289846515378983,0,0.3736995422388681,0.12436167017122257,0.7671641791044777,0.3736995422388681,decision-fragile zone,1_1,-0.689700722662991,1,0.31044527673741157,0.29828777410633817,0.3333333333333333,0.31044527673741157,effective-collapse zone,0.0,0.3607160711250927,0.0,1.0
Base summary,234,5,1.0221090063094316e-08,budget_22_broad_high_cond,spiral,2,budget_22_broad_high_cond,multi-hole,3,1.0,0.0,1.0,1.0,budget_22_broad_high_cond|spiral|2,budget_22_broad_high_cond|multi-hole|3,1_1,-0.3289846515378983,0,0.3736995422388681,0.12436167017122257,0.7671641791044777,0.3736995422388681,decision-fragile zone,1_1,-0.689700722662991,0,0.41614648356221395,0.8969660558726344,0.5293532338308456,0.41614648356221395,optimization-limited zone,0.0,0.3607160711250927,0.0,0.0
Base summary,235,1,1.7191479050356495e-09,budget_22_broad_high_cond,spiral,3,budget_22_broad_high_cond,spiral,2,0.0,0.0,0.0,1.0,budget_22_broad_high_cond|spiral|3,budget_22_broad_high_cond|spiral|2,1_1,-0.3289846515378983,1,0.26133999167707034,0.7762090717933313,0.4746268656716418,0.26133999167707034,optimization-limited zone,1_1,-0.3289846515378983,0,0.3736995422388681,0.12436167017122257,0.7671641791044777,0.3736995422388681,decision-fragile zone,0.0,0.0,0.0,1.0
Base summary,235,2,3.958820478590524e-09,budget_22_broad_high_cond,spiral,3,budget_22_broad_high_cond,spiral,0,0.0,0.0,0.0,1.0,budget_22_broad_high_cond|spiral|3,budget_22_broad_high_cond|spiral|0,1_1,-0.3289846515378983,1,0.26133999167707034,0.7762090717933313,0.4746268656716418,0.26133999167707034,optimization-limited zone,1_1,-0.3289846515378983,0,0.3786933000416146,0.1619104836287173,0.7592039800995025,0.3786933000416146,decision-fragile zone,0.0,0.0,0.0,1.0
Base summary,235,3,9.36614127249098e-09,budget_22_broad_high_cond,spiral,3,budget_22_broad_high_cond,spiral,1,0.0,0.0,0.0,0.0,budget_22_broad_high_cond|spiral|3,budget_22_broad_high_cond|spiral|1,1_1,-0.3289846515378983,1,0.26133999167707034,0.7762090717933313,0.4746268656716418,0.26133999167707034,optimization-limited zone,1_1,-0.3289846515378983,1,0.045776113191843534,0.5019525382997896,0.6009950248756218,0.045776113191843534,optimization-limited zone,0.0,0.0,0.0,0.0
Base summary,235,4,1.0004868023416006e-08,budget_22_broad_high_cond,spiral,3,budget_22_broad_high_cond,multi-hole,2,1.0,0.0,1.0,1.0,budget_22_broad_high_cond|spiral|3,budget_22_broad_high_cond|multi-hole|2,1_1,-0.3289846515378983,1,0.26133999167707034,0.7762090717933313,0.4746268656716418,0.26133999167707034,optimization-limited zone,1_1,-0.689700722662991,1,0.4752392842280483,0.5052568338840492,0.5203980099502487,0.4752392842280483,effective-collapse zone,0.0,0.3607160711250927,0.0,0.0
Base summary,235,5,1.0306998309586211e-08,budget_22_broad_high_cond,spiral,3,budget_22_broad_high_cond,multi-hole,0,1.0,0.0,1.0,1.0,budget_22_broad_high_cond|spiral|3,budget_22_broad_high_cond|multi-hole|0,1_1,-0.3289846515378983,1,0.26133999167707034,0.7762090717933313,0.4746268656716418,0.26133999167707034,optimization-limited zone,1_1,-0.689700722662991,1,0.31044527673741157,0.29828777410633817,0.3333333333333333,0.31044527673741157,effective-collapse zone,0.0,0.3607160711250927,0.0,0.0
Base summary,236,1,1.338439208925091e-08,budget_22_broad_high_cond,volatility-clustering,0,budget_22_broad_high_cond,volatility-clustering,1,1.0,1.0,0.0,1.0,budget_22_broad_high_cond|volatility-clustering|0,budget_22_broad_high_cond|volatility-clustering|1,1_0,0.4439176548542998,0,0.5210153974198919,0.5956743766896966,0.3850746268656717,0.5210153974198919,optimization-limited zone,1_0,0.4439176548542998,0,0.22055763628797337,0.13006908981676177,0.16119402985074624,0.22055763628797337,effective-collapse zone,0.0,0.0,0.0,0.0
Base summary,236,2,1.7820995886302986e-08,budget_22_broad_high_cond,volatility-clustering,0,budget_22_broad_high_cond,volatility-clustering,3,1.0,1.0,0.0,1.0,budget_22_broad_high_cond|volatility-clustering|0,budget_22_broad_high_cond|volatility-clustering|3,1_0,0.4439176548542998,0,0.5210153974198919,0.5956743766896966,0.3850746268656717,0.5210153974198919,optimization-limited zone,1_0,0.4439176548542998,0,0.22804827299209318,0.30519675578251726,0.3711442786069653,0.22804827299209318,ambiguity zone,0.0,0.0,0.0,0.0
Base summary,236,3,3.0572359266287984e-08,budget_22_broad_high_cond,volatility-clustering,0,budget_22_broad_high_cond,volatility-clustering,2,0.0,0.0,0.0,0.0,budget_22_broad_high_cond|volatility-clustering|0,budget_22_broad_high_cond|volatility-clustering|2,1_0,0.4439176548542998,0,0.5210153974198919,0.5956743766896966,0.3850746268656717,0.5210153974198919,optimization-limited zone,1_0,0.4439176548542998,0,0.42030794839783603,0.8368879543406428,0.8348258706467662,0.42030794839783603,decision-fragile zone,0.0,0.0,0.0,0.0
Base summary,236,4,4.0785800361346884e-08,budget_22_broad_high_cond,volatility-clustering,0,budget_22_broad_high_cond,cross-branch,0,1.0,0.0,1.0,1.0,budget_22_broad_high_cond|volatility-clustering|0,budget_22_broad_high_cond|cross-branch|0,1_0,0.4439176548542998,0,0.5210153974198919,0.5956743766896966,0.3850746268656717,0.5210153974198919,optimization-limited zone,1_0,-0.2736144549003908,1,0.8023304203079485,0.02313006908981674,0.23681592039800992,0.8023304203079485,ambiguity zone,0.0,0.7175321097546906,1.0,1.0
Base summary,236,5,4.1180066287001136e-08,budget_22_broad_high_cond,volatility-clustering,0,budget_22_broad_high_cond,cross-branch,1,0.0,0.0,1.0,0.0,budget_22_broad_high_cond|volatility-clustering|0,budget_22_broad_high_cond|cross-branch|1,1_0,0.4439176548542998,0,0.5210153974198919,0.5956743766896966,0.3850746268656717,0.5210153974198919,optimization-limited zone,1_0,-0.2736144549003908,0,0.4061589679567208,0.7629918894562931,0.45472636815920403,0.4061589679567208,optimization-limited zone,0.0,0.7175321097546906,1.0,0.0
Base summary,237,1,1.338439208925091e-08,budget_22_broad_high_cond,volatility-clustering,1,budget_22_broad_high_cond,volatility-clustering,0,1.0,1.0,0.0,1.0,budget_22_broad_high_cond|volatility-clustering|1,budget_22_broad_high_cond|volatility-clustering|0,1_0,0.4439176548542998,0,0.22055763628797337,0.13006908981676177,0.16119402985074624,0.22055763628797337,effective-collapse zone,1_0,0.4439176548542998,0,0.5210153974198919,0.5956743766896966,0.3850746268656717,0.5210153974198919,optimization-limited zone,0.0,0.0,0.0,0.0
Base summary,237,2,2.5064688148925018e-08,budget_22_broad_high_cond,volatility-clustering,1,budget_22_broad_high_cond,volatility-clustering,3,0.0,0.0,0.0,1.0,budget_22_broad_high_cond|volatility-clustering|1,budget_22_broad_high_cond|volatility-clustering|3,1_0,0.4439176548542998,0,0.22055763628797337,0.13006908981676177,0.16119402985074624,0.22055763628797337,effective-collapse zone,1_0,0.4439176548542998,0,0.22804827299209318,0.30519675578251726,0.3711442786069653,0.22804827299209318,ambiguity zone,0.0,0.0,0.0,0.0
Base summary,237,3,3.8814626781006974e-08,budget_22_broad_high_cond,volatility-clustering,1,budget_22_broad_high_cond,volatility-clustering,2,1.0,1.0,0.0,1.0,budget_22_broad_high_cond|volatility-clustering|1,budget_22_broad_high_cond|volatility-clustering|2,1_0,0.4439176548542998,0,0.22055763628797337,0.13006908981676177,0.16119402985074624,0.22055763628797337,effective-collapse zone,1_0,0.4439176548542998,0,0.42030794839783603,0.8368879543406428,0.8348258706467662,0.42030794839783603,decision-fragile zone,0.0,0.0,0.0,0.0
Base summary,237,4,5.377003029306514e-08,budget_22_broad_high_cond,volatility-clustering,1,budget_22_broad_high_cond,cross-branch,1,1.0,1.0,1.0,1.0,budget_22_broad_high_cond|volatility-clustering|1,budget_22_broad_high_cond|cross-branch|1,1_0,0.4439176548542998,0,0.22055763628797337,0.13006908981676177,0.16119402985074624,0.22055763628797337,effective-collapse zone,1_0,-0.2736144549003908,0,0.4061589679567208,0.7629918894562931,0.45472636815920403,0.4061589679567208,optimization-limited zone,0.0,0.7175321097546906,1.0,0.0
Base summary,237,5,5.3976773721097946e-08,budget_22_broad_high_cond,volatility-clustering,1,budget_22_broad_high_cond,cross-branch,0,1.0,1.0,1.0,0.0,budget_22_broad_high_cond|volatility-clustering|1,budget_22_broad_high_cond|cross-branch|0,1_0,0.4439176548542998,0,0.22055763628797337,0.13006908981676177,0.16119402985074624,0.22055763628797337,effective-collapse zone,1_0,-0.2736144549003908,1,0.8023304203079485,0.02313006908981674,0.23681592039800992,0.8023304203079485,ambiguity zone,0.0,0.7175321097546906,1.0,1.0
Base summary,238,1,1.4951108362489534e-08,budget_22_broad_high_cond,volatility-clustering,2,budget_22_broad_high_cond,volatility-clustering,3,1.0,1.0,0.0,1.0,budget_22_broad_high_cond|volatility-clustering|2,budget_22_broad_high_cond|volatility-clustering|3,1_0,0.4439176548542998,0,0.42030794839783603,0.8368879543406428,0.8348258706467662,0.42030794839783603,decision-fragile zone,1_0,0.4439176548542998,0,0.22804827299209318,0.30519675578251726,0.3711442786069653,0.22804827299209318,ambiguity zone,0.0,0.0,0.0,0.0
Base summary,238,2,3.0572359266287984e-08,budget_22_broad_high_cond,volatility-clustering,2,budget_22_broad_high_cond,volatility-clustering,0,0.0,0.0,0.0,0.0,budget_22_broad_high_cond|volatility-clustering|2,budget_22_broad_high_cond|volatility-clustering|0,1_0,0.4439176548542998,0,0.42030794839783603,0.8368879543406428,0.8348258706467662,0.42030794839783603,decision-fragile zone,1_0,0.4439176548542998,0,0.5210153974198919,0.5956743766896966,0.3850746268656717,0.5210153974198919,optimization-limited zone,0.0,0.0,0.0,0.0
Base summary,238,3,3.313247252561134e-08,budget_22_broad_high_cond,volatility-clustering,2,budget_22_broad_high_cond,spiral,1,0.0,0.0,1.0,0.0,budget_22_broad_high_cond|volatility-clustering|2,budget_22_broad_high_cond|spiral|1,1_0,0.4439176548542998,0,0.42030794839783603,0.8368879543406428,0.8348258706467662,0.42030794839783603,decision-fragile zone,1_1,-0.3289846515378983,1,0.045776113191843534,0.5019525382997896,0.6009950248756218,0.045776113191843534,optimization-limited zone,1.0,0.772902306392198,1.0,1.0
Base summary,238,4,3.5633930661617605e-08,budget_22_broad_high_cond,volatility-clustering,2,budget_22_broad_high_cond,spiral,0,0.0,0.0,1.0,1.0,budget_22_broad_high_cond|volatility-clustering|2,budget_22_broad_high_cond|spiral|0,1_0,0.4439176548542998,0,0.42030794839783603,0.8368879543406428,0.8348258706467662,0.42030794839783603,decision-fragile zone,1_1,-0.3289846515378983,0,0.3786933000416146,0.1619104836287173,0.7592039800995025,0.3786933000416146,decision-fragile zone,1.0,0.772902306392198,1.0,0.0
Base summary,238,5,3.731312806556668e-08,budget_22_broad_high_cond,volatility-clustering,2,budget_22_broad_high_cond,spiral,3,0.0,0.0,1.0,0.0,budget_22_broad_high_cond|volatility-clustering|2,budget_22_broad_high_cond|spiral|3,1_0,0.4439176548542998,0,0.42030794839783603,0.8368879543406428,0.8348258706467662,0.42030794839783603,decision-fragile zone,1_1,-0.3289846515378983,1,0.26133999167707034,0.7762090717933313,0.4746268656716418,0.26133999167707034,optimization-limited zone,1.0,0.772902306392198,1.0,1.0
Base summary,239,1,1.4951108362489534e-08,budget_22_broad_high_cond,volatility-clustering,3,budget_22_broad_high_cond,volatility-clustering,2,1.0,1.0,0.0,1.0,budget_22_broad_high_cond|volatility-clustering|3,budget_22_broad_high_cond|volatility-clustering|2,1_0,0.4439176548542998,0,0.22804827299209318,0.30519675578251726,0.3711442786069653,0.22804827299209318,ambiguity zone,1_0,0.4439176548542998,0,0.42030794839783603,0.8368879543406428,0.8348258706467662,0.42030794839783603,decision-fragile zone,0.0,0.0,0.0,0.0
Base summary,239,2,1.7820995886302986e-08,budget_22_broad_high_cond,volatility-clustering,3,budget_22_broad_high_cond,volatility-clustering,0,1.0,1.0,0.0,1.0,budget_22_broad_high_cond|volatility-clustering|3,budget_22_broad_high_cond|volatility-clustering|0,1_0,0.4439176548542998,0,0.22804827299209318,0.30519675578251726,0.3711442786069653,0.22804827299209318,ambiguity zone,1_0,0.4439176548542998,0,0.5210153974198919,0.5956743766896966,0.3850746268656717,0.5210153974198919,optimization-limited zone,0.0,0.0,0.0,0.0
Base summary,239,3,2.5064688148925018e-08,budget_22_broad_high_cond,volatility-clustering,3,budget_22_broad_high_cond,volatility-clustering,1,0.0,0.0,0.0,1.0,budget_22_broad_high_cond|volatility-clustering|3,budget_22_broad_high_cond|volatility-clustering|1,1_0,0.4439176548542998,0,0.22804827299209318,0.30519675578251726,0.3711442786069653,0.22804827299209318,ambiguity zone,1_0,0.4439176548542998,0,0.22055763628797337,0.13006908981676177,0.16119402985074624,0.22055763628797337,effective-collapse zone,0.0,0.0,0.0,0.0
Base summary,239,4,4.225270470729164e-08,budget_22_broad_high_cond,volatility-clustering,3,budget_22_broad_high_cond,cross-branch,0,1.0,1.0,1.0,1.0,budget_22_broad_high_cond|volatility-clustering|3,budget_22_broad_high_cond|cross-branch|0,1_0,0.4439176548542998,0,0.22804827299209318,0.30519675578251726,0.3711442786069653,0.22804827299209318,ambiguity zone,1_0,-0.2736144549003908,1,0.8023304203079485,0.02313006908981674,0.23681592039800992,0.8023304203079485,ambiguity zone,0.0,0.7175321097546906,1.0,1.0
Base summary,239,5,4.611138576964429e-08,budget_22_broad_high_cond,volatility-clustering,3,budget_22_broad_high_cond,spiral,1,1.0,1.0,1.0,1.0,budget_22_broad_high_cond|volatility-clustering|3,budget_22_broad_high_cond|spiral|1,1_0,0.4439176548542998,0,0.22804827299209318,0.30519675578251726,0.3711442786069653,0.22804827299209318,ambiguity zone,1_1,-0.3289846515378983,1,0.045776113191843534,0.5019525382997896,0.6009950248756218,0.045776113191843534,optimization-limited zone,1.0,0.772902306392198,1.0,1.0
Base summary,240,1,1.1682010920542453e-07,budget_23_small_high_cond,barbell-bridge,0,budget_23_small_high_cond,barbell-bridge,3,0.0,0.0,0.0,0.0,budget_23_small_high_cond|barbell-bridge|0,budget_23_small_high_cond|barbell-bridge|3,1_1,1.37352009580138,1,0.9488139825218477,0.9318113547611896,0.5144278606965175,0.9488139825218477,information-limited zone,1_1,1.37352009580138,1,0.961298377028714,0.6010814058275757,0.8029850746268656,0.961298377028714,information-limited zone,0.0,0.0,0.0,0.0
Base summary,240,2,2.2547921366658378e-07,budget_23_small_high_cond,barbell-bridge,0,budget_23_small_high_cond,barbell-bridge,1,0.0,0.0,0.0,0.0,budget_23_small_high_cond|barbell-bridge|0,budget_23_small_high_cond|barbell-bridge|1,1_1,1.37352009580138,1,0.9488139825218477,0.9318113547611896,0.5144278606965175,0.9488139825218477,information-limited zone,1_1,1.37352009580138,0,0.8655846858094048,0.8026434364674077,0.5174129353233831,0.8655846858094048,information-limited zone,0.0,0.0,0.0,1.0
Base summary,240,3,2.6084384091578625e-07,budget_23_small_high_cond,barbell-bridge,0,budget_23_small_high_cond,barbell-bridge,2,1.0,1.0,0.0,0.0,budget_23_small_high_cond|barbell-bridge|0,budget_23_small_high_cond|barbell-bridge|2,1_1,1.37352009580138,1,0.9488139825218477,0.9318113547611896,0.5144278606965175,0.9488139825218477,information-limited zone,1_1,1.37352009580138,1,0.9696213066999585,0.37819164914388703,0.35721393034825877,0.9696213066999585,information-limited zone,0.0,0.0,0.0,0.0
Base summary,240,4,1.2113143619422764e-06,budget_23_small_high_cond,barbell-bridge,0,budget_23_small_high_cond,mean-reversion,2,1.0,1.0,1.0,1.0,budget_23_small_high_cond|barbell-bridge|0,budget_23_small_high_cond|mean-reversion|2,1_1,1.37352009580138,1,0.9488139825218477,0.9318113547611896,0.5144278606965175,0.9488139825218477,information-limited zone,1_0,-0.2321875606103716,0,0.7573866000832292,0.36377290477620905,0.23283582089552243,0.7573866000832292,effective-collapse zone,1.0,1.6057076564117516,1.0,1.0
Base summary,240,5,1.2165686602938092e-06,budget_23_small_high_cond,barbell-bridge,0,budget_23_small_high_cond,mean-reversion,0,1.0,1.0,1.0,1.0,budget_23_small_high_cond|barbell-bridge|0,budget_23_small_high_cond|mean-reversion|0,1_1,1.37352009580138,1,0.9488139825218477,0.9318113547611896,0.5144278606965175,0.9488139825218477,information-limited zone,1_0,-0.2321875606103716,0,0.6175613816063255,0.3944127365575247,0.24179104477611935,0.6175613816063255,effective-collapse zone,1.0,1.6057076564117516,1.0,1.0
Base summary,241,1,3.5410557014687094e-08,budget_23_small_high_cond,barbell-bridge,1,budget_23_small_high_cond,barbell-bridge,2,1.0,1.0,0.0,0.0,budget_23_small_high_cond|barbell-bridge|1,budget_23_small_high_cond|barbell-bridge|2,1_1,1.37352009580138,0,0.8655846858094048,0.8026434364674077,0.5174129353233831,0.8655846858094048,information-limited zone,1_1,1.37352009580138,1,0.9696213066999585,0.37819164914388703,0.35721393034825877,0.9696213066999585,information-limited zone,0.0,0.0,0.0,1.0
Base summary,241,2,1.0933949239601253e-07,budget_23_small_high_cond,barbell-bridge,1,budget_23_small_high_cond,barbell-bridge,3,0.0,0.0,0.0,0.0,budget_23_small_high_cond|barbell-bridge|1,budget_23_small_high_cond|barbell-bridge|3,1_1,1.37352009580138,0,0.8655846858094048,0.8026434364674077,0.5174129353233831,0.8655846858094048,information-limited zone,1_1,1.37352009580138,1,0.961298377028714,0.6010814058275757,0.8029850746268656,0.961298377028714,information-limited zone,0.0,0.0,0.0,1.0
Base summary,241,3,2.2547921366658378e-07,budget_23_small_high_cond,barbell-bridge,1,budget_23_small_high_cond,barbell-bridge,0,0.0,0.0,0.0,0.0,budget_23_small_high_cond|barbell-bridge|1,budget_23_small_high_cond|barbell-bridge|0,1_1,1.37352009580138,0,0.8655846858094048,0.8026434364674077,0.5174129353233831,0.8655846858094048,information-limited zone,1_1,1.37352009580138,1,0.9488139825218477,0.9318113547611896,0.5144278606965175,0.9488139825218477,information-limited zone,0.0,0.0,0.0,1.0
Base summary,241,4,9.85932954446362e-07,budget_23_small_high_cond,barbell-bridge,1,budget_23_small_high_cond,mean-reversion,2,1.0,1.0,1.0,1.0,budget_23_small_high_cond|barbell-bridge|1,budget_23_small_high_cond|mean-reversion|2,1_1,1.37352009580138,0,0.8655846858094048,0.8026434364674077,0.5174129353233831,0.8655846858094048,information-limited zone,1_0,-0.2321875606103716,0,0.7573866000832292,0.36377290477620905,0.23283582089552243,0.7573866000832292,effective-collapse zone,1.0,1.6057076564117516,1.0,0.0
Base summary,241,5,9.911908186338687e-07,budget_23_small_high_cond,barbell-bridge,1,budget_23_small_high_cond,mean-reversion,0,1.0,1.0,1.0,1.0,budget_23_small_high_cond|barbell-bridge|1,budget_23_small_high_cond|mean-reversion|0,1_1,1.37352009580138,0,0.8655846858094048,0.8026434364674077,0.5174129353233831,0.8655846858094048,information-limited zone,1_0,-0.2321875606103716,0,0.6175613816063255,0.3944127365575247,0.24179104477611935,0.6175613816063255,effective-collapse zone,1.0,1.6057076564117516,1.0,0.0
Base summary,242,1,3.5410557014687094e-08,budget_23_small_high_cond,barbell-bridge,2,budget_23_small_high_cond,barbell-bridge,1,1.0,1.0,0.0,0.0,budget_23_small_high_cond|barbell-bridge|2,budget_23_small_high_cond|barbell-bridge|1,1_1,1.37352009580138,1,0.9696213066999585,0.37819164914388703,0.35721393034825877,0.9696213066999585,information-limited zone,1_1,1.37352009580138,0,0.8655846858094048,0.8026434364674077,0.5174129353233831,0.8655846858094048,information-limited zone,0.0,0.0,0.0,1.0
Base summary,242,2,1.447273644534841e-07,budget_23_small_high_cond,barbell-bridge,2,budget_23_small_high_cond,barbell-bridge,3,1.0,1.0,0.0,0.0,budget_23_small_high_cond|barbell-bridge|2,budget_23_small_high_cond|barbell-bridge|3,1_1,1.37352009580138,1,0.9696213066999585,0.37819164914388703,0.35721393034825877,0.9696213066999585,information-limited zone,1_1,1.37352009580138,1,0.961298377028714,0.6010814058275757,0.8029850746268656,0.961298377028714,information-limited zone,0.0,0.0,0.0,0.0
Base summary,242,3,2.6084384091578625e-07,budget_23_small_high_cond,barbell-bridge,2,budget_23_small_high_cond,barbell-bridge,0,1.0,1.0,0.0,0.0,budget_23_small_high_cond|barbell-bridge|2,budget_23_small_high_cond|barbell-bridge|0,1_1,1.37352009580138,1,0.9696213066999585,0.37819164914388703,0.35721393034825877,0.9696213066999585,information-limited zone,1_1,1.37352009580138,1,0.9488139825218477,0.9318113547611896,0.5144278606965175,0.9488139825218477,information-limited zone,0.0,0.0,0.0,0.0
Base summary,242,4,9.506452980685748e-07,budget_23_small_high_cond,barbell-bridge,2,budget_23_small_high_cond,mean-reversion,2,0.0,0.0,1.0,1.0,budget_23_small_high_cond|barbell-bridge|2,budget_23_small_high_cond|mean-reversion|2,1_1,1.37352009580138,1,0.9696213066999585,0.37819164914388703,0.35721393034825877,0.9696213066999585,information-limited zone,1_0,-0.2321875606103716,0,0.7573866000832292,0.36377290477620905,0.23283582089552243,0.7573866000832292,effective-collapse zone,1.0,1.6057076564117516,1.0,1.0
Base summary,242,5,9.55905555445415e-07,budget_23_small_high_cond,barbell-bridge,2,budget_23_small_high_cond,mean-reversion,0,1.0,0.0,1.0,1.0,budget_23_small_high_cond|barbell-bridge|2,budget_23_small_high_cond|mean-reversion|0,1_1,1.37352009580138,1,0.9696213066999585,0.37819164914388703,0.35721393034825877,0.9696213066999585,information-limited zone,1_0,-0.2321875606103716,0,0.6175613816063255,0.3944127365575247,0.24179104477611935,0.6175613816063255,effective-collapse zone,1.0,1.6057076564117516,1.0,1.0
Base summary,243,1,1.0933949239601253e-07,budget_23_small_high_cond,barbell-bridge,3,budget_23_small_high_cond,barbell-bridge,1,0.0,0.0,0.0,0.0,budget_23_small_high_cond|barbell-bridge|3,budget_23_small_high_cond|barbell-bridge|1,1_1,1.37352009580138,1,0.961298377028714,0.6010814058275757,0.8029850746268656,0.961298377028714,information-limited zone,1_1,1.37352009580138,0,0.8655846858094048,0.8026434364674077,0.5174129353233831,0.8655846858094048,information-limited zone,0.0,0.0,0.0,1.0
Base summary,243,2,1.1682010920542453e-07,budget_23_small_high_cond,barbell-bridge,3,budget_23_small_high_cond,barbell-bridge,0,0.0,0.0,0.0,0.0,budget_23_small_high_cond|barbell-bridge|3,budget_23_small_high_cond|barbell-bridge|0,1_1,1.37352009580138,1,0.961298377028714,0.6010814058275757,0.8029850746268656,0.961298377028714,information-limited zone,1_1,1.37352009580138,1,0.9488139825218477,0.9318113547611896,0.5144278606965175,0.9488139825218477,information-limited zone,0.0,0.0,0.0,0.0
Base summary,243,3,1.447273644534841e-07,budget_23_small_high_cond,barbell-bridge,3,budget_23_small_high_cond,barbell-bridge,2,1.0,1.0,0.0,0.0,budget_23_small_high_cond|barbell-bridge|3,budget_23_small_high_cond|barbell-bridge|2,1_1,1.37352009580138,1,0.961298377028714,0.6010814058275757,0.8029850746268656,0.961298377028714,information-limited zone,1_1,1.37352009580138,1,0.9696213066999585,0.37819164914388703,0.35721393034825877,0.9696213066999585,information-limited zone,0.0,0.0,0.0,0.0
Base summary,243,4,1.0946542590514529e-06,budget_23_small_high_cond,barbell-bridge,3,budget_23_small_high_cond,mean-reversion,2,1.0,1.0,1.0,1.0,budget_23_small_high_cond|barbell-bridge|3,budget_23_small_high_cond|mean-reversion|2,1_1,1.37352009580138,1,0.961298377028714,0.6010814058275757,0.8029850746268656,0.961298377028714,information-limited zone,1_0,-0.2321875606103716,0,0.7573866000832292,0.36377290477620905,0.23283582089552243,0.7573866000832292,effective-collapse zone,1.0,1.6057076564117516,1.0,1.0
Base summary,243,5,1.0999043308717825e-06,budget_23_small_high_cond,barbell-bridge,3,budget_23_small_high_cond,mean-reversion,0,1.0,1.0,1.0,1.0,budget_23_small_high_cond|barbell-bridge|3,budget_23_small_high_cond|mean-reversion|0,1_1,1.37352009580138,1,0.961298377028714,0.6010814058275757,0.8029850746268656,0.961298377028714,information-limited zone,1_0,-0.2321875606103716,0,0.6175613816063255,0.3944127365575247,0.24179104477611935,0.6175613816063255,effective-collapse zone,1.0,1.6057076564117516,1.0,1.0
Base summary,244,1,2.4525606162893603e-09,budget_23_small_high_cond,crescent,0,budget_23_small_high_cond,crescent,1,0.0,0.0,0.0,1.0,budget_23_small_high_cond|crescent|0,budget_23_small_high_cond|crescent|1,1_0,-0.26659513240484733,0,0.20557636287973366,0.11625112646440369,0.2965174129353235,0.20557636287973366,ambiguity zone,1_0,-0.26659513240484733,0,0.4860590928006658,0.8026434364674074,0.5213930348258707,0.4860590928006658,optimization-limited zone,0.0,0.0,0.0,0.0
Base summary,244,2,1.1477895500703382e-08,budget_23_small_high_cond,crescent,0,budget_23_small_high_cond,crescent,3,0.0,0.0,0.0,1.0,budget_23_small_high_cond|crescent|0,budget_23_small_high_cond|crescent|3,1_0,-0.26659513240484733,0,0.20557636287973366,0.11625112646440369,0.2965174129353235,0.20557636287973366,ambiguity zone,1_0,-0.26659513240484733,1,0.38535164377861003,0.8398918594172423,0.47661691542288553,0.38535164377861003,optimization-limited zone,0.0,0.0,0.0,1.0
Base summary,244,3,1.5976430364739744e-08,budget_23_small_high_cond,crescent,0,budget_23_small_high_cond,crescent,2,0.0,0.0,0.0,0.0,budget_23_small_high_cond|crescent|0,budget_23_small_high_cond|crescent|2,1_0,-0.26659513240484733,0,0.20557636287973366,0.11625112646440369,0.2965174129353235,0.20557636287973366,ambiguity zone,1_0,-0.26659513240484733,0,0.47482313774448603,0.06097927305497146,0.0656716417910448,0.47482313774448603,ambiguity zone,0.0,0.0,0.0,0.0
Base summary,244,4,4.8702693342511915e-08,budget_23_small_high_cond,crescent,0,budget_23_small_high_cond,cross-branch,1,1.0,0.0,1.0,1.0,budget_23_small_high_cond|crescent|0,budget_23_small_high_cond|cross-branch|1,1_0,-0.26659513240484733,0,0.20557636287973366,0.11625112646440369,0.2965174129353235,0.20557636287973366,ambiguity zone,1_0,-0.2736144549003908,0,0.7648772367873493,0.6924001201562029,0.7671641791044777,0.7648772367873493,decision-fragile zone,0.0,0.00701932249554349,0.0,0.0
Base summary,244,5,5.001156360400873e-08,budget_23_small_high_cond,crescent,0,budget_23_small_high_cond,cross-branch,3,1.0,0.0,1.0,1.0,budget_23_small_high_cond|crescent|0,budget_23_small_high_cond|cross-branch|3,1_0,-0.26659513240484733,0,0.20557636287973366,0.11625112646440369,0.2965174129353235,0.20557636287973366,ambiguity zone,1_0,-0.2736144549003908,0,0.6084061589679568,0.7446680684890357,0.7323383084577114,0.6084061589679568,decision-fragile zone,0.0,0.00701932249554349,0.0,0.0
Base summary,245,1,2.4525606162893603e-09,budget_23_small_high_cond,crescent,1,budget_23_small_high_cond,crescent,0,0.0,0.0,0.0,1.0,budget_23_small_high_cond|crescent|1,budget_23_small_high_cond|crescent|0,1_0,-0.26659513240484733,0,0.4860590928006658,0.8026434364674074,0.5213930348258707,0.4860590928006658,optimization-limited zone,1_0,-0.26659513240484733,0,0.20557636287973366,0.11625112646440369,0.2965174129353235,0.20557636287973366,ambiguity zone,0.0,0.0,0.0,0.0
Base summary,245,2,1.0194149565057613e-08,budget_23_small_high_cond,crescent,1,budget_23_small_high_cond,crescent,3,0.0,0.0,0.0,0.0,budget_23_small_high_cond|crescent|1,budget_23_small_high_cond|crescent|3,1_0,-0.26659513240484733,0,0.4860590928006658,0.8026434364674074,0.5213930348258707,0.4860590928006658,optimization-limited zone,1_0,-0.26659513240484733,1,0.38535164377861003,0.8398918594172423,0.47661691542288553,0.38535164377861003,optimization-limited zone,0.0,0.0,0.0,1.0
Base summary,245,3,1.3925665110161329e-08,budget_23_small_high_cond,crescent,1,budget_23_small_high_cond,crescent,2,0.0,0.0,0.0,1.0,budget_23_small_high_cond|crescent|1,budget_23_small_high_cond|crescent|2,1_0,-0.26659513240484733,0,0.4860590928006658,0.8026434364674074,0.5213930348258707,0.4860590928006658,optimization-limited zone,1_0,-0.26659513240484733,0,0.47482313774448603,0.06097927305497146,0.0656716417910448,0.47482313774448603,ambiguity zone,0.0,0.0,0.0,0.0
Base summary,245,4,4.6293439742109647e-08,budget_23_small_high_cond,crescent,1,budget_23_small_high_cond,cross-branch,1,1.0,0.0,1.0,1.0,budget_23_small_high_cond|crescent|1,budget_23_small_high_cond|cross-branch|1,1_0,-0.26659513240484733,0,0.4860590928006658,0.8026434364674074,0.5213930348258707,0.4860590928006658,optimization-limited zone,1_0,-0.2736144549003908,0,0.7648772367873493,0.6924001201562029,0.7671641791044777,0.7648772367873493,decision-fragile zone,0.0,0.00701932249554349,0.0,0.0
Base summary,245,5,4.759480826231371e-08,budget_23_small_high_cond,crescent,1,budget_23_small_high_cond,cross-branch,3,1.0,0.0,1.0,1.0,budget_23_small_high_cond|crescent|1,budget_23_small_high_cond|cross-branch|3,1_0,-0.26659513240484733,0,0.4860590928006658,0.8026434364674074,0.5213930348258707,0.4860590928006658,optimization-limited zone,1_0,-0.2736144549003908,0,0.6084061589679568,0.7446680684890357,0.7323383084577114,0.6084061589679568,decision-fragile zone,0.0,0.00701932249554349,0.0,0.0
Base summary,246,1,6.903991196298105e-09,budget_23_small_high_cond,crescent,2,budget_23_small_high_cond,crescent,3,0.0,0.0,0.0,1.0,budget_23_small_high_cond|crescent|2,budget_23_small_high_cond|crescent|3,1_0,-0.26659513240484733,0,0.47482313774448603,0.06097927305497146,0.0656716417910448,0.47482313774448603,ambiguity zone,1_0,-0.26659513240484733,1,0.38535164377861003,0.8398918594172423,0.47661691542288553,0.38535164377861003,optimization-limited zone,0.0,0.0,0.0,1.0
Base summary,246,2,1.3925665110161329e-08,budget_23_small_high_cond,crescent,2,budget_23_small_high_cond,crescent,1,0.0,0.0,0.0,1.0,budget_23_small_high_cond|crescent|2,budget_23_small_high_cond|crescent|1,1_0,-0.26659513240484733,0,0.47482313774448603,0.06097927305497146,0.0656716417910448,0.47482313774448603,ambiguity zone,1_0,-0.26659513240484733,0,0.4860590928006658,0.8026434364674074,0.5213930348258707,0.4860590928006658,optimization-limited zone,0.0,0.0,0.0,0.0
Base summary,246,3,1.5976430364739744e-08,budget_23_small_high_cond,crescent,2,budget_23_small_high_cond,crescent,0,0.0,0.0,0.0,0.0,budget_23_small_high_cond|crescent|2,budget_23_small_high_cond|crescent|0,1_0,-0.26659513240484733,0,0.47482313774448603,0.06097927305497146,0.0656716417910448,0.47482313774448603,ambiguity zone,1_0,-0.26659513240484733,0,0.20557636287973366,0.11625112646440369,0.2965174129353235,0.20557636287973366,ambiguity zone,0.0,0.0,0.0,0.0
Base summary,246,4,3.733426953102608e-08,budget_23_small_high_cond,crescent,2,budget_23_small_high_cond,cross-branch,1,1.0,0.0,1.0,1.0,budget_23_small_high_cond|crescent|2,budget_23_small_high_cond|cross-branch|1,1_0,-0.26659513240484733,0,0.47482313774448603,0.06097927305497146,0.0656716417910448,0.47482313774448603,ambiguity zone,1_0,-0.2736144549003908,0,0.7648772367873493,0.6924001201562029,0.7671641791044777,0.7648772367873493,decision-fragile zone,0.0,0.00701932249554349,0.0,0.0
Base summary,246,5,3.7693916376181255e-08,budget_23_small_high_cond,crescent,2,budget_23_small_high_cond,cross-branch,3,1.0,0.0,1.0,1.0,budget_23_small_high_cond|crescent|2,budget_23_small_high_cond|cross-branch|3,1_0,-0.26659513240484733,0,0.47482313774448603,0.06097927305497146,0.0656716417910448,0.47482313774448603,ambiguity zone,1_0,-0.2736144549003908,0,0.6084061589679568,0.7446680684890357,0.7323383084577114,0.6084061589679568,decision-fragile zone,0.0,0.00701932249554349,0.0,0.0
Base summary,247,1,6.903991196298105e-09,budget_23_small_high_cond,crescent,3,budget_23_small_high_cond,crescent,2,0.0,0.0,0.0,1.0,budget_23_small_high_cond|crescent|3,budget_23_small_high_cond|crescent|2,1_0,-0.26659513240484733,1,0.38535164377861003,0.8398918594172423,0.47661691542288553,0.38535164377861003,optimization-limited zone,1_0,-0.26659513240484733,0,0.47482313774448603,0.06097927305497146,0.0656716417910448,0.47482313774448603,ambiguity zone,0.0,0.0,0.0,1.0
Base summary,247,2,1.0194149565057613e-08,budget_23_small_high_cond,crescent,3,budget_23_small_high_cond,crescent,1,0.0,0.0,0.0,0.0,budget_23_small_high_cond|crescent|3,budget_23_small_high_cond|crescent|1,1_0,-0.26659513240484733,1,0.38535164377861003,0.8398918594172423,0.47661691542288553,0.38535164377861003,optimization-limited zone,1_0,-0.26659513240484733,0,0.4860590928006658,0.8026434364674074,0.5213930348258707,0.4860590928006658,optimization-limited zone,0.0,0.0,0.0,1.0
Base summary,247,3,1.1477895500703382e-08,budget_23_small_high_cond,crescent,3,budget_23_small_high_cond,crescent,0,0.0,0.0,0.0,1.0,budget_23_small_high_cond|crescent|3,budget_23_small_high_cond|crescent|0,1_0,-0.26659513240484733,1,0.38535164377861003,0.8398918594172423,0.47661691542288553,0.38535164377861003,optimization-limited zone,1_0,-0.26659513240484733,0,0.20557636287973366,0.11625112646440369,0.2965174129353235,0.20557636287973366,ambiguity zone,0.0,0.0,0.0,1.0
Base summary,247,4,4.40049749588078e-08,budget_23_small_high_cond,crescent,3,budget_23_small_high_cond,cross-branch,1,1.0,0.0,1.0,1.0,budget_23_small_high_cond|crescent|3,budget_23_small_high_cond|cross-branch|1,1_0,-0.26659513240484733,1,0.38535164377861003,0.8398918594172423,0.47661691542288553,0.38535164377861003,optimization-limited zone,1_0,-0.2736144549003908,0,0.7648772367873493,0.6924001201562029,0.7671641791044777,0.7648772367873493,decision-fragile zone,0.0,0.00701932249554349,0.0,1.0
Base summary,247,5,4.4446758450060484e-08,budget_23_small_high_cond,crescent,3,budget_23_small_high_cond,cross-branch,3,1.0,0.0,1.0,1.0,budget_23_small_high_cond|crescent|3,budget_23_small_high_cond|cross-branch|3,1_0,-0.26659513240484733,1,0.38535164377861003,0.8398918594172423,0.47661691542288553,0.38535164377861003,optimization-limited zone,1_0,-0.2736144549003908,0,0.6084061589679568,0.7446680684890357,0.7323383084577114,0.6084061589679568,decision-fragile zone,0.0,0.00701932249554349,0.0,1.0
Base summary,248,1,8.054313258862013e-10,budget_23_small_high_cond,cross-branch,0,budget_23_small_high_cond,cross-branch,2,0.0,0.0,0.0,0.0,budget_23_small_high_cond|cross-branch|0,budget_23_small_high_cond|cross-branch|2,1_0,-0.2736144549003908,1,0.8759883478984604,0.04656052868729347,0.5701492537313432,0.8759883478984604,decision-fragile zone,1_0,-0.2736144549003908,1,0.7257594673325011,0.19915890657855206,0.5781094527363185,0.7257594673325011,decision-fragile zone,0.0,0.0,0.0,0.0
Base summary,248,2,2.6876853739920503e-09,budget_23_small_high_cond,cross-branch,0,budget_23_small_high_cond,cross-branch,3,0.0,0.0,0.0,0.0,budget_23_small_high_cond|cross-branch|0,budget_23_small_high_cond|cross-branch|3,1_0,-0.2736144549003908,1,0.8759883478984604,0.04656052868729347,0.5701492537313432,0.8759883478984604,decision-fragile zone,1_0,-0.2736144549003908,0,0.6084061589679568,0.7446680684890357,0.7323383084577114,0.6084061589679568,decision-fragile zone,0.0,0.0,0.0,1.0
Base summary,248,3,2.742891952621061e-09,budget_23_small_high_cond,cross-branch,0,budget_23_small_high_cond,cross-branch,1,0.0,0.0,0.0,0.0,budget_23_small_high_cond|cross-branch|0,budget_23_small_high_cond|cross-branch|1,1_0,-0.2736144549003908,1,0.8759883478984604,0.04656052868729347,0.5701492537313432,0.8759883478984604,decision-fragile zone,1_0,-0.2736144549003908,0,0.7648772367873493,0.6924001201562029,0.7671641791044777,0.7648772367873493,decision-fragile zone,0.0,0.0,0.0,1.0
Base summary,248,4,1.0393611903006882e-08,budget_23_small_high_cond,cross-branch,0,budget_23_small_high_cond,spiral,1,1.0,1.0,1.0,1.0,budget_23_small_high_cond|cross-branch|0,budget_23_small_high_cond|spiral|1,1_0,-0.2736144549003908,1,0.8759883478984604,0.04656052868729347,0.5701492537313432,0.8759883478984604,decision-fragile zone,1_1,-0.3289846515378983,1,0.6171452351227632,0.5611294683088014,0.45472636815920403,0.6171452351227632,effective-collapse zone,1.0,0.055370196637507474,0.0,0.0
Base summary,248,5,1.2088506522060725e-08,budget_23_small_high_cond,cross-branch,0,budget_23_small_high_cond,spiral,0,1.0,1.0,1.0,1.0,budget_23_small_high_cond|cross-branch|0,budget_23_small_high_cond|spiral|0,1_0,-0.2736144549003908,1,0.8759883478984604,0.04656052868729347,0.5701492537313432,0.8759883478984604,decision-fragile zone,1_1,-0.3289846515378983,1,0.5397419891801913,0.06188044457795133,0.4338308457711443,0.5397419891801913,effective-collapse zone,1.0,0.055370196637507474,0.0,0.0
Base summary,249,1,2.314865515344889e-09,budget_23_small_high_cond,cross-branch,1,budget_23_small_high_cond,cross-branch,2,0.0,0.0,0.0,0.0,budget_23_small_high_cond|cross-branch|1,budget_23_small_high_cond|cross-branch|2,1_0,-0.2736144549003908,0,0.7648772367873493,0.6924001201562029,0.7671641791044777,0.7648772367873493,decision-fragile zone,1_0,-0.2736144549003908,1,0.7257594673325011,0.19915890657855206,0.5781094527363185,0.7257594673325011,decision-fragile zone,0.0,0.0,0.0,1.0
Base summary,249,2,2.742891952621061e-09,budget_23_small_high_cond,cross-branch,1,budget_23_small_high_cond,cross-branch,0,0.0,0.0,0.0,0.0,budget_23_small_high_cond|cross-branch|1,budget_23_small_high_cond|cross-branch|0,1_0,-0.2736144549003908,0,0.7648772367873493,0.6924001201562029,0.7671641791044777,0.7648772367873493,decision-fragile zone,1_0,-0.2736144549003908,1,0.8759883478984604,0.04656052868729347,0.5701492537313432,0.8759883478984604,decision-fragile zone,0.0,0.0,0.0,1.0
Base summary,249,3,4.198651051363458e-09,budget_23_small_high_cond,cross-branch,1,budget_23_small_high_cond,cross-branch,3,0.0,0.0,0.0,0.0,budget_23_small_high_cond|cross-branch|1,budget_23_small_high_cond|cross-branch|3,1_0,-0.2736144549003908,0,0.7648772367873493,0.6924001201562029,0.7671641791044777,0.7648772367873493,decision-fragile zone,1_0,-0.2736144549003908,0,0.6084061589679568,0.7446680684890357,0.7323383084577114,0.6084061589679568,decision-fragile zone,0.0,0.0,0.0,0.0
Base summary,249,4,1.3097900732925978e-08,budget_23_small_high_cond,cross-branch,1,budget_23_small_high_cond,spiral,1,1.0,1.0,1.0,1.0,budget_23_small_high_cond|cross-branch|1,budget_23_small_high_cond|spiral|1,1_0,-0.2736144549003908,0,0.7648772367873493,0.6924001201562029,0.7671641791044777,0.7648772367873493,decision-fragile zone,1_1,-0.3289846515378983,1,0.6171452351227632,0.5611294683088014,0.45472636815920403,0.6171452351227632,effective-collapse zone,1.0,0.055370196637507474,0.0,1.0
Base summary,249,5,1.4814298413933831e-08,budget_23_small_high_cond,cross-branch,1,budget_23_small_high_cond,spiral,0,1.0,1.0,1.0,1.0,budget_23_small_high_cond|cross-branch|1,budget_23_small_high_cond|spiral|0,1_0,-0.2736144549003908,0,0.7648772367873493,0.6924001201562029,0.7671641791044777,0.7648772367873493,decision-fragile zone,1_1,-0.3289846515378983,1,0.5397419891801913,0.06188044457795133,0.4338308457711443,0.5397419891801913,effective-collapse zone,1.0,0.055370196637507474,0.0,1.0
Base summary,250,1,8.054313258862013e-10,budget_23_small_high_cond,cross-branch,2,budget_23_small_high_cond,cross-branch,0,0.0,0.0,0.0,0.0,budget_23_small_high_cond|cross-branch|2,budget_23_small_high_cond|cross-branch|0,1_0,-0.2736144549003908,1,0.7257594673325011,0.19915890657855206,0.5781094527363185,0.7257594673325011,decision-fragile zone,1_0,-0.2736144549003908,1,0.8759883478984604,0.04656052868729347,0.5701492537313432,0.8759883478984604,decision-fragile zone,0.0,0.0,0.0,0.0
Base summary,250,2,2.314865515344889e-09,budget_23_small_high_cond,cross-branch,2,budget_23_small_high_cond,cross-branch,1,0.0,0.0,0.0,0.0,budget_23_small_high_cond|cross-branch|2,budget_23_small_high_cond|cross-branch|1,1_0,-0.2736144549003908,1,0.7257594673325011,0.19915890657855206,0.5781094527363185,0.7257594673325011,decision-fragile zone,1_0,-0.2736144549003908,0,0.7648772367873493,0.6924001201562029,0.7671641791044777,0.7648772367873493,decision-fragile zone,0.0,0.0,0.0,1.0
Base summary,250,3,2.8972987876754183e-09,budget_23_small_high_cond,cross-branch,2,budget_23_small_high_cond,cross-branch,3,0.0,0.0,0.0,0.0,budget_23_small_high_cond|cross-branch|2,budget_23_small_high_cond|cross-branch|3,1_0,-0.2736144549003908,1,0.7257594673325011,0.19915890657855206,0.5781094527363185,0.7257594673325011,decision-fragile zone,1_0,-0.2736144549003908,0,0.6084061589679568,0.7446680684890357,0.7323383084577114,0.6084061589679568,decision-fragile zone,0.0,0.0,0.0,1.0
Base summary,250,4,1.0965617998339193e-08,budget_23_small_high_cond,cross-branch,2,budget_23_small_high_cond,spiral,1,1.0,1.0,1.0,1.0,budget_23_small_high_cond|cross-branch|2,budget_23_small_high_cond|spiral|1,1_0,-0.2736144549003908,1,0.7257594673325011,0.19915890657855206,0.5781094527363185,0.7257594673325011,decision-fragile zone,1_1,-0.3289846515378983,1,0.6171452351227632,0.5611294683088014,0.45472636815920403,0.6171452351227632,effective-collapse zone,1.0,0.055370196637507474,0.0,0.0
Base summary,250,5,1.2639174475552109e-08,budget_23_small_high_cond,cross-branch,2,budget_23_small_high_cond,spiral,0,1.0,1.0,1.0,1.0,budget_23_small_high_cond|cross-branch|2,budget_23_small_high_cond|spiral|0,1_0,-0.2736144549003908,1,0.7257594673325011,0.19915890657855206,0.5781094527363185,0.7257594673325011,decision-fragile zone,1_1,-0.3289846515378983,1,0.5397419891801913,0.06188044457795133,0.4338308457711443,0.5397419891801913,effective-collapse zone,1.0,0.055370196637507474,0.0,0.0
Base summary,251,1,2.6876853739920503e-09,budget_23_small_high_cond,cross-branch,3,budget_23_small_high_cond,cross-branch,0,0.0,0.0,0.0,0.0,budget_23_small_high_cond|cross-branch|3,budget_23_small_high_cond|cross-branch|0,1_0,-0.2736144549003908,0,0.6084061589679568,0.7446680684890357,0.7323383084577114,0.6084061589679568,decision-fragile zone,1_0,-0.2736144549003908,1,0.8759883478984604,0.04656052868729347,0.5701492537313432,0.8759883478984604,decision-fragile zone,0.0,0.0,0.0,1.0
Base summary,251,2,2.8972987876754183e-09,budget_23_small_high_cond,cross-branch,3,budget_23_small_high_cond,cross-branch,2,0.0,0.0,0.0,0.0,budget_23_small_high_cond|cross-branch|3,budget_23_small_high_cond|cross-branch|2,1_0,-0.2736144549003908,0,0.6084061589679568,0.7446680684890357,0.7323383084577114,0.6084061589679568,decision-fragile zone,1_0,-0.2736144549003908,1,0.7257594673325011,0.19915890657855206,0.5781094527363185,0.7257594673325011,decision-fragile zone,0.0,0.0,0.0,1.0
Base summary,251,3,4.198651051363458e-09,budget_23_small_high_cond,cross-branch,3,budget_23_small_high_cond,cross-branch,1,0.0,0.0,0.0,0.0,budget_23_small_high_cond|cross-branch|3,budget_23_small_high_cond|cross-branch|1,1_0,-0.2736144549003908,0,0.6084061589679568,0.7446680684890357,0.7323383084577114,0.6084061589679568,decision-fragile zone,1_0,-0.2736144549003908,0,0.7648772367873493,0.6924001201562029,0.7671641791044777,0.7648772367873493,decision-fragile zone,0.0,0.0,0.0,0.0
Base summary,251,4,9.766422017749918e-09,budget_23_small_high_cond,cross-branch,3,budget_23_small_high_cond,spiral,1,1.0,1.0,1.0,1.0,budget_23_small_high_cond|cross-branch|3,budget_23_small_high_cond|spiral|1,1_0,-0.2736144549003908,0,0.6084061589679568,0.7446680684890357,0.7323383084577114,0.6084061589679568,decision-fragile zone,1_1,-0.3289846515378983,1,0.6171452351227632,0.5611294683088014,0.45472636815920403,0.6171452351227632,effective-collapse zone,1.0,0.055370196637507474,0.0,1.0
Base summary,251,5,1.1550900183441796e-08,budget_23_small_high_cond,cross-branch,3,budget_23_small_high_cond,spiral,0,1.0,1.0,1.0,1.0,budget_23_small_high_cond|cross-branch|3,budget_23_small_high_cond|spiral|0,1_0,-0.2736144549003908,0,0.6084061589679568,0.7446680684890357,0.7323383084577114,0.6084061589679568,decision-fragile zone,1_1,-0.3289846515378983,1,0.5397419891801913,0.06188044457795133,0.4338308457711443,0.5397419891801913,effective-collapse zone,1.0,0.055370196637507474,0.0,1.0
Base summary,252,1,9.676057881904655e-10,budget_23_small_high_cond,double-loop,0,budget_23_small_high_cond,double-loop,3,0.0,0.0,0.0,0.0,budget_23_small_high_cond|double-loop|0,budget_23_small_high_cond|double-loop|3,1_0,-0.04713477352374962,1,0.07324178110694965,0.5373986182036647,0.28656716417910444,0.07324178110694965,ambiguity zone,1_0,-0.04713477352374962,1,0.6916354556803995,0.17693000901171524,0.31940298507462694,0.6916354556803995,ambiguity zone,0.0,0.0,0.0,0.0
Base summary,252,2,1.3156722782869519e-09,budget_23_small_high_cond,double-loop,0,budget_23_small_high_cond,double-loop,2,1.0,0.0,0.0,1.0,budget_23_small_high_cond|double-loop|0,budget_23_small_high_cond|double-loop|2,1_0,-0.04713477352374962,1,0.07324178110694965,0.5373986182036647,0.28656716417910444,0.07324178110694965,ambiguity zone,1_0,-0.04713477352374962,0,0.3645443196004994,0.7939321117452688,0.5124378109452735,0.3645443196004994,optimization-limited zone,0.0,0.0,0.0,1.0
Base summary,252,3,3.921015706640357e-09,budget_23_small_high_cond,double-loop,0,budget_23_small_high_cond,double-loop,1,0.0,0.0,0.0,0.0,budget_23_small_high_cond|double-loop|0,budget_23_small_high_cond|double-loop|1,1_0,-0.04713477352374962,1,0.07324178110694965,0.5373986182036647,0.28656716417910444,0.07324178110694965,ambiguity zone,1_0,-0.04713477352374962,1,0.490220557636288,0.08260738960648842,0.272636815920398,0.490220557636288,ambiguity zone,0.0,0.0,0.0,0.0
Base summary,252,4,9.931263777740945e-09,budget_23_small_high_cond,double-loop,0,budget_23_small_high_cond,volatility-clustering,2,0.0,0.0,1.0,1.0,budget_23_small_high_cond|double-loop|0,budget_23_small_high_cond|volatility-clustering|2,1_0,-0.04713477352374962,1,0.07324178110694965,0.5373986182036647,0.28656716417910444,0.07324178110694965,ambiguity zone,1_0,0.4439176548542998,0,0.6042446941323346,0.6713727846200059,0.8398009950248757,0.6042446941323346,decision-fragile zone,0.0,0.4910524283780494,1.0,1.0
Base summary,252,5,1.7151555125193373e-08,budget_23_small_high_cond,double-loop,0,budget_23_small_high_cond,volatility-clustering,3,0.0,0.0,1.0,1.0,budget_23_small_high_cond|double-loop|0,budget_23_small_high_cond|volatility-clustering|3,1_0,-0.04713477352374962,1,0.07324178110694965,0.5373986182036647,0.28656716417910444,0.07324178110694965,ambiguity zone,1_0,0.4439176548542998,0,0.6267166042446941,0.36978071492940817,0.672636815920398,0.6267166042446941,decision-fragile zone,0.0,0.4910524283780494,1.0,1.0
Base summary,253,1,2.679938864663251e-09,budget_23_small_high_cond,double-loop,1,budget_23_small_high_cond,double-loop,2,1.0,0.0,0.0,1.0,budget_23_small_high_cond|double-loop|1,budget_23_small_high_cond|double-loop|2,1_0,-0.04713477352374962,1,0.490220557636288,0.08260738960648842,0.272636815920398,0.490220557636288,ambiguity zone,1_0,-0.04713477352374962,0,0.3645443196004994,0.7939321117452688,0.5124378109452735,0.3645443196004994,optimization-limited zone,0.0,0.0,0.0,1.0
Base summary,253,2,3.921015706640357e-09,budget_23_small_high_cond,double-loop,1,budget_23_small_high_cond,double-loop,0,0.0,0.0,0.0,0.0,budget_23_small_high_cond|double-loop|1,budget_23_small_high_cond|double-loop|0,1_0,-0.04713477352374962,1,0.490220557636288,0.08260738960648842,0.272636815920398,0.490220557636288,ambiguity zone,1_0,-0.04713477352374962,1,0.07324178110694965,0.5373986182036647,0.28656716417910444,0.07324178110694965,ambiguity zone,0.0,0.0,0.0,0.0
Base summary,253,3,4.527396713860592e-09,budget_23_small_high_cond,double-loop,1,budget_23_small_high_cond,double-loop,3,0.0,0.0,0.0,0.0,budget_23_small_high_cond|double-loop|1,budget_23_small_high_cond|double-loop|3,1_0,-0.04713477352374962,1,0.490220557636288,0.08260738960648842,0.272636815920398,0.490220557636288,ambiguity zone,1_0,-0.04713477352374962,1,0.6916354556803995,0.17693000901171524,0.31940298507462694,0.6916354556803995,ambiguity zone,0.0,0.0,0.0,0.0
Base summary,253,4,1.1552771689474642e-08,budget_23_small_high_cond,double-loop,1,budget_23_small_high_cond,volatility-clustering,2,0.0,0.0,1.0,1.0,budget_23_small_high_cond|double-loop|1,budget_23_small_high_cond|volatility-clustering|2,1_0,-0.04713477352374962,1,0.490220557636288,0.08260738960648842,0.272636815920398,0.490220557636288,ambiguity zone,1_0,0.4439176548542998,0,0.6042446941323346,0.6713727846200059,0.8398009950248757,0.6042446941323346,decision-fragile zone,0.0,0.4910524283780494,1.0,1.0
Base summary,253,5,1.376741591150454e-08,budget_23_small_high_cond,double-loop,1,budget_23_small_high_cond,volatility-clustering,3,0.0,0.0,1.0,1.0,budget_23_small_high_cond|double-loop|1,budget_23_small_high_cond|volatility-clustering|3,1_0,-0.04713477352374962,1,0.490220557636288,0.08260738960648842,0.272636815920398,0.490220557636288,ambiguity zone,1_0,0.4439176548542998,0,0.6267166042446941,0.36978071492940817,0.672636815920398,0.6267166042446941,decision-fragile zone,0.0,0.4910524283780494,1.0,1.0
Base summary,254,1,1.3156722782869519e-09,budget_23_small_high_cond,double-loop,2,budget_23_small_high_cond,double-loop,0,1.0,0.0,0.0,1.0,budget_23_small_high_cond|double-loop|2,budget_23_small_high_cond|double-loop|0,1_0,-0.04713477352374962,0,0.3645443196004994,0.7939321117452688,0.5124378109452735,0.3645443196004994,optimization-limited zone,1_0,-0.04713477352374962,1,0.07324178110694965,0.5373986182036647,0.28656716417910444,0.07324178110694965,ambiguity zone,0.0,0.0,0.0,1.0
Base summary,254,2,1.945280631146608e-09,budget_23_small_high_cond,double-loop,2,budget_23_small_high_cond,double-loop,3,1.0,0.0,0.0,1.0,budget_23_small_high_cond|double-loop|2,budget_23_small_high_cond|double-loop|3,1_0,-0.04713477352374962,0,0.3645443196004994,0.7939321117452688,0.5124378109452735,0.3645443196004994,optimization-limited zone,1_0,-0.04713477352374962,1,0.6916354556803995,0.17693000901171524,0.31940298507462694,0.6916354556803995,ambiguity zone,0.0,0.0,0.0,1.0
Base summary,254,3,2.679938864663251e-09,budget_23_small_high_cond,double-loop,2,budget_23_small_high_cond,double-loop,1,1.0,0.0,0.0,1.0,budget_23_small_high_cond|double-loop|2,budget_23_small_high_cond|double-loop|1,1_0,-0.04713477352374962,0,0.3645443196004994,0.7939321117452688,0.5124378109452735,0.3645443196004994,optimization-limited zone,1_0,-0.04713477352374962,1,0.490220557636288,0.08260738960648842,0.272636815920398,0.490220557636288,ambiguity zone,0.0,0.0,0.0,1.0
Base summary,254,4,1.065243649229942e-08,budget_23_small_high_cond,double-loop,2,budget_23_small_high_cond,volatility-clustering,2,1.0,0.0,1.0,1.0,budget_23_small_high_cond|double-loop|2,budget_23_small_high_cond|volatility-clustering|2,1_0,-0.04713477352374962,0,0.3645443196004994,0.7939321117452688,0.5124378109452735,0.3645443196004994,optimization-limited zone,1_0,0.4439176548542998,0,0.6042446941323346,0.6713727846200059,0.8398009950248757,0.6042446941323346,decision-fragile zone,0.0,0.4910524283780494,1.0,0.0
Base summary,254,5,1.620901020479818e-08,budget_23_small_high_cond,double-loop,2,budget_23_small_high_cond,volatility-clustering,3,1.0,0.0,1.0,1.0,budget_23_small_high_cond|double-loop|2,budget_23_small_high_cond|volatility-clustering|3,1_0,-0.04713477352374962,0,0.3645443196004994,0.7939321117452688,0.5124378109452735,0.3645443196004994,optimization-limited zone,1_0,0.4439176548542998,0,0.6267166042446941,0.36978071492940817,0.672636815920398,0.6267166042446941,decision-fragile zone,0.0,0.4910524283780494,1.0,0.0
Base summary,255,1,9.676057881904655e-10,budget_23_small_high_cond,double-loop,3,budget_23_small_high_cond,double-loop,0,0.0,0.0,0.0,0.0,budget_23_small_high_cond|double-loop|3,budget_23_small_high_cond|double-loop|0,1_0,-0.04713477352374962,1,0.6916354556803995,0.17693000901171524,0.31940298507462694,0.6916354556803995,ambiguity zone,1_0,-0.04713477352374962,1,0.07324178110694965,0.5373986182036647,0.28656716417910444,0.07324178110694965,ambiguity zone,0.0,0.0,0.0,0.0
Base summary,255,2,1.945280631146608e-09,budget_23_small_high_cond,double-loop,3,budget_23_small_high_cond,double-loop,2,1.0,0.0,0.0,1.0,budget_23_small_high_cond|double-loop|3,budget_23_small_high_cond|double-loop|2,1_0,-0.04713477352374962,1,0.6916354556803995,0.17693000901171524,0.31940298507462694,0.6916354556803995,ambiguity zone,1_0,-0.04713477352374962,0,0.3645443196004994,0.7939321117452688,0.5124378109452735,0.3645443196004994,optimization-limited zone,0.0,0.0,0.0,1.0
Base summary,255,3,4.527396713860592e-09,budget_23_small_high_cond,double-loop,3,budget_23_small_high_cond,double-loop,1,0.0,0.0,0.0,0.0,budget_23_small_high_cond|double-loop|3,budget_23_small_high_cond|double-loop|1,1_0,-0.04713477352374962,1,0.6916354556803995,0.17693000901171524,0.31940298507462694,0.6916354556803995,ambiguity zone,1_0,-0.04713477352374962,1,0.490220557636288,0.08260738960648842,0.272636815920398,0.490220557636288,ambiguity zone,0.0,0.0,0.0,0.0
Base summary,255,4,1.0268105293173014e-08,budget_23_small_high_cond,double-loop,3,budget_23_small_high_cond,volatility-clustering,2,0.0,0.0,1.0,1.0,budget_23_small_high_cond|double-loop|3,budget_23_small_high_cond|volatility-clustering|2,1_0,-0.04713477352374962,1,0.6916354556803995,0.17693000901171524,0.31940298507462694,0.6916354556803995,ambiguity zone,1_0,0.4439176548542998,0,0.6042446941323346,0.6713727846200059,0.8398009950248757,0.6042446941323346,decision-fragile zone,0.0,0.4910524283780494,1.0,1.0
Base summary,255,5,1.7820161261335163e-08,budget_23_small_high_cond,double-loop,3,budget_23_small_high_cond,volatility-clustering,3,0.0,0.0,1.0,1.0,budget_23_small_high_cond|double-loop|3,budget_23_small_high_cond|volatility-clustering|3,1_0,-0.04713477352374962,1,0.6916354556803995,0.17693000901171524,0.31940298507462694,0.6916354556803995,ambiguity zone,1_0,0.4439176548542998,0,0.6267166042446941,0.36978071492940817,0.672636815920398,0.6267166042446941,decision-fragile zone,0.0,0.4910524283780494,1.0,1.0
Base summary,256,1,5.326663530598051e-09,budget_23_small_high_cond,mean-reversion,0,budget_23_small_high_cond,mean-reversion,2,1.0,0.0,0.0,1.0,budget_23_small_high_cond|mean-reversion|0,budget_23_small_high_cond|mean-reversion|2,1_0,-0.2321875606103716,0,0.6175613816063255,0.3944127365575247,0.24179104477611935,0.6175613816063255,effective-collapse zone,1_0,-0.2321875606103716,0,0.7573866000832292,0.36377290477620905,0.23283582089552243,0.7573866000832292,effective-collapse zone,0.0,0.0,0.0,0.0
Base summary,256,2,6.185144063322029e-09,budget_23_small_high_cond,mean-reversion,0,budget_23_small_high_cond,mean-reversion,3,1.0,0.0,0.0,1.0,budget_23_small_high_cond|mean-reversion|0,budget_23_small_high_cond|mean-reversion|3,1_0,-0.2321875606103716,0,0.6175613816063255,0.3944127365575247,0.24179104477611935,0.6175613816063255,effective-collapse zone,1_0,-0.2321875606103716,1,0.6658343736995422,0.6218083508561127,0.4487562189054727,0.6658343736995422,optimization-limited zone,0.0,0.0,0.0,1.0
Base summary,256,3,1.1925068772222348e-08,budget_23_small_high_cond,mean-reversion,0,budget_23_small_high_cond,mean-reversion,1,0.0,0.0,0.0,0.0,budget_23_small_high_cond|mean-reversion|0,budget_23_small_high_cond|mean-reversion|1,1_0,-0.2321875606103716,0,0.6175613816063255,0.3944127365575247,0.24179104477611935,0.6175613816063255,effective-collapse zone,1_0,-0.2321875606103716,0,0.19642114024136492,0.555722439170922,0.3213930348258708,0.19642114024136492,optimization-limited zone,0.0,0.0,0.0,0.0
Base summary,256,4,9.55039822079691e-08,budget_23_small_high_cond,mean-reversion,0,budget_23_small_high_cond,volatility-clustering,1,0.0,0.0,1.0,0.0,budget_23_small_high_cond|mean-reversion|0,budget_23_small_high_cond|volatility-clustering|1,1_0,-0.2321875606103716,0,0.6175613816063255,0.3944127365575247,0.24179104477611935,0.6175613816063255,effective-collapse zone,1_0,0.4439176548542998,1,0.7390761548064918,0.30459597476719735,0.6696517412935322,0.7390761548064918,decision-fragile zone,0.0,0.6761052154646714,1.0,1.0
Base summary,256,5,1.1578157247036845e-07,budget_23_small_high_cond,mean-reversion,0,budget_23_small_high_cond,volatility-clustering,0,0.0,0.0,1.0,0.0,budget_23_small_high_cond|mean-reversion|0,budget_23_small_high_cond|volatility-clustering|0,1_0,-0.2321875606103716,0,0.6175613816063255,0.3944127365575247,0.24179104477611935,0.6175613816063255,effective-collapse zone,1_0,0.4439176548542998,1,0.6500208073241781,0.5743466506458396,0.8597014925373134,0.6500208073241781,decision-fragile zone,0.0,0.6761052154646714,1.0,1.0
Base summary,257,1,5.767717946141977e-09,budget_23_small_high_cond,mean-reversion,1,budget_23_small_high_cond,mean-reversion,3,1.0,0.0,0.0,1.0,budget_23_small_high_cond|mean-reversion|1,budget_23_small_high_cond|mean-reversion|3,1_0,-0.2321875606103716,0,0.19642114024136492,0.555722439170922,0.3213930348258708,0.19642114024136492,optimization-limited zone,1_0,-0.2321875606103716,1,0.6658343736995422,0.6218083508561127,0.4487562189054727,0.6658343736995422,optimization-limited zone,0.0,0.0,0.0,1.0
Base summary,257,2,1.1925068772222348e-08,budget_23_small_high_cond,mean-reversion,1,budget_23_small_high_cond,mean-reversion,0,0.0,0.0,0.0,0.0,budget_23_small_high_cond|mean-reversion|1,budget_23_small_high_cond|mean-reversion|0,1_0,-0.2321875606103716,0,0.19642114024136492,0.555722439170922,0.3213930348258708,0.19642114024136492,optimization-limited zone,1_0,-0.2321875606103716,0,0.6175613816063255,0.3944127365575247,0.24179104477611935,0.6175613816063255,effective-collapse zone,0.0,0.0,0.0,0.0
Base summary,257,3,1.7177813192946426e-08,budget_23_small_high_cond,mean-reversion,1,budget_23_small_high_cond,mean-reversion,2,1.0,0.0,0.0,1.0,budget_23_small_high_cond|mean-reversion|1,budget_23_small_high_cond|mean-reversion|2,1_0,-0.2321875606103716,0,0.19642114024136492,0.555722439170922,0.3213930348258708,0.19642114024136492,optimization-limited zone,1_0,-0.2321875606103716,0,0.7573866000832292,0.36377290477620905,0.23283582089552243,0.7573866000832292,effective-collapse zone,0.0,0.0,0.0,0.0
Base summary,257,4,8.358981533615175e-08,budget_23_small_high_cond,mean-reversion,1,budget_23_small_high_cond,volatility-clustering,1,0.0,0.0,1.0,0.0,budget_23_small_high_cond|mean-reversion|1,budget_23_small_high_cond|volatility-clustering|1,1_0,-0.2321875606103716,0,0.19642114024136492,0.555722439170922,0.3213930348258708,0.19642114024136492,optimization-limited zone,1_0,0.4439176548542998,1,0.7390761548064918,0.30459597476719735,0.6696517412935322,0.7390761548064918,decision-fragile zone,0.0,0.6761052154646714,1.0,1.0
Base summary,257,5,1.0386211648827913e-07,budget_23_small_high_cond,mean-reversion,1,budget_23_small_high_cond,volatility-clustering,0,0.0,0.0,1.0,0.0,budget_23_small_high_cond|mean-reversion|1,budget_23_small_high_cond|volatility-clustering|0,1_0,-0.2321875606103716,0,0.19642114024136492,0.555722439170922,0.3213930348258708,0.19642114024136492,optimization-limited zone,1_0,0.4439176548542998,1,0.6500208073241781,0.5743466506458396,0.8597014925373134,0.6500208073241781,decision-fragile zone,0.0,0.6761052154646714,1.0,1.0
Base summary,258,1,5.326663530598051e-09,budget_23_small_high_cond,mean-reversion,2,budget_23_small_high_cond,mean-reversion,0,1.0,0.0,0.0,1.0,budget_23_small_high_cond|mean-reversion|2,budget_23_small_high_cond|mean-reversion|0,1_0,-0.2321875606103716,0,0.7573866000832292,0.36377290477620905,0.23283582089552243,0.7573866000832292,effective-collapse zone,1_0,-0.2321875606103716,0,0.6175613816063255,0.3944127365575247,0.24179104477611935,0.6175613816063255,effective-collapse zone,0.0,0.0,0.0,0.0
Base summary,258,2,1.1423218889336736e-08,budget_23_small_high_cond,mean-reversion,2,budget_23_small_high_cond,mean-reversion,3,0.0,0.0,0.0,1.0,budget_23_small_high_cond|mean-reversion|2,budget_23_small_high_cond|mean-reversion|3,1_0,-0.2321875606103716,0,0.7573866000832292,0.36377290477620905,0.23283582089552243,0.7573866000832292,effective-collapse zone,1_0,-0.2321875606103716,1,0.6658343736995422,0.6218083508561127,0.4487562189054727,0.6658343736995422,optimization-limited zone,0.0,0.0,0.0,1.0
Base summary,258,3,1.7177813192946426e-08,budget_23_small_high_cond,mean-reversion,2,budget_23_small_high_cond,mean-reversion,1,1.0,0.0,0.0,1.0,budget_23_small_high_cond|mean-reversion|2,budget_23_small_high_cond|mean-reversion|1,1_0,-0.2321875606103716,0,0.7573866000832292,0.36377290477620905,0.23283582089552243,0.7573866000832292,effective-collapse zone,1_0,-0.2321875606103716,0,0.19642114024136492,0.555722439170922,0.3213930348258708,0.19642114024136492,optimization-limited zone,0.0,0.0,0.0,0.0
Base summary,258,4,1.0076272830814192e-07,budget_23_small_high_cond,mean-reversion,2,budget_23_small_high_cond,volatility-clustering,1,1.0,0.0,1.0,1.0,budget_23_small_high_cond|mean-reversion|2,budget_23_small_high_cond|volatility-clustering|1,1_0,-0.2321875606103716,0,0.7573866000832292,0.36377290477620905,0.23283582089552243,0.7573866000832292,effective-collapse zone,1_0,0.4439176548542998,1,0.7390761548064918,0.30459597476719735,0.6696517412935322,0.7390761548064918,decision-fragile zone,0.0,0.6761052154646714,1.0,1.0
Base summary,258,5,1.210332420986619e-07,budget_23_small_high_cond,mean-reversion,2,budget_23_small_high_cond,volatility-clustering,0,1.0,0.0,1.0,1.0,budget_23_small_high_cond|mean-reversion|2,budget_23_small_high_cond|volatility-clustering|0,1_0,-0.2321875606103716,0,0.7573866000832292,0.36377290477620905,0.23283582089552243,0.7573866000832292,effective-collapse zone,1_0,0.4439176548542998,1,0.6500208073241781,0.5743466506458396,0.8597014925373134,0.6500208073241781,decision-fragile zone,0.0,0.6761052154646714,1.0,1.0
Base summary,259,1,5.767717946141977e-09,budget_23_small_high_cond,mean-reversion,3,budget_23_small_high_cond,mean-reversion,1,1.0,0.0,0.0,1.0,budget_23_small_high_cond|mean-reversion|3,budget_23_small_high_cond|mean-reversion|1,1_0,-0.2321875606103716,1,0.6658343736995422,0.6218083508561127,0.4487562189054727,0.6658343736995422,optimization-limited zone,1_0,-0.2321875606103716,0,0.19642114024136492,0.555722439170922,0.3213930348258708,0.19642114024136492,optimization-limited zone,0.0,0.0,0.0,1.0
Base summary,259,2,6.185144063322029e-09,budget_23_small_high_cond,mean-reversion,3,budget_23_small_high_cond,mean-reversion,0,1.0,0.0,0.0,1.0,budget_23_small_high_cond|mean-reversion|3,budget_23_small_high_cond|mean-reversion|0,1_0,-0.2321875606103716,1,0.6658343736995422,0.6218083508561127,0.4487562189054727,0.6658343736995422,optimization-limited zone,1_0,-0.2321875606103716,0,0.6175613816063255,0.3944127365575247,0.24179104477611935,0.6175613816063255,effective-collapse zone,0.0,0.0,0.0,1.0
Base summary,259,3,1.1423218889336736e-08,budget_23_small_high_cond,mean-reversion,3,budget_23_small_high_cond,mean-reversion,2,0.0,0.0,0.0,1.0,budget_23_small_high_cond|mean-reversion|3,budget_23_small_high_cond|mean-reversion|2,1_0,-0.2321875606103716,1,0.6658343736995422,0.6218083508561127,0.4487562189054727,0.6658343736995422,optimization-limited zone,1_0,-0.2321875606103716,0,0.7573866000832292,0.36377290477620905,0.23283582089552243,0.7573866000832292,effective-collapse zone,0.0,0.0,0.0,1.0
Base summary,259,4,8.935408790699383e-08,budget_23_small_high_cond,mean-reversion,3,budget_23_small_high_cond,volatility-clustering,1,1.0,0.0,1.0,1.0,budget_23_small_high_cond|mean-reversion|3,budget_23_small_high_cond|volatility-clustering|1,1_0,-0.2321875606103716,1,0.6658343736995422,0.6218083508561127,0.4487562189054727,0.6658343736995422,optimization-limited zone,1_0,0.4439176548542998,1,0.7390761548064918,0.30459597476719735,0.6696517412935322,0.7390761548064918,decision-fragile zone,0.0,0.6761052154646714,1.0,0.0
Base summary,259,5,1.0962289819225423e-07,budget_23_small_high_cond,mean-reversion,3,budget_23_small_high_cond,volatility-clustering,0,1.0,0.0,1.0,1.0,budget_23_small_high_cond|mean-reversion|3,budget_23_small_high_cond|volatility-clustering|0,1_0,-0.2321875606103716,1,0.6658343736995422,0.6218083508561127,0.4487562189054727,0.6658343736995422,optimization-limited zone,1_0,0.4439176548542998,1,0.6500208073241781,0.5743466506458396,0.8597014925373134,0.6500208073241781,decision-fragile zone,0.0,0.6761052154646714,1.0,0.0
Base summary,260,1,1.241991640031704e-09,budget_23_small_high_cond,multi-hole,0,budget_23_small_high_cond,multi-hole,2,0.0,0.0,0.0,0.0,budget_23_small_high_cond|multi-hole|0,budget_23_small_high_cond|multi-hole|2,1_1,-0.689700722662991,0,0.5667915106117353,0.1396815860618804,0.3114427860696518,0.5667915106117353,effective-collapse zone,1_1,-0.689700722662991,1,0.455264253017062,0.3325322919795734,0.2965174129353235,0.455264253017062,effective-collapse zone,0.0,0.0,0.0,1.0
Base summary,260,2,2.478367216457662e-09,budget_23_small_high_cond,multi-hole,0,budget_23_small_high_cond,pinwheel,0,1.0,0.0,1.0,0.0,budget_23_small_high_cond|multi-hole|0,budget_23_small_high_cond|pinwheel|0,1_1,-0.689700722662991,0,0.5667915106117353,0.1396815860618804,0.3114427860696518,0.5667915106117353,effective-collapse zone,1_1,0.22351500627580145,0,0.6799833541406575,0.41964553920096115,0.8228855721393036,0.6799833541406575,decision-fragile zone,0.0,0.9132157289387924,1.0,0.0
Base summary,260,3,2.5011306672313797e-09,budget_23_small_high_cond,multi-hole,0,budget_23_small_high_cond,multi-hole,3,0.0,0.0,0.0,1.0,budget_23_small_high_cond|multi-hole|0,budget_23_small_high_cond|multi-hole|3,1_1,-0.689700722662991,0,0.5667915106117353,0.1396815860618804,0.3114427860696518,0.5667915106117353,effective-collapse zone,1_1,-0.689700722662991,1,0.39034540158135667,0.685190747972364,0.5094527363184079,0.39034540158135667,optimization-limited zone,0.0,0.0,0.0,1.0
Base summary,260,4,3.518752631072103e-09,budget_23_small_high_cond,multi-hole,0,budget_23_small_high_cond,pinwheel,2,1.0,0.0,1.0,0.0,budget_23_small_high_cond|multi-hole|0,budget_23_small_high_cond|pinwheel|2,1_1,-0.689700722662991,0,0.5667915106117353,0.1396815860618804,0.3114427860696518,0.5667915106117353,effective-collapse zone,1_1,0.22351500627580145,1,0.7831876820640866,0.5193751877440673,0.8169154228855722,0.7831876820640866,decision-fragile zone,0.0,0.9132157289387924,1.0,1.0
Base summary,260,5,4.549522492995981e-09,budget_23_small_high_cond,multi-hole,0,budget_23_small_high_cond,multi-hole,1,0.0,0.0,0.0,1.0,budget_23_small_high_cond|multi-hole|0,budget_23_small_high_cond|multi-hole|1,1_1,-0.689700722662991,0,0.5667915106117353,0.1396815860618804,0.3114427860696518,0.5667915106117353,effective-collapse zone,1_1,-0.689700722662991,1,0.7894298793175198,0.6884950435566236,0.7223880597014926,0.7894298793175198,optimization-limited zone,0.0,0.0,0.0,1.0
Base summary,261,1,4.549522492995981e-09,budget_23_small_high_cond,multi-hole,1,budget_23_small_high_cond,multi-hole,0,0.0,0.0,0.0,1.0,budget_23_small_high_cond|multi-hole|1,budget_23_small_high_cond|multi-hole|0,1_1,-0.689700722662991,1,0.7894298793175198,0.6884950435566236,0.7223880597014926,0.7894298793175198,optimization-limited zone,1_1,-0.689700722662991,0,0.5667915106117353,0.1396815860618804,0.3114427860696518,0.5667915106117353,effective-collapse zone,0.0,0.0,0.0,1.0
Base summary,261,2,4.582097483636677e-09,budget_23_small_high_cond,multi-hole,1,budget_23_small_high_cond,multi-hole,2,0.0,0.0,0.0,1.0,budget_23_small_high_cond|multi-hole|1,budget_23_small_high_cond|multi-hole|2,1_1,-0.689700722662991,1,0.7894298793175198,0.6884950435566236,0.7223880597014926,0.7894298793175198,optimization-limited zone,1_1,-0.689700722662991,1,0.455264253017062,0.3325322919795734,0.2965174129353235,0.455264253017062,effective-collapse zone,0.0,0.0,0.0,0.0
Base summary,261,3,6.324165499513193e-09,budget_23_small_high_cond,multi-hole,1,budget_23_small_high_cond,multi-hole,3,0.0,0.0,0.0,0.0,budget_23_small_high_cond|multi-hole|1,budget_23_small_high_cond|multi-hole|3,1_1,-0.689700722662991,1,0.7894298793175198,0.6884950435566236,0.7223880597014926,0.7894298793175198,optimization-limited zone,1_1,-0.689700722662991,1,0.39034540158135667,0.685190747972364,0.5094527363184079,0.39034540158135667,optimization-limited zone,0.0,0.0,0.0,0.0
Base summary,261,4,6.615255867695883e-09,budget_23_small_high_cond,multi-hole,1,budget_23_small_high_cond,pinwheel,0,1.0,0.0,1.0,1.0,budget_23_small_high_cond|multi-hole|1,budget_23_small_high_cond|pinwheel|0,1_1,-0.689700722662991,1,0.7894298793175198,0.6884950435566236,0.7223880597014926,0.7894298793175198,optimization-limited zone,1_1,0.22351500627580145,0,0.6799833541406575,0.41964553920096115,0.8228855721393036,0.6799833541406575,decision-fragile zone,0.0,0.9132157289387924,1.0,1.0
Base summary,261,5,7.7401403307373e-09,budget_23_small_high_cond,multi-hole,1,budget_23_small_high_cond,pinwheel,2,1.0,0.0,1.0,1.0,budget_23_small_high_cond|multi-hole|1,budget_23_small_high_cond|pinwheel|2,1_1,-0.689700722662991,1,0.7894298793175198,0.6884950435566236,0.7223880597014926,0.7894298793175198,optimization-limited zone,1_1,0.22351500627580145,1,0.7831876820640866,0.5193751877440673,0.8169154228855722,0.7831876820640866,decision-fragile zone,0.0,0.9132157289387924,1.0,0.0
Base summary,262,1,1.241991640031704e-09,budget_23_small_high_cond,multi-hole,2,budget_23_small_high_cond,multi-hole,0,0.0,0.0,0.0,0.0,budget_23_small_high_cond|multi-hole|2,budget_23_small_high_cond|multi-hole|0,1_1,-0.689700722662991,1,0.455264253017062,0.3325322919795734,0.2965174129353235,0.455264253017062,effective-collapse zone,1_1,-0.689700722662991,0,0.5667915106117353,0.1396815860618804,0.3114427860696518,0.5667915106117353,effective-collapse zone,0.0,0.0,0.0,1.0
Base summary,262,2,1.782622818605736e-09,budget_23_small_high_cond,multi-hole,2,budget_23_small_high_cond,multi-hole,3,0.0,0.0,0.0,1.0,budget_23_small_high_cond|multi-hole|2,budget_23_small_high_cond|multi-hole|3,1_1,-0.689700722662991,1,0.455264253017062,0.3325322919795734,0.2965174129353235,0.455264253017062,effective-collapse zone,1_1,-0.689700722662991,1,0.39034540158135667,0.685190747972364,0.5094527363184079,0.39034540158135667,optimization-limited zone,0.0,0.0,0.0,0.0
Base summary,262,3,3.4950667565932584e-09,budget_23_small_high_cond,multi-hole,2,budget_23_small_high_cond,pinwheel,0,1.0,0.0,1.0,0.0,budget_23_small_high_cond|multi-hole|2,budget_23_small_high_cond|pinwheel|0,1_1,-0.689700722662991,1,0.455264253017062,0.3325322919795734,0.2965174129353235,0.455264253017062,effective-collapse zone,1_1,0.22351500627580145,0,0.6799833541406575,0.41964553920096115,0.8228855721393036,0.6799833541406575,decision-fragile zone,0.0,0.9132157289387924,1.0,1.0
Base summary,262,4,4.312695968600513e-09,budget_23_small_high_cond,multi-hole,2,budget_23_small_high_cond,pinwheel,2,1.0,0.0,1.0,0.0,budget_23_small_high_cond|multi-hole|2,budget_23_small_high_cond|pinwheel|2,1_1,-0.689700722662991,1,0.455264253017062,0.3325322919795734,0.2965174129353235,0.455264253017062,effective-collapse zone,1_1,0.22351500627580145,1,0.7831876820640866,0.5193751877440673,0.8169154228855722,0.7831876820640866,decision-fragile zone,0.0,0.9132157289387924,1.0,0.0
Base summary,262,5,4.582097483636677e-09,budget_23_small_high_cond,multi-hole,2,budget_23_small_high_cond,multi-hole,1,0.0,0.0,0.0,1.0,budget_23_small_high_cond|multi-hole|2,budget_23_small_high_cond|multi-hole|1,1_1,-0.689700722662991,1,0.455264253017062,0.3325322919795734,0.2965174129353235,0.455264253017062,effective-collapse zone,1_1,-0.689700722662991,1,0.7894298793175198,0.6884950435566236,0.7223880597014926,0.7894298793175198,optimization-limited zone,0.0,0.0,0.0,0.0
Base summary,263,1,1.782622818605736e-09,budget_23_small_high_cond,multi-hole,3,budget_23_small_high_cond,multi-hole,2,0.0,0.0,0.0,1.0,budget_23_small_high_cond|multi-hole|3,budget_23_small_high_cond|multi-hole|2,1_1,-0.689700722662991,1,0.39034540158135667,0.685190747972364,0.5094527363184079,0.39034540158135667,optimization-limited zone,1_1,-0.689700722662991,1,0.455264253017062,0.3325322919795734,0.2965174129353235,0.455264253017062,effective-collapse zone,0.0,0.0,0.0,0.0
Base summary,263,2,2.5011306672313797e-09,budget_23_small_high_cond,multi-hole,3,budget_23_small_high_cond,multi-hole,0,0.0,0.0,0.0,1.0,budget_23_small_high_cond|multi-hole|3,budget_23_small_high_cond|multi-hole|0,1_1,-0.689700722662991,1,0.39034540158135667,0.685190747972364,0.5094527363184079,0.39034540158135667,optimization-limited zone,1_1,-0.689700722662991,0,0.5667915106117353,0.1396815860618804,0.3114427860696518,0.5667915106117353,effective-collapse zone,0.0,0.0,0.0,1.0
Base summary,263,3,3.6856458011921243e-09,budget_23_small_high_cond,multi-hole,3,budget_23_small_high_cond,pinwheel,0,1.0,0.0,1.0,1.0,budget_23_small_high_cond|multi-hole|3,budget_23_small_high_cond|pinwheel|0,1_1,-0.689700722662991,1,0.39034540158135667,0.685190747972364,0.5094527363184079,0.39034540158135667,optimization-limited zone,1_1,0.22351500627580145,0,0.6799833541406575,0.41964553920096115,0.8228855721393036,0.6799833541406575,decision-fragile zone,0.0,0.9132157289387924,1.0,1.0
Base summary,263,4,3.990379940232618e-09,budget_23_small_high_cond,multi-hole,3,budget_23_small_high_cond,pinwheel,2,1.0,0.0,1.0,1.0,budget_23_small_high_cond|multi-hole|3,budget_23_small_high_cond|pinwheel|2,1_1,-0.689700722662991,1,0.39034540158135667,0.685190747972364,0.5094527363184079,0.39034540158135667,optimization-limited zone,1_1,0.22351500627580145,1,0.7831876820640866,0.5193751877440673,0.8169154228855722,0.7831876820640866,decision-fragile zone,0.0,0.9132157289387924,1.0,0.0
Base summary,263,5,4.722675126005919e-09,budget_23_small_high_cond,multi-hole,3,budget_23_small_high_cond,pinwheel,3,1.0,0.0,1.0,0.0,budget_23_small_high_cond|multi-hole|3,budget_23_small_high_cond|pinwheel|3,1_1,-0.689700722662991,1,0.39034540158135667,0.685190747972364,0.5094527363184079,0.39034540158135667,optimization-limited zone,1_1,0.22351500627580145,1,0.7349146899708697,0.7218383899068789,0.9771144278606967,0.7349146899708697,decision-fragile zone,0.0,0.9132157289387924,1.0,0.0
Base summary,264,1,2.594302562055214e-09,budget_23_small_high_cond,nested-rings,0,budget_23_small_high_cond,nested-rings,2,0.0,0.0,0.0,0.0,budget_23_small_high_cond|nested-rings|0,budget_23_small_high_cond|nested-rings|2,1_1,-0.20273546129123288,1,0.5197669579692051,0.06188044457795133,0.31044776119402984,0.5197669579692051,effective-collapse zone,1_1,-0.20273546129123288,1,0.6645859342488556,0.09702613397416643,0.3393034825870648,0.6645859342488556,effective-collapse zone,0.0,0.0,0.0,0.0
Base summary,264,2,2.597401809489727e-09,budget_23_small_high_cond,nested-rings,0,budget_23_small_high_cond,nested-rings,1,0.0,0.0,0.0,1.0,budget_23_small_high_cond|nested-rings|0,budget_23_small_high_cond|nested-rings|1,1_1,-0.20273546129123288,1,0.5197669579692051,0.06188044457795133,0.31044776119402984,0.5197669579692051,effective-collapse zone,1_1,-0.20273546129123288,0,0.6974615064502704,0.7539801742264943,0.5661691542288557,0.6974615064502704,optimization-limited zone,0.0,0.0,0.0,1.0
Base summary,264,3,2.8316270884535703e-09,budget_23_small_high_cond,nested-rings,0,budget_23_small_high_cond,nested-rings,3,0.0,0.0,0.0,1.0,budget_23_small_high_cond|nested-rings|0,budget_23_small_high_cond|nested-rings|3,1_1,-0.20273546129123288,1,0.5197669579692051,0.06188044457795133,0.31044776119402984,0.5197669579692051,effective-collapse zone,1_1,-0.20273546129123288,1,0.4898044111527258,0.6245118654250524,0.4597014925373134,0.4898044111527258,optimization-limited zone,0.0,0.0,0.0,0.0
Base summary,264,4,1.2025939947402353e-08,budget_23_small_high_cond,nested-rings,0,budget_23_small_high_cond,multi-hole,1,1.0,0.0,1.0,1.0,budget_23_small_high_cond|nested-rings|0,budget_23_small_high_cond|multi-hole|1,1_1,-0.20273546129123288,1,0.5197669579692051,0.06188044457795133,0.31044776119402984,0.5197669579692051,effective-collapse zone,1_1,-0.689700722662991,1,0.7894298793175198,0.6884950435566236,0.7223880597014926,0.7894298793175198,optimization-limited zone,0.0,0.4869652613717581,0.0,0.0
Base summary,264,5,1.6484528791717282e-08,budget_23_small_high_cond,nested-rings,0,budget_23_small_high_cond,multi-hole,2,1.0,0.0,1.0,0.0,budget_23_small_high_cond|nested-rings|0,budget_23_small_high_cond|multi-hole|2,1_1,-0.20273546129123288,1,0.5197669579692051,0.06188044457795133,0.31044776119402984,0.5197669579692051,effective-collapse zone,1_1,-0.689700722662991,1,0.455264253017062,0.3325322919795734,0.2965174129353235,0.455264253017062,effective-collapse zone,0.0,0.4869652613717581,0.0,0.0
Base summary,265,1,2.22735024053494e-09,budget_23_small_high_cond,nested-rings,1,budget_23_small_high_cond,nested-rings,3,0.0,0.0,0.0,0.0,budget_23_small_high_cond|nested-rings|1,budget_23_small_high_cond|nested-rings|3,1_1,-0.20273546129123288,0,0.6974615064502704,0.7539801742264943,0.5661691542288557,0.6974615064502704,optimization-limited zone,1_1,-0.20273546129123288,1,0.4898044111527258,0.6245118654250524,0.4597014925373134,0.4898044111527258,optimization-limited zone,0.0,0.0,0.0,1.0
Base summary,265,2,2.597401809489727e-09,budget_23_small_high_cond,nested-rings,1,budget_23_small_high_cond,nested-rings,0,0.0,0.0,0.0,1.0,budget_23_small_high_cond|nested-rings|1,budget_23_small_high_cond|nested-rings|0,1_1,-0.20273546129123288,0,0.6974615064502704,0.7539801742264943,0.5661691542288557,0.6974615064502704,optimization-limited zone,1_1,-0.20273546129123288,1,0.5197669579692051,0.06188044457795133,0.31044776119402984,0.5197669579692051,effective-collapse zone,0.0,0.0,0.0,1.0
Base summary,265,3,2.69972652643682e-09,budget_23_small_high_cond,nested-rings,1,budget_23_small_high_cond,nested-rings,2,0.0,0.0,0.0,1.0,budget_23_small_high_cond|nested-rings|1,budget_23_small_high_cond|nested-rings|2,1_1,-0.20273546129123288,0,0.6974615064502704,0.7539801742264943,0.5661691542288557,0.6974615064502704,optimization-limited zone,1_1,-0.20273546129123288,1,0.6645859342488556,0.09702613397416643,0.3393034825870648,0.6645859342488556,effective-collapse zone,0.0,0.0,0.0,1.0
Base summary,265,4,1.3182220206200342e-08,budget_23_small_high_cond,nested-rings,1,budget_23_small_high_cond,multi-hole,1,1.0,0.0,1.0,0.0,budget_23_small_high_cond|nested-rings|1,budget_23_small_high_cond|multi-hole|1,1_1,-0.20273546129123288,0,0.6974615064502704,0.7539801742264943,0.5661691542288557,0.6974615064502704,optimization-limited zone,1_1,-0.689700722662991,1,0.7894298793175198,0.6884950435566236,0.7223880597014926,0.7894298793175198,optimization-limited zone,0.0,0.4869652613717581,0.0,1.0
Base summary,265,5,1.7412511406104237e-08,budget_23_small_high_cond,nested-rings,1,budget_23_small_high_cond,multi-hole,2,1.0,0.0,1.0,1.0,budget_23_small_high_cond|nested-rings|1,budget_23_small_high_cond|multi-hole|2,1_1,-0.20273546129123288,0,0.6974615064502704,0.7539801742264943,0.5661691542288557,0.6974615064502704,optimization-limited zone,1_1,-0.689700722662991,1,0.455264253017062,0.3325322919795734,0.2965174129353235,0.455264253017062,effective-collapse zone,0.0,0.4869652613717581,0.0,1.0
Base summary,266,1,8.348756185105787e-10,budget_23_small_high_cond,nested-rings,2,budget_23_small_high_cond,nested-rings,3,0.0,0.0,0.0,1.0,budget_23_small_high_cond|nested-rings|2,budget_23_small_high_cond|nested-rings|3,1_1,-0.20273546129123288,1,0.6645859342488556,0.09702613397416643,0.3393034825870648,0.6645859342488556,effective-collapse zone,1_1,-0.20273546129123288,1,0.4898044111527258,0.6245118654250524,0.4597014925373134,0.4898044111527258,optimization-limited zone,0.0,0.0,0.0,0.0
Base summary,266,2,2.594302562055214e-09,budget_23_small_high_cond,nested-rings,2,budget_23_small_high_cond,nested-rings,0,0.0,0.0,0.0,0.0,budget_23_small_high_cond|nested-rings|2,budget_23_small_high_cond|nested-rings|0,1_1,-0.20273546129123288,1,0.6645859342488556,0.09702613397416643,0.3393034825870648,0.6645859342488556,effective-collapse zone,1_1,-0.20273546129123288,1,0.5197669579692051,0.06188044457795133,0.31044776119402984,0.5197669579692051,effective-collapse zone,0.0,0.0,0.0,0.0
Base summary,266,3,2.69972652643682e-09,budget_23_small_high_cond,nested-rings,2,budget_23_small_high_cond,nested-rings,1,0.0,0.0,0.0,1.0,budget_23_small_high_cond|nested-rings|2,budget_23_small_high_cond|nested-rings|1,1_1,-0.20273546129123288,1,0.6645859342488556,0.09702613397416643,0.3393034825870648,0.6645859342488556,effective-collapse zone,1_1,-0.20273546129123288,0,0.6974615064502704,0.7539801742264943,0.5661691542288557,0.6974615064502704,optimization-limited zone,0.0,0.0,0.0,1.0
Base summary,266,4,1.4552926008536485e-08,budget_23_small_high_cond,nested-rings,2,budget_23_small_high_cond,multi-hole,1,1.0,0.0,1.0,1.0,budget_23_small_high_cond|nested-rings|2,budget_23_small_high_cond|multi-hole|1,1_1,-0.20273546129123288,1,0.6645859342488556,0.09702613397416643,0.3393034825870648,0.6645859342488556,effective-collapse zone,1_1,-0.689700722662991,1,0.7894298793175198,0.6884950435566236,0.7223880597014926,0.7894298793175198,optimization-limited zone,0.0,0.4869652613717581,0.0,0.0
Base summary,266,5,1.8975884909365665e-08,budget_23_small_high_cond,nested-rings,2,budget_23_small_high_cond,multi-hole,2,1.0,0.0,1.0,0.0,budget_23_small_high_cond|nested-rings|2,budget_23_small_high_cond|multi-hole|2,1_1,-0.20273546129123288,1,0.6645859342488556,0.09702613397416643,0.3393034825870648,0.6645859342488556,effective-collapse zone,1_1,-0.689700722662991,1,0.455264253017062,0.3325322919795734,0.2965174129353235,0.455264253017062,effective-collapse zone,0.0,0.4869652613717581,0.0,0.0
Base summary,267,1,8.348756185105787e-10,budget_23_small_high_cond,nested-rings,3,budget_23_small_high_cond,nested-rings,2,0.0,0.0,0.0,1.0,budget_23_small_high_cond|nested-rings|3,budget_23_small_high_cond|nested-rings|2,1_1,-0.20273546129123288,1,0.4898044111527258,0.6245118654250524,0.4597014925373134,0.4898044111527258,optimization-limited zone,1_1,-0.20273546129123288,1,0.6645859342488556,0.09702613397416643,0.3393034825870648,0.6645859342488556,effective-collapse zone,0.0,0.0,0.0,0.0
Base summary,267,2,2.22735024053494e-09,budget_23_small_high_cond,nested-rings,3,budget_23_small_high_cond,nested-rings,1,0.0,0.0,0.0,0.0,budget_23_small_high_cond|nested-rings|3,budget_23_small_high_cond|nested-rings|1,1_1,-0.20273546129123288,1,0.4898044111527258,0.6245118654250524,0.4597014925373134,0.4898044111527258,optimization-limited zone,1_1,-0.20273546129123288,0,0.6974615064502704,0.7539801742264943,0.5661691542288557,0.6974615064502704,optimization-limited zone,0.0,0.0,0.0,1.0
Base summary,267,3,2.8316270884535703e-09,budget_23_small_high_cond,nested-rings,3,budget_23_small_high_cond,nested-rings,0,0.0,0.0,0.0,1.0,budget_23_small_high_cond|nested-rings|3,budget_23_small_high_cond|nested-rings|0,1_1,-0.20273546129123288,1,0.4898044111527258,0.6245118654250524,0.4597014925373134,0.4898044111527258,optimization-limited zone,1_1,-0.20273546129123288,1,0.5197669579692051,0.06188044457795133,0.31044776119402984,0.5197669579692051,effective-collapse zone,0.0,0.0,0.0,0.0
Base summary,267,4,1.4554657037917402e-08,budget_23_small_high_cond,nested-rings,3,budget_23_small_high_cond,multi-hole,1,1.0,0.0,1.0,0.0,budget_23_small_high_cond|nested-rings|3,budget_23_small_high_cond|multi-hole|1,1_1,-0.20273546129123288,1,0.4898044111527258,0.6245118654250524,0.4597014925373134,0.4898044111527258,optimization-limited zone,1_1,-0.689700722662991,1,0.7894298793175198,0.6884950435566236,0.7223880597014926,0.7894298793175198,optimization-limited zone,0.0,0.4869652613717581,0.0,0.0
Base summary,267,5,1.891239391875188e-08,budget_23_small_high_cond,nested-rings,3,budget_23_small_high_cond,multi-hole,2,1.0,0.0,1.0,1.0,budget_23_small_high_cond|nested-rings|3,budget_23_small_high_cond|multi-hole|2,1_1,-0.20273546129123288,1,0.4898044111527258,0.6245118654250524,0.4597014925373134,0.4898044111527258,optimization-limited zone,1_1,-0.689700722662991,1,0.455264253017062,0.3325322919795734,0.2965174129353235,0.455264253017062,effective-collapse zone,0.0,0.4869652613717581,0.0,0.0
Base summary,268,1,1.4370795897824463e-09,budget_23_small_high_cond,pinwheel,0,budget_23_small_high_cond,pinwheel,2,0.0,0.0,0.0,0.0,budget_23_small_high_cond|pinwheel|0,budget_23_small_high_cond|pinwheel|2,1_1,0.22351500627580145,0,0.6799833541406575,0.41964553920096115,0.8228855721393036,0.6799833541406575,decision-fragile zone,1_1,0.22351500627580145,1,0.7831876820640866,0.5193751877440673,0.8169154228855722,0.7831876820640866,decision-fragile zone,0.0,0.0,0.0,1.0
Base summary,268,2,2.478367216457662e-09,budget_23_small_high_cond,pinwheel,0,budget_23_small_high_cond,multi-hole,0,1.0,0.0,1.0,0.0,budget_23_small_high_cond|pinwheel|0,budget_23_small_high_cond|multi-hole|0,1_1,0.22351500627580145,0,0.6799833541406575,0.41964553920096115,0.8228855721393036,0.6799833541406575,decision-fragile zone,1_1,-0.689700722662991,0,0.5667915106117353,0.1396815860618804,0.3114427860696518,0.5667915106117353,effective-collapse zone,0.0,0.9132157289387924,1.0,0.0
Base summary,268,3,2.5309645852264103e-09,budget_23_small_high_cond,pinwheel,0,budget_23_small_high_cond,pinwheel,3,0.0,0.0,0.0,1.0,budget_23_small_high_cond|pinwheel|0,budget_23_small_high_cond|pinwheel|3,1_1,0.22351500627580145,0,0.6799833541406575,0.41964553920096115,0.8228855721393036,0.6799833541406575,decision-fragile zone,1_1,0.22351500627580145,1,0.7349146899708697,0.7218383899068789,0.9771144278606967,0.7349146899708697,decision-fragile zone,0.0,0.0,0.0,1.0
Base summary,268,4,3.4950667565932584e-09,budget_23_small_high_cond,pinwheel,0,budget_23_small_high_cond,multi-hole,2,1.0,0.0,1.0,0.0,budget_23_small_high_cond|pinwheel|0,budget_23_small_high_cond|multi-hole|2,1_1,0.22351500627580145,0,0.6799833541406575,0.41964553920096115,0.8228855721393036,0.6799833541406575,decision-fragile zone,1_1,-0.689700722662991,1,0.455264253017062,0.3325322919795734,0.2965174129353235,0.455264253017062,effective-collapse zone,0.0,0.9132157289387924,1.0,1.0
Base summary,268,5,3.6856458011921243e-09,budget_23_small_high_cond,pinwheel,0,budget_23_small_high_cond,multi-hole,3,1.0,0.0,1.0,1.0,budget_23_small_high_cond|pinwheel|0,budget_23_small_high_cond|multi-hole|3,1_1,0.22351500627580145,0,0.6799833541406575,0.41964553920096115,0.8228855721393036,0.6799833541406575,decision-fragile zone,1_1,-0.689700722662991,1,0.39034540158135667,0.685190747972364,0.5094527363184079,0.39034540158135667,optimization-limited zone,0.0,0.9132157289387924,1.0,1.0
Base summary,269,1,1.6025832827247143e-09,budget_23_small_high_cond,pinwheel,1,budget_23_small_high_cond,pinwheel,3,0.0,0.0,0.0,1.0,budget_23_small_high_cond|pinwheel|1,budget_23_small_high_cond|pinwheel|3,1_1,0.22351500627580145,1,0.4810653349979193,0.5746470411534994,0.8059701492537313,0.4810653349979193,decision-fragile zone,1_1,0.22351500627580145,1,0.7349146899708697,0.7218383899068789,0.9771144278606967,0.7349146899708697,decision-fragile zone,0.0,0.0,0.0,0.0
Base summary,269,2,2.9244864454915023e-09,budget_23_small_high_cond,pinwheel,1,budget_23_small_high_cond,pinwheel,2,0.0,0.0,0.0,0.0,budget_23_small_high_cond|pinwheel|1,budget_23_small_high_cond|pinwheel|2,1_1,0.22351500627580145,1,0.4810653349979193,0.5746470411534994,0.8059701492537313,0.4810653349979193,decision-fragile zone,1_1,0.22351500627580145,1,0.7831876820640866,0.5193751877440673,0.8169154228855722,0.7831876820640866,decision-fragile zone,0.0,0.0,0.0,0.0
Base summary,269,3,4.116521354935125e-09,budget_23_small_high_cond,pinwheel,1,budget_23_small_high_cond,pinwheel,0,0.0,0.0,0.0,0.0,budget_23_small_high_cond|pinwheel|1,budget_23_small_high_cond|pinwheel|0,1_1,0.22351500627580145,1,0.4810653349979193,0.5746470411534994,0.8059701492537313,0.4810653349979193,decision-fragile zone,1_1,0.22351500627580145,0,0.6799833541406575,0.41964553920096115,0.8228855721393036,0.6799833541406575,decision-fragile zone,0.0,0.0,0.0,1.0
Base summary,269,4,5.784080342873677e-09,budget_23_small_high_cond,pinwheel,1,budget_23_small_high_cond,multi-hole,3,1.0,0.0,1.0,1.0,budget_23_small_high_cond|pinwheel|1,budget_23_small_high_cond|multi-hole|3,1_1,0.22351500627580145,1,0.4810653349979193,0.5746470411534994,0.8059701492537313,0.4810653349979193,decision-fragile zone,1_1,-0.689700722662991,1,0.39034540158135667,0.685190747972364,0.5094527363184079,0.39034540158135667,optimization-limited zone,0.0,0.9132157289387924,1.0,0.0
Base summary,269,5,6.180606278684321e-09,budget_23_small_high_cond,pinwheel,1,budget_23_small_high_cond,multi-hole,0,1.0,0.0,1.0,0.0,budget_23_small_high_cond|pinwheel|1,budget_23_small_high_cond|multi-hole|0,1_1,0.22351500627580145,1,0.4810653349979193,0.5746470411534994,0.8059701492537313,0.4810653349979193,decision-fragile zone,1_1,-0.689700722662991,0,0.5667915106117353,0.1396815860618804,0.3114427860696518,0.5667915106117353,effective-collapse zone,0.0,0.9132157289387924,1.0,1.0
Base summary,270,1,1.3584805441734471e-09,budget_23_small_high_cond,pinwheel,2,budget_23_small_high_cond,pinwheel,3,0.0,0.0,0.0,1.0,budget_23_small_high_cond|pinwheel|2,budget_23_small_high_cond|pinwheel|3,1_1,0.22351500627580145,1,0.7831876820640866,0.5193751877440673,0.8169154228855722,0.7831876820640866,decision-fragile zone,1_1,0.22351500627580145,1,0.7349146899708697,0.7218383899068789,0.9771144278606967,0.7349146899708697,decision-fragile zone,0.0,0.0,0.0,0.0
Base summary,270,2,1.4370795897824463e-09,budget_23_small_high_cond,pinwheel,2,budget_23_small_high_cond,pinwheel,0,0.0,0.0,0.0,0.0,budget_23_small_high_cond|pinwheel|2,budget_23_small_high_cond|pinwheel|0,1_1,0.22351500627580145,1,0.7831876820640866,0.5193751877440673,0.8169154228855722,0.7831876820640866,decision-fragile zone,1_1,0.22351500627580145,0,0.6799833541406575,0.41964553920096115,0.8228855721393036,0.6799833541406575,decision-fragile zone,0.0,0.0,0.0,1.0
Base summary,270,3,2.9244864454915023e-09,budget_23_small_high_cond,pinwheel,2,budget_23_small_high_cond,pinwheel,1,0.0,0.0,0.0,0.0,budget_23_small_high_cond|pinwheel|2,budget_23_small_high_cond|pinwheel|1,1_1,0.22351500627580145,1,0.7831876820640866,0.5193751877440673,0.8169154228855722,0.7831876820640866,decision-fragile zone,1_1,0.22351500627580145,1,0.4810653349979193,0.5746470411534994,0.8059701492537313,0.4810653349979193,decision-fragile zone,0.0,0.0,0.0,0.0
Base summary,270,4,3.518752631072103e-09,budget_23_small_high_cond,pinwheel,2,budget_23_small_high_cond,multi-hole,0,1.0,0.0,1.0,0.0,budget_23_small_high_cond|pinwheel|2,budget_23_small_high_cond|multi-hole|0,1_1,0.22351500627580145,1,0.7831876820640866,0.5193751877440673,0.8169154228855722,0.7831876820640866,decision-fragile zone,1_1,-0.689700722662991,0,0.5667915106117353,0.1396815860618804,0.3114427860696518,0.5667915106117353,effective-collapse zone,0.0,0.9132157289387924,1.0,1.0
Base summary,270,5,3.990379940232618e-09,budget_23_small_high_cond,pinwheel,2,budget_23_small_high_cond,multi-hole,3,1.0,0.0,1.0,1.0,budget_23_small_high_cond|pinwheel|2,budget_23_small_high_cond|multi-hole|3,1_1,0.22351500627580145,1,0.7831876820640866,0.5193751877440673,0.8169154228855722,0.7831876820640866,decision-fragile zone,1_1,-0.689700722662991,1,0.39034540158135667,0.685190747972364,0.5094527363184079,0.39034540158135667,optimization-limited zone,0.0,0.9132157289387924,1.0,0.0
Base summary,271,1,1.3584805441734471e-09,budget_23_small_high_cond,pinwheel,3,budget_23_small_high_cond,pinwheel,2,0.0,0.0,0.0,1.0,budget_23_small_high_cond|pinwheel|3,budget_23_small_high_cond|pinwheel|2,1_1,0.22351500627580145,1,0.7349146899708697,0.7218383899068789,0.9771144278606967,0.7349146899708697,decision-fragile zone,1_1,0.22351500627580145,1,0.7831876820640866,0.5193751877440673,0.8169154228855722,0.7831876820640866,decision-fragile zone,0.0,0.0,0.0,0.0
Base summary,271,2,1.6025832827247143e-09,budget_23_small_high_cond,pinwheel,3,budget_23_small_high_cond,pinwheel,1,0.0,0.0,0.0,1.0,budget_23_small_high_cond|pinwheel|3,budget_23_small_high_cond|pinwheel|1,1_1,0.22351500627580145,1,0.7349146899708697,0.7218383899068789,0.9771144278606967,0.7349146899708697,decision-fragile zone,1_1,0.22351500627580145,1,0.4810653349979193,0.5746470411534994,0.8059701492537313,0.4810653349979193,decision-fragile zone,0.0,0.0,0.0,0.0
Base summary,271,3,2.5309645852264103e-09,budget_23_small_high_cond,pinwheel,3,budget_23_small_high_cond,pinwheel,0,0.0,0.0,0.0,1.0,budget_23_small_high_cond|pinwheel|3,budget_23_small_high_cond|pinwheel|0,1_1,0.22351500627580145,1,0.7349146899708697,0.7218383899068789,0.9771144278606967,0.7349146899708697,decision-fragile zone,1_1,0.22351500627580145,0,0.6799833541406575,0.41964553920096115,0.8228855721393036,0.6799833541406575,decision-fragile zone,0.0,0.0,0.0,1.0
Base summary,271,4,4.690233321844051e-09,budget_23_small_high_cond,pinwheel,3,budget_23_small_high_cond,multi-hole,0,1.0,0.0,1.0,1.0,budget_23_small_high_cond|pinwheel|3,budget_23_small_high_cond|multi-hole|0,1_1,0.22351500627580145,1,0.7349146899708697,0.7218383899068789,0.9771144278606967,0.7349146899708697,decision-fragile zone,1_1,-0.689700722662991,0,0.5667915106117353,0.1396815860618804,0.3114427860696518,0.5667915106117353,effective-collapse zone,0.0,0.9132157289387924,1.0,1.0
Base summary,271,5,4.722675126005919e-09,budget_23_small_high_cond,pinwheel,3,budget_23_small_high_cond,multi-hole,3,1.0,0.0,1.0,0.0,budget_23_small_high_cond|pinwheel|3,budget_23_small_high_cond|multi-hole|3,1_1,0.22351500627580145,1,0.7349146899708697,0.7218383899068789,0.9771144278606967,0.7349146899708697,decision-fragile zone,1_1,-0.689700722662991,1,0.39034540158135667,0.685190747972364,0.5094527363184079,0.39034540158135667,optimization-limited zone,0.0,0.9132157289387924,1.0,0.0
Base summary,272,1,1.4184863470347943e-09,budget_23_small_high_cond,spiral,0,budget_23_small_high_cond,spiral,3,0.0,0.0,0.0,1.0,budget_23_small_high_cond|spiral|0,budget_23_small_high_cond|spiral|3,1_1,-0.3289846515378983,1,0.5397419891801913,0.06188044457795133,0.4338308457711443,0.5397419891801913,effective-collapse zone,1_1,-0.3289846515378983,0,0.7415730337078652,0.6061880444577951,0.6567164179104478,0.7415730337078652,optimization-limited zone,0.0,0.0,0.0,1.0
Base summary,272,2,1.8534609142505861e-09,budget_23_small_high_cond,spiral,0,budget_23_small_high_cond,spiral,1,0.0,0.0,0.0,0.0,budget_23_small_high_cond|spiral|0,budget_23_small_high_cond|spiral|1,1_1,-0.3289846515378983,1,0.5397419891801913,0.06188044457795133,0.4338308457711443,0.5397419891801913,effective-collapse zone,1_1,-0.3289846515378983,1,0.6171452351227632,0.5611294683088014,0.45472636815920403,0.6171452351227632,effective-collapse zone,0.0,0.0,0.0,0.0
Base summary,272,3,2.068078048839032e-09,budget_23_small_high_cond,spiral,0,budget_23_small_high_cond,spiral,2,1.0,1.0,0.0,0.0,budget_23_small_high_cond|spiral|0,budget_23_small_high_cond|spiral|2,1_1,-0.3289846515378983,1,0.5397419891801913,0.06188044457795133,0.4338308457711443,0.5397419891801913,effective-collapse zone,1_1,-0.3289846515378983,0,0.45942571785268416,0.21507960348452984,0.24477611940298513,0.45942571785268416,effective-collapse zone,0.0,0.0,0.0,1.0
Base summary,272,4,9.59359890501095e-09,budget_23_small_high_cond,spiral,0,budget_23_small_high_cond,pinwheel,1,1.0,1.0,1.0,0.0,budget_23_small_high_cond|spiral|0,budget_23_small_high_cond|pinwheel|1,1_1,-0.3289846515378983,1,0.5397419891801913,0.06188044457795133,0.4338308457711443,0.5397419891801913,effective-collapse zone,1_1,0.22351500627580145,1,0.4810653349979193,0.5746470411534994,0.8059701492537313,0.4810653349979193,decision-fragile zone,0.0,0.5524996578136998,1.0,0.0
Base summary,272,5,1.1161221233134136e-08,budget_23_small_high_cond,spiral,0,budget_23_small_high_cond,pinwheel,3,1.0,1.0,1.0,1.0,budget_23_small_high_cond|spiral|0,budget_23_small_high_cond|pinwheel|3,1_1,-0.3289846515378983,1,0.5397419891801913,0.06188044457795133,0.4338308457711443,0.5397419891801913,effective-collapse zone,1_1,0.22351500627580145,1,0.7349146899708697,0.7218383899068789,0.9771144278606967,0.7349146899708697,decision-fragile zone,0.0,0.5524996578136998,1.0,0.0
Base summary,273,1,1.8534609142505861e-09,budget_23_small_high_cond,spiral,1,budget_23_small_high_cond,spiral,0,0.0,0.0,0.0,0.0,budget_23_small_high_cond|spiral|1,budget_23_small_high_cond|spiral|0,1_1,-0.3289846515378983,1,0.6171452351227632,0.5611294683088014,0.45472636815920403,0.6171452351227632,effective-collapse zone,1_1,-0.3289846515378983,1,0.5397419891801913,0.06188044457795133,0.4338308457711443,0.5397419891801913,effective-collapse zone,0.0,0.0,0.0,0.0
Base summary,273,2,2.9756740932155477e-09,budget_23_small_high_cond,spiral,1,budget_23_small_high_cond,spiral,3,0.0,0.0,0.0,1.0,budget_23_small_high_cond|spiral|1,budget_23_small_high_cond|spiral|3,1_1,-0.3289846515378983,1,0.6171452351227632,0.5611294683088014,0.45472636815920403,0.6171452351227632,effective-collapse zone,1_1,-0.3289846515378983,0,0.7415730337078652,0.6061880444577951,0.6567164179104478,0.7415730337078652,optimization-limited zone,0.0,0.0,0.0,1.0
Base summary,273,3,3.5355710750162644e-09,budget_23_small_high_cond,spiral,1,budget_23_small_high_cond,spiral,2,1.0,1.0,0.0,0.0,budget_23_small_high_cond|spiral|1,budget_23_small_high_cond|spiral|2,1_1,-0.3289846515378983,1,0.6171452351227632,0.5611294683088014,0.45472636815920403,0.6171452351227632,effective-collapse zone,1_1,-0.3289846515378983,0,0.45942571785268416,0.21507960348452984,0.24477611940298513,0.45942571785268416,effective-collapse zone,0.0,0.0,0.0,1.0
Base summary,273,4,9.766422017749918e-09,budget_23_small_high_cond,spiral,1,budget_23_small_high_cond,cross-branch,3,1.0,1.0,1.0,1.0,budget_23_small_high_cond|spiral|1,budget_23_small_high_cond|cross-branch|3,1_1,-0.3289846515378983,1,0.6171452351227632,0.5611294683088014,0.45472636815920403,0.6171452351227632,effective-collapse zone,1_0,-0.2736144549003908,0,0.6084061589679568,0.7446680684890357,0.7323383084577114,0.6084061589679568,decision-fragile zone,1.0,0.055370196637507474,0.0,1.0
Base summary,273,5,1.0393611903006882e-08,budget_23_small_high_cond,spiral,1,budget_23_small_high_cond,cross-branch,0,1.0,1.0,1.0,1.0,budget_23_small_high_cond|spiral|1,budget_23_small_high_cond|cross-branch|0,1_1,-0.3289846515378983,1,0.6171452351227632,0.5611294683088014,0.45472636815920403,0.6171452351227632,effective-collapse zone,1_0,-0.2736144549003908,1,0.8759883478984604,0.04656052868729347,0.5701492537313432,0.8759883478984604,decision-fragile zone,1.0,0.055370196637507474,0.0,0.0
Base summary,274,1,6.599910331168338e-10,budget_23_small_high_cond,spiral,2,budget_23_small_high_cond,spiral,3,1.0,1.0,0.0,1.0,budget_23_small_high_cond|spiral|2,budget_23_small_high_cond|spiral|3,1_1,-0.3289846515378983,0,0.45942571785268416,0.21507960348452984,0.24477611940298513,0.45942571785268416,effective-collapse zone,1_1,-0.3289846515378983,0,0.7415730337078652,0.6061880444577951,0.6567164179104478,0.7415730337078652,optimization-limited zone,0.0,0.0,0.0,0.0
Base summary,274,2,2.068078048839032e-09,budget_23_small_high_cond,spiral,2,budget_23_small_high_cond,spiral,0,1.0,1.0,0.0,0.0,budget_23_small_high_cond|spiral|2,budget_23_small_high_cond|spiral|0,1_1,-0.3289846515378983,0,0.45942571785268416,0.21507960348452984,0.24477611940298513,0.45942571785268416,effective-collapse zone,1_1,-0.3289846515378983,1,0.5397419891801913,0.06188044457795133,0.4338308457711443,0.5397419891801913,effective-collapse zone,0.0,0.0,0.0,1.0
Base summary,274,3,3.5355710750162644e-09,budget_23_small_high_cond,spiral,2,budget_23_small_high_cond,spiral,1,1.0,1.0,0.0,0.0,budget_23_small_high_cond|spiral|2,budget_23_small_high_cond|spiral|1,1_1,-0.3289846515378983,0,0.45942571785268416,0.21507960348452984,0.24477611940298513,0.45942571785268416,effective-collapse zone,1_1,-0.3289846515378983,1,0.6171452351227632,0.5611294683088014,0.45472636815920403,0.6171452351227632,effective-collapse zone,0.0,0.0,0.0,1.0
Base summary,274,4,1.0480967706388864e-08,budget_23_small_high_cond,spiral,2,budget_23_small_high_cond,pinwheel,1,0.0,0.0,1.0,0.0,budget_23_small_high_cond|spiral|2,budget_23_small_high_cond|pinwheel|1,1_1,-0.3289846515378983,0,0.45942571785268416,0.21507960348452984,0.24477611940298513,0.45942571785268416,effective-collapse zone,1_1,0.22351500627580145,1,0.4810653349979193,0.5746470411534994,0.8059701492537313,0.4810653349979193,decision-fragile zone,0.0,0.5524996578136998,1.0,1.0
Base summary,274,5,1.1981611999681625e-08,budget_23_small_high_cond,spiral,2,budget_23_small_high_cond,pinwheel,3,0.0,0.0,1.0,1.0,budget_23_small_high_cond|spiral|2,budget_23_small_high_cond|pinwheel|3,1_1,-0.3289846515378983,0,0.45942571785268416,0.21507960348452984,0.24477611940298513,0.45942571785268416,effective-collapse zone,1_1,0.22351500627580145,1,0.7349146899708697,0.7218383899068789,0.9771144278606967,0.7349146899708697,decision-fragile zone,0.0,0.5524996578136998,1.0,1.0
Base summary,275,1,6.599910331168338e-10,budget_23_small_high_cond,spiral,3,budget_23_small_high_cond,spiral,2,1.0,1.0,0.0,1.0,budget_23_small_high_cond|spiral|3,budget_23_small_high_cond|spiral|2,1_1,-0.3289846515378983,0,0.7415730337078652,0.6061880444577951,0.6567164179104478,0.7415730337078652,optimization-limited zone,1_1,-0.3289846515378983,0,0.45942571785268416,0.21507960348452984,0.24477611940298513,0.45942571785268416,effective-collapse zone,0.0,0.0,0.0,0.0
Base summary,275,2,1.4184863470347943e-09,budget_23_small_high_cond,spiral,3,budget_23_small_high_cond,spiral,0,0.0,0.0,0.0,1.0,budget_23_small_high_cond|spiral|3,budget_23_small_high_cond|spiral|0,1_1,-0.3289846515378983,0,0.7415730337078652,0.6061880444577951,0.6567164179104478,0.7415730337078652,optimization-limited zone,1_1,-0.3289846515378983,1,0.5397419891801913,0.06188044457795133,0.4338308457711443,0.5397419891801913,effective-collapse zone,0.0,0.0,0.0,1.0
Base summary,275,3,2.9756740932155477e-09,budget_23_small_high_cond,spiral,3,budget_23_small_high_cond,spiral,1,0.0,0.0,0.0,1.0,budget_23_small_high_cond|spiral|3,budget_23_small_high_cond|spiral|1,1_1,-0.3289846515378983,0,0.7415730337078652,0.6061880444577951,0.6567164179104478,0.7415730337078652,optimization-limited zone,1_1,-0.3289846515378983,1,0.6171452351227632,0.5611294683088014,0.45472636815920403,0.6171452351227632,effective-collapse zone,0.0,0.0,0.0,1.0
Base summary,275,4,1.0147479527330533e-08,budget_23_small_high_cond,spiral,3,budget_23_small_high_cond,pinwheel,1,1.0,1.0,1.0,1.0,budget_23_small_high_cond|spiral|3,budget_23_small_high_cond|pinwheel|1,1_1,-0.3289846515378983,0,0.7415730337078652,0.6061880444577951,0.6567164179104478,0.7415730337078652,optimization-limited zone,1_1,0.22351500627580145,1,0.4810653349979193,0.5746470411534994,0.8059701492537313,0.4810653349979193,decision-fragile zone,0.0,0.5524996578136998,1.0,1.0
Base summary,275,5,1.1670676731311208e-08,budget_23_small_high_cond,spiral,3,budget_23_small_high_cond,pinwheel,3,1.0,1.0,1.0,0.0,budget_23_small_high_cond|spiral|3,budget_23_small_high_cond|pinwheel|3,1_1,-0.3289846515378983,0,0.7415730337078652,0.6061880444577951,0.6567164179104478,0.7415730337078652,optimization-limited zone,1_1,0.22351500627580145,1,0.7349146899708697,0.7218383899068789,0.9771144278606967,0.7349146899708697,decision-fragile zone,0.0,0.5524996578136998,1.0,1.0
Base summary,276,1,5.425110759743453e-09,budget_23_small_high_cond,volatility-clustering,0,budget_23_small_high_cond,volatility-clustering,3,0.0,0.0,0.0,0.0,budget_23_small_high_cond|volatility-clustering|0,budget_23_small_high_cond|volatility-clustering|3,1_0,0.4439176548542998,1,0.6500208073241781,0.5743466506458396,0.8597014925373134,0.6500208073241781,decision-fragile zone,1_0,0.4439176548542998,0,0.6267166042446941,0.36978071492940817,0.672636815920398,0.6267166042446941,decision-fragile zone,0.0,0.0,0.0,1.0
Base summary,276,2,1.9105870269022257e-08,budget_23_small_high_cond,volatility-clustering,0,budget_23_small_high_cond,double-loop,1,0.0,0.0,1.0,1.0,budget_23_small_high_cond|volatility-clustering|0,budget_23_small_high_cond|double-loop|1,1_0,0.4439176548542998,1,0.6500208073241781,0.5743466506458396,0.8597014925373134,0.6500208073241781,decision-fragile zone,1_0,-0.04713477352374962,1,0.490220557636288,0.08260738960648842,0.272636815920398,0.490220557636288,ambiguity zone,0.0,0.4910524283780494,1.0,0.0
Base summary,276,3,2.03292031105752e-08,budget_23_small_high_cond,volatility-clustering,0,budget_23_small_high_cond,volatility-clustering,1,0.0,0.0,0.0,0.0,budget_23_small_high_cond|volatility-clustering|0,budget_23_small_high_cond|volatility-clustering|1,1_0,0.4439176548542998,1,0.6500208073241781,0.5743466506458396,0.8597014925373134,0.6500208073241781,decision-fragile zone,1_0,0.4439176548542998,1,0.7390761548064918,0.30459597476719735,0.6696517412935322,0.7390761548064918,decision-fragile zone,0.0,0.0,0.0,0.0
Base summary,276,4,2.149662712045629e-08,budget_23_small_high_cond,volatility-clustering,0,budget_23_small_high_cond,double-loop,2,1.0,0.0,1.0,1.0,budget_23_small_high_cond|volatility-clustering|0,budget_23_small_high_cond|double-loop|2,1_0,0.4439176548542998,1,0.6500208073241781,0.5743466506458396,0.8597014925373134,0.6500208073241781,decision-fragile zone,1_0,-0.04713477352374962,0,0.3645443196004994,0.7939321117452688,0.5124378109452735,0.3645443196004994,optimization-limited zone,0.0,0.4910524283780494,1.0,1.0
Base summary,276,5,2.18853378111052e-08,budget_23_small_high_cond,volatility-clustering,0,budget_23_small_high_cond,volatility-clustering,2,0.0,0.0,0.0,0.0,budget_23_small_high_cond|volatility-clustering|0,budget_23_small_high_cond|volatility-clustering|2,1_0,0.4439176548542998,1,0.6500208073241781,0.5743466506458396,0.8597014925373134,0.6500208073241781,decision-fragile zone,1_0,0.4439176548542998,0,0.6042446941323346,0.6713727846200059,0.8398009950248757,0.6042446941323346,decision-fragile zone,0.0,0.0,0.0,1.0
Base summary,277,1,2.03292031105752e-08,budget_23_small_high_cond,volatility-clustering,1,budget_23_small_high_cond,volatility-clustering,0,0.0,0.0,0.0,0.0,budget_23_small_high_cond|volatility-clustering|1,budget_23_small_high_cond|volatility-clustering|0,1_0,0.4439176548542998,1,0.7390761548064918,0.30459597476719735,0.6696517412935322,0.7390761548064918,decision-fragile zone,1_0,0.4439176548542998,1,0.6500208073241781,0.5743466506458396,0.8597014925373134,0.6500208073241781,decision-fragile zone,0.0,0.0,0.0,0.0
Base summary,277,2,2.438572203518281e-08,budget_23_small_high_cond,volatility-clustering,1,budget_23_small_high_cond,volatility-clustering,3,0.0,0.0,0.0,0.0,budget_23_small_high_cond|volatility-clustering|1,budget_23_small_high_cond|volatility-clustering|3,1_0,0.4439176548542998,1,0.7390761548064918,0.30459597476719735,0.6696517412935322,0.7390761548064918,decision-fragile zone,1_0,0.4439176548542998,0,0.6267166042446941,0.36978071492940817,0.672636815920398,0.6267166042446941,decision-fragile zone,0.0,0.0,0.0,1.0
Base summary,277,3,3.691567641229347e-08,budget_23_small_high_cond,volatility-clustering,1,budget_23_small_high_cond,double-loop,1,0.0,0.0,1.0,1.0,budget_23_small_high_cond|volatility-clustering|1,budget_23_small_high_cond|double-loop|1,1_0,0.4439176548542998,1,0.7390761548064918,0.30459597476719735,0.6696517412935322,0.7390761548064918,decision-fragile zone,1_0,-0.04713477352374962,1,0.490220557636288,0.08260738960648842,0.272636815920398,0.490220557636288,ambiguity zone,0.0,0.4910524283780494,1.0,0.0
Base summary,277,4,3.9572273539147856e-08,budget_23_small_high_cond,volatility-clustering,1,budget_23_small_high_cond,double-loop,2,1.0,0.0,1.0,1.0,budget_23_small_high_cond|volatility-clustering|1,budget_23_small_high_cond|double-loop|2,1_0,0.4439176548542998,1,0.7390761548064918,0.30459597476719735,0.6696517412935322,0.7390761548064918,decision-fragile zone,1_0,-0.04713477352374962,0,0.3645443196004994,0.7939321117452688,0.5124378109452735,0.3645443196004994,optimization-limited zone,0.0,0.4910524283780494,1.0,1.0
Base summary,277,5,4.0715417545862754e-08,budget_23_small_high_cond,volatility-clustering,1,budget_23_small_high_cond,double-loop,0,0.0,0.0,1.0,1.0,budget_23_small_high_cond|volatility-clustering|1,budget_23_small_high_cond|double-loop|0,1_0,0.4439176548542998,1,0.7390761548064918,0.30459597476719735,0.6696517412935322,0.7390761548064918,decision-fragile zone,1_0,-0.04713477352374962,1,0.07324178110694965,0.5373986182036647,0.28656716417910444,0.07324178110694965,ambiguity zone,0.0,0.4910524283780494,1.0,0.0
Base summary,278,1,9.931263777740945e-09,budget_23_small_high_cond,volatility-clustering,2,budget_23_small_high_cond,double-loop,0,0.0,0.0,1.0,1.0,budget_23_small_high_cond|volatility-clustering|2,budget_23_small_high_cond|double-loop|0,1_0,0.4439176548542998,0,0.6042446941323346,0.6713727846200059,0.8398009950248757,0.6042446941323346,decision-fragile zone,1_0,-0.04713477352374962,1,0.07324178110694965,0.5373986182036647,0.28656716417910444,0.07324178110694965,ambiguity zone,0.0,0.4910524283780494,1.0,1.0
Base summary,278,2,1.0268105293173014e-08,budget_23_small_high_cond,volatility-clustering,2,budget_23_small_high_cond,double-loop,3,0.0,0.0,1.0,1.0,budget_23_small_high_cond|volatility-clustering|2,budget_23_small_high_cond|double-loop|3,1_0,0.4439176548542998,0,0.6042446941323346,0.6713727846200059,0.8398009950248757,0.6042446941323346,decision-fragile zone,1_0,-0.04713477352374962,1,0.6916354556803995,0.17693000901171524,0.31940298507462694,0.6916354556803995,ambiguity zone,0.0,0.4910524283780494,1.0,1.0
Base summary,278,3,1.065243649229942e-08,budget_23_small_high_cond,volatility-clustering,2,budget_23_small_high_cond,double-loop,2,1.0,0.0,1.0,1.0,budget_23_small_high_cond|volatility-clustering|2,budget_23_small_high_cond|double-loop|2,1_0,0.4439176548542998,0,0.6042446941323346,0.6713727846200059,0.8398009950248757,0.6042446941323346,decision-fragile zone,1_0,-0.04713477352374962,0,0.3645443196004994,0.7939321117452688,0.5124378109452735,0.3645443196004994,optimization-limited zone,0.0,0.4910524283780494,1.0,0.0
Base summary,278,4,1.1552771689474642e-08,budget_23_small_high_cond,volatility-clustering,2,budget_23_small_high_cond,double-loop,1,0.0,0.0,1.0,1.0,budget_23_small_high_cond|volatility-clustering|2,budget_23_small_high_cond|double-loop|1,1_0,0.4439176548542998,0,0.6042446941323346,0.6713727846200059,0.8398009950248757,0.6042446941323346,decision-fragile zone,1_0,-0.04713477352374962,1,0.490220557636288,0.08260738960648842,0.272636815920398,0.490220557636288,ambiguity zone,0.0,0.4910524283780494,1.0,1.0
Base summary,278,5,1.78935425645375e-08,budget_23_small_high_cond,volatility-clustering,2,budget_23_small_high_cond,volatility-clustering,3,0.0,0.0,0.0,0.0,budget_23_small_high_cond|volatility-clustering|2,budget_23_small_high_cond|volatility-clustering|3,1_0,0.4439176548542998,0,0.6042446941323346,0.6713727846200059,0.8398009950248757,0.6042446941323346,decision-fragile zone,1_0,0.4439176548542998,0,0.6267166042446941,0.36978071492940817,0.672636815920398,0.6267166042446941,decision-fragile zone,0.0,0.0,0.0,0.0
Base summary,279,1,5.425110759743453e-09,budget_23_small_high_cond,volatility-clustering,3,budget_23_small_high_cond,volatility-clustering,0,0.0,0.0,0.0,0.0,budget_23_small_high_cond|volatility-clustering|3,budget_23_small_high_cond|volatility-clustering|0,1_0,0.4439176548542998,0,0.6267166042446941,0.36978071492940817,0.672636815920398,0.6267166042446941,decision-fragile zone,1_0,0.4439176548542998,1,0.6500208073241781,0.5743466506458396,0.8597014925373134,0.6500208073241781,decision-fragile zone,0.0,0.0,0.0,1.0
Base summary,279,2,1.376741591150454e-08,budget_23_small_high_cond,volatility-clustering,3,budget_23_small_high_cond,double-loop,1,0.0,0.0,1.0,1.0,budget_23_small_high_cond|volatility-clustering|3,budget_23_small_high_cond|double-loop|1,1_0,0.4439176548542998,0,0.6267166042446941,0.36978071492940817,0.672636815920398,0.6267166042446941,decision-fragile zone,1_0,-0.04713477352374962,1,0.490220557636288,0.08260738960648842,0.272636815920398,0.490220557636288,ambiguity zone,0.0,0.4910524283780494,1.0,1.0
Base summary,279,3,1.620901020479818e-08,budget_23_small_high_cond,volatility-clustering,3,budget_23_small_high_cond,double-loop,2,1.0,0.0,1.0,1.0,budget_23_small_high_cond|volatility-clustering|3,budget_23_small_high_cond|double-loop|2,1_0,0.4439176548542998,0,0.6267166042446941,0.36978071492940817,0.672636815920398,0.6267166042446941,decision-fragile zone,1_0,-0.04713477352374962,0,0.3645443196004994,0.7939321117452688,0.5124378109452735,0.3645443196004994,optimization-limited zone,0.0,0.4910524283780494,1.0,0.0
Base summary,279,4,1.7151555125193373e-08,budget_23_small_high_cond,volatility-clustering,3,budget_23_small_high_cond,double-loop,0,0.0,0.0,1.0,1.0,budget_23_small_high_cond|volatility-clustering|3,budget_23_small_high_cond|double-loop|0,1_0,0.4439176548542998,0,0.6267166042446941,0.36978071492940817,0.672636815920398,0.6267166042446941,decision-fragile zone,1_0,-0.04713477352374962,1,0.07324178110694965,0.5373986182036647,0.28656716417910444,0.07324178110694965,ambiguity zone,0.0,0.4910524283780494,1.0,1.0
Base summary,279,5,1.7820161261335163e-08,budget_23_small_high_cond,volatility-clustering,3,budget_23_small_high_cond,double-loop,3,0.0,0.0,1.0,1.0,budget_23_small_high_cond|volatility-clustering|3,budget_23_small_high_cond|double-loop|3,1_0,0.4439176548542998,0,0.6267166042446941,0.36978071492940817,0.672636815920398,0.6267166042446941,decision-fragile zone,1_0,-0.04713477352374962,1,0.6916354556803995,0.17693000901171524,0.31940298507462694,0.6916354556803995,ambiguity zone,0.0,0.4910524283780494,1.0,1.0
Base summary,280,1,2.2776469374491323e-07,budget_24_rotated_slender,barbell-bridge,0,budget_24_rotated_slender,barbell-bridge,3,0.0,0.0,0.0,0.0,budget_24_rotated_slender|barbell-bridge|0,budget_24_rotated_slender|barbell-bridge|3,1_1,1.37352009580138,0,0.789846025801082,0.9384199459297086,0.5223880597014924,0.789846025801082,information-limited zone,1_1,1.37352009580138,0,0.7632126508531003,0.6578552117753079,0.808955223880597,0.7632126508531003,information-limited zone,0.0,0.0,0.0,0.0
Base summary,280,2,4.122581628377434e-07,budget_24_rotated_slender,barbell-bridge,0,budget_24_rotated_slender,barbell-bridge,1,0.0,0.0,0.0,0.0,budget_24_rotated_slender|barbell-bridge|0,budget_24_rotated_slender|barbell-bridge|1,1_1,1.37352009580138,0,0.789846025801082,0.9384199459297086,0.5223880597014924,0.789846025801082,information-limited zone,1_1,1.37352009580138,1,0.7498959633791095,0.9032742565334936,0.8039800995024875,0.7498959633791095,information-limited zone,0.0,0.0,0.0,1.0
Base summary,280,3,4.734403782191022e-07,budget_24_rotated_slender,barbell-bridge,0,budget_24_rotated_slender,barbell-bridge,2,1.0,1.0,0.0,0.0,budget_24_rotated_slender|barbell-bridge|0,budget_24_rotated_slender|barbell-bridge|2,1_1,1.37352009580138,0,0.789846025801082,0.9384199459297086,0.5223880597014924,0.789846025801082,information-limited zone,1_1,1.37352009580138,1,1.0,0.38480024031240606,0.3522388059701492,1.0,information-limited zone,0.0,0.0,0.0,1.0
Base summary,280,4,2.259367472281942e-06,budget_24_rotated_slender,barbell-bridge,0,budget_24_rotated_slender,mean-reversion,2,1.0,1.0,1.0,1.0,budget_24_rotated_slender|barbell-bridge|0,budget_24_rotated_slender|mean-reversion|2,1_1,1.37352009580138,0,0.789846025801082,0.9384199459297086,0.5223880597014924,0.789846025801082,information-limited zone,1_0,-0.2321875606103716,0,0.33541406575114446,0.4466806848903574,0.4139303482587065,0.33541406575114446,ambiguity zone,1.0,1.6057076564117516,1.0,0.0
Base summary,280,5,2.27072833510543e-06,budget_24_rotated_slender,barbell-bridge,0,budget_24_rotated_slender,mean-reversion,0,0.0,0.0,1.0,1.0,budget_24_rotated_slender|barbell-bridge|0,budget_24_rotated_slender|mean-reversion|0,1_1,1.37352009580138,0,0.789846025801082,0.9384199459297086,0.5223880597014924,0.789846025801082,information-limited zone,1_0,-0.2321875606103716,0,0.47856845609654597,0.49083808951637115,0.48258706467661694,0.47856845609654597,ambiguity zone,1.0,1.6057076564117516,1.0,0.0
Base summary,281,1,6.130491922775296e-08,budget_24_rotated_slender,barbell-bridge,1,budget_24_rotated_slender,barbell-bridge,2,1.0,1.0,0.0,0.0,budget_24_rotated_slender|barbell-bridge|1,budget_24_rotated_slender|barbell-bridge|2,1_1,1.37352009580138,1,0.7498959633791095,0.9032742565334936,0.8039800995024875,0.7498959633791095,information-limited zone,1_1,1.37352009580138,1,1.0,0.38480024031240606,0.3522388059701492,1.0,information-limited zone,0.0,0.0,0.0,0.0
Base summary,281,2,1.854668172098467e-07,budget_24_rotated_slender,barbell-bridge,1,budget_24_rotated_slender,barbell-bridge,3,0.0,0.0,0.0,0.0,budget_24_rotated_slender|barbell-bridge|1,budget_24_rotated_slender|barbell-bridge|3,1_1,1.37352009580138,1,0.7498959633791095,0.9032742565334936,0.8039800995024875,0.7498959633791095,information-limited zone,1_1,1.37352009580138,0,0.7632126508531003,0.6578552117753079,0.808955223880597,0.7632126508531003,information-limited zone,0.0,0.0,0.0,1.0
Base summary,281,3,4.122581628377434e-07,budget_24_rotated_slender,barbell-bridge,1,budget_24_rotated_slender,barbell-bridge,0,0.0,0.0,0.0,0.0,budget_24_rotated_slender|barbell-bridge|1,budget_24_rotated_slender|barbell-bridge|0,1_1,1.37352009580138,1,0.7498959633791095,0.9032742565334936,0.8039800995024875,0.7498959633791095,information-limited zone,1_1,1.37352009580138,0,0.789846025801082,0.9384199459297086,0.5223880597014924,0.789846025801082,information-limited zone,0.0,0.0,0.0,1.0
Base summary,281,4,1.847193306704371e-06,budget_24_rotated_slender,barbell-bridge,1,budget_24_rotated_slender,mean-reversion,2,1.0,1.0,1.0,1.0,budget_24_rotated_slender|barbell-bridge|1,budget_24_rotated_slender|mean-reversion|2,1_1,1.37352009580138,1,0.7498959633791095,0.9032742565334936,0.8039800995024875,0.7498959633791095,information-limited zone,1_0,-0.2321875606103716,0,0.33541406575114446,0.4466806848903574,0.4139303482587065,0.33541406575114446,ambiguity zone,1.0,1.6057076564117516,1.0,1.0
Base summary,281,5,1.8585604584183176e-06,budget_24_rotated_slender,barbell-bridge,1,budget_24_rotated_slender,mean-reversion,0,0.0,0.0,1.0,1.0,budget_24_rotated_slender|barbell-bridge|1,budget_24_rotated_slender|mean-reversion|0,1_1,1.37352009580138,1,0.7498959633791095,0.9032742565334936,0.8039800995024875,0.7498959633791095,information-limited zone,1_0,-0.2321875606103716,0,0.47856845609654597,0.49083808951637115,0.48258706467661694,0.47856845609654597,ambiguity zone,1.0,1.6057076564117516,1.0,1.0
Base summary,282,1,6.130491922775296e-08,budget_24_rotated_slender,barbell-bridge,2,budget_24_rotated_slender,barbell-bridge,1,1.0,1.0,0.0,0.0,budget_24_rotated_slender|barbell-bridge|2,budget_24_rotated_slender|barbell-bridge|1,1_1,1.37352009580138,1,1.0,0.38480024031240606,0.3522388059701492,1.0,information-limited zone,1_1,1.37352009580138,1,0.7498959633791095,0.9032742565334936,0.8039800995024875,0.7498959633791095,information-limited zone,0.0,0.0,0.0,0.0
Base summary,282,2,2.467585647474392e-07,budget_24_rotated_slender,barbell-bridge,2,budget_24_rotated_slender,barbell-bridge,3,1.0,1.0,0.0,0.0,budget_24_rotated_slender|barbell-bridge|2,budget_24_rotated_slender|barbell-bridge|3,1_1,1.37352009580138,1,1.0,0.38480024031240606,0.3522388059701492,1.0,information-limited zone,1_1,1.37352009580138,0,0.7632126508531003,0.6578552117753079,0.808955223880597,0.7632126508531003,information-limited zone,0.0,0.0,0.0,1.0
Base summary,282,3,4.734403782191022e-07,budget_24_rotated_slender,barbell-bridge,2,budget_24_rotated_slender,barbell-bridge,0,1.0,1.0,0.0,0.0,budget_24_rotated_slender|barbell-bridge|2,budget_24_rotated_slender|barbell-bridge|0,1_1,1.37352009580138,1,1.0,0.38480024031240606,0.3522388059701492,1.0,information-limited zone,1_1,1.37352009580138,0,0.789846025801082,0.9384199459297086,0.5223880597014924,0.789846025801082,information-limited zone,0.0,0.0,0.0,1.0
Base summary,282,4,1.7861297369954929e-06,budget_24_rotated_slender,barbell-bridge,2,budget_24_rotated_slender,mean-reversion,2,1.0,0.0,1.0,1.0,budget_24_rotated_slender|barbell-bridge|2,budget_24_rotated_slender|mean-reversion|2,1_1,1.37352009580138,1,1.0,0.38480024031240606,0.3522388059701492,1.0,information-limited zone,1_0,-0.2321875606103716,0,0.33541406575114446,0.4466806848903574,0.4139303482587065,0.33541406575114446,ambiguity zone,1.0,1.6057076564117516,1.0,1.0
Base summary,282,5,1.7975023055829096e-06,budget_24_rotated_slender,barbell-bridge,2,budget_24_rotated_slender,mean-reversion,0,1.0,1.0,1.0,1.0,budget_24_rotated_slender|barbell-bridge|2,budget_24_rotated_slender|mean-reversion|0,1_1,1.37352009580138,1,1.0,0.38480024031240606,0.3522388059701492,1.0,information-limited zone,1_0,-0.2321875606103716,0,0.47856845609654597,0.49083808951637115,0.48258706467661694,0.47856845609654597,ambiguity zone,1.0,1.6057076564117516,1.0,1.0
Base summary,283,1,1.854668172098467e-07,budget_24_rotated_slender,barbell-bridge,3,budget_24_rotated_slender,barbell-bridge,1,0.0,0.0,0.0,0.0,budget_24_rotated_slender|barbell-bridge|3,budget_24_rotated_slender|barbell-bridge|1,1_1,1.37352009580138,0,0.7632126508531003,0.6578552117753079,0.808955223880597,0.7632126508531003,information-limited zone,1_1,1.37352009580138,1,0.7498959633791095,0.9032742565334936,0.8039800995024875,0.7498959633791095,information-limited zone,0.0,0.0,0.0,1.0
Base summary,283,2,2.2776469374491323e-07,budget_24_rotated_slender,barbell-bridge,3,budget_24_rotated_slender,barbell-bridge,0,0.0,0.0,0.0,0.0,budget_24_rotated_slender|barbell-bridge|3,budget_24_rotated_slender|barbell-bridge|0,1_1,1.37352009580138,0,0.7632126508531003,0.6578552117753079,0.808955223880597,0.7632126508531003,information-limited zone,1_1,1.37352009580138,0,0.789846025801082,0.9384199459297086,0.5223880597014924,0.789846025801082,information-limited zone,0.0,0.0,0.0,0.0
Base summary,283,3,2.467585647474392e-07,budget_24_rotated_slender,barbell-bridge,3,budget_24_rotated_slender,barbell-bridge,2,1.0,1.0,0.0,0.0,budget_24_rotated_slender|barbell-bridge|3,budget_24_rotated_slender|barbell-bridge|2,1_1,1.37352009580138,0,0.7632126508531003,0.6578552117753079,0.808955223880597,0.7632126508531003,information-limited zone,1_1,1.37352009580138,1,1.0,0.38480024031240606,0.3522388059701492,1.0,information-limited zone,0.0,0.0,0.0,1.0
Base summary,283,4,2.0318550856985832e-06,budget_24_rotated_slender,barbell-bridge,3,budget_24_rotated_slender,mean-reversion,2,1.0,1.0,1.0,1.0,budget_24_rotated_slender|barbell-bridge|3,budget_24_rotated_slender|mean-reversion|2,1_1,1.37352009580138,0,0.7632126508531003,0.6578552117753079,0.808955223880597,0.7632126508531003,information-limited zone,1_0,-0.2321875606103716,0,0.33541406575114446,0.4466806848903574,0.4139303482587065,0.33541406575114446,ambiguity zone,1.0,1.6057076564117516,1.0,0.0
Base summary,283,5,2.0432067197422525e-06,budget_24_rotated_slender,barbell-bridge,3,budget_24_rotated_slender,mean-reversion,0,0.0,0.0,1.0,1.0,budget_24_rotated_slender|barbell-bridge|3,budget_24_rotated_slender|mean-reversion|0,1_1,1.37352009580138,0,0.7632126508531003,0.6578552117753079,0.808955223880597,0.7632126508531003,information-limited zone,1_0,-0.2321875606103716,0,0.47856845609654597,0.49083808951637115,0.48258706467661694,0.47856845609654597,ambiguity zone,1.0,1.6057076564117516,1.0,0.0
Base summary,284,1,3.008687549105761e-09,budget_24_rotated_slender,crescent,0,budget_24_rotated_slender,crescent,1,0.0,0.0,0.0,1.0,budget_24_rotated_slender|crescent|0,budget_24_rotated_slender|crescent|1,1_0,-0.26659513240484733,0,0.4069912609238452,0.17422649444277558,0.3054726368159204,0.4069912609238452,ambiguity zone,1_0,-0.26659513240484733,1,0.5692883895131087,0.8594172424151396,0.5124378109452735,0.5692883895131087,optimization-limited zone,0.0,0.0,0.0,1.0
Base summary,284,2,1.4623433715409336e-08,budget_24_rotated_slender,crescent,0,budget_24_rotated_slender,crescent,3,0.0,0.0,0.0,1.0,budget_24_rotated_slender|crescent|0,budget_24_rotated_slender|crescent|3,1_0,-0.26659513240484733,0,0.4069912609238452,0.17422649444277558,0.3054726368159204,0.4069912609238452,ambiguity zone,1_0,-0.26659513240484733,0,0.149812734082397,0.8299789726644637,0.4567164179104478,0.149812734082397,optimization-limited zone,0.0,0.0,0.0,0.0
Base summary,284,3,1.6163324727625248e-08,budget_24_rotated_slender,crescent,0,budget_24_rotated_slender,crescent,2,0.0,0.0,0.0,0.0,budget_24_rotated_slender|crescent|0,budget_24_rotated_slender|crescent|2,1_0,-0.26659513240484733,0,0.4069912609238452,0.17422649444277558,0.3054726368159204,0.4069912609238452,ambiguity zone,1_0,-0.26659513240484733,0,0.5626300457761132,0.10303394412736556,0.3233830845771144,0.5626300457761132,ambiguity zone,0.0,0.0,0.0,0.0
Base summary,284,4,4.944737303199534e-08,budget_24_rotated_slender,crescent,0,budget_24_rotated_slender,cross-branch,3,1.0,1.0,1.0,1.0,budget_24_rotated_slender|crescent|0,budget_24_rotated_slender|cross-branch|3,1_0,-0.26659513240484733,0,0.4069912609238452,0.17422649444277558,0.3054726368159204,0.4069912609238452,ambiguity zone,1_0,-0.2736144549003908,1,0.7228464419475655,0.7689996996094922,0.2756218905472637,0.7228464419475655,optimization-limited zone,0.0,0.00701932249554349,0.0,1.0
Base summary,284,5,5.218712318896958e-08,budget_24_rotated_slender,crescent,0,budget_24_rotated_slender,cross-branch,1,1.0,1.0,1.0,1.0,budget_24_rotated_slender|crescent|0,budget_24_rotated_slender|cross-branch|1,1_0,-0.26659513240484733,0,0.4069912609238452,0.17422649444277558,0.3054726368159204,0.4069912609238452,ambiguity zone,1_0,-0.2736144549003908,1,0.1880982105701207,0.7161309702613398,0.7303482587064677,0.1880982105701207,decision-fragile zone,0.0,0.00701932249554349,0.0,1.0
Base summary,285,1,3.008687549105761e-09,budget_24_rotated_slender,crescent,1,budget_24_rotated_slender,crescent,0,0.0,0.0,0.0,1.0,budget_24_rotated_slender|crescent|1,budget_24_rotated_slender|crescent|0,1_0,-0.26659513240484733,1,0.5692883895131087,0.8594172424151396,0.5124378109452735,0.5692883895131087,optimization-limited zone,1_0,-0.26659513240484733,0,0.4069912609238452,0.17422649444277558,0.3054726368159204,0.4069912609238452,ambiguity zone,0.0,0.0,0.0,1.0
Base summary,285,2,1.4597903132651388e-08,budget_24_rotated_slender,crescent,1,budget_24_rotated_slender,crescent,2,0.0,0.0,0.0,1.0,budget_24_rotated_slender|crescent|1,budget_24_rotated_slender|crescent|2,1_0,-0.26659513240484733,1,0.5692883895131087,0.8594172424151396,0.5124378109452735,0.5692883895131087,optimization-limited zone,1_0,-0.26659513240484733,0,0.5626300457761132,0.10303394412736556,0.3233830845771144,0.5626300457761132,ambiguity zone,0.0,0.0,0.0,1.0
Base summary,285,3,1.4831324155623356e-08,budget_24_rotated_slender,crescent,1,budget_24_rotated_slender,crescent,3,0.0,0.0,0.0,0.0,budget_24_rotated_slender|crescent|1,budget_24_rotated_slender|crescent|3,1_0,-0.26659513240484733,1,0.5692883895131087,0.8594172424151396,0.5124378109452735,0.5692883895131087,optimization-limited zone,1_0,-0.26659513240484733,0,0.149812734082397,0.8299789726644637,0.4567164179104478,0.149812734082397,optimization-limited zone,0.0,0.0,0.0,1.0
Base summary,285,4,4.664048372076999e-08,budget_24_rotated_slender,crescent,1,budget_24_rotated_slender,cross-branch,3,1.0,1.0,1.0,0.0,budget_24_rotated_slender|crescent|1,budget_24_rotated_slender|cross-branch|3,1_0,-0.26659513240484733,1,0.5692883895131087,0.8594172424151396,0.5124378109452735,0.5692883895131087,optimization-limited zone,1_0,-0.2736144549003908,1,0.7228464419475655,0.7689996996094922,0.2756218905472637,0.7228464419475655,optimization-limited zone,0.0,0.00701932249554349,0.0,0.0
Base summary,285,5,4.9334373231723836e-08,budget_24_rotated_slender,crescent,1,budget_24_rotated_slender,cross-branch,1,1.0,1.0,1.0,1.0,budget_24_rotated_slender|crescent|1,budget_24_rotated_slender|cross-branch|1,1_0,-0.26659513240484733,1,0.5692883895131087,0.8594172424151396,0.5124378109452735,0.5692883895131087,optimization-limited zone,1_0,-0.2736144549003908,1,0.1880982105701207,0.7161309702613398,0.7303482587064677,0.1880982105701207,decision-fragile zone,0.0,0.00701932249554349,0.0,0.0
Base summary,286,1,9.15536829248597e-09,budget_24_rotated_slender,crescent,2,budget_24_rotated_slender,crescent,3,0.0,0.0,0.0,1.0,budget_24_rotated_slender|crescent|2,budget_24_rotated_slender|crescent|3,1_0,-0.26659513240484733,0,0.5626300457761132,0.10303394412736556,0.3233830845771144,0.5626300457761132,ambiguity zone,1_0,-0.26659513240484733,0,0.149812734082397,0.8299789726644637,0.4567164179104478,0.149812734082397,optimization-limited zone,0.0,0.0,0.0,0.0
Base summary,286,2,1.4597903132651388e-08,budget_24_rotated_slender,crescent,2,budget_24_rotated_slender,crescent,1,0.0,0.0,0.0,1.0,budget_24_rotated_slender|crescent|2,budget_24_rotated_slender|crescent|1,1_0,-0.26659513240484733,0,0.5626300457761132,0.10303394412736556,0.3233830845771144,0.5626300457761132,ambiguity zone,1_0,-0.26659513240484733,1,0.5692883895131087,0.8594172424151396,0.5124378109452735,0.5692883895131087,optimization-limited zone,0.0,0.0,0.0,1.0
Base summary,286,3,1.6163324727625248e-08,budget_24_rotated_slender,crescent,2,budget_24_rotated_slender,crescent,0,0.0,0.0,0.0,0.0,budget_24_rotated_slender|crescent|2,budget_24_rotated_slender|crescent|0,1_0,-0.26659513240484733,0,0.5626300457761132,0.10303394412736556,0.3233830845771144,0.5626300457761132,ambiguity zone,1_0,-0.26659513240484733,0,0.4069912609238452,0.17422649444277558,0.3054726368159204,0.4069912609238452,ambiguity zone,0.0,0.0,0.0,0.0
Base summary,286,4,4.220177184855992e-08,budget_24_rotated_slender,crescent,2,budget_24_rotated_slender,cross-branch,3,1.0,1.0,1.0,1.0,budget_24_rotated_slender|crescent|2,budget_24_rotated_slender|cross-branch|3,1_0,-0.26659513240484733,0,0.5626300457761132,0.10303394412736556,0.3233830845771144,0.5626300457761132,ambiguity zone,1_0,-0.2736144549003908,1,0.7228464419475655,0.7689996996094922,0.2756218905472637,0.7228464419475655,optimization-limited zone,0.0,0.00701932249554349,0.0,1.0
Base summary,286,5,4.268916183923471e-08,budget_24_rotated_slender,crescent,2,budget_24_rotated_slender,pinwheel,1,1.0,1.0,1.0,1.0,budget_24_rotated_slender|crescent|2,budget_24_rotated_slender|pinwheel|1,1_0,-0.26659513240484733,0,0.5626300457761132,0.10303394412736556,0.3233830845771144,0.5626300457761132,ambiguity zone,1_1,0.22351500627580145,1,0.4835622138992926,0.6052868729348152,0.9691542288557216,0.4835622138992926,decision-fragile zone,1.0,0.4901101386806488,0.0,1.0
Base summary,287,1,9.15536829248597e-09,budget_24_rotated_slender,crescent,3,budget_24_rotated_slender,crescent,2,0.0,0.0,0.0,1.0,budget_24_rotated_slender|crescent|3,budget_24_rotated_slender|crescent|2,1_0,-0.26659513240484733,0,0.149812734082397,0.8299789726644637,0.4567164179104478,0.149812734082397,optimization-limited zone,1_0,-0.26659513240484733,0,0.5626300457761132,0.10303394412736556,0.3233830845771144,0.5626300457761132,ambiguity zone,0.0,0.0,0.0,0.0
Base summary,287,2,1.4623433715409336e-08,budget_24_rotated_slender,crescent,3,budget_24_rotated_slender,crescent,0,0.0,0.0,0.0,1.0,budget_24_rotated_slender|crescent|3,budget_24_rotated_slender|crescent|0,1_0,-0.26659513240484733,0,0.149812734082397,0.8299789726644637,0.4567164179104478,0.149812734082397,optimization-limited zone,1_0,-0.26659513240484733,0,0.4069912609238452,0.17422649444277558,0.3054726368159204,0.4069912609238452,ambiguity zone,0.0,0.0,0.0,0.0
Base summary,287,3,1.4831324155623356e-08,budget_24_rotated_slender,crescent,3,budget_24_rotated_slender,crescent,1,0.0,0.0,0.0,0.0,budget_24_rotated_slender|crescent|3,budget_24_rotated_slender|crescent|1,1_0,-0.26659513240484733,0,0.149812734082397,0.8299789726644637,0.4567164179104478,0.149812734082397,optimization-limited zone,1_0,-0.26659513240484733,1,0.5692883895131087,0.8594172424151396,0.5124378109452735,0.5692883895131087,optimization-limited zone,0.0,0.0,0.0,1.0
Base summary,287,4,4.940302115570717e-08,budget_24_rotated_slender,crescent,3,budget_24_rotated_slender,pinwheel,1,1.0,1.0,1.0,0.0,budget_24_rotated_slender|crescent|3,budget_24_rotated_slender|pinwheel|1,1_0,-0.26659513240484733,0,0.149812734082397,0.8299789726644637,0.4567164179104478,0.149812734082397,optimization-limited zone,1_1,0.22351500627580145,1,0.4835622138992926,0.6052868729348152,0.9691542288557216,0.4835622138992926,decision-fragile zone,1.0,0.4901101386806488,0.0,1.0
Base summary,287,5,4.9446076815493685e-08,budget_24_rotated_slender,crescent,3,budget_24_rotated_slender,pinwheel,3,0.0,1.0,1.0,0.0,budget_24_rotated_slender|crescent|3,budget_24_rotated_slender|pinwheel|3,1_0,-0.26659513240484733,0,0.149812734082397,0.8299789726644637,0.4567164179104478,0.149812734082397,optimization-limited zone,1_1,0.22351500627580145,0,0.8164794007490637,0.78462000600781,0.9940298507462688,0.8164794007490637,decision-fragile zone,1.0,0.4901101386806488,0.0,0.0
Base summary,288,1,1.8108510163441926e-09,budget_24_rotated_slender,cross-branch,0,budget_24_rotated_slender,cross-branch,2,1.0,1.0,0.0,0.0,budget_24_rotated_slender|cross-branch|0,budget_24_rotated_slender|cross-branch|2,1_0,-0.2736144549003908,1,0.6891385767790261,0.030039050765995796,0.06865671641791045,0.6891385767790261,ambiguity zone,1_0,-0.2736144549003908,0,0.9084477736163129,0.20636827876239103,0.6129353233830847,0.9084477736163129,decision-fragile zone,0.0,0.0,0.0,1.0
Base summary,288,2,2.6840767479899154e-09,budget_24_rotated_slender,cross-branch,0,budget_24_rotated_slender,cross-branch,1,0.0,0.0,0.0,1.0,budget_24_rotated_slender|cross-branch|0,budget_24_rotated_slender|cross-branch|1,1_0,-0.2736144549003908,1,0.6891385767790261,0.030039050765995796,0.06865671641791045,0.6891385767790261,ambiguity zone,1_0,-0.2736144549003908,1,0.1880982105701207,0.7161309702613398,0.7303482587064677,0.1880982105701207,decision-fragile zone,0.0,0.0,0.0,0.0
Base summary,288,3,5.878507656114299e-09,budget_24_rotated_slender,cross-branch,0,budget_24_rotated_slender,cross-branch,3,1.0,0.0,0.0,1.0,budget_24_rotated_slender|cross-branch|0,budget_24_rotated_slender|cross-branch|3,1_0,-0.2736144549003908,1,0.6891385767790261,0.030039050765995796,0.06865671641791045,0.6891385767790261,ambiguity zone,1_0,-0.2736144549003908,1,0.7228464419475655,0.7689996996094922,0.2756218905472637,0.7228464419475655,optimization-limited zone,0.0,0.0,0.0,0.0
Base summary,288,4,1.2269607771365623e-08,budget_24_rotated_slender,cross-branch,0,budget_24_rotated_slender,spiral,2,1.0,0.0,1.0,1.0,budget_24_rotated_slender|cross-branch|0,budget_24_rotated_slender|spiral|2,1_0,-0.2736144549003908,1,0.6891385767790261,0.030039050765995796,0.06865671641791045,0.6891385767790261,ambiguity zone,1_1,-0.3289846515378983,0,0.29546400332917183,0.25052568338840486,0.2616915422885573,0.29546400332917183,effective-collapse zone,1.0,0.055370196637507474,0.0,1.0
Base summary,288,5,1.2564968677575291e-08,budget_24_rotated_slender,cross-branch,0,budget_24_rotated_slender,spiral,3,1.0,1.0,1.0,1.0,budget_24_rotated_slender|cross-branch|0,budget_24_rotated_slender|spiral|3,1_0,-0.2736144549003908,1,0.6891385767790261,0.030039050765995796,0.06865671641791045,0.6891385767790261,ambiguity zone,1_1,-0.3289846515378983,0,0.3745318352059925,0.677080204265545,0.49154228855721394,0.3745318352059925,optimization-limited zone,1.0,0.055370196637507474,0.0,1.0
Base summary,289,1,2.556382902812296e-09,budget_24_rotated_slender,cross-branch,1,budget_24_rotated_slender,cross-branch,2,1.0,1.0,0.0,1.0,budget_24_rotated_slender|cross-branch|1,budget_24_rotated_slender|cross-branch|2,1_0,-0.2736144549003908,1,0.1880982105701207,0.7161309702613398,0.7303482587064677,0.1880982105701207,decision-fragile zone,1_0,-0.2736144549003908,0,0.9084477736163129,0.20636827876239103,0.6129353233830847,0.9084477736163129,decision-fragile zone,0.0,0.0,0.0,1.0
Base summary,289,2,2.6840767479899154e-09,budget_24_rotated_slender,cross-branch,1,budget_24_rotated_slender,cross-branch,0,0.0,0.0,0.0,1.0,budget_24_rotated_slender|cross-branch|1,budget_24_rotated_slender|cross-branch|0,1_0,-0.2736144549003908,1,0.1880982105701207,0.7161309702613398,0.7303482587064677,0.1880982105701207,decision-fragile zone,1_0,-0.2736144549003908,1,0.6891385767790261,0.030039050765995796,0.06865671641791045,0.6891385767790261,ambiguity zone,0.0,0.0,0.0,0.0
Base summary,289,3,7.543288211469074e-09,budget_24_rotated_slender,cross-branch,1,budget_24_rotated_slender,cross-branch,3,1.0,0.0,0.0,1.0,budget_24_rotated_slender|cross-branch|1,budget_24_rotated_slender|cross-branch|3,1_0,-0.2736144549003908,1,0.1880982105701207,0.7161309702613398,0.7303482587064677,0.1880982105701207,decision-fragile zone,1_0,-0.2736144549003908,1,0.7228464419475655,0.7689996996094922,0.2756218905472637,0.7228464419475655,optimization-limited zone,0.0,0.0,0.0,0.0
Base summary,289,4,1.4939431376991535e-08,budget_24_rotated_slender,cross-branch,1,budget_24_rotated_slender,spiral,2,1.0,0.0,1.0,1.0,budget_24_rotated_slender|cross-branch|1,budget_24_rotated_slender|spiral|2,1_0,-0.2736144549003908,1,0.1880982105701207,0.7161309702613398,0.7303482587064677,0.1880982105701207,decision-fragile zone,1_1,-0.3289846515378983,0,0.29546400332917183,0.25052568338840486,0.2616915422885573,0.29546400332917183,effective-collapse zone,1.0,0.055370196637507474,0.0,1.0
Base summary,289,5,1.5247594483697094e-08,budget_24_rotated_slender,cross-branch,1,budget_24_rotated_slender,spiral,3,1.0,1.0,1.0,1.0,budget_24_rotated_slender|cross-branch|1,budget_24_rotated_slender|spiral|3,1_0,-0.2736144549003908,1,0.1880982105701207,0.7161309702613398,0.7303482587064677,0.1880982105701207,decision-fragile zone,1_1,-0.3289846515378983,0,0.3745318352059925,0.677080204265545,0.49154228855721394,0.3745318352059925,optimization-limited zone,1.0,0.055370196637507474,0.0,1.0
Base summary,290,1,1.8108510163441926e-09,budget_24_rotated_slender,cross-branch,2,budget_24_rotated_slender,cross-branch,0,1.0,1.0,0.0,0.0,budget_24_rotated_slender|cross-branch|2,budget_24_rotated_slender|cross-branch|0,1_0,-0.2736144549003908,0,0.9084477736163129,0.20636827876239103,0.6129353233830847,0.9084477736163129,decision-fragile zone,1_0,-0.2736144549003908,1,0.6891385767790261,0.030039050765995796,0.06865671641791045,0.6891385767790261,ambiguity zone,0.0,0.0,0.0,1.0
Base summary,290,2,2.556382902812296e-09,budget_24_rotated_slender,cross-branch,2,budget_24_rotated_slender,cross-branch,1,1.0,1.0,0.0,1.0,budget_24_rotated_slender|cross-branch|2,budget_24_rotated_slender|cross-branch|1,1_0,-0.2736144549003908,0,0.9084477736163129,0.20636827876239103,0.6129353233830847,0.9084477736163129,decision-fragile zone,1_0,-0.2736144549003908,1,0.1880982105701207,0.7161309702613398,0.7303482587064677,0.1880982105701207,decision-fragile zone,0.0,0.0,0.0,1.0
Base summary,290,3,7.220234107649593e-09,budget_24_rotated_slender,cross-branch,2,budget_24_rotated_slender,cross-branch,3,1.0,1.0,0.0,1.0,budget_24_rotated_slender|cross-branch|2,budget_24_rotated_slender|cross-branch|3,1_0,-0.2736144549003908,0,0.9084477736163129,0.20636827876239103,0.6129353233830847,0.9084477736163129,decision-fragile zone,1_0,-0.2736144549003908,1,0.7228464419475655,0.7689996996094922,0.2756218905472637,0.7228464419475655,optimization-limited zone,0.0,0.0,0.0,1.0
Base summary,290,4,1.2936078145747089e-08,budget_24_rotated_slender,cross-branch,2,budget_24_rotated_slender,spiral,2,1.0,1.0,1.0,1.0,budget_24_rotated_slender|cross-branch|2,budget_24_rotated_slender|spiral|2,1_0,-0.2736144549003908,0,0.9084477736163129,0.20636827876239103,0.6129353233830847,0.9084477736163129,decision-fragile zone,1_1,-0.3289846515378983,0,0.29546400332917183,0.25052568338840486,0.2616915422885573,0.29546400332917183,effective-collapse zone,1.0,0.055370196637507474,0.0,0.0
Base summary,290,5,1.3432890596739434e-08,budget_24_rotated_slender,cross-branch,2,budget_24_rotated_slender,spiral,3,0.0,0.0,1.0,1.0,budget_24_rotated_slender|cross-branch|2,budget_24_rotated_slender|spiral|3,1_0,-0.2736144549003908,0,0.9084477736163129,0.20636827876239103,0.6129353233830847,0.9084477736163129,decision-fragile zone,1_1,-0.3289846515378983,0,0.3745318352059925,0.677080204265545,0.49154228855721394,0.3745318352059925,optimization-limited zone,1.0,0.055370196637507474,0.0,0.0
Base summary,291,1,5.878507656114299e-09,budget_24_rotated_slender,cross-branch,3,budget_24_rotated_slender,cross-branch,0,1.0,0.0,0.0,1.0,budget_24_rotated_slender|cross-branch|3,budget_24_rotated_slender|cross-branch|0,1_0,-0.2736144549003908,1,0.7228464419475655,0.7689996996094922,0.2756218905472637,0.7228464419475655,optimization-limited zone,1_0,-0.2736144549003908,1,0.6891385767790261,0.030039050765995796,0.06865671641791045,0.6891385767790261,ambiguity zone,0.0,0.0,0.0,0.0
Base summary,291,2,7.220234107649593e-09,budget_24_rotated_slender,cross-branch,3,budget_24_rotated_slender,cross-branch,2,1.0,1.0,0.0,1.0,budget_24_rotated_slender|cross-branch|3,budget_24_rotated_slender|cross-branch|2,1_0,-0.2736144549003908,1,0.7228464419475655,0.7689996996094922,0.2756218905472637,0.7228464419475655,optimization-limited zone,1_0,-0.2736144549003908,0,0.9084477736163129,0.20636827876239103,0.6129353233830847,0.9084477736163129,decision-fragile zone,0.0,0.0,0.0,1.0
Base summary,291,3,7.543288211469074e-09,budget_24_rotated_slender,cross-branch,3,budget_24_rotated_slender,cross-branch,1,1.0,0.0,0.0,1.0,budget_24_rotated_slender|cross-branch|3,budget_24_rotated_slender|cross-branch|1,1_0,-0.2736144549003908,1,0.7228464419475655,0.7689996996094922,0.2756218905472637,0.7228464419475655,optimization-limited zone,1_0,-0.2736144549003908,1,0.1880982105701207,0.7161309702613398,0.7303482587064677,0.1880982105701207,decision-fragile zone,0.0,0.0,0.0,0.0
Base summary,291,4,9.233289807863983e-09,budget_24_rotated_slender,cross-branch,3,budget_24_rotated_slender,spiral,1,1.0,1.0,1.0,1.0,budget_24_rotated_slender|cross-branch|3,budget_24_rotated_slender|spiral|1,1_0,-0.2736144549003908,1,0.7228464419475655,0.7689996996094922,0.2756218905472637,0.7228464419475655,optimization-limited zone,1_1,-0.3289846515378983,0,0.31294215563878486,0.5491138480024029,0.2497512437810946,0.31294215563878486,effective-collapse zone,1.0,0.055370196637507474,0.0,1.0
Base summary,291,5,1.0524227584864216e-08,budget_24_rotated_slender,cross-branch,3,budget_24_rotated_slender,spiral,0,0.0,0.0,1.0,1.0,budget_24_rotated_slender|cross-branch|3,budget_24_rotated_slender|spiral|0,1_0,-0.2736144549003908,1,0.7228464419475655,0.7689996996094922,0.2756218905472637,0.7228464419475655,optimization-limited zone,1_1,-0.3289846515378983,1,0.4560965459841865,0.1177530790027035,0.291542288557214,0.4560965459841865,effective-collapse zone,1.0,0.055370196637507474,0.0,0.0
Base summary,292,1,1.8928849480586407e-09,budget_24_rotated_slender,double-loop,0,budget_24_rotated_slender,double-loop,3,0.0,0.0,0.0,0.0,budget_24_rotated_slender|double-loop|0,budget_24_rotated_slender|double-loop|3,1_0,-0.04713477352374962,1,0.2813150228880566,0.6521477921297686,0.29850746268656714,0.2813150228880566,ambiguity zone,1_0,-0.04713477352374962,1,0.299625468164794,0.18113547611895456,0.08159203980099501,0.299625468164794,ambiguity zone,0.0,0.0,0.0,0.0
Base summary,292,2,2.591368916888965e-09,budget_24_rotated_slender,double-loop,0,budget_24_rotated_slender,double-loop,2,1.0,0.0,0.0,1.0,budget_24_rotated_slender|double-loop|0,budget_24_rotated_slender|double-loop|2,1_0,-0.04713477352374962,1,0.2813150228880566,0.6521477921297686,0.29850746268656714,0.2813150228880566,ambiguity zone,1_0,-0.04713477352374962,0,0.4602580108198086,0.8477020126164013,0.5840796019900497,0.4602580108198086,optimization-limited zone,0.0,0.0,0.0,1.0
Base summary,292,3,6.7220510292238074e-09,budget_24_rotated_slender,double-loop,0,budget_24_rotated_slender,double-loop,1,0.0,0.0,0.0,0.0,budget_24_rotated_slender|double-loop|0,budget_24_rotated_slender|double-loop|1,1_0,-0.04713477352374962,1,0.2813150228880566,0.6521477921297686,0.29850746268656714,0.2813150228880566,ambiguity zone,1_0,-0.04713477352374962,0,0.322929671244278,0.12105737458696304,0.27164179104477615,0.322929671244278,ambiguity zone,0.0,0.0,0.0,1.0
Base summary,292,4,1.881857963867308e-08,budget_24_rotated_slender,double-loop,0,budget_24_rotated_slender,volatility-clustering,3,1.0,0.0,1.0,1.0,budget_24_rotated_slender|double-loop|0,budget_24_rotated_slender|volatility-clustering|3,1_0,-0.04713477352374962,1,0.2813150228880566,0.6521477921297686,0.29850746268656714,0.2813150228880566,ambiguity zone,1_0,0.4439176548542998,0,0.6242197253433208,0.37608891559026725,0.38407960199004976,0.6242197253433208,ambiguity zone,0.0,0.4910524283780494,1.0,1.0
Base summary,292,5,2.0444954247007262e-08,budget_24_rotated_slender,double-loop,0,budget_24_rotated_slender,volatility-clustering,2,1.0,1.0,1.0,1.0,budget_24_rotated_slender|double-loop|0,budget_24_rotated_slender|volatility-clustering|2,1_0,-0.04713477352374962,1,0.2813150228880566,0.6521477921297686,0.29850746268656714,0.2813150228880566,ambiguity zone,1_0,0.4439176548542998,0,0.7424053266749896,0.6191048362871732,0.87363184079602,0.7424053266749896,decision-fragile zone,0.0,0.4910524283780494,1.0,1.0
Base summary,293,1,4.176117743398562e-09,budget_24_rotated_slender,double-loop,1,budget_24_rotated_slender,double-loop,2,1.0,0.0,0.0,1.0,budget_24_rotated_slender|double-loop|1,budget_24_rotated_slender|double-loop|2,1_0,-0.04713477352374962,0,0.322929671244278,0.12105737458696304,0.27164179104477615,0.322929671244278,ambiguity zone,1_0,-0.04713477352374962,0,0.4602580108198086,0.8477020126164013,0.5840796019900497,0.4602580108198086,optimization-limited zone,0.0,0.0,0.0,0.0
Base summary,293,2,6.445074119038072e-09,budget_24_rotated_slender,double-loop,1,budget_24_rotated_slender,double-loop,3,0.0,0.0,0.0,0.0,budget_24_rotated_slender|double-loop|1,budget_24_rotated_slender|double-loop|3,1_0,-0.04713477352374962,0,0.322929671244278,0.12105737458696304,0.27164179104477615,0.322929671244278,ambiguity zone,1_0,-0.04713477352374962,1,0.299625468164794,0.18113547611895456,0.08159203980099501,0.299625468164794,ambiguity zone,0.0,0.0,0.0,1.0
Base summary,293,3,6.7220510292238074e-09,budget_24_rotated_slender,double-loop,1,budget_24_rotated_slender,double-loop,0,0.0,0.0,0.0,0.0,budget_24_rotated_slender|double-loop|1,budget_24_rotated_slender|double-loop|0,1_0,-0.04713477352374962,0,0.322929671244278,0.12105737458696304,0.27164179104477615,0.322929671244278,ambiguity zone,1_0,-0.04713477352374962,1,0.2813150228880566,0.6521477921297686,0.29850746268656714,0.2813150228880566,ambiguity zone,0.0,0.0,0.0,1.0
Base summary,293,4,1.3218602962979932e-08,budget_24_rotated_slender,double-loop,1,budget_24_rotated_slender,volatility-clustering,3,1.0,0.0,1.0,1.0,budget_24_rotated_slender|double-loop|1,budget_24_rotated_slender|volatility-clustering|3,1_0,-0.04713477352374962,0,0.322929671244278,0.12105737458696304,0.27164179104477615,0.322929671244278,ambiguity zone,1_0,0.4439176548542998,0,0.6242197253433208,0.37608891559026725,0.38407960199004976,0.6242197253433208,ambiguity zone,0.0,0.4910524283780494,1.0,0.0
Base summary,293,5,1.7601280005669896e-08,budget_24_rotated_slender,double-loop,1,budget_24_rotated_slender,volatility-clustering,0,0.0,0.0,1.0,1.0,budget_24_rotated_slender|double-loop|1,budget_24_rotated_slender|volatility-clustering|0,1_0,-0.04713477352374962,0,0.322929671244278,0.12105737458696304,0.27164179104477615,0.322929671244278,ambiguity zone,1_0,0.4439176548542998,0,0.46941323345817726,0.6260138179633523,0.8636815920398009,0.46941323345817726,decision-fragile zone,0.0,0.4910524283780494,1.0,0.0
Base summary,294,1,2.591368916888965e-09,budget_24_rotated_slender,double-loop,2,budget_24_rotated_slender,double-loop,0,1.0,0.0,0.0,1.0,budget_24_rotated_slender|double-loop|2,budget_24_rotated_slender|double-loop|0,1_0,-0.04713477352374962,0,0.4602580108198086,0.8477020126164013,0.5840796019900497,0.4602580108198086,optimization-limited zone,1_0,-0.04713477352374962,1,0.2813150228880566,0.6521477921297686,0.29850746268656714,0.2813150228880566,ambiguity zone,0.0,0.0,0.0,1.0
Base summary,294,2,2.647160487400302e-09,budget_24_rotated_slender,double-loop,2,budget_24_rotated_slender,double-loop,3,1.0,0.0,0.0,1.0,budget_24_rotated_slender|double-loop|2,budget_24_rotated_slender|double-loop|3,1_0,-0.04713477352374962,0,0.4602580108198086,0.8477020126164013,0.5840796019900497,0.4602580108198086,optimization-limited zone,1_0,-0.04713477352374962,1,0.299625468164794,0.18113547611895456,0.08159203980099501,0.299625468164794,ambiguity zone,0.0,0.0,0.0,1.0
Base summary,294,3,4.176117743398562e-09,budget_24_rotated_slender,double-loop,2,budget_24_rotated_slender,double-loop,1,1.0,0.0,0.0,1.0,budget_24_rotated_slender|double-loop|2,budget_24_rotated_slender|double-loop|1,1_0,-0.04713477352374962,0,0.4602580108198086,0.8477020126164013,0.5840796019900497,0.4602580108198086,optimization-limited zone,1_0,-0.04713477352374962,0,0.322929671244278,0.12105737458696304,0.27164179104477615,0.322929671244278,ambiguity zone,0.0,0.0,0.0,0.0
Base summary,294,4,1.6783258115571113e-08,budget_24_rotated_slender,double-loop,2,budget_24_rotated_slender,volatility-clustering,3,0.0,0.0,1.0,1.0,budget_24_rotated_slender|double-loop|2,budget_24_rotated_slender|volatility-clustering|3,1_0,-0.04713477352374962,0,0.4602580108198086,0.8477020126164013,0.5840796019900497,0.4602580108198086,optimization-limited zone,1_0,0.4439176548542998,0,0.6242197253433208,0.37608891559026725,0.38407960199004976,0.6242197253433208,ambiguity zone,0.0,0.4910524283780494,1.0,0.0
Base summary,294,5,2.075609771679613e-08,budget_24_rotated_slender,double-loop,2,budget_24_rotated_slender,volatility-clustering,0,1.0,0.0,1.0,1.0,budget_24_rotated_slender|double-loop|2,budget_24_rotated_slender|volatility-clustering|0,1_0,-0.04713477352374962,0,0.4602580108198086,0.8477020126164013,0.5840796019900497,0.4602580108198086,optimization-limited zone,1_0,0.4439176548542998,0,0.46941323345817726,0.6260138179633523,0.8636815920398009,0.46941323345817726,decision-fragile zone,0.0,0.4910524283780494,1.0,0.0
Base summary,295,1,1.8928849480586407e-09,budget_24_rotated_slender,double-loop,3,budget_24_rotated_slender,double-loop,0,0.0,0.0,0.0,0.0,budget_24_rotated_slender|double-loop|3,budget_24_rotated_slender|double-loop|0,1_0,-0.04713477352374962,1,0.299625468164794,0.18113547611895456,0.08159203980099501,0.299625468164794,ambiguity zone,1_0,-0.04713477352374962,1,0.2813150228880566,0.6521477921297686,0.29850746268656714,0.2813150228880566,ambiguity zone,0.0,0.0,0.0,0.0
Base summary,295,2,2.647160487400302e-09,budget_24_rotated_slender,double-loop,3,budget_24_rotated_slender,double-loop,2,1.0,0.0,0.0,1.0,budget_24_rotated_slender|double-loop|3,budget_24_rotated_slender|double-loop|2,1_0,-0.04713477352374962,1,0.299625468164794,0.18113547611895456,0.08159203980099501,0.299625468164794,ambiguity zone,1_0,-0.04713477352374962,0,0.4602580108198086,0.8477020126164013,0.5840796019900497,0.4602580108198086,optimization-limited zone,0.0,0.0,0.0,1.0
Base summary,295,3,6.445074119038072e-09,budget_24_rotated_slender,double-loop,3,budget_24_rotated_slender,double-loop,1,0.0,0.0,0.0,0.0,budget_24_rotated_slender|double-loop|3,budget_24_rotated_slender|double-loop|1,1_0,-0.04713477352374962,1,0.299625468164794,0.18113547611895456,0.08159203980099501,0.299625468164794,ambiguity zone,1_0,-0.04713477352374962,0,0.322929671244278,0.12105737458696304,0.27164179104477615,0.322929671244278,ambiguity zone,0.0,0.0,0.0,1.0
Base summary,295,4,1.8902060580385565e-08,budget_24_rotated_slender,double-loop,3,budget_24_rotated_slender,volatility-clustering,3,1.0,0.0,1.0,1.0,budget_24_rotated_slender|double-loop|3,budget_24_rotated_slender|volatility-clustering|3,1_0,-0.04713477352374962,1,0.299625468164794,0.18113547611895456,0.08159203980099501,0.299625468164794,ambiguity zone,1_0,0.4439176548542998,0,0.6242197253433208,0.37608891559026725,0.38407960199004976,0.6242197253433208,ambiguity zone,0.0,0.4910524283780494,1.0,1.0
Base summary,295,5,2.1611484534323705e-08,budget_24_rotated_slender,double-loop,3,budget_24_rotated_slender,volatility-clustering,2,1.0,1.0,1.0,1.0,budget_24_rotated_slender|double-loop|3,budget_24_rotated_slender|volatility-clustering|2,1_0,-0.04713477352374962,1,0.299625468164794,0.18113547611895456,0.08159203980099501,0.299625468164794,ambiguity zone,1_0,0.4439176548542998,0,0.7424053266749896,0.6191048362871732,0.87363184079602,0.7424053266749896,decision-fragile zone,0.0,0.4910524283780494,1.0,1.0
Base summary,296,1,1.0610518286055356e-08,budget_24_rotated_slender,mean-reversion,0,budget_24_rotated_slender,mean-reversion,3,0.0,0.0,0.0,1.0,budget_24_rotated_slender|mean-reversion|0,budget_24_rotated_slender|mean-reversion|3,1_0,-0.2321875606103716,0,0.47856845609654597,0.49083808951637115,0.48258706467661694,0.47856845609654597,ambiguity zone,1_0,-0.2321875606103716,0,0.7573866000832291,0.6984079303094021,0.755223880597015,0.7573866000832291,optimization-limited zone,0.0,0.0,0.0,0.0
Base summary,296,2,1.1518548024659264e-08,budget_24_rotated_slender,mean-reversion,0,budget_24_rotated_slender,mean-reversion,2,1.0,1.0,0.0,0.0,budget_24_rotated_slender|mean-reversion|0,budget_24_rotated_slender|mean-reversion|2,1_0,-0.2321875606103716,0,0.47856845609654597,0.49083808951637115,0.48258706467661694,0.47856845609654597,ambiguity zone,1_0,-0.2321875606103716,0,0.33541406575114446,0.4466806848903574,0.4139303482587065,0.33541406575114446,ambiguity zone,0.0,0.0,0.0,0.0
Base summary,296,3,2.161255020637973e-08,budget_24_rotated_slender,mean-reversion,0,budget_24_rotated_slender,mean-reversion,1,0.0,0.0,0.0,1.0,budget_24_rotated_slender|mean-reversion|0,budget_24_rotated_slender|mean-reversion|1,1_0,-0.2321875606103716,0,0.47856845609654597,0.49083808951637115,0.48258706467661694,0.47856845609654597,ambiguity zone,1_0,-0.2321875606103716,1,0.3553890969621307,0.5596275157705015,0.5611940298507462,0.3553890969621307,optimization-limited zone,0.0,0.0,0.0,1.0
Base summary,296,4,1.7972908901492569e-07,budget_24_rotated_slender,mean-reversion,0,budget_24_rotated_slender,volatility-clustering,1,1.0,1.0,1.0,1.0,budget_24_rotated_slender|mean-reversion|0,budget_24_rotated_slender|volatility-clustering|1,1_0,-0.2321875606103716,0,0.47856845609654597,0.49083808951637115,0.48258706467661694,0.47856845609654597,ambiguity zone,1_0,0.4439176548542998,0,0.5534748231377444,0.3376389306097926,0.7154228855721393,0.5534748231377444,decision-fragile zone,0.0,0.6761052154646714,1.0,0.0
Base summary,296,5,2.1572147466076397e-07,budget_24_rotated_slender,mean-reversion,0,budget_24_rotated_slender,volatility-clustering,0,1.0,1.0,1.0,1.0,budget_24_rotated_slender|mean-reversion|0,budget_24_rotated_slender|volatility-clustering|0,1_0,-0.2321875606103716,0,0.47856845609654597,0.49083808951637115,0.48258706467661694,0.47856845609654597,ambiguity zone,1_0,0.4439176548542998,0,0.46941323345817726,0.6260138179633523,0.8636815920398009,0.46941323345817726,decision-fragile zone,0.0,0.6761052154646714,1.0,0.0
Base summary,297,1,1.1034107221517864e-08,budget_24_rotated_slender,mean-reversion,1,budget_24_rotated_slender,mean-reversion,3,0.0,0.0,0.0,0.0,budget_24_rotated_slender|mean-reversion|1,budget_24_rotated_slender|mean-reversion|3,1_0,-0.2321875606103716,1,0.3553890969621307,0.5596275157705015,0.5611940298507462,0.3553890969621307,optimization-limited zone,1_0,-0.2321875606103716,0,0.7573866000832291,0.6984079303094021,0.755223880597015,0.7573866000832291,optimization-limited zone,0.0,0.0,0.0,1.0
Base summary,297,2,2.161255020637973e-08,budget_24_rotated_slender,mean-reversion,1,budget_24_rotated_slender,mean-reversion,0,0.0,0.0,0.0,1.0,budget_24_rotated_slender|mean-reversion|1,budget_24_rotated_slender|mean-reversion|0,1_0,-0.2321875606103716,1,0.3553890969621307,0.5596275157705015,0.5611940298507462,0.3553890969621307,optimization-limited zone,1_0,-0.2321875606103716,0,0.47856845609654597,0.49083808951637115,0.48258706467661694,0.47856845609654597,ambiguity zone,0.0,0.0,0.0,1.0
Base summary,297,3,3.2956706093256025e-08,budget_24_rotated_slender,mean-reversion,1,budget_24_rotated_slender,mean-reversion,2,1.0,1.0,0.0,1.0,budget_24_rotated_slender|mean-reversion|1,budget_24_rotated_slender|mean-reversion|2,1_0,-0.2321875606103716,1,0.3553890969621307,0.5596275157705015,0.5611940298507462,0.3553890969621307,optimization-limited zone,1_0,-0.2321875606103716,0,0.33541406575114446,0.4466806848903574,0.4139303482587065,0.33541406575114446,ambiguity zone,0.0,0.0,0.0,1.0
Base summary,297,4,1.5813947901739875e-07,budget_24_rotated_slender,mean-reversion,1,budget_24_rotated_slender,volatility-clustering,1,1.0,1.0,1.0,1.0,budget_24_rotated_slender|mean-reversion|1,budget_24_rotated_slender|volatility-clustering|1,1_0,-0.2321875606103716,1,0.3553890969621307,0.5596275157705015,0.5611940298507462,0.3553890969621307,optimization-limited zone,1_0,0.4439176548542998,0,0.5534748231377444,0.3376389306097926,0.7154228855721393,0.5534748231377444,decision-fragile zone,0.0,0.6761052154646714,1.0,1.0
Base summary,297,5,1.9412365867992439e-07,budget_24_rotated_slender,mean-reversion,1,budget_24_rotated_slender,volatility-clustering,0,1.0,1.0,1.0,1.0,budget_24_rotated_slender|mean-reversion|1,budget_24_rotated_slender|volatility-clustering|0,1_0,-0.2321875606103716,1,0.3553890969621307,0.5596275157705015,0.5611940298507462,0.3553890969621307,optimization-limited zone,1_0,0.4439176548542998,0,0.46941323345817726,0.6260138179633523,0.8636815920398009,0.46941323345817726,decision-fragile zone,0.0,0.6761052154646714,1.0,1.0
Base summary,298,1,1.1518548024659264e-08,budget_24_rotated_slender,mean-reversion,2,budget_24_rotated_slender,mean-reversion,0,1.0,1.0,0.0,0.0,budget_24_rotated_slender|mean-reversion|2,budget_24_rotated_slender|mean-reversion|0,1_0,-0.2321875606103716,0,0.33541406575114446,0.4466806848903574,0.4139303482587065,0.33541406575114446,ambiguity zone,1_0,-0.2321875606103716,0,0.47856845609654597,0.49083808951637115,0.48258706467661694,0.47856845609654597,ambiguity zone,0.0,0.0,0.0,0.0
Base summary,298,2,2.193546797696352e-08,budget_24_rotated_slender,mean-reversion,2,budget_24_rotated_slender,mean-reversion,3,1.0,1.0,0.0,1.0,budget_24_rotated_slender|mean-reversion|2,budget_24_rotated_slender|mean-reversion|3,1_0,-0.2321875606103716,0,0.33541406575114446,0.4466806848903574,0.4139303482587065,0.33541406575114446,ambiguity zone,1_0,-0.2321875606103716,0,0.7573866000832291,0.6984079303094021,0.755223880597015,0.7573866000832291,optimization-limited zone,0.0,0.0,0.0,0.0
Base summary,298,3,3.2956706093256025e-08,budget_24_rotated_slender,mean-reversion,2,budget_24_rotated_slender,mean-reversion,1,1.0,1.0,0.0,1.0,budget_24_rotated_slender|mean-reversion|2,budget_24_rotated_slender|mean-reversion|1,1_0,-0.2321875606103716,0,0.33541406575114446,0.4466806848903574,0.4139303482587065,0.33541406575114446,ambiguity zone,1_0,-0.2321875606103716,1,0.3553890969621307,0.5596275157705015,0.5611940298507462,0.3553890969621307,optimization-limited zone,0.0,0.0,0.0,1.0
Base summary,298,4,1.9108547486650729e-07,budget_24_rotated_slender,mean-reversion,2,budget_24_rotated_slender,volatility-clustering,1,0.0,0.0,1.0,1.0,budget_24_rotated_slender|mean-reversion|2,budget_24_rotated_slender|volatility-clustering|1,1_0,-0.2321875606103716,0,0.33541406575114446,0.4466806848903574,0.4139303482587065,0.33541406575114446,ambiguity zone,1_0,0.4439176548542998,0,0.5534748231377444,0.3376389306097926,0.7154228855721393,0.5534748231377444,decision-fragile zone,0.0,0.6761052154646714,1.0,0.0
Base summary,298,5,2.2706203897702037e-07,budget_24_rotated_slender,mean-reversion,2,budget_24_rotated_slender,volatility-clustering,0,0.0,0.0,1.0,1.0,budget_24_rotated_slender|mean-reversion|2,budget_24_rotated_slender|volatility-clustering|0,1_0,-0.2321875606103716,0,0.33541406575114446,0.4466806848903574,0.4139303482587065,0.33541406575114446,ambiguity zone,1_0,0.4439176548542998,0,0.46941323345817726,0.6260138179633523,0.8636815920398009,0.46941323345817726,decision-fragile zone,0.0,0.6761052154646714,1.0,0.0
Base summary,299,1,1.0610518286055356e-08,budget_24_rotated_slender,mean-reversion,3,budget_24_rotated_slender,mean-reversion,0,0.0,0.0,0.0,1.0,budget_24_rotated_slender|mean-reversion|3,budget_24_rotated_slender|mean-reversion|0,1_0,-0.2321875606103716,0,0.7573866000832291,0.6984079303094021,0.755223880597015,0.7573866000832291,optimization-limited zone,1_0,-0.2321875606103716,0,0.47856845609654597,0.49083808951637115,0.48258706467661694,0.47856845609654597,ambiguity zone,0.0,0.0,0.0,0.0
Base summary,299,2,1.1034107221517864e-08,budget_24_rotated_slender,mean-reversion,3,budget_24_rotated_slender,mean-reversion,1,0.0,0.0,0.0,0.0,budget_24_rotated_slender|mean-reversion|3,budget_24_rotated_slender|mean-reversion|1,1_0,-0.2321875606103716,0,0.7573866000832291,0.6984079303094021,0.755223880597015,0.7573866000832291,optimization-limited zone,1_0,-0.2321875606103716,1,0.3553890969621307,0.5596275157705015,0.5611940298507462,0.3553890969621307,optimization-limited zone,0.0,0.0,0.0,1.0
Base summary,299,3,2.193546797696352e-08,budget_24_rotated_slender,mean-reversion,3,budget_24_rotated_slender,mean-reversion,2,1.0,1.0,0.0,1.0,budget_24_rotated_slender|mean-reversion|3,budget_24_rotated_slender|mean-reversion|2,1_0,-0.2321875606103716,0,0.7573866000832291,0.6984079303094021,0.755223880597015,0.7573866000832291,optimization-limited zone,1_0,-0.2321875606103716,0,0.33541406575114446,0.4466806848903574,0.4139303482587065,0.33541406575114446,ambiguity zone,0.0,0.0,0.0,0.0
Base summary,299,4,1.691718996485893e-07,budget_24_rotated_slender,mean-reversion,3,budget_24_rotated_slender,volatility-clustering,1,1.0,1.0,1.0,1.0,budget_24_rotated_slender|mean-reversion|3,budget_24_rotated_slender|volatility-clustering|1,1_0,-0.2321875606103716,0,0.7573866000832291,0.6984079303094021,0.755223880597015,0.7573866000832291,optimization-limited zone,1_0,0.4439176548542998,0,0.5534748231377444,0.3376389306097926,0.7154228855721393,0.5534748231377444,decision-fragile zone,0.0,0.6761052154646714,1.0,0.0
Base summary,299,5,2.051543633119733e-07,budget_24_rotated_slender,mean-reversion,3,budget_24_rotated_slender,volatility-clustering,0,1.0,1.0,1.0,1.0,budget_24_rotated_slender|mean-reversion|3,budget_24_rotated_slender|volatility-clustering|0,1_0,-0.2321875606103716,0,0.7573866000832291,0.6984079303094021,0.755223880597015,0.7573866000832291,optimization-limited zone,1_0,0.4439176548542998,0,0.46941323345817726,0.6260138179633523,0.8636815920398009,0.46941323345817726,decision-fragile zone,0.0,0.6761052154646714,1.0,0.0
Base summary,300,1,2.093097699825588e-09,budget_24_rotated_slender,multi-hole,0,budget_24_rotated_slender,multi-hole,2,0.0,0.0,0.0,0.0,budget_24_rotated_slender|multi-hole|0,budget_24_rotated_slender|multi-hole|2,1_1,-0.689700722662991,1,0.19142738243861834,0.1973565635325923,0.3353233830845771,0.19142738243861834,effective-collapse zone,1_1,-0.689700722662991,1,0.23137744486059092,0.3391408831480925,0.2935323383084577,0.23137744486059092,effective-collapse zone,0.0,0.0,0.0,0.0
Base summary,300,2,2.2105256483848584e-09,budget_24_rotated_slender,multi-hole,0,budget_24_rotated_slender,pinwheel,0,1.0,0.0,1.0,0.0,budget_24_rotated_slender|multi-hole|0,budget_24_rotated_slender|pinwheel|0,1_1,-0.689700722662991,1,0.19142738243861834,0.1973565635325923,0.3353233830845771,0.19142738243861834,effective-collapse zone,1_1,0.22351500627580145,0,0.38868081564710777,0.42985881646139973,0.808955223880597,0.38868081564710777,decision-fragile zone,0.0,0.9132157289387924,1.0,1.0
Base summary,300,3,3.812679114759136e-09,budget_24_rotated_slender,multi-hole,0,budget_24_rotated_slender,pinwheel,2,0.0,1.0,1.0,0.0,budget_24_rotated_slender|multi-hole|0,budget_24_rotated_slender|pinwheel|2,1_1,-0.689700722662991,1,0.19142738243861834,0.1973565635325923,0.3353233830845771,0.19142738243861834,effective-collapse zone,1_1,0.22351500627580145,1,0.3487307532251353,0.5343947131270651,0.8159203980099503,0.3487307532251353,decision-fragile zone,0.0,0.9132157289387924,1.0,0.0
Base summary,300,4,5.512764765598645e-09,budget_24_rotated_slender,multi-hole,0,budget_24_rotated_slender,pinwheel,3,0.0,1.0,1.0,1.0,budget_24_rotated_slender|multi-hole|0,budget_24_rotated_slender|pinwheel|3,1_1,-0.689700722662991,1,0.19142738243861834,0.1973565635325923,0.3353233830845771,0.19142738243861834,effective-collapse zone,1_1,0.22351500627580145,0,0.8164794007490637,0.78462000600781,0.9940298507462688,0.8164794007490637,decision-fragile zone,0.0,0.9132157289387924,1.0,1.0
Base summary,300,5,5.8056270808475025e-09,budget_24_rotated_slender,multi-hole,0,budget_24_rotated_slender,multi-hole,3,0.0,0.0,0.0,1.0,budget_24_rotated_slender|multi-hole|0,budget_24_rotated_slender|multi-hole|3,1_1,-0.689700722662991,1,0.19142738243861834,0.1973565635325923,0.3353233830845771,0.19142738243861834,effective-collapse zone,1_1,-0.689700722662991,0,0.47107781939242616,0.7699008711324722,0.5432835820895522,0.47107781939242616,optimization-limited zone,0.0,0.0,0.0,1.0
Base summary,301,1,8.74464305366718e-09,budget_24_rotated_slender,multi-hole,1,budget_24_rotated_slender,multi-hole,0,0.0,0.0,0.0,1.0,budget_24_rotated_slender|multi-hole|1,budget_24_rotated_slender|multi-hole|0,1_1,-0.689700722662991,1,0.4794007490636704,0.7912285971763292,0.49950248756218907,0.4794007490636704,optimization-limited zone,1_1,-0.689700722662991,1,0.19142738243861834,0.1973565635325923,0.3353233830845771,0.19142738243861834,effective-collapse zone,0.0,0.0,0.0,0.0
Base summary,301,2,9.898114411823477e-09,budget_24_rotated_slender,multi-hole,1,budget_24_rotated_slender,pinwheel,0,1.0,0.0,1.0,1.0,budget_24_rotated_slender|multi-hole|1,budget_24_rotated_slender|pinwheel|0,1_1,-0.689700722662991,1,0.4794007490636704,0.7912285971763292,0.49950248756218907,0.4794007490636704,optimization-limited zone,1_1,0.22351500627580145,0,0.38868081564710777,0.42985881646139973,0.808955223880597,0.38868081564710777,decision-fragile zone,0.0,0.9132157289387924,1.0,1.0
Base summary,301,3,1.0394599174457931e-08,budget_24_rotated_slender,multi-hole,1,budget_24_rotated_slender,multi-hole,2,0.0,0.0,0.0,1.0,budget_24_rotated_slender|multi-hole|1,budget_24_rotated_slender|multi-hole|2,1_1,-0.689700722662991,1,0.4794007490636704,0.7912285971763292,0.49950248756218907,0.4794007490636704,optimization-limited zone,1_1,-0.689700722662991,1,0.23137744486059092,0.3391408831480925,0.2935323383084577,0.23137744486059092,effective-collapse zone,0.0,0.0,0.0,0.0
Base summary,301,4,1.1167444186908066e-08,budget_24_rotated_slender,multi-hole,1,budget_24_rotated_slender,pinwheel,2,0.0,1.0,1.0,1.0,budget_24_rotated_slender|multi-hole|1,budget_24_rotated_slender|pinwheel|2,1_1,-0.689700722662991,1,0.4794007490636704,0.7912285971763292,0.49950248756218907,0.4794007490636704,optimization-limited zone,1_1,0.22351500627580145,1,0.3487307532251353,0.5343947131270651,0.8159203980099503,0.3487307532251353,decision-fragile zone,0.0,0.9132157289387924,1.0,0.0
Base summary,301,5,1.3686476797228922e-08,budget_24_rotated_slender,multi-hole,1,budget_24_rotated_slender,pinwheel,3,0.0,1.0,1.0,0.0,budget_24_rotated_slender|multi-hole|1,budget_24_rotated_slender|pinwheel|3,1_1,-0.689700722662991,1,0.4794007490636704,0.7912285971763292,0.49950248756218907,0.4794007490636704,optimization-limited zone,1_1,0.22351500627580145,0,0.8164794007490637,0.78462000600781,0.9940298507462688,0.8164794007490637,decision-fragile zone,0.0,0.9132157289387924,1.0,1.0
Base summary,302,1,2.093097699825588e-09,budget_24_rotated_slender,multi-hole,2,budget_24_rotated_slender,multi-hole,0,0.0,0.0,0.0,0.0,budget_24_rotated_slender|multi-hole|2,budget_24_rotated_slender|multi-hole|0,1_1,-0.689700722662991,1,0.23137744486059092,0.3391408831480925,0.2935323383084577,0.23137744486059092,effective-collapse zone,1_1,-0.689700722662991,1,0.19142738243861834,0.1973565635325923,0.3353233830845771,0.19142738243861834,effective-collapse zone,0.0,0.0,0.0,0.0
Base summary,302,2,3.4392745867507703e-09,budget_24_rotated_slender,multi-hole,2,budget_24_rotated_slender,pinwheel,0,1.0,0.0,1.0,0.0,budget_24_rotated_slender|multi-hole|2,budget_24_rotated_slender|pinwheel|0,1_1,-0.689700722662991,1,0.23137744486059092,0.3391408831480925,0.2935323383084577,0.23137744486059092,effective-collapse zone,1_1,0.22351500627580145,0,0.38868081564710777,0.42985881646139973,0.808955223880597,0.38868081564710777,decision-fragile zone,0.0,0.9132157289387924,1.0,1.0
Base summary,302,3,3.928320475371268e-09,budget_24_rotated_slender,multi-hole,2,budget_24_rotated_slender,multi-hole,3,0.0,0.0,0.0,1.0,budget_24_rotated_slender|multi-hole|2,budget_24_rotated_slender|multi-hole|3,1_1,-0.689700722662991,1,0.23137744486059092,0.3391408831480925,0.2935323383084577,0.23137744486059092,effective-collapse zone,1_1,-0.689700722662991,0,0.47107781939242616,0.7699008711324722,0.5432835820895522,0.47107781939242616,optimization-limited zone,0.0,0.0,0.0,1.0
Base summary,302,4,4.477350055933787e-09,budget_24_rotated_slender,multi-hole,2,budget_24_rotated_slender,pinwheel,2,0.0,1.0,1.0,0.0,budget_24_rotated_slender|multi-hole|2,budget_24_rotated_slender|pinwheel|2,1_1,-0.689700722662991,1,0.23137744486059092,0.3391408831480925,0.2935323383084577,0.23137744486059092,effective-collapse zone,1_1,0.22351500627580145,1,0.3487307532251353,0.5343947131270651,0.8159203980099503,0.3487307532251353,decision-fragile zone,0.0,0.9132157289387924,1.0,0.0
Base summary,302,5,5.248250371668838e-09,budget_24_rotated_slender,multi-hole,2,budget_24_rotated_slender,pinwheel,3,0.0,1.0,1.0,1.0,budget_24_rotated_slender|multi-hole|2,budget_24_rotated_slender|pinwheel|3,1_1,-0.689700722662991,1,0.23137744486059092,0.3391408831480925,0.2935323383084577,0.23137744486059092,effective-collapse zone,1_1,0.22351500627580145,0,0.8164794007490637,0.78462000600781,0.9940298507462688,0.8164794007490637,decision-fragile zone,0.0,0.9132157289387924,1.0,1.0
Base summary,303,1,3.928320475371268e-09,budget_24_rotated_slender,multi-hole,3,budget_24_rotated_slender,multi-hole,2,0.0,0.0,0.0,1.0,budget_24_rotated_slender|multi-hole|3,budget_24_rotated_slender|multi-hole|2,1_1,-0.689700722662991,0,0.47107781939242616,0.7699008711324722,0.5432835820895522,0.47107781939242616,optimization-limited zone,1_1,-0.689700722662991,1,0.23137744486059092,0.3391408831480925,0.2935323383084577,0.23137744486059092,effective-collapse zone,0.0,0.0,0.0,1.0
Base summary,303,2,4.843434338272946e-09,budget_24_rotated_slender,multi-hole,3,budget_24_rotated_slender,pinwheel,3,0.0,1.0,1.0,0.0,budget_24_rotated_slender|multi-hole|3,budget_24_rotated_slender|pinwheel|3,1_1,-0.689700722662991,0,0.47107781939242616,0.7699008711324722,0.5432835820895522,0.47107781939242616,optimization-limited zone,1_1,0.22351500627580145,0,0.8164794007490637,0.78462000600781,0.9940298507462688,0.8164794007490637,decision-fragile zone,0.0,0.9132157289387924,1.0,0.0
Base summary,303,3,5.35937993633381e-09,budget_24_rotated_slender,multi-hole,3,budget_24_rotated_slender,pinwheel,1,1.0,0.0,1.0,0.0,budget_24_rotated_slender|multi-hole|3,budget_24_rotated_slender|pinwheel|1,1_1,-0.689700722662991,0,0.47107781939242616,0.7699008711324722,0.5432835820895522,0.47107781939242616,optimization-limited zone,1_1,0.22351500627580145,1,0.4835622138992926,0.6052868729348152,0.9691542288557216,0.4835622138992926,decision-fragile zone,0.0,0.9132157289387924,1.0,1.0
Base summary,303,4,5.8056270808475025e-09,budget_24_rotated_slender,multi-hole,3,budget_24_rotated_slender,multi-hole,0,0.0,0.0,0.0,1.0,budget_24_rotated_slender|multi-hole|3,budget_24_rotated_slender|multi-hole|0,1_1,-0.689700722662991,0,0.47107781939242616,0.7699008711324722,0.5432835820895522,0.47107781939242616,optimization-limited zone,1_1,-0.689700722662991,1,0.19142738243861834,0.1973565635325923,0.3353233830845771,0.19142738243861834,effective-collapse zone,0.0,0.0,0.0,1.0
Base summary,303,5,6.001617985624185e-09,budget_24_rotated_slender,multi-hole,3,budget_24_rotated_slender,pinwheel,2,0.0,1.0,1.0,1.0,budget_24_rotated_slender|multi-hole|3,budget_24_rotated_slender|pinwheel|2,1_1,-0.689700722662991,0,0.47107781939242616,0.7699008711324722,0.5432835820895522,0.47107781939242616,optimization-limited zone,1_1,0.22351500627580145,1,0.3487307532251353,0.5343947131270651,0.8159203980099503,0.3487307532251353,decision-fragile zone,0.0,0.9132157289387924,1.0,1.0
Base summary,304,1,3.406550019325081e-09,budget_24_rotated_slender,nested-rings,0,budget_24_rotated_slender,nested-rings,3,1.0,1.0,0.0,1.0,budget_24_rotated_slender|nested-rings|0,budget_24_rotated_slender|nested-rings|3,1_1,-0.20273546129123288,0,0.43445692883895126,0.13217182337038144,0.33830845771144274,0.43445692883895126,effective-collapse zone,1_1,-0.20273546129123288,0,0.5139409071993343,0.8317813157104236,0.4865671641791044,0.5139409071993343,optimization-limited zone,0.0,0.0,0.0,0.0
Base summary,304,2,3.788791716526462e-09,budget_24_rotated_slender,nested-rings,0,budget_24_rotated_slender,nested-rings,2,1.0,1.0,0.0,0.0,budget_24_rotated_slender|nested-rings|0,budget_24_rotated_slender|nested-rings|2,1_1,-0.20273546129123288,0,0.43445692883895126,0.13217182337038144,0.33830845771144274,0.43445692883895126,effective-collapse zone,1_1,-0.20273546129123288,1,0.20807324178110698,0.1342745569240012,0.3144278606965175,0.20807324178110698,effective-collapse zone,0.0,0.0,0.0,1.0
Base summary,304,3,3.819160425252781e-09,budget_24_rotated_slender,nested-rings,0,budget_24_rotated_slender,nested-rings,1,1.0,1.0,0.0,1.0,budget_24_rotated_slender|nested-rings|0,budget_24_rotated_slender|nested-rings|1,1_1,-0.20273546129123288,0,0.43445692883895126,0.13217182337038144,0.33830845771144274,0.43445692883895126,effective-collapse zone,1_1,-0.20273546129123288,1,0.6217228464419475,0.835686392310003,0.5970149253731342,0.6217228464419475,optimization-limited zone,0.0,0.0,0.0,1.0
Base summary,304,4,2.2044629041219218e-08,budget_24_rotated_slender,nested-rings,0,budget_24_rotated_slender,multi-hole,1,0.0,1.0,1.0,1.0,budget_24_rotated_slender|nested-rings|0,budget_24_rotated_slender|multi-hole|1,1_1,-0.20273546129123288,0,0.43445692883895126,0.13217182337038144,0.33830845771144274,0.43445692883895126,effective-collapse zone,1_1,-0.689700722662991,1,0.4794007490636704,0.7912285971763292,0.49950248756218907,0.4794007490636704,optimization-limited zone,0.0,0.4869652613717581,0.0,1.0
Base summary,304,5,3.0764610381898065e-08,budget_24_rotated_slender,nested-rings,0,budget_24_rotated_slender,multi-hole,0,0.0,1.0,1.0,0.0,budget_24_rotated_slender|nested-rings|0,budget_24_rotated_slender|multi-hole|0,1_1,-0.20273546129123288,0,0.43445692883895126,0.13217182337038144,0.33830845771144274,0.43445692883895126,effective-collapse zone,1_1,-0.689700722662991,1,0.19142738243861834,0.1973565635325923,0.3353233830845771,0.19142738243861834,effective-collapse zone,0.0,0.4869652613717581,0.0,1.0
Base summary,305,1,3.819160425252781e-09,budget_24_rotated_slender,nested-rings,1,budget_24_rotated_slender,nested-rings,0,1.0,1.0,0.0,1.0,budget_24_rotated_slender|nested-rings|1,budget_24_rotated_slender|nested-rings|0,1_1,-0.20273546129123288,1,0.6217228464419475,0.835686392310003,0.5970149253731342,0.6217228464419475,optimization-limited zone,1_1,-0.20273546129123288,0,0.43445692883895126,0.13217182337038144,0.33830845771144274,0.43445692883895126,effective-collapse zone,0.0,0.0,0.0,1.0
Base summary,305,2,4.326318753963448e-09,budget_24_rotated_slender,nested-rings,1,budget_24_rotated_slender,nested-rings,3,0.0,0.0,0.0,0.0,budget_24_rotated_slender|nested-rings|1,budget_24_rotated_slender|nested-rings|3,1_1,-0.20273546129123288,1,0.6217228464419475,0.835686392310003,0.5970149253731342,0.6217228464419475,optimization-limited zone,1_1,-0.20273546129123288,0,0.5139409071993343,0.8317813157104236,0.4865671641791044,0.5139409071993343,optimization-limited zone,0.0,0.0,0.0,1.0
Base summary,305,3,6.095429217647386e-09,budget_24_rotated_slender,nested-rings,1,budget_24_rotated_slender,nested-rings,2,0.0,0.0,0.0,1.0,budget_24_rotated_slender|nested-rings|1,budget_24_rotated_slender|nested-rings|2,1_1,-0.20273546129123288,1,0.6217228464419475,0.835686392310003,0.5970149253731342,0.6217228464419475,optimization-limited zone,1_1,-0.20273546129123288,1,0.20807324178110698,0.1342745569240012,0.3144278606965175,0.20807324178110698,effective-collapse zone,0.0,0.0,0.0,0.0
Base summary,305,4,2.018955235855787e-08,budget_24_rotated_slender,nested-rings,1,budget_24_rotated_slender,multi-hole,1,1.0,0.0,1.0,0.0,budget_24_rotated_slender|nested-rings|1,budget_24_rotated_slender|multi-hole|1,1_1,-0.20273546129123288,1,0.6217228464419475,0.835686392310003,0.5970149253731342,0.6217228464419475,optimization-limited zone,1_1,-0.689700722662991,1,0.4794007490636704,0.7912285971763292,0.49950248756218907,0.4794007490636704,optimization-limited zone,0.0,0.4869652613717581,0.0,0.0
Base summary,305,5,2.8787612015329313e-08,budget_24_rotated_slender,nested-rings,1,budget_24_rotated_slender,multi-hole,0,1.0,0.0,1.0,1.0,budget_24_rotated_slender|nested-rings|1,budget_24_rotated_slender|multi-hole|0,1_1,-0.20273546129123288,1,0.6217228464419475,0.835686392310003,0.5970149253731342,0.6217228464419475,optimization-limited zone,1_1,-0.689700722662991,1,0.19142738243861834,0.1973565635325923,0.3353233830845771,0.19142738243861834,effective-collapse zone,0.0,0.4869652613717581,0.0,0.0
Base summary,306,1,2.2172620663787275e-09,budget_24_rotated_slender,nested-rings,2,budget_24_rotated_slender,nested-rings,3,0.0,0.0,0.0,1.0,budget_24_rotated_slender|nested-rings|2,budget_24_rotated_slender|nested-rings|3,1_1,-0.20273546129123288,1,0.20807324178110698,0.1342745569240012,0.3144278606965175,0.20807324178110698,effective-collapse zone,1_1,-0.20273546129123288,0,0.5139409071993343,0.8317813157104236,0.4865671641791044,0.5139409071993343,optimization-limited zone,0.0,0.0,0.0,1.0
Base summary,306,2,3.788791716526462e-09,budget_24_rotated_slender,nested-rings,2,budget_24_rotated_slender,nested-rings,0,1.0,1.0,0.0,0.0,budget_24_rotated_slender|nested-rings|2,budget_24_rotated_slender|nested-rings|0,1_1,-0.20273546129123288,1,0.20807324178110698,0.1342745569240012,0.3144278606965175,0.20807324178110698,effective-collapse zone,1_1,-0.20273546129123288,0,0.43445692883895126,0.13217182337038144,0.33830845771144274,0.43445692883895126,effective-collapse zone,0.0,0.0,0.0,1.0
Base summary,306,3,6.095429217647386e-09,budget_24_rotated_slender,nested-rings,2,budget_24_rotated_slender,nested-rings,1,0.0,0.0,0.0,1.0,budget_24_rotated_slender|nested-rings|2,budget_24_rotated_slender|nested-rings|1,1_1,-0.20273546129123288,1,0.20807324178110698,0.1342745569240012,0.3144278606965175,0.20807324178110698,effective-collapse zone,1_1,-0.20273546129123288,1,0.6217228464419475,0.835686392310003,0.5970149253731342,0.6217228464419475,optimization-limited zone,0.0,0.0,0.0,0.0
Base summary,306,4,2.559815130505933e-08,budget_24_rotated_slender,nested-rings,2,budget_24_rotated_slender,multi-hole,1,1.0,0.0,1.0,1.0,budget_24_rotated_slender|nested-rings|2,budget_24_rotated_slender|multi-hole|1,1_1,-0.20273546129123288,1,0.20807324178110698,0.1342745569240012,0.3144278606965175,0.20807324178110698,effective-collapse zone,1_1,-0.689700722662991,1,0.4794007490636704,0.7912285971763292,0.49950248756218907,0.4794007490636704,optimization-limited zone,0.0,0.4869652613717581,0.0,0.0
Base summary,306,5,3.4276170612834184e-08,budget_24_rotated_slender,nested-rings,2,budget_24_rotated_slender,multi-hole,0,1.0,0.0,1.0,0.0,budget_24_rotated_slender|nested-rings|2,budget_24_rotated_slender|multi-hole|0,1_1,-0.20273546129123288,1,0.20807324178110698,0.1342745569240012,0.3144278606965175,0.20807324178110698,effective-collapse zone,1_1,-0.689700722662991,1,0.19142738243861834,0.1973565635325923,0.3353233830845771,0.19142738243861834,effective-collapse zone,0.0,0.4869652613717581,0.0,0.0
Base summary,307,1,2.2172620663787275e-09,budget_24_rotated_slender,nested-rings,3,budget_24_rotated_slender,nested-rings,2,0.0,0.0,0.0,1.0,budget_24_rotated_slender|nested-rings|3,budget_24_rotated_slender|nested-rings|2,1_1,-0.20273546129123288,0,0.5139409071993343,0.8317813157104236,0.4865671641791044,0.5139409071993343,optimization-limited zone,1_1,-0.20273546129123288,1,0.20807324178110698,0.1342745569240012,0.3144278606965175,0.20807324178110698,effective-collapse zone,0.0,0.0,0.0,1.0
Base summary,307,2,3.406550019325081e-09,budget_24_rotated_slender,nested-rings,3,budget_24_rotated_slender,nested-rings,0,1.0,1.0,0.0,1.0,budget_24_rotated_slender|nested-rings|3,budget_24_rotated_slender|nested-rings|0,1_1,-0.20273546129123288,0,0.5139409071993343,0.8317813157104236,0.4865671641791044,0.5139409071993343,optimization-limited zone,1_1,-0.20273546129123288,0,0.43445692883895126,0.13217182337038144,0.33830845771144274,0.43445692883895126,effective-collapse zone,0.0,0.0,0.0,0.0
Base summary,307,3,4.326318753963448e-09,budget_24_rotated_slender,nested-rings,3,budget_24_rotated_slender,nested-rings,1,0.0,0.0,0.0,0.0,budget_24_rotated_slender|nested-rings|3,budget_24_rotated_slender|nested-rings|1,1_1,-0.20273546129123288,0,0.5139409071993343,0.8317813157104236,0.4865671641791044,0.5139409071993343,optimization-limited zone,1_1,-0.20273546129123288,1,0.6217228464419475,0.835686392310003,0.5970149253731342,0.6217228464419475,optimization-limited zone,0.0,0.0,0.0,1.0
Base summary,307,4,2.40789453084847e-08,budget_24_rotated_slender,nested-rings,3,budget_24_rotated_slender,multi-hole,1,1.0,0.0,1.0,0.0,budget_24_rotated_slender|nested-rings|3,budget_24_rotated_slender|multi-hole|1,1_1,-0.20273546129123288,0,0.5139409071993343,0.8317813157104236,0.4865671641791044,0.5139409071993343,optimization-limited zone,1_1,-0.689700722662991,1,0.4794007490636704,0.7912285971763292,0.49950248756218907,0.4794007490636704,optimization-limited zone,0.0,0.4869652613717581,0.0,1.0
Base summary,307,5,3.269207606787968e-08,budget_24_rotated_slender,nested-rings,3,budget_24_rotated_slender,multi-hole,0,1.0,0.0,1.0,1.0,budget_24_rotated_slender|nested-rings|3,budget_24_rotated_slender|multi-hole|0,1_1,-0.20273546129123288,0,0.5139409071993343,0.8317813157104236,0.4865671641791044,0.5139409071993343,optimization-limited zone,1_1,-0.689700722662991,1,0.19142738243861834,0.1973565635325923,0.3353233830845771,0.19142738243861834,effective-collapse zone,0.0,0.4869652613717581,0.0,1.0
Base summary,308,1,2.0929742675906924e-09,budget_24_rotated_slender,pinwheel,0,budget_24_rotated_slender,pinwheel,2,1.0,1.0,0.0,0.0,budget_24_rotated_slender|pinwheel|0,budget_24_rotated_slender|pinwheel|2,1_1,0.22351500627580145,0,0.38868081564710777,0.42985881646139973,0.808955223880597,0.38868081564710777,decision-fragile zone,1_1,0.22351500627580145,1,0.3487307532251353,0.5343947131270651,0.8159203980099503,0.3487307532251353,decision-fragile zone,0.0,0.0,0.0,1.0
Base summary,308,2,2.2105256483848584e-09,budget_24_rotated_slender,pinwheel,0,budget_24_rotated_slender,multi-hole,0,1.0,0.0,1.0,0.0,budget_24_rotated_slender|pinwheel|0,budget_24_rotated_slender|multi-hole|0,1_1,0.22351500627580145,0,0.38868081564710777,0.42985881646139973,0.808955223880597,0.38868081564710777,decision-fragile zone,1_1,-0.689700722662991,1,0.19142738243861834,0.1973565635325923,0.3353233830845771,0.19142738243861834,effective-collapse zone,0.0,0.9132157289387924,1.0,1.0
Base summary,308,3,3.4392745867507703e-09,budget_24_rotated_slender,pinwheel,0,budget_24_rotated_slender,multi-hole,2,1.0,0.0,1.0,0.0,budget_24_rotated_slender|pinwheel|0,budget_24_rotated_slender|multi-hole|2,1_1,0.22351500627580145,0,0.38868081564710777,0.42985881646139973,0.808955223880597,0.38868081564710777,decision-fragile zone,1_1,-0.689700722662991,1,0.23137744486059092,0.3391408831480925,0.2935323383084577,0.23137744486059092,effective-collapse zone,0.0,0.9132157289387924,1.0,1.0
Base summary,308,4,3.934217314961717e-09,budget_24_rotated_slender,pinwheel,0,budget_24_rotated_slender,pinwheel,3,1.0,1.0,0.0,1.0,budget_24_rotated_slender|pinwheel|0,budget_24_rotated_slender|pinwheel|3,1_1,0.22351500627580145,0,0.38868081564710777,0.42985881646139973,0.808955223880597,0.38868081564710777,decision-fragile zone,1_1,0.22351500627580145,0,0.8164794007490637,0.78462000600781,0.9940298507462688,0.8164794007490637,decision-fragile zone,0.0,0.0,0.0,0.0
Base summary,308,5,6.027246469621627e-09,budget_24_rotated_slender,pinwheel,0,budget_24_rotated_slender,multi-hole,3,1.0,0.0,1.0,1.0,budget_24_rotated_slender|pinwheel|0,budget_24_rotated_slender|multi-hole|3,1_1,0.22351500627580145,0,0.38868081564710777,0.42985881646139973,0.808955223880597,0.38868081564710777,decision-fragile zone,1_1,-0.689700722662991,0,0.47107781939242616,0.7699008711324722,0.5432835820895522,0.47107781939242616,optimization-limited zone,0.0,0.9132157289387924,1.0,0.0
Base summary,309,1,2.965899957635614e-09,budget_24_rotated_slender,pinwheel,1,budget_24_rotated_slender,pinwheel,3,1.0,1.0,0.0,0.0,budget_24_rotated_slender|pinwheel|1,budget_24_rotated_slender|pinwheel|3,1_1,0.22351500627580145,1,0.4835622138992926,0.6052868729348152,0.9691542288557216,0.4835622138992926,decision-fragile zone,1_1,0.22351500627580145,0,0.8164794007490637,0.78462000600781,0.9940298507462688,0.8164794007490637,decision-fragile zone,0.0,0.0,0.0,1.0
Base summary,309,2,5.35937993633381e-09,budget_24_rotated_slender,pinwheel,1,budget_24_rotated_slender,multi-hole,3,1.0,0.0,1.0,0.0,budget_24_rotated_slender|pinwheel|1,budget_24_rotated_slender|multi-hole|3,1_1,0.22351500627580145,1,0.4835622138992926,0.6052868729348152,0.9691542288557216,0.4835622138992926,decision-fragile zone,1_1,-0.689700722662991,0,0.47107781939242616,0.7699008711324722,0.5432835820895522,0.47107781939242616,optimization-limited zone,0.0,0.9132157289387924,1.0,1.0
Base summary,309,3,5.616775812149103e-09,budget_24_rotated_slender,pinwheel,1,budget_24_rotated_slender,pinwheel,2,1.0,1.0,0.0,1.0,budget_24_rotated_slender|pinwheel|1,budget_24_rotated_slender|pinwheel|2,1_1,0.22351500627580145,1,0.4835622138992926,0.6052868729348152,0.9691542288557216,0.4835622138992926,decision-fragile zone,1_1,0.22351500627580145,1,0.3487307532251353,0.5343947131270651,0.8159203980099503,0.3487307532251353,decision-fragile zone,0.0,0.0,0.0,0.0
Base summary,309,4,6.839528026880662e-09,budget_24_rotated_slender,pinwheel,1,budget_24_rotated_slender,pinwheel,0,0.0,0.0,0.0,1.0,budget_24_rotated_slender|pinwheel|1,budget_24_rotated_slender|pinwheel|0,1_1,0.22351500627580145,1,0.4835622138992926,0.6052868729348152,0.9691542288557216,0.4835622138992926,decision-fragile zone,1_1,0.22351500627580145,0,0.38868081564710777,0.42985881646139973,0.808955223880597,0.38868081564710777,decision-fragile zone,0.0,0.0,0.0,1.0
Base summary,309,5,7.462486591077486e-09,budget_24_rotated_slender,pinwheel,1,budget_24_rotated_slender,multi-hole,2,1.0,0.0,1.0,1.0,budget_24_rotated_slender|pinwheel|1,budget_24_rotated_slender|multi-hole|2,1_1,0.22351500627580145,1,0.4835622138992926,0.6052868729348152,0.9691542288557216,0.4835622138992926,decision-fragile zone,1_1,-0.689700722662991,1,0.23137744486059092,0.3391408831480925,0.2935323383084577,0.23137744486059092,effective-collapse zone,0.0,0.9132157289387924,1.0,0.0
Base summary,310,1,2.0929742675906924e-09,budget_24_rotated_slender,pinwheel,2,budget_24_rotated_slender,pinwheel,0,1.0,1.0,0.0,0.0,budget_24_rotated_slender|pinwheel|2,budget_24_rotated_slender|pinwheel|0,1_1,0.22351500627580145,1,0.3487307532251353,0.5343947131270651,0.8159203980099503,0.3487307532251353,decision-fragile zone,1_1,0.22351500627580145,0,0.38868081564710777,0.42985881646139973,0.808955223880597,0.38868081564710777,decision-fragile zone,0.0,0.0,0.0,1.0
Base summary,310,2,2.703536685748282e-09,budget_24_rotated_slender,pinwheel,2,budget_24_rotated_slender,pinwheel,3,0.0,0.0,0.0,1.0,budget_24_rotated_slender|pinwheel|2,budget_24_rotated_slender|pinwheel|3,1_1,0.22351500627580145,1,0.3487307532251353,0.5343947131270651,0.8159203980099503,0.3487307532251353,decision-fragile zone,1_1,0.22351500627580145,0,0.8164794007490637,0.78462000600781,0.9940298507462688,0.8164794007490637,decision-fragile zone,0.0,0.0,0.0,1.0
Base summary,310,3,3.812679114759136e-09,budget_24_rotated_slender,pinwheel,2,budget_24_rotated_slender,multi-hole,0,0.0,1.0,1.0,0.0,budget_24_rotated_slender|pinwheel|2,budget_24_rotated_slender|multi-hole|0,1_1,0.22351500627580145,1,0.3487307532251353,0.5343947131270651,0.8159203980099503,0.3487307532251353,decision-fragile zone,1_1,-0.689700722662991,1,0.19142738243861834,0.1973565635325923,0.3353233830845771,0.19142738243861834,effective-collapse zone,0.0,0.9132157289387924,1.0,0.0
Base summary,310,4,4.477350055933787e-09,budget_24_rotated_slender,pinwheel,2,budget_24_rotated_slender,multi-hole,2,0.0,1.0,1.0,0.0,budget_24_rotated_slender|pinwheel|2,budget_24_rotated_slender|multi-hole|2,1_1,0.22351500627580145,1,0.3487307532251353,0.5343947131270651,0.8159203980099503,0.3487307532251353,decision-fragile zone,1_1,-0.689700722662991,1,0.23137744486059092,0.3391408831480925,0.2935323383084577,0.23137744486059092,effective-collapse zone,0.0,0.9132157289387924,1.0,0.0
Base summary,310,5,5.616775812149103e-09,budget_24_rotated_slender,pinwheel,2,budget_24_rotated_slender,pinwheel,1,1.0,1.0,0.0,1.0,budget_24_rotated_slender|pinwheel|2,budget_24_rotated_slender|pinwheel|1,1_1,0.22351500627580145,1,0.3487307532251353,0.5343947131270651,0.8159203980099503,0.3487307532251353,decision-fragile zone,1_1,0.22351500627580145,1,0.4835622138992926,0.6052868729348152,0.9691542288557216,0.4835622138992926,decision-fragile zone,0.0,0.0,0.0,0.0
Base summary,311,1,2.703536685748282e-09,budget_24_rotated_slender,pinwheel,3,budget_24_rotated_slender,pinwheel,2,0.0,0.0,0.0,1.0,budget_24_rotated_slender|pinwheel|3,budget_24_rotated_slender|pinwheel|2,1_1,0.22351500627580145,0,0.8164794007490637,0.78462000600781,0.9940298507462688,0.8164794007490637,decision-fragile zone,1_1,0.22351500627580145,1,0.3487307532251353,0.5343947131270651,0.8159203980099503,0.3487307532251353,decision-fragile zone,0.0,0.0,0.0,1.0
Base summary,311,2,2.965899957635614e-09,budget_24_rotated_slender,pinwheel,3,budget_24_rotated_slender,pinwheel,1,1.0,1.0,0.0,0.0,budget_24_rotated_slender|pinwheel|3,budget_24_rotated_slender|pinwheel|1,1_1,0.22351500627580145,0,0.8164794007490637,0.78462000600781,0.9940298507462688,0.8164794007490637,decision-fragile zone,1_1,0.22351500627580145,1,0.4835622138992926,0.6052868729348152,0.9691542288557216,0.4835622138992926,decision-fragile zone,0.0,0.0,0.0,1.0
Base summary,311,3,3.934217314961717e-09,budget_24_rotated_slender,pinwheel,3,budget_24_rotated_slender,pinwheel,0,1.0,1.0,0.0,1.0,budget_24_rotated_slender|pinwheel|3,budget_24_rotated_slender|pinwheel|0,1_1,0.22351500627580145,0,0.8164794007490637,0.78462000600781,0.9940298507462688,0.8164794007490637,decision-fragile zone,1_1,0.22351500627580145,0,0.38868081564710777,0.42985881646139973,0.808955223880597,0.38868081564710777,decision-fragile zone,0.0,0.0,0.0,0.0
Base summary,311,4,4.843434338272946e-09,budget_24_rotated_slender,pinwheel,3,budget_24_rotated_slender,multi-hole,3,0.0,1.0,1.0,0.0,budget_24_rotated_slender|pinwheel|3,budget_24_rotated_slender|multi-hole|3,1_1,0.22351500627580145,0,0.8164794007490637,0.78462000600781,0.9940298507462688,0.8164794007490637,decision-fragile zone,1_1,-0.689700722662991,0,0.47107781939242616,0.7699008711324722,0.5432835820895522,0.47107781939242616,optimization-limited zone,0.0,0.9132157289387924,1.0,0.0
Base summary,311,5,5.248250371668838e-09,budget_24_rotated_slender,pinwheel,3,budget_24_rotated_slender,multi-hole,2,0.0,1.0,1.0,1.0,budget_24_rotated_slender|pinwheel|3,budget_24_rotated_slender|multi-hole|2,1_1,0.22351500627580145,0,0.8164794007490637,0.78462000600781,0.9940298507462688,0.8164794007490637,decision-fragile zone,1_1,-0.689700722662991,1,0.23137744486059092,0.3391408831480925,0.2935323383084577,0.23137744486059092,effective-collapse zone,0.0,0.9132157289387924,1.0,1.0
Base summary,312,1,1.952697127195157e-09,budget_24_rotated_slender,spiral,0,budget_24_rotated_slender,spiral,1,1.0,1.0,0.0,0.0,budget_24_rotated_slender|spiral|0,budget_24_rotated_slender|spiral|1,1_1,-0.3289846515378983,1,0.4560965459841865,0.1177530790027035,0.291542288557214,0.4560965459841865,effective-collapse zone,1_1,-0.3289846515378983,0,0.31294215563878486,0.5491138480024029,0.2497512437810946,0.31294215563878486,effective-collapse zone,0.0,0.0,0.0,1.0
Base summary,312,2,3.4010330768395384e-09,budget_24_rotated_slender,spiral,0,budget_24_rotated_slender,spiral,3,1.0,1.0,0.0,1.0,budget_24_rotated_slender|spiral|0,budget_24_rotated_slender|spiral|3,1_1,-0.3289846515378983,1,0.4560965459841865,0.1177530790027035,0.291542288557214,0.4560965459841865,effective-collapse zone,1_1,-0.3289846515378983,0,0.3745318352059925,0.677080204265545,0.49154228855721394,0.3745318352059925,optimization-limited zone,0.0,0.0,0.0,1.0
Base summary,312,3,5.1962300213178485e-09,budget_24_rotated_slender,spiral,0,budget_24_rotated_slender,spiral,2,0.0,0.0,0.0,0.0,budget_24_rotated_slender|spiral|0,budget_24_rotated_slender|spiral|2,1_1,-0.3289846515378983,1,0.4560965459841865,0.1177530790027035,0.291542288557214,0.4560965459841865,effective-collapse zone,1_1,-0.3289846515378983,0,0.29546400332917183,0.25052568338840486,0.2616915422885573,0.29546400332917183,effective-collapse zone,0.0,0.0,0.0,1.0
Base summary,312,4,1.0524227584864216e-08,budget_24_rotated_slender,spiral,0,budget_24_rotated_slender,cross-branch,3,0.0,0.0,1.0,1.0,budget_24_rotated_slender|spiral|0,budget_24_rotated_slender|cross-branch|3,1_1,-0.3289846515378983,1,0.4560965459841865,0.1177530790027035,0.291542288557214,0.4560965459841865,effective-collapse zone,1_0,-0.2736144549003908,1,0.7228464419475655,0.7689996996094922,0.2756218905472637,0.7228464419475655,optimization-limited zone,1.0,0.055370196637507474,0.0,0.0
Base summary,312,5,1.3689387072377344e-08,budget_24_rotated_slender,spiral,0,budget_24_rotated_slender,cross-branch,0,1.0,0.0,1.0,1.0,budget_24_rotated_slender|spiral|0,budget_24_rotated_slender|cross-branch|0,1_1,-0.3289846515378983,1,0.4560965459841865,0.1177530790027035,0.291542288557214,0.4560965459841865,effective-collapse zone,1_0,-0.2736144549003908,1,0.6891385767790261,0.030039050765995796,0.06865671641791045,0.6891385767790261,ambiguity zone,1.0,0.055370196637507474,0.0,0.0
Base summary,313,1,1.952697127195157e-09,budget_24_rotated_slender,spiral,1,budget_24_rotated_slender,spiral,0,1.0,1.0,0.0,0.0,budget_24_rotated_slender|spiral|1,budget_24_rotated_slender|spiral|0,1_1,-0.3289846515378983,0,0.31294215563878486,0.5491138480024029,0.2497512437810946,0.31294215563878486,effective-collapse zone,1_1,-0.3289846515378983,1,0.4560965459841865,0.1177530790027035,0.291542288557214,0.4560965459841865,effective-collapse zone,0.0,0.0,0.0,1.0
Base summary,313,2,4.8263607001321385e-09,budget_24_rotated_slender,spiral,1,budget_24_rotated_slender,spiral,3,0.0,0.0,0.0,1.0,budget_24_rotated_slender|spiral|1,budget_24_rotated_slender|spiral|3,1_1,-0.3289846515378983,0,0.31294215563878486,0.5491138480024029,0.2497512437810946,0.31294215563878486,effective-collapse zone,1_1,-0.3289846515378983,0,0.3745318352059925,0.677080204265545,0.49154228855721394,0.3745318352059925,optimization-limited zone,0.0,0.0,0.0,0.0
Base summary,313,3,6.545737282654587e-09,budget_24_rotated_slender,spiral,1,budget_24_rotated_slender,spiral,2,1.0,1.0,0.0,0.0,budget_24_rotated_slender|spiral|1,budget_24_rotated_slender|spiral|2,1_1,-0.3289846515378983,0,0.31294215563878486,0.5491138480024029,0.2497512437810946,0.31294215563878486,effective-collapse zone,1_1,-0.3289846515378983,0,0.29546400332917183,0.25052568338840486,0.2616915422885573,0.29546400332917183,effective-collapse zone,0.0,0.0,0.0,0.0
Base summary,313,4,9.233289807863983e-09,budget_24_rotated_slender,spiral,1,budget_24_rotated_slender,cross-branch,3,1.0,1.0,1.0,1.0,budget_24_rotated_slender|spiral|1,budget_24_rotated_slender|cross-branch|3,1_1,-0.3289846515378983,0,0.31294215563878486,0.5491138480024029,0.2497512437810946,0.31294215563878486,effective-collapse zone,1_0,-0.2736144549003908,1,0.7228464419475655,0.7689996996094922,0.2756218905472637,0.7228464419475655,optimization-limited zone,1.0,0.055370196637507474,0.0,1.0
Base summary,313,5,1.2930480123822548e-08,budget_24_rotated_slender,spiral,1,budget_24_rotated_slender,cross-branch,0,1.0,1.0,1.0,1.0,budget_24_rotated_slender|spiral|1,budget_24_rotated_slender|cross-branch|0,1_1,-0.3289846515378983,0,0.31294215563878486,0.5491138480024029,0.2497512437810946,0.31294215563878486,effective-collapse zone,1_0,-0.2736144549003908,1,0.6891385767790261,0.030039050765995796,0.06865671641791045,0.6891385767790261,ambiguity zone,1.0,0.055370196637507474,0.0,1.0
Base summary,314,1,1.8022772991549174e-09,budget_24_rotated_slender,spiral,2,budget_24_rotated_slender,spiral,3,1.0,1.0,0.0,1.0,budget_24_rotated_slender|spiral|2,budget_24_rotated_slender|spiral|3,1_1,-0.3289846515378983,0,0.29546400332917183,0.25052568338840486,0.2616915422885573,0.29546400332917183,effective-collapse zone,1_1,-0.3289846515378983,0,0.3745318352059925,0.677080204265545,0.49154228855721394,0.3745318352059925,optimization-limited zone,0.0,0.0,0.0,0.0
Base summary,314,2,5.1962300213178485e-09,budget_24_rotated_slender,spiral,2,budget_24_rotated_slender,spiral,0,0.0,0.0,0.0,0.0,budget_24_rotated_slender|spiral|2,budget_24_rotated_slender|spiral|0,1_1,-0.3289846515378983,0,0.29546400332917183,0.25052568338840486,0.2616915422885573,0.29546400332917183,effective-collapse zone,1_1,-0.3289846515378983,1,0.4560965459841865,0.1177530790027035,0.291542288557214,0.4560965459841865,effective-collapse zone,0.0,0.0,0.0,1.0
Base summary,314,3,6.545737282654587e-09,budget_24_rotated_slender,spiral,2,budget_24_rotated_slender,spiral,1,1.0,1.0,0.0,0.0,budget_24_rotated_slender|spiral|2,budget_24_rotated_slender|spiral|1,1_1,-0.3289846515378983,0,0.29546400332917183,0.25052568338840486,0.2616915422885573,0.29546400332917183,effective-collapse zone,1_1,-0.3289846515378983,0,0.31294215563878486,0.5491138480024029,0.2497512437810946,0.31294215563878486,effective-collapse zone,0.0,0.0,0.0,0.0
Base summary,314,4,1.1307990598735121e-08,budget_24_rotated_slender,spiral,2,budget_24_rotated_slender,cross-branch,3,0.0,0.0,1.0,1.0,budget_24_rotated_slender|spiral|2,budget_24_rotated_slender|cross-branch|3,1_1,-0.3289846515378983,0,0.29546400332917183,0.25052568338840486,0.2616915422885573,0.29546400332917183,effective-collapse zone,1_0,-0.2736144549003908,1,0.7228464419475655,0.7689996996094922,0.2756218905472637,0.7228464419475655,optimization-limited zone,1.0,0.055370196637507474,0.0,1.0
Base summary,314,5,1.2269607771365623e-08,budget_24_rotated_slender,spiral,2,budget_24_rotated_slender,cross-branch,0,1.0,0.0,1.0,1.0,budget_24_rotated_slender|spiral|2,budget_24_rotated_slender|cross-branch|0,1_1,-0.3289846515378983,0,0.29546400332917183,0.25052568338840486,0.2616915422885573,0.29546400332917183,effective-collapse zone,1_0,-0.2736144549003908,1,0.6891385767790261,0.030039050765995796,0.06865671641791045,0.6891385767790261,ambiguity zone,1.0,0.055370196637507474,0.0,1.0
Base summary,315,1,1.8022772991549174e-09,budget_24_rotated_slender,spiral,3,budget_24_rotated_slender,spiral,2,1.0,1.0,0.0,1.0,budget_24_rotated_slender|spiral|3,budget_24_rotated_slender|spiral|2,1_1,-0.3289846515378983,0,0.3745318352059925,0.677080204265545,0.49154228855721394,0.3745318352059925,optimization-limited zone,1_1,-0.3289846515378983,0,0.29546400332917183,0.25052568338840486,0.2616915422885573,0.29546400332917183,effective-collapse zone,0.0,0.0,0.0,0.0
Base summary,315,2,3.4010330768395384e-09,budget_24_rotated_slender,spiral,3,budget_24_rotated_slender,spiral,0,1.0,1.0,0.0,1.0,budget_24_rotated_slender|spiral|3,budget_24_rotated_slender|spiral|0,1_1,-0.3289846515378983,0,0.3745318352059925,0.677080204265545,0.49154228855721394,0.3745318352059925,optimization-limited zone,1_1,-0.3289846515378983,1,0.4560965459841865,0.1177530790027035,0.291542288557214,0.4560965459841865,effective-collapse zone,0.0,0.0,0.0,1.0
Base summary,315,3,4.8263607001321385e-09,budget_24_rotated_slender,spiral,3,budget_24_rotated_slender,spiral,1,0.0,0.0,0.0,1.0,budget_24_rotated_slender|spiral|3,budget_24_rotated_slender|spiral|1,1_1,-0.3289846515378983,0,0.3745318352059925,0.677080204265545,0.49154228855721394,0.3745318352059925,optimization-limited zone,1_1,-0.3289846515378983,0,0.31294215563878486,0.5491138480024029,0.2497512437810946,0.31294215563878486,effective-collapse zone,0.0,0.0,0.0,0.0
Base summary,315,4,1.0813075214138708e-08,budget_24_rotated_slender,spiral,3,budget_24_rotated_slender,cross-branch,3,1.0,1.0,1.0,0.0,budget_24_rotated_slender|spiral|3,budget_24_rotated_slender|cross-branch|3,1_1,-0.3289846515378983,0,0.3745318352059925,0.677080204265545,0.49154228855721394,0.3745318352059925,optimization-limited zone,1_0,-0.2736144549003908,1,0.7228464419475655,0.7689996996094922,0.2756218905472637,0.7228464419475655,optimization-limited zone,1.0,0.055370196637507474,0.0,1.0
Base summary,315,5,1.2564968677575291e-08,budget_24_rotated_slender,spiral,3,budget_24_rotated_slender,cross-branch,0,1.0,1.0,1.0,1.0,budget_24_rotated_slender|spiral|3,budget_24_rotated_slender|cross-branch|0,1_1,-0.3289846515378983,0,0.3745318352059925,0.677080204265545,0.49154228855721394,0.3745318352059925,optimization-limited zone,1_0,-0.2736144549003908,1,0.6891385767790261,0.030039050765995796,0.06865671641791045,0.6891385767790261,ambiguity zone,1.0,0.055370196637507474,0.0,1.0
Base summary,316,1,5.273547156840789e-09,budget_24_rotated_slender,volatility-clustering,0,budget_24_rotated_slender,volatility-clustering,3,1.0,0.0,0.0,1.0,budget_24_rotated_slender|volatility-clustering|0,budget_24_rotated_slender|volatility-clustering|3,1_0,0.4439176548542998,0,0.46941323345817726,0.6260138179633523,0.8636815920398009,0.46941323345817726,decision-fragile zone,1_0,0.4439176548542998,0,0.6242197253433208,0.37608891559026725,0.38407960199004976,0.6242197253433208,ambiguity zone,0.0,0.0,0.0,0.0
Base summary,316,2,1.7601280005669896e-08,budget_24_rotated_slender,volatility-clustering,0,budget_24_rotated_slender,double-loop,1,0.0,0.0,1.0,1.0,budget_24_rotated_slender|volatility-clustering|0,budget_24_rotated_slender|double-loop|1,1_0,0.4439176548542998,0,0.46941323345817726,0.6260138179633523,0.8636815920398009,0.46941323345817726,decision-fragile zone,1_0,-0.04713477352374962,0,0.322929671244278,0.12105737458696304,0.27164179104477615,0.322929671244278,ambiguity zone,0.0,0.4910524283780494,1.0,0.0
Base summary,316,3,2.075609771679613e-08,budget_24_rotated_slender,volatility-clustering,0,budget_24_rotated_slender,double-loop,2,1.0,0.0,1.0,1.0,budget_24_rotated_slender|volatility-clustering|0,budget_24_rotated_slender|double-loop|2,1_0,0.4439176548542998,0,0.46941323345817726,0.6260138179633523,0.8636815920398009,0.46941323345817726,decision-fragile zone,1_0,-0.04713477352374962,0,0.4602580108198086,0.8477020126164013,0.5840796019900497,0.4602580108198086,optimization-limited zone,0.0,0.4910524283780494,1.0,0.0
Base summary,316,4,2.2511721106274842e-08,budget_24_rotated_slender,volatility-clustering,0,budget_24_rotated_slender,double-loop,0,0.0,0.0,1.0,1.0,budget_24_rotated_slender|volatility-clustering|0,budget_24_rotated_slender|double-loop|0,1_0,0.4439176548542998,0,0.46941323345817726,0.6260138179633523,0.8636815920398009,0.46941323345817726,decision-fragile zone,1_0,-0.04713477352374962,1,0.2813150228880566,0.6521477921297686,0.29850746268656714,0.2813150228880566,ambiguity zone,0.0,0.4910524283780494,1.0,1.0
Base summary,316,5,2.2894215430626282e-08,budget_24_rotated_slender,volatility-clustering,0,budget_24_rotated_slender,double-loop,3,0.0,0.0,1.0,1.0,budget_24_rotated_slender|volatility-clustering|0,budget_24_rotated_slender|double-loop|3,1_0,0.4439176548542998,0,0.46941323345817726,0.6260138179633523,0.8636815920398009,0.46941323345817726,decision-fragile zone,1_0,-0.04713477352374962,1,0.299625468164794,0.18113547611895456,0.08159203980099501,0.299625468164794,ambiguity zone,0.0,0.4910524283780494,1.0,1.0
Base summary,317,1,3.604037795581089e-08,budget_24_rotated_slender,volatility-clustering,1,budget_24_rotated_slender,volatility-clustering,0,0.0,0.0,0.0,0.0,budget_24_rotated_slender|volatility-clustering|1,budget_24_rotated_slender|volatility-clustering|0,1_0,0.4439176548542998,0,0.5534748231377444,0.3376389306097926,0.7154228855721393,0.5534748231377444,decision-fragile zone,1_0,0.4439176548542998,0,0.46941323345817726,0.6260138179633523,0.8636815920398009,0.46941323345817726,decision-fragile zone,0.0,0.0,0.0,0.0
Base summary,317,2,3.7589172948832896e-08,budget_24_rotated_slender,volatility-clustering,1,budget_24_rotated_slender,volatility-clustering,3,1.0,0.0,0.0,1.0,budget_24_rotated_slender|volatility-clustering|1,budget_24_rotated_slender|volatility-clustering|3,1_0,0.4439176548542998,0,0.5534748231377444,0.3376389306097926,0.7154228855721393,0.5534748231377444,decision-fragile zone,1_0,0.4439176548542998,0,0.6242197253433208,0.37608891559026725,0.38407960199004976,0.6242197253433208,ambiguity zone,0.0,0.0,0.0,0.0
Base summary,317,3,4.8865388478992135e-08,budget_24_rotated_slender,volatility-clustering,1,budget_24_rotated_slender,double-loop,1,0.0,0.0,1.0,1.0,budget_24_rotated_slender|volatility-clustering|1,budget_24_rotated_slender|double-loop|1,1_0,0.4439176548542998,0,0.5534748231377444,0.3376389306097926,0.7154228855721393,0.5534748231377444,decision-fragile zone,1_0,-0.04713477352374962,0,0.322929671244278,0.12105737458696304,0.27164179104477615,0.322929671244278,ambiguity zone,0.0,0.4910524283780494,1.0,0.0
Base summary,317,4,5.29790803725028e-08,budget_24_rotated_slender,volatility-clustering,1,budget_24_rotated_slender,double-loop,2,1.0,0.0,1.0,1.0,budget_24_rotated_slender|volatility-clustering|1,budget_24_rotated_slender|double-loop|2,1_0,0.4439176548542998,0,0.5534748231377444,0.3376389306097926,0.7154228855721393,0.5534748231377444,decision-fragile zone,1_0,-0.04713477352374962,0,0.4602580108198086,0.8477020126164013,0.5840796019900497,0.4602580108198086,optimization-limited zone,0.0,0.4910524283780494,1.0,0.0
Base summary,317,5,5.5214593544270617e-08,budget_24_rotated_slender,volatility-clustering,1,budget_24_rotated_slender,double-loop,3,0.0,0.0,1.0,1.0,budget_24_rotated_slender|volatility-clustering|1,budget_24_rotated_slender|double-loop|3,1_0,0.4439176548542998,0,0.5534748231377444,0.3376389306097926,0.7154228855721393,0.5534748231377444,decision-fragile zone,1_0,-0.04713477352374962,1,0.299625468164794,0.18113547611895456,0.08159203980099501,0.299625468164794,ambiguity zone,0.0,0.4910524283780494,1.0,1.0
Base summary,318,1,2.0444954247007262e-08,budget_24_rotated_slender,volatility-clustering,2,budget_24_rotated_slender,double-loop,0,1.0,1.0,1.0,1.0,budget_24_rotated_slender|volatility-clustering|2,budget_24_rotated_slender|double-loop|0,1_0,0.4439176548542998,0,0.7424053266749896,0.6191048362871732,0.87363184079602,0.7424053266749896,decision-fragile zone,1_0,-0.04713477352374962,1,0.2813150228880566,0.6521477921297686,0.29850746268656714,0.2813150228880566,ambiguity zone,0.0,0.4910524283780494,1.0,1.0
Base summary,318,2,2.1611484534323705e-08,budget_24_rotated_slender,volatility-clustering,2,budget_24_rotated_slender,double-loop,3,1.0,1.0,1.0,1.0,budget_24_rotated_slender|volatility-clustering|2,budget_24_rotated_slender|double-loop|3,1_0,0.4439176548542998,0,0.7424053266749896,0.6191048362871732,0.87363184079602,0.7424053266749896,decision-fragile zone,1_0,-0.04713477352374962,1,0.299625468164794,0.18113547611895456,0.08159203980099501,0.299625468164794,ambiguity zone,0.0,0.4910524283780494,1.0,1.0
Base summary,318,3,2.2803887668847365e-08,budget_24_rotated_slender,volatility-clustering,2,budget_24_rotated_slender,double-loop,2,1.0,1.0,1.0,0.0,budget_24_rotated_slender|volatility-clustering|2,budget_24_rotated_slender|double-loop|2,1_0,0.4439176548542998,0,0.7424053266749896,0.6191048362871732,0.87363184079602,0.7424053266749896,decision-fragile zone,1_0,-0.04713477352374962,0,0.4602580108198086,0.8477020126164013,0.5840796019900497,0.4602580108198086,optimization-limited zone,0.0,0.4910524283780494,1.0,0.0
Base summary,318,4,2.6298174357142708e-08,budget_24_rotated_slender,volatility-clustering,2,budget_24_rotated_slender,double-loop,1,1.0,1.0,1.0,1.0,budget_24_rotated_slender|volatility-clustering|2,budget_24_rotated_slender|double-loop|1,1_0,0.4439176548542998,0,0.7424053266749896,0.6191048362871732,0.87363184079602,0.7424053266749896,decision-fragile zone,1_0,-0.04713477352374962,0,0.322929671244278,0.12105737458696304,0.27164179104477615,0.322929671244278,ambiguity zone,0.0,0.4910524283780494,1.0,0.0
Base summary,318,5,3.3828055702172464e-08,budget_24_rotated_slender,volatility-clustering,2,budget_24_rotated_slender,volatility-clustering,3,1.0,1.0,0.0,1.0,budget_24_rotated_slender|volatility-clustering|2,budget_24_rotated_slender|volatility-clustering|3,1_0,0.4439176548542998,0,0.7424053266749896,0.6191048362871732,0.87363184079602,0.7424053266749896,decision-fragile zone,1_0,0.4439176548542998,0,0.6242197253433208,0.37608891559026725,0.38407960199004976,0.6242197253433208,ambiguity zone,0.0,0.0,0.0,0.0
Base summary,319,1,5.273547156840789e-09,budget_24_rotated_slender,volatility-clustering,3,budget_24_rotated_slender,volatility-clustering,0,1.0,0.0,0.0,1.0,budget_24_rotated_slender|volatility-clustering|3,budget_24_rotated_slender|volatility-clustering|0,1_0,0.4439176548542998,0,0.6242197253433208,0.37608891559026725,0.38407960199004976,0.6242197253433208,ambiguity zone,1_0,0.4439176548542998,0,0.46941323345817726,0.6260138179633523,0.8636815920398009,0.46941323345817726,decision-fragile zone,0.0,0.0,0.0,0.0
Base summary,319,2,1.3218602962979932e-08,budget_24_rotated_slender,volatility-clustering,3,budget_24_rotated_slender,double-loop,1,1.0,0.0,1.0,1.0,budget_24_rotated_slender|volatility-clustering|3,budget_24_rotated_slender|double-loop|1,1_0,0.4439176548542998,0,0.6242197253433208,0.37608891559026725,0.38407960199004976,0.6242197253433208,ambiguity zone,1_0,-0.04713477352374962,0,0.322929671244278,0.12105737458696304,0.27164179104477615,0.322929671244278,ambiguity zone,0.0,0.4910524283780494,1.0,0.0
Base summary,319,3,1.6783258115571113e-08,budget_24_rotated_slender,volatility-clustering,3,budget_24_rotated_slender,double-loop,2,0.0,0.0,1.0,1.0,budget_24_rotated_slender|volatility-clustering|3,budget_24_rotated_slender|double-loop|2,1_0,0.4439176548542998,0,0.6242197253433208,0.37608891559026725,0.38407960199004976,0.6242197253433208,ambiguity zone,1_0,-0.04713477352374962,0,0.4602580108198086,0.8477020126164013,0.5840796019900497,0.4602580108198086,optimization-limited zone,0.0,0.4910524283780494,1.0,0.0
Base summary,319,4,1.881857963867308e-08,budget_24_rotated_slender,volatility-clustering,3,budget_24_rotated_slender,double-loop,0,1.0,0.0,1.0,1.0,budget_24_rotated_slender|volatility-clustering|3,budget_24_rotated_slender|double-loop|0,1_0,0.4439176548542998,0,0.6242197253433208,0.37608891559026725,0.38407960199004976,0.6242197253433208,ambiguity zone,1_0,-0.04713477352374962,1,0.2813150228880566,0.6521477921297686,0.29850746268656714,0.2813150228880566,ambiguity zone,0.0,0.4910524283780494,1.0,1.0
Base summary,319,5,1.8902060580385565e-08,budget_24_rotated_slender,volatility-clustering,3,budget_24_rotated_slender,double-loop,3,1.0,0.0,1.0,1.0,budget_24_rotated_slender|volatility-clustering|3,budget_24_rotated_slender|double-loop|3,1_0,0.4439176548542998,0,0.6242197253433208,0.37608891559026725,0.38407960199004976,0.6242197253433208,ambiguity zone,1_0,-0.04713477352374962,1,0.299625468164794,0.18113547611895456,0.08159203980099501,0.299625468164794,ambiguity zone,0.0,0.4910524283780494,1.0,1.0
