suite,budget,family,seed,public_seed_source,budget_difficulty,family_surface,family_connectivity,ambiguity_stratum,corruption_type,method,protocol,norm_cd,coverage,iou,uniformity,hausdorff,bidirectional_nn,approx_emd,occupancy_divergence,components_error,holes_error,skeleton_error,pairwise_hist_divergence,density_divergence,curvature_divergence,summary_entropy_gap,runtime_s,acceptance_rate,n_hypotheses
private_seed_audit,budget_06_thin_strip,barbell-bridge,1000,0,hard,jagged,connected,high,structured_dropout,ambiguity-set-sampler,protocol_b,0.28283029683462496,0.5625,0.04769001490312966,1.8846137397896447,0.6126095422033192,0.14141514841731248,0.2661387388702311,0.5946844702436032,0.0,1.0,0.9597315436241611,0.051543621001335804,0.5153086834435695,0.4863349625539237,1.7434908637636466,1.3979565999979968,,6
private_seed_audit,budget_06_thin_strip,barbell-bridge,1000,0,hard,jagged,connected,high,structured_dropout,best-of-k-restart-blind,protocol_b,0.4204101859007805,0.21875,0.0176,0.0,0.8712976823476816,0.21020509295039025,0.4069043785725141,0.6931471793323314,0.0,1.0,0.9855595667870036,0.2726055670343398,0.528590962693768,0.6931471803660842,1.8616610972656462,0.5065888000026462,0.7583333333333333,1
private_seed_audit,budget_06_thin_strip,barbell-bridge,1000,0,hard,jagged,connected,high,structured_dropout,blind-sa,protocol_b,0.1900372312915801,0.90625,0.10790464240903387,0.35008252572306475,0.24045941334795393,0.09501861564579005,0.11689363188189213,0.561119144666189,0.0,1.0,0.9021084337349398,0.00036643901830987584,0.07844051752760978,0.07031029658934296,0.13634124703850103,0.17289850000088336,0.4083333333333333,1
private_seed_audit,budget_06_thin_strip,barbell-bridge,1000,0,hard,jagged,connected,high,structured_dropout,evolutionary-blind,protocol_b,0.19224193045933985,0.9375,0.2338935574229692,0.3009306714645732,0.2667688760825163,0.09612096522966992,0.13091967350588274,0.35207475743760897,0.0,3.0,0.8125,0.0009817972891006674,0.041401768931030036,0.03410884230292625,0.059348315852417066,0.2331696000037482,,1
private_seed_audit,budget_06_thin_strip,barbell-bridge,1000,0,hard,jagged,connected,high,structured_dropout,projected-gradient-blind,protocol_b,0.6667273506279915,0.0625,0.020134228187919462,7.937253933193773,2.165225419234097,0.33336367531399574,0.5774327016029961,0.6931471793937736,0.0,1.0,0.9789272030651341,0.5648542581250839,0.5782573330141156,0.6736002107089575,2.3064975797054883,1.0688645000045653,,1
private_seed_audit,budget_06_thin_strip,barbell-bridge,1000,0,hard,jagged,connected,high,structured_dropout,subset-affine-blind,protocol_b,0.6268958586960393,0.09375,0.023411371237458192,4.509337503182952,0.9177207759797461,0.3134479293480196,0.5856847735640798,0.6661824912488109,0.0,1.0,0.9772296015180265,0.409218023547699,0.5611961531350704,0.6565680301897021,2.197773436237699,0.8869439999980386,,1
private_seed_audit,budget_06_thin_strip,barbell-bridge,1001,1,hard,jagged,connected,high,clustered_occlusion,ambiguity-set-sampler,protocol_b,0.3400952755607306,0.4375,0.11590296495956873,1.680294616595841,0.7939972287283503,0.1700476377803653,0.3118347750643232,0.661005006264511,0.0,6.0,0.9040880503144654,0.06920274477605426,0.5976013167952152,0.38353835200461106,1.5893221181136563,1.372807700005069,,6
private_seed_audit,budget_06_thin_strip,barbell-bridge,1001,1,hard,jagged,connected,high,clustered_occlusion,best-of-k-restart-blind,protocol_b,0.2659320968627759,0.609375,0.20748663101604278,0.42091793055798743,0.3566532804936268,0.13296604843138796,0.2321517026465049,0.41806946060285394,0.0,1.0,0.8309492847854356,0.0024676915576237156,0.158629520360846,0.02582791911671882,0.13336131868492318,0.5113125999996555,0.6666666666666666,1
private_seed_audit,budget_06_thin_strip,barbell-bridge,1001,1,hard,jagged,connected,high,clustered_occlusion,blind-sa,protocol_b,0.27777995540268663,0.640625,0.20197585071350166,0.47422083530407166,0.34357278969045285,0.13888997770134331,0.23980717466571166,0.3635935111036904,0.0,2.0,0.8610747051114024,0.00221179963077083,0.12606644911966347,0.06634346157953903,0.023066699415208003,0.17610440000134986,0.7583333333333333,1
private_seed_audit,budget_06_thin_strip,barbell-bridge,1001,1,hard,jagged,connected,high,clustered_occlusion,evolutionary-blind,protocol_b,0.27493109243153485,0.625,0.22926267281105991,0.36573456231070367,0.31147655127846613,0.13746554621576743,0.23237417096486415,0.30497783598834866,0.0,6.0,0.8306233062330624,0.0014175221510491233,0.10409797641783367,0.05102700604406274,0.15232918215860058,0.22360610000032466,,1
private_seed_audit,budget_06_thin_strip,barbell-bridge,1001,1,hard,jagged,connected,high,clustered_occlusion,projected-gradient-blind,protocol_b,0.5921291583716002,0.0625,0.02533532041728763,5.5851976116865965,0.987879307760348,0.2960645791858001,0.5147900768415263,0.6931471793676884,0.0,7.0,0.9753954305799648,0.47377990626345523,0.6164352418335575,0.6450410907837385,1.9131423288775538,0.0589070999994874,,1
private_seed_audit,budget_06_thin_strip,barbell-bridge,1001,1,hard,jagged,connected,high,clustered_occlusion,subset-affine-blind,protocol_b,0.7208553736489771,0.0625,0.008547008547008548,5.653885285822635,1.090890726760857,0.36042768682448856,0.6163821633918112,0.6931471793799591,0.0,7.0,0.9916387959866221,0.49220752093532794,0.6313679256188625,0.6782288795711798,2.119288155810771,0.87752129999717,,1
private_seed_audit,budget_06_thin_strip,barbell-bridge,1002,2,hard,jagged,connected,high,none,ambiguity-set-sampler,protocol_b,0.29265792415529707,0.484375,0.04986522911051213,2.1119778412812034,0.4942744642154627,0.14632896207764853,0.25352824124624473,0.5940567594142006,0.0,2.0,0.9627906976744186,0.062465795396506,0.6013331157853657,0.44004747509243713,1.5411816305003225,1.4410918000066886,,6
private_seed_audit,budget_06_thin_strip,barbell-bridge,1002,2,hard,jagged,connected,high,none,best-of-k-restart-blind,protocol_b,0.4978500397519343,0.171875,0.009985734664764621,0.0,0.8097921246984336,0.24892501987596716,0.41060588301724393,0.6676333591803343,0.0,3.0,0.9900662251655629,0.2718655335351736,0.5982160933932307,0.6527826866231009,1.677423549140759,0.5392158000031486,0.775,1
private_seed_audit,budget_06_thin_strip,barbell-bridge,1002,2,hard,jagged,connected,high,none,blind-sa,protocol_b,0.09879614500088742,0.96875,0.2518703241895262,0.309949912794153,0.21523175143071646,0.04939807250044371,0.0548040910804279,0.27076061667312445,0.0,1.0,0.7923976608187134,0.0005739405981506878,0.06726624469229872,0.10413540224664017,0.032751596678277206,0.17837950000102865,0.8,1
private_seed_audit,budget_06_thin_strip,barbell-bridge,1002,2,hard,jagged,connected,high,none,evolutionary-blind,protocol_b,0.16307786180973716,0.984375,0.2857142857142857,0.2644124043165174,0.17774264219203975,0.08153893090486858,0.09738645994674001,0.2815910413400494,0.0,2.0,0.7791411042944785,0.0002886905756535734,0.03404686842657868,0.06351044844105438,0.15316071927136887,0.23257600000215461,,1
private_seed_audit,budget_06_thin_strip,barbell-bridge,1002,2,hard,jagged,connected,high,none,projected-gradient-blind,protocol_b,0.6408346125420736,0.078125,0.014858841010401188,7.937253933193771,0.944065742868531,0.3204173062710368,0.5456040398175435,0.6931471793702294,0.0,3.0,0.984375,0.5087106823955732,0.6045739312027811,0.6317847052499292,1.9689532099453257,0.05792970000038622,,1
private_seed_audit,budget_06_thin_strip,barbell-bridge,1002,2,hard,jagged,connected,high,none,subset-affine-blind,protocol_b,0.6007561882522544,0.078125,0.030973451327433628,5.784613171863474,0.9664844117735073,0.3003780941261272,0.5961396929601852,0.6931471793578574,0.0,3.0,0.967409948542024,0.48101016740476116,0.6086984803439017,0.6304765257591891,2.063684070195247,1.1444654000006267,,1
private_seed_audit,budget_06_thin_strip,barbell-bridge,1003,3,hard,jagged,connected,high,moment_preserving_perturbation,ambiguity-set-sampler,protocol_b,0.26832135516444755,0.5625,0.0371900826446281,1.6638766893614851,0.4952994292957647,0.13416067758222378,0.2664713947368695,0.6775998578638417,0.0,0.0,0.9605678233438486,0.06008249098166395,0.5190994986517596,0.4586646235357314,1.6548566690462487,1.4398179999989225,,6
private_seed_audit,budget_06_thin_strip,barbell-bridge,1003,3,hard,jagged,connected,high,moment_preserving_perturbation,best-of-k-restart-blind,protocol_b,0.5138683519987319,0.125,0.017937219730941704,0.0,0.8792921048629511,0.25693417599936597,0.4279584778690478,0.6931471793578574,0.0,0.0,0.9846153846153847,0.3164032591832209,0.5489693523333787,0.6931471803777844,2.168853614860997,0.5285077000007732,0.7,1
private_seed_audit,budget_06_thin_strip,barbell-bridge,1003,3,hard,jagged,connected,high,moment_preserving_perturbation,blind-sa,protocol_b,0.2238136005003709,0.90625,0.15066964285714285,0.29611825064294667,0.3187231557695312,0.11190680025018546,0.13698347013345546,0.5281005478438325,0.0,6.0,0.874025974025974,0.0010939494046841415,0.09646485344960637,0.07861269601287857,0.04128514946375672,0.17810210000607185,0.38333333333333336,1
private_seed_audit,budget_06_thin_strip,barbell-bridge,1003,3,hard,jagged,connected,high,moment_preserving_perturbation,evolutionary-blind,protocol_b,0.21644223597965667,0.953125,0.1543778801843318,0.23342720303025855,0.2986388649588185,0.10822111798982834,0.13089364703824208,0.5294087957968776,0.0,4.0,0.8727770177838577,0.0015014918661885525,0.08807367534259801,0.061667395440266434,0.06011491965156868,0.23133279999456136,,1
private_seed_audit,budget_06_thin_strip,barbell-bridge,1003,3,hard,jagged,connected,high,moment_preserving_perturbation,projected-gradient-blind,protocol_b,0.6679535637510543,0.0625,0.026397515527950312,0.0,0.9790097739045368,0.33397678187552715,0.5529924030918212,0.693147179382727,0.0,0.0,0.9767857142857143,0.5863016928296695,0.5354119691969,0.6931471803777844,2.0337484979680536,0.05675560000236146,,1
private_seed_audit,budget_06_thin_strip,barbell-bridge,1003,3,hard,jagged,connected,high,moment_preserving_perturbation,subset-affine-blind,protocol_b,0.6196239017222063,0.09375,0.023952095808383235,5.892364005606972,0.9980845016939107,0.30981195086110314,0.5835091536388165,0.6931471793578574,0.0,0.0,0.9724612736660929,0.49692860789512594,0.5489693523333787,0.6755742071091493,2.168853614860997,1.139597400004277,,1
private_seed_audit,budget_06_thin_strip,crescent,1000,0,hard,smooth,connected,high,none,ambiguity-set-sampler,protocol_b,0.2659635097965753,0.46875,0.10217113665389528,2.159933968689501,0.7126366360950881,0.13298175489828765,0.2739035802783535,0.55513896104209,0.0,2.0,0.9175257731958762,0.04427847802380149,0.18859508800957137,0.37243216936487844,0.38606296004018215,1.435586699997657,,6
private_seed_audit,budget_06_thin_strip,crescent,1000,0,hard,smooth,connected,high,none,best-of-k-restart-blind,protocol_b,0.6792810280313589,0.09375,0.03587443946188341,0.0,0.9570467060129244,0.33964051401567946,0.5138812734884005,0.6424207229368125,0.0,2.0,0.9637305699481865,0.30979445511163917,0.5984902755993718,0.6931471803535494,1.5984376413763381,0.5339271000048029,0.6416666666666667,1
private_seed_audit,budget_06_thin_strip,crescent,1000,0,hard,smooth,connected,high,none,blind-sa,protocol_b,0.1159154060705747,0.9375,0.18904823989569752,0.688437540682526,0.1950498589354051,0.05795770303528735,0.07839067942729672,0.3069966003978448,0.0,1.0,0.8506787330316742,0.0009390784862182856,0.07360401303318612,0.06352064829536892,0.2732748946224808,0.1769784999996773,0.475,1
private_seed_audit,budget_06_thin_strip,crescent,1000,0,hard,smooth,connected,high,none,evolutionary-blind,protocol_b,0.1023623327077342,0.984375,0.2038369304556355,0.42070101437299035,0.16421980498403144,0.0511811663538671,0.07753773448813858,0.41817446941108916,0.0,1.0,0.8537931034482759,0.00107891143463641,0.044884440406460085,0.05705099743547951,0.1296252703130616,0.23099360000196612,,1
private_seed_audit,budget_06_thin_strip,crescent,1000,0,hard,smooth,connected,high,none,projected-gradient-blind,protocol_b,0.6376338970614314,0.0625,0.04354587869362364,4.6552011920263485,2.895070907386979,0.3188169485307157,0.6468153162244157,0.6442285272633856,0.0,2.0,0.9528985507246377,0.24440409685166306,0.6075981211894402,0.5943251149801922,1.765775141664381,0.05902819999755593,,1
private_seed_audit,budget_06_thin_strip,crescent,1000,0,hard,smooth,connected,high,none,subset-affine-blind,protocol_b,0.6550524973112918,0.078125,0.03143712574850299,5.656245028281437,0.8657515699095331,0.3275262486556459,0.5417599279958379,0.6243398615740724,0.0,2.0,0.9672977624784853,0.31584703491148525,0.6033232562573374,0.6449702187177437,1.670010086626109,1.1477538000035565,,1
private_seed_audit,budget_06_thin_strip,crescent,1001,1,hard,smooth,connected,high,moment_preserving_perturbation,ambiguity-set-sampler,protocol_b,0.3144334566869066,0.390625,0.02266666666666667,2.0841001728479873,0.6310862583853477,0.1572167283434533,0.334280526590615,0.6150742010685369,0.0,4.0,0.9751166407465007,0.06334658962181251,0.5581504172505323,0.41552493988279043,1.776385036823227,1.4554258999996819,,6
private_seed_audit,budget_06_thin_strip,crescent,1001,1,hard,smooth,connected,high,moment_preserving_perturbation,best-of-k-restart-blind,protocol_b,0.232069966364411,0.78125,0.12872340425531914,0.34495773803919827,0.28094069769704916,0.1160349831822055,0.15726408817617993,0.5831160914643219,0.0,0.0,0.9028132992327366,0.003581945148730089,0.1832612488450033,0.10689660519135338,0.1446589145301762,0.5387394000063068,0.775,1
private_seed_audit,budget_06_thin_strip,crescent,1001,1,hard,smooth,connected,high,moment_preserving_perturbation,blind-sa,protocol_b,0.24509821340096008,0.6875,0.11255411255411256,0.4439726768513305,0.36404971881095083,0.12254910670048004,0.16984138032369075,0.5941192001884198,0.0,1.0,0.9119897959183674,0.0030715902625933376,0.15682734582492053,0.06413874241096379,0.17421407050848048,0.17971200000465615,0.75,1
private_seed_audit,budget_06_thin_strip,crescent,1001,1,hard,smooth,connected,high,moment_preserving_perturbation,evolutionary-blind,protocol_b,0.2246299985066735,0.8125,0.12608695652173912,0.31134818425640887,0.31439691156683297,0.11231499925333675,0.1539826738496101,0.5501067652920283,0.0,1.0,0.906856403622251,0.0025870199321475474,0.1878859987508184,0.078166555562806,0.07838057039856272,0.23071840000193333,,1
private_seed_audit,budget_06_thin_strip,crescent,1001,1,hard,smooth,connected,high,moment_preserving_perturbation,projected-gradient-blind,protocol_b,0.5632031743687168,0.1875,0.027522935779816515,6.445059046900005,1.3264979651832358,0.2816015871843584,0.45299604405147,0.6697505843835547,0.0,4.0,0.9679144385026738,0.12355157115886918,0.5638681174222471,0.6030578681578822,1.690722977526195,0.06207439999707276,,1
private_seed_audit,budget_06_thin_strip,crescent,1001,1,hard,smooth,connected,high,moment_preserving_perturbation,subset-affine-blind,protocol_b,0.6648827833697744,0.046875,0.0392156862745098,5.323654065229769,0.8765227649596591,0.3324413916848872,0.49204216521144095,0.6697505843835551,0.0,4.0,0.956369982547993,0.270849239066033,0.5585815821575667,0.5942903408224781,1.6023890485127923,1.167981200000213,,1
private_seed_audit,budget_06_thin_strip,crescent,1002,2,hard,smooth,connected,high,structured_dropout,ambiguity-set-sampler,protocol_b,0.28077454723589146,0.4375,0.07934508816120907,1.8935806161824902,0.7085816176802232,0.14038727361794573,0.2877209353819206,0.6469485701826674,0.0,1.0,0.938483547925608,0.05484920037837179,0.23324888828851426,0.36986972035623156,0.43674481871892357,1.3852038999975775,,6
private_seed_audit,budget_06_thin_strip,crescent,1002,2,hard,smooth,connected,high,structured_dropout,best-of-k-restart-blind,protocol_b,0.12196700754664992,0.96875,0.2895377128953771,0.4633365227348866,0.18634333629699396,0.06098350377332496,0.08472549249314801,0.2691663497220769,0.0,4.0,0.7780859916782247,0.0003089473513815535,0.06609710060139659,0.05429138966508839,0.041831423179812255,0.5442322000017157,0.575,1
private_seed_audit,budget_06_thin_strip,crescent,1002,2,hard,smooth,connected,high,structured_dropout,blind-sa,protocol_b,0.12196700754664992,0.96875,0.2895377128953771,0.4633365227348866,0.18634333629699396,0.06098350377332496,0.08472549249314801,0.2691663497220769,0.0,4.0,0.7780859916782247,0.0003089473513815535,0.06609710060139659,0.05429138966508839,0.041831423179812255,0.18196940000052564,0.725,1
private_seed_audit,budget_06_thin_strip,crescent,1002,2,hard,smooth,connected,high,structured_dropout,evolutionary-blind,protocol_b,0.11155062562037434,0.984375,0.2779187817258883,0.41050768391795395,0.1544096479993045,0.05577531281018717,0.07989112336530747,0.24595545051617518,0.0,1.0,0.7572674418604651,0.0005509727814691006,0.06058311824643112,0.046601295565653233,0.1595219313197358,0.2342274999973597,,1
private_seed_audit,budget_06_thin_strip,crescent,1002,2,hard,smooth,connected,high,structured_dropout,projected-gradient-blind,protocol_b,0.5936976851462354,0.0625,0.04090909090909091,5.1214659342955,3.390544799748071,0.2968488425731177,0.5966320021999858,0.6689599766797723,0.0,1.0,0.9614035087719298,0.21769140949611238,0.6132104465183895,0.527829467128972,1.8006261586469916,0.05891680000058841,,1
private_seed_audit,budget_06_thin_strip,crescent,1002,2,hard,smooth,connected,high,structured_dropout,subset-affine-blind,protocol_b,0.5541035178103022,0.109375,0.04341317365269461,5.318634604363421,0.7486446298725715,0.2770517589051511,0.5045184954291873,0.6463539894477732,0.0,1.0,0.9621993127147767,0.2670928034185729,0.6033232562689432,0.5778995815979513,1.5856362052075132,0.8679501000005985,,1
private_seed_audit,budget_06_thin_strip,crescent,1003,3,hard,smooth,connected,high,clustered_occlusion,ambiguity-set-sampler,protocol_b,0.3047223913605908,0.40625,0.07556675062972293,2.535583305093983,0.7865844551222323,0.1523611956802954,0.3362514333869379,0.5506030366333566,0.0,2.0,0.9337260677466863,0.07125248131731388,0.23419916774460728,0.3771262427702903,0.20830444097529455,1.3937632999950438,,6
private_seed_audit,budget_06_thin_strip,crescent,1003,3,hard,smooth,connected,high,clustered_occlusion,best-of-k-restart-blind,protocol_b,0.2477446097196161,0.609375,0.11547344110854503,0.5022710244336659,0.39391115729606874,0.12387230485980805,0.1908737528600177,0.4983451762293951,0.0,4.0,0.9192886456908345,0.002331461955738733,0.1362590983070927,0.07069726641538265,0.13095359614010205,0.5077502000058303,0.7083333333333334,1
private_seed_audit,budget_06_thin_strip,crescent,1003,3,hard,smooth,connected,high,clustered_occlusion,blind-sa,protocol_b,0.2477446097196161,0.609375,0.11547344110854503,0.5022710244336659,0.39391115729606874,0.12387230485980805,0.1908737528600177,0.4983451762293951,0.0,4.0,0.9192886456908345,0.002331461955738733,0.1362590983070927,0.07069726641538265,0.13095359614010205,0.17368520000309218,0.49166666666666664,1
private_seed_audit,budget_06_thin_strip,crescent,1003,3,hard,smooth,connected,high,clustered_occlusion,evolutionary-blind,protocol_b,0.245441313684657,0.640625,0.11955307262569832,0.49907048769158646,0.44664756439350634,0.1227206568423285,0.17624167302130286,0.5660308263266437,0.0,2.0,0.919205298013245,0.0011481772674173103,0.02866123698773327,0.12316469907437042,0.0057346025706856985,0.22129660000064177,,1
private_seed_audit,budget_06_thin_strip,crescent,1003,3,hard,smooth,connected,high,clustered_occlusion,projected-gradient-blind,protocol_b,0.5386424995500402,0.15625,0.04005524861878453,6.576542261595734,1.569520907040618,0.2693212497750201,0.4858730262046299,0.6704606988967036,0.0,2.0,0.9572368421052632,0.08549306097226142,0.5835848726621612,0.5445304499779281,1.551002190678487,0.057052500000281725,,1
private_seed_audit,budget_06_thin_strip,crescent,1003,3,hard,smooth,connected,high,clustered_occlusion,subset-affine-blind,protocol_b,0.7463059462663294,0.015625,0.06469760900140648,4.965591120176411,0.8696954286578478,0.3731529731331647,0.5624136213278673,0.5722111660735275,0.0,2.0,0.9404958677685951,0.43957280072681726,0.5861053618235572,0.5445304499779281,1.5829735604004758,0.893896900000982,,1
private_seed_audit,budget_06_thin_strip,cross-branch,1000,0,hard,jagged,connected,high,none,ambiguity-set-sampler,protocol_b,0.2906399776119864,0.5625,0.10873146622734761,1.4805693718645843,0.7552379761811377,0.1453199888059932,0.2936154941222477,0.5329134016976693,0.0,2.0,0.9460043196544277,0.022551737244383953,0.20536587061611195,0.3224821120959722,0.6109420797502834,1.527250399994955,,6
private_seed_audit,budget_06_thin_strip,cross-branch,1000,0,hard,jagged,connected,high,none,best-of-k-restart-blind,protocol_b,0.11704554900622754,0.984375,0.36,0.34260300096819046,0.19179449596948484,0.05852277450311377,0.07489913755775847,0.29383030118263265,0.0,0.0,0.78743961352657,0.0009668069325243145,0.06392818747565905,0.05394688034703969,0.0843215848984018,0.5312881999998353,0.6666666666666666,1
private_seed_audit,budget_06_thin_strip,cross-branch,1000,0,hard,jagged,connected,high,none,blind-sa,protocol_b,0.11232744657567821,0.984375,0.40963855421686746,0.39570259169758015,0.16380029056164816,0.056163723287839105,0.0704709573357967,0.28739501528277955,0.0,1.0,0.7493670886075949,0.0009290385924896082,0.07053174667610526,0.07409891945873451,0.05245073583411397,0.18072730000130832,0.7333333333333333,1
private_seed_audit,budget_06_thin_strip,cross-branch,1000,0,hard,jagged,connected,high,none,evolutionary-blind,protocol_b,0.11447487562173321,1.0,0.4666666666666667,0.3228395172465728,0.17573519010482733,0.057237437810866605,0.07031747053876634,0.21618535277329612,0.0,0.0,0.7005347593582888,0.0008285440435894741,0.06074470494008377,0.05614373833277176,0.12100230496389619,0.23071199999685632,,1
private_seed_audit,budget_06_thin_strip,cross-branch,1000,0,hard,jagged,connected,high,none,projected-gradient-blind,protocol_b,0.6951871633858838,0.015625,0.01486988847583643,7.937253933193772,1.1389959159306309,0.3475935816929419,0.5703809356482452,0.6931471793544492,0.0,2.0,0.986046511627907,0.37400115006700096,0.5647810542476913,0.6420743371981381,1.6071615801728116,0.05855090000113705,,1
private_seed_audit,budget_06_thin_strip,cross-branch,1000,0,hard,jagged,connected,high,none,subset-affine-blind,protocol_b,0.5590082271919552,0.109375,0.0398406374501992,5.321856496933038,1.113968848222285,0.2795041135959776,0.49433515452913646,0.6931471793423964,0.0,2.0,0.9543147208121827,0.3124744888949017,0.5614590299391096,0.5663444510885777,1.5914333806207348,1.130960700000287,,1
private_seed_audit,budget_06_thin_strip,cross-branch,1001,1,hard,jagged,connected,high,moment_preserving_perturbation,ambiguity-set-sampler,protocol_b,0.30381523379851494,0.640625,0.0868824531516184,1.521321410879198,0.6798767698814084,0.15190761689925747,0.33191325218329515,0.6040054922343904,0.0,1.0,0.9463519313304721,0.03194104033240282,0.16502644431902969,0.5652959638194737,0.40494550074476177,1.4359743000022718,,6
private_seed_audit,budget_06_thin_strip,cross-branch,1001,1,hard,jagged,connected,high,moment_preserving_perturbation,best-of-k-restart-blind,protocol_b,0.23054443876860178,0.9375,0.1220159151193634,0.2798364128182528,0.3547784876536257,0.11527221938430089,0.16611680251100552,0.5184929036037194,0.0,1.0,0.9277310924369748,0.002090624943393908,0.12830592982539307,0.1252834473146321,0.037279399164444005,0.539220499995281,0.5666666666666667,1
private_seed_audit,budget_06_thin_strip,cross-branch,1001,1,hard,jagged,connected,high,moment_preserving_perturbation,blind-sa,protocol_b,0.22995875892165865,0.921875,0.12448700410396717,0.2726135804474419,0.35750114818703393,0.11497937946082933,0.15959907866921944,0.5184929036037194,0.0,1.0,0.9156414762741651,0.0022079809480539414,0.12513017144594418,0.14023354791398146,0.0040707967227668895,0.17936989999725483,0.6,1
private_seed_audit,budget_06_thin_strip,cross-branch,1001,1,hard,jagged,connected,high,moment_preserving_perturbation,evolutionary-blind,protocol_b,0.23964656606775697,0.9375,0.11733333333333333,0.2799539560036943,0.3599359593902255,0.11982328303387849,0.1571413448175959,0.5403246879900352,0.0,0.0,0.9355932203389831,0.0020806284933240935,0.12135369124101458,0.1360624376954672,0.018119758840830613,0.2334677000035299,,1
private_seed_audit,budget_06_thin_strip,cross-branch,1001,1,hard,jagged,connected,high,moment_preserving_perturbation,projected-gradient-blind,protocol_b,0.6944243066503584,0.09375,0.011278195488721804,0.0,0.9651789512161427,0.3472121533251792,0.548437697333991,0.6931471793323314,0.0,1.0,0.9879227053140096,0.25047840742104316,0.5880544012698173,0.6931471804034823,1.7261598630480826,0.056922099996882025,,1
private_seed_audit,budget_06_thin_strip,cross-branch,1001,1,hard,jagged,connected,high,moment_preserving_perturbation,subset-affine-blind,protocol_b,0.4955925282891528,0.234375,0.04183266932270916,3.855168137932751,0.8873274928931506,0.2477962641445764,0.48521135986490466,0.6258171336621656,0.0,1.0,0.9639175257731959,0.21241519832521927,0.5808284264450481,0.6472108728126389,1.6393998985074967,1.1500833000027342,,1
private_seed_audit,budget_06_thin_strip,cross-branch,1002,2,hard,jagged,connected,high,structured_dropout,ambiguity-set-sampler,protocol_b,0.2868479003384351,0.640625,0.08777969018932874,1.7457399645814509,0.6489387015376323,0.14342395016921755,0.27259323801201724,0.543217503661595,0.0,2.0,0.9330357142857143,0.0269368506442015,0.21436876567551144,0.3429623910325437,0.6164042976258699,1.393041399998765,,6
private_seed_audit,budget_06_thin_strip,cross-branch,1002,2,hard,jagged,connected,high,structured_dropout,best-of-k-restart-blind,protocol_b,0.490968020667867,0.125,0.018975332068311195,0.0,0.877912808046324,0.2454840103339335,0.46681255174703273,0.6463539894477733,0.0,2.0,0.9856801909307876,0.18601427260700143,0.5565396972079573,0.6931471803925138,1.639985714041325,0.5040535000007367,0.36666666666666664,1
private_seed_audit,budget_06_thin_strip,cross-branch,1002,2,hard,jagged,connected,high,structured_dropout,blind-sa,protocol_b,0.10353312632172693,0.96875,0.32064128256513025,0.3953280068341269,0.20571130971378682,0.05176656316086346,0.06833123657321344,0.2954099936597224,0.0,0.0,0.7800511508951407,0.0007241284365432361,0.045018830440857735,0.06372434804547009,0.00499655200469773,0.17215199999918696,0.8,1
private_seed_audit,budget_06_thin_strip,cross-branch,1002,2,hard,jagged,connected,high,structured_dropout,evolutionary-blind,protocol_b,0.17149336810315163,0.984375,0.27726432532347506,0.329539911809428,0.17351147975687442,0.08574668405157582,0.11768601105569326,0.3715211518845769,0.0,3.0,0.8615023474178404,0.00043289390961715217,0.04340458966123241,0.05606927756372146,0.04128682852619603,0.2211849999948754,,1
private_seed_audit,budget_06_thin_strip,cross-branch,1002,2,hard,jagged,connected,high,structured_dropout,projected-gradient-blind,protocol_b,0.5658226786980781,0.09375,0.01651376146788991,7.161104478155717,0.9798981578928317,0.28291133934903906,0.533937315359846,0.6931471793193366,0.0,2.0,0.9885057471264368,0.34177533694114487,0.5548375255578077,0.6183439414359962,1.6719587434724874,0.05925369999749819,,1
private_seed_audit,budget_06_thin_strip,cross-branch,1002,2,hard,jagged,connected,high,structured_dropout,subset-affine-blind,protocol_b,0.5705944015995648,0.09375,0.028688524590163935,5.493475589200663,1.0266284375760608,0.2852972007997824,0.49795882345413467,0.644772774028211,0.0,2.0,0.9736147757255936,0.29366973131422536,0.5536462620277551,0.6673984548887834,1.721320273766237,0.8672892000031425,,1
private_seed_audit,budget_06_thin_strip,cross-branch,1003,3,hard,jagged,connected,high,clustered_occlusion,ambiguity-set-sampler,protocol_b,0.2816119089425578,0.484375,0.16261682242990655,1.8639638205640885,0.7532721155867762,0.1408059544712789,0.31749744655891526,0.4910320033212645,0.0,1.0,0.8732718894009217,0.03659106383896192,0.4259180770527572,0.3699418213155501,1.2513404449081076,1.4106777999986662,,6
private_seed_audit,budget_06_thin_strip,cross-branch,1003,3,hard,jagged,connected,high,clustered_occlusion,best-of-k-restart-blind,protocol_b,0.14321671982011436,0.875,0.41630901287553645,0.33147989505090264,0.31202880110538134,0.07160835991005718,0.14413381976045453,0.2872154834763813,0.0,1.0,0.6923076923076923,0.0013575501551085511,0.07343864957852203,0.020239182126158654,0.11848452832772427,0.5139782999976887,0.6083333333333333,1
private_seed_audit,budget_06_thin_strip,cross-branch,1003,3,hard,jagged,connected,high,clustered_occlusion,blind-sa,protocol_b,0.1279999214042621,0.890625,0.36152219873150104,0.3480874141688576,0.31812368960166415,0.06399996070213106,0.1198116009933953,0.2793748160884172,0.0,2.0,0.7065217391304348,0.001734993481077001,0.05778311263596622,0.0563036242219791,0.031214521281901053,0.1865475000013248,0.55,1
private_seed_audit,budget_06_thin_strip,cross-branch,1003,3,hard,jagged,connected,high,clustered_occlusion,evolutionary-blind,protocol_b,0.14248113224798536,0.875,0.4369565217391304,0.281457357750702,0.3148288110677747,0.07124056612399268,0.14116093948998396,0.32410696340074324,0.0,1.0,0.6521739130434783,0.001319133887743117,0.07734494145687335,0.031157496150311187,0.035160726204140236,0.22238730000390206,,1
private_seed_audit,budget_06_thin_strip,cross-branch,1003,3,hard,jagged,connected,high,clustered_occlusion,projected-gradient-blind,protocol_b,0.6971716639638753,0.0625,0.009633911368015413,0.0,1.0548405220547985,0.34858583198193765,0.5530507248214507,0.6931471793333999,0.0,2.0,0.9882352941176471,0.3490051862754692,0.5146978278259015,0.6527826865914568,1.70348030462657,0.05848140000307467,,1
private_seed_audit,budget_06_thin_strip,cross-branch,1003,3,hard,jagged,connected,high,clustered_occlusion,subset-affine-blind,protocol_b,0.5445519846547486,0.046875,0.04158004158004158,4.3244037221180225,1.0004813366901983,0.2722759923273743,0.5149656837790957,0.6440926659189359,0.0,2.0,0.9696969696969697,0.31300464505269443,0.5231675620198983,0.6425826577060432,1.9136602983467101,0.8851254999972298,,1
private_seed_audit,budget_06_thin_strip,double-loop,1000,0,hard,smooth,connected,high,clustered_occlusion,ambiguity-set-sampler,protocol_b,0.3521167120184797,0.234375,0.07063197026022305,2.0732631756419617,0.6024732669258277,0.17605835600923986,0.3303937947999216,0.5575830877911866,0.0,0.0,0.9380165289256198,0.08465585355078459,0.48251159661888443,0.4289321502845767,1.4409467778785028,1.4000732999993488,,6
private_seed_audit,budget_06_thin_strip,double-loop,1000,0,hard,smooth,connected,high,clustered_occlusion,best-of-k-restart-blind,protocol_b,0.48286169933322587,0.0625,0.03885480572597137,0.0,0.7635327569428315,0.24143084966661293,0.4165070117223502,0.6931471793444468,0.0,2.0,0.9614512471655329,0.21644943809210954,0.48124079479807136,0.6931471804128269,1.569804415261065,0.5013409000021056,0.8083333333333333,1
private_seed_audit,budget_06_thin_strip,double-loop,1000,0,hard,smooth,connected,high,clustered_occlusion,blind-sa,protocol_b,0.38410105146061485,0.375,0.034976152623211444,0.4936685653155107,0.5865156176095431,0.19205052573030743,0.27569480569041555,0.5765393088485579,0.0,2.0,0.9649446494464945,0.01108067131317056,0.14248321796202507,0.07818105342182949,0.15839035119098943,0.17386660000192933,0.7083333333333334,1
private_seed_audit,budget_06_thin_strip,double-loop,1000,0,hard,smooth,connected,high,clustered_occlusion,evolutionary-blind,protocol_b,0.39819913856545436,0.3125,0.029806259314456036,0.3402966406066993,0.5570365965940446,0.19909956928272718,0.28237718762475905,0.5691490763707732,0.0,1.0,0.9691252144082333,0.009971752841743443,0.16399591929346508,0.06439389740244303,0.22148173225661383,0.22208099999988917,,1
private_seed_audit,budget_06_thin_strip,double-loop,1000,0,hard,smooth,connected,high,clustered_occlusion,projected-gradient-blind,protocol_b,0.6995916254890581,0.0,0.030364372469635626,6.300401690317275,0.8656905510373024,0.34979581274452903,0.4852162456066372,0.666182491248811,0.0,2.0,0.970917225950783,0.3921095861373187,0.48590005341765097,0.6337220664831575,1.6987406865872283,0.05635260000417475,,1
private_seed_audit,budget_06_thin_strip,double-loop,1000,0,hard,smooth,connected,high,clustered_occlusion,subset-affine-blind,protocol_b,0.6085838580650549,0.046875,0.012605042016806723,4.039549500402441,0.9091812156662831,0.30429192903252744,0.5875634922652697,0.6187505985717208,0.0,2.0,0.9883177570093458,0.36913989680805404,0.49547208319781627,0.5923659777915733,1.857973644525286,0.8847342999943066,,1
private_seed_audit,budget_06_thin_strip,double-loop,1001,1,hard,smooth,connected,high,none,ambiguity-set-sampler,protocol_b,0.19218391674013635,0.609375,0.203125,1.1720707302817313,0.23402403979045158,0.09609195837006818,0.1619422867742404,0.5311432048445558,0.0,2.0,0.843520782396088,0.021290237254169397,0.5532536200518061,0.24184513602884872,1.738836498398741,1.4408308999991277,,6
private_seed_audit,budget_06_thin_strip,double-loop,1001,1,hard,smooth,connected,high,none,best-of-k-restart-blind,protocol_b,0.08548759019874126,0.984375,0.2665036674816626,0.2711832940396087,0.10611621218582747,0.04274379509937063,0.06730427480603043,0.2839541023151527,0.0,1.0,0.7994428969359332,0.0010604276782627863,0.058055816983182365,0.03313091118971861,0.08365397777393735,0.5267837999999756,0.5,1
private_seed_audit,budget_06_thin_strip,double-loop,1001,1,hard,smooth,connected,high,none,blind-sa,protocol_b,0.09216733126419505,0.953125,0.2558139534883721,0.4142325382988601,0.11972355331161695,0.04608366563209752,0.08069744947971756,0.3098803168746564,0.0,2.0,0.770618556701031,0.0012626923697764423,0.04593707820935021,0.07067137510350041,0.016071737870110514,0.18358090000401717,0.425,1
private_seed_audit,budget_06_thin_strip,double-loop,1001,1,hard,smooth,connected,high,none,evolutionary-blind,protocol_b,0.08716230940598335,1.0,0.2967289719626168,0.1784819621179068,0.09984165128585139,0.043581154702991676,0.06981890393403388,0.3740794297774594,0.0,0.0,0.8042895442359249,0.0005068332938580355,0.14528354648231462,0.05472804255904487,0.351241717095337,0.2322335999997449,,1
private_seed_audit,budget_06_thin_strip,double-loop,1001,1,hard,smooth,connected,high,none,projected-gradient-blind,protocol_b,0.6332796817340787,0.046875,0.04835164835164835,7.937253933193772,0.9859299202855281,0.31663984086703933,0.4813678108895977,0.6364429044422146,0.0,0.0,0.9463414634146341,0.4554138932343327,0.5912681764862308,0.6736002107911843,1.7661389505764606,0.05765119999705348,,1
private_seed_audit,budget_06_thin_strip,double-loop,1001,1,hard,smooth,connected,high,none,subset-affine-blind,protocol_b,0.5914672736016221,0.09375,0.02708803611738149,3.420652029575847,0.8720922103944392,0.29573363680081105,0.4366198576865331,0.6158735730854445,0.0,0.0,0.970074812967581,0.19689877966771496,0.5532536200518061,0.5487413196540369,1.738836498398741,1.1664496999947005,,1
private_seed_audit,budget_06_thin_strip,double-loop,1002,2,hard,smooth,connected,high,moment_preserving_perturbation,ambiguity-set-sampler,protocol_b,0.2620141248314179,0.28125,0.05379746835443038,1.2651157079225692,0.36300613705489626,0.13100706241570895,0.21419622257316584,0.625645523073084,0.0,1.0,0.9524647887323944,0.017129429786377152,0.6279191823880603,0.3834639337421877,1.7143763178712161,1.4631292000049143,,6
private_seed_audit,budget_06_thin_strip,double-loop,1002,2,hard,smooth,connected,high,moment_preserving_perturbation,best-of-k-restart-blind,protocol_b,0.2579991921122371,0.546875,0.06371911573472042,0.1752522638513549,0.4170817800859047,0.12899959605611855,0.18001434719455903,0.5184929036037191,0.0,1.0,0.9494799405646359,0.01425613990179748,0.12669193275319046,0.14458763391721685,0.04028187000963834,0.5506760000062059,0.725,1
private_seed_audit,budget_06_thin_strip,double-loop,1002,2,hard,smooth,connected,high,moment_preserving_perturbation,blind-sa,protocol_b,0.2579991921122371,0.546875,0.06371911573472042,0.1752522638513549,0.4170817800859047,0.12899959605611855,0.18001434719455903,0.5184929036037191,0.0,1.0,0.9494799405646359,0.01425613990179748,0.12669193275319046,0.14458763391721685,0.04028187000963834,0.18101860000024317,0.38333333333333336,1
private_seed_audit,budget_06_thin_strip,double-loop,1002,2,hard,smooth,connected,high,moment_preserving_perturbation,evolutionary-blind,protocol_b,0.26317661646548934,0.46875,0.09481668773704172,0.16484742843792147,0.440651026133583,0.13158830823274467,0.17949711419298742,0.5403246879900352,0.0,1.0,0.9227405247813412,0.01237511438853587,0.09691445479890906,0.2077406654345459,0.09799682996462922,0.23340420000022277,,1
private_seed_audit,budget_06_thin_strip,double-loop,1002,2,hard,smooth,connected,high,moment_preserving_perturbation,projected-gradient-blind,protocol_b,0.6191913663423249,0.046875,0.01937984496124031,5.567764362830022,0.9608850515387727,0.30959568317116243,0.47795765727783646,0.6661824912488108,0.0,1.0,0.9832985386221295,0.3234259991769658,0.6279191823880603,0.6341957150424642,1.7143763178712161,0.05731809999997495,,1
private_seed_audit,budget_06_thin_strip,double-loop,1002,2,hard,smooth,connected,high,moment_preserving_perturbation,subset-affine-blind,protocol_b,0.4576631048973869,0.09375,0.010351966873706004,5.2537260816355404,0.7987839563837287,0.22883155244869344,0.4264581840683022,0.670004163066509,0.0,1.0,0.9910714285714286,0.20989162422430985,0.6273526577886204,0.645737605529663,1.6889283487252427,1.1430395000061253,,1
private_seed_audit,budget_06_thin_strip,double-loop,1003,3,hard,smooth,connected,high,structured_dropout,ambiguity-set-sampler,protocol_b,0.21885848905319377,0.5625,0.19746376811594202,1.3857042652723306,0.31099737093523033,0.10942924452659689,0.21634612364795142,0.5309115064036747,0.0,4.0,0.8839103869653768,0.02587928932157748,0.5261610218376139,0.27635763000235236,1.919299669847825,1.403803599998355,,6
private_seed_audit,budget_06_thin_strip,double-loop,1003,3,hard,smooth,connected,high,structured_dropout,best-of-k-restart-blind,protocol_b,0.0907013013923008,1.0,0.26621160409556316,0.3087579844462775,0.12885775296488117,0.0453506506961504,0.07737570685807027,0.3181659181145374,0.0,0.0,0.7664092664092664,0.0008627522135947888,0.08533190127804435,0.06485071664822002,0.20807263921709707,0.5133006000032765,0.6333333333333333,1
private_seed_audit,budget_06_thin_strip,double-loop,1003,3,hard,smooth,connected,high,structured_dropout,blind-sa,protocol_b,0.15928473767450474,0.828125,0.3215613382899628,0.290632240870537,0.15782026056379772,0.07964236883725237,0.11417407352642436,0.2613505755940842,0.0,4.0,0.7467248908296944,0.0006993033992172865,0.14538165572153336,0.040384145385640134,0.37432364789136807,0.17222920000494923,0.4583333333333333,1
private_seed_audit,budget_06_thin_strip,double-loop,1003,3,hard,smooth,connected,high,structured_dropout,evolutionary-blind,protocol_b,0.09181226972446413,1.0,0.3678861788617886,0.2107740596037785,0.09057027539253315,0.045906134862232065,0.0768875142382803,0.2736897133877273,0.0,3.0,0.708133971291866,0.0005862774286240582,0.10323151327938435,0.030988515752879243,0.3709591028332535,0.22184199999901466,,1
private_seed_audit,budget_06_thin_strip,double-loop,1003,3,hard,smooth,connected,high,structured_dropout,projected-gradient-blind,protocol_b,0.6295953652958953,0.046875,0.037366548042704624,5.5753742192423035,0.9756566511719308,0.31479768264794766,0.505733338257685,0.6103580689679062,0.0,4.0,0.9618473895582329,0.39366196317187535,0.5358915465819905,0.6495988876161849,1.8919972176701054,0.0560814999989816,,1
private_seed_audit,budget_06_thin_strip,double-loop,1003,3,hard,smooth,connected,high,structured_dropout,subset-affine-blind,protocol_b,0.6384189890438074,0.09375,0.02909090909090909,3.603639193307781,0.8528087481101553,0.3192094945219037,0.46762454842812345,0.5945566396000777,0.0,4.0,0.9691358024691358,0.19018695333831426,0.5245688014454367,0.5235583629529093,1.8919972176701054,0.8824356000041007,,1
private_seed_audit,budget_06_thin_strip,mean-reversion,1000,0,hard,jagged,connected,high,structured_dropout,ambiguity-set-sampler,protocol_b,0.3018746900937746,0.453125,0.08459214501510574,1.8693065843395216,0.41236541206239546,0.1509373450468873,0.26217961153353014,0.5305755357898652,0.0,5.0,0.9172535211267605,0.05523730860633427,0.3545749950850137,0.41490371886847155,0.9748242105746159,1.4022057999973185,,6
private_seed_audit,budget_06_thin_strip,mean-reversion,1000,0,hard,jagged,connected,high,structured_dropout,best-of-k-restart-blind,protocol_b,0.4580037626502373,0.125,0.01607717041800643,0.0,0.6361879932056225,0.22900188132511864,0.3688396129233152,0.6473558533831454,0.0,5.0,0.9851301115241635,0.17563819232229727,0.5231674068222365,0.5974436546247864,1.7408303087585957,0.5150331000040751,0.725,1
private_seed_audit,budget_06_thin_strip,mean-reversion,1000,0,hard,jagged,connected,high,structured_dropout,blind-sa,protocol_b,0.1097030352437682,1.0,0.19949811794228356,0.3198782736545201,0.13171187292721612,0.0548515176218841,0.08450950669097329,0.34657358934159926,0.0,4.0,0.8360413589364845,0.0013751317921657632,0.05964540101950755,0.0587203833804138,0.0012550068820424976,0.17216119999648072,0.6416666666666667,1
private_seed_audit,budget_06_thin_strip,mean-reversion,1000,0,hard,jagged,connected,high,structured_dropout,evolutionary-blind,protocol_b,0.10674045414940388,1.0,0.22935779816513763,0.21780620075993481,0.14082815583535935,0.05337022707470194,0.07538502689097551,0.2815910413400494,0.0,3.0,0.8072100313479624,0.0005143034103644163,0.03718713515588431,0.032282969035238876,0.031448002102338446,0.22329629999876488,,1
private_seed_audit,budget_06_thin_strip,mean-reversion,1000,0,hard,jagged,connected,high,structured_dropout,projected-gradient-blind,protocol_b,0.6661473817581552,0.03125,0.01188707280832095,6.144047840493828,0.9288211250809901,0.3330736908790776,0.5144025944252099,0.6931471793455868,0.0,5.0,0.989778534923339,0.4512744329225584,0.5511473809265963,0.5637920284191692,1.9883214227309183,0.0586942999943858,,1
private_seed_audit,budget_06_thin_strip,mean-reversion,1000,0,hard,jagged,connected,high,structured_dropout,subset-affine-blind,protocol_b,0.4421752222013924,0.140625,0.0288135593220339,7.93725393319377,0.6870863092568746,0.2210876111006962,0.36487963641031723,0.6694839843180477,0.0,5.0,0.9743589743589743,0.1708139323480439,0.5483898256821977,0.5869738780113347,1.9628734535849448,0.8886086000056821,,1
private_seed_audit,budget_06_thin_strip,mean-reversion,1001,1,hard,jagged,connected,high,clustered_occlusion,ambiguity-set-sampler,protocol_b,0.41556586497350034,0.265625,0.07225433526011561,1.9690744680306256,0.6581029768986206,0.20778293248675017,0.30175688657979555,0.541947118819393,0.0,2.0,0.9363784665579119,0.055535831751312874,0.38378822321214023,0.49329498184845594,0.9726035906951895,1.4115863999977591,,6
private_seed_audit,budget_06_thin_strip,mean-reversion,1001,1,hard,jagged,connected,high,clustered_occlusion,best-of-k-restart-blind,protocol_b,0.45416616903791046,0.140625,0.0265210608424337,0.0,0.664556319755474,0.22708308451895523,0.35866777228277746,0.5852424374962639,0.0,2.0,0.9771528998242531,0.11596641072459926,0.5828366869557681,0.6931471803767468,1.7031002135722852,0.5130126000003656,0.6916666666666667,1
private_seed_audit,budget_06_thin_strip,mean-reversion,1001,1,hard,jagged,connected,high,clustered_occlusion,blind-sa,protocol_b,0.2650385632489806,0.6875,0.13366336633663367,0.3869895707395836,0.5673675555289253,0.1325192816244903,0.1921903160665569,0.5721129827402242,0.0,1.0,0.8932748538011696,0.0038724299759851817,0.0654250650021426,0.05544162397041543,0.03862418371952492,0.18041559999983292,0.36666666666666664,1
private_seed_audit,budget_06_thin_strip,mean-reversion,1001,1,hard,jagged,connected,high,clustered_occlusion,evolutionary-blind,protocol_b,0.25039488427020923,0.703125,0.16831683168316833,0.22609273375666047,0.594993019742079,0.12519744213510461,0.19844316128828146,0.5090299593454741,0.0,1.0,0.8885754583921015,0.003359720678255465,0.05407637260733697,0.056280114717205,0.017509716883072457,0.22483159999683267,,1
private_seed_audit,budget_06_thin_strip,mean-reversion,1001,1,hard,jagged,connected,high,clustered_occlusion,projected-gradient-blind,protocol_b,0.6331996300460566,0.03125,0.020700636942675158,5.917616091762317,0.8405792738348725,0.3165998150230283,0.502536196514062,0.6676333591803343,0.0,2.0,0.9802867383512545,0.4293880675347864,0.5870499248895669,0.6714863309961623,1.7564702534296324,0.059355600002163555,,1
private_seed_audit,budget_06_thin_strip,mean-reversion,1001,1,hard,jagged,connected,high,clustered_occlusion,subset-affine-blind,protocol_b,0.5826621905668395,0.0625,0.03459637561779242,0.0,0.8504078415678126,0.29133109528341977,0.42785958858722956,0.6195654092177616,0.0,2.0,0.9685185185185186,0.24952036821964613,0.5914904817564919,0.6931471803767468,1.8201545499932028,0.8968759000053979,,1
private_seed_audit,budget_06_thin_strip,mean-reversion,1002,2,hard,jagged,connected,high,none,ambiguity-set-sampler,protocol_b,0.3070522060599833,0.390625,0.0617816091954023,1.908128053135225,0.45755631162817917,0.15352610302999165,0.27433503125957104,0.6342516317603032,0.0,1.0,0.9454545454545454,0.055204270577210265,0.3315771738288457,0.32772149838664466,0.9771157485164816,1.4357194999975036,,6
private_seed_audit,budget_06_thin_strip,mean-reversion,1002,2,hard,jagged,connected,high,none,best-of-k-restart-blind,protocol_b,0.5027621483458005,0.125,0.01557632398753894,0.0,0.6622655819011845,0.25138107417290023,0.37909589780659275,0.6686199226201103,0.0,1.0,0.9858407079646018,0.1800315305765639,0.5562311649731982,0.6231284203982351,1.7449726835702366,0.5287419999949634,0.7333333333333333,1
private_seed_audit,budget_06_thin_strip,mean-reversion,1002,2,hard,jagged,connected,high,none,blind-sa,protocol_b,0.1206487279645045,1.0,0.23777173913043478,0.28963611379340315,0.15702423635353274,0.06032436398225225,0.0849091164523025,0.3850601344305603,0.0,0.0,0.8174726989079564,0.0010170804805149087,0.0647696623440425,0.04463939933376154,0.030289789711829496,0.17791790000046603,0.625,1
private_seed_audit,budget_06_thin_strip,mean-reversion,1002,2,hard,jagged,connected,high,none,evolutionary-blind,protocol_b,0.20141554681448012,0.9375,0.2634961439588689,0.2297502119854623,0.213134665542167,0.10070777340724006,0.14570218848844088,0.3898952880092992,0.0,0.0,0.8015151515151515,0.0004869572996517831,0.08685415293057505,0.042510482166352316,0.15051642988592429,0.2271660000042175,,1
private_seed_audit,budget_06_thin_strip,mean-reversion,1002,2,hard,jagged,connected,high,none,projected-gradient-blind,protocol_b,0.6552891698260063,0.046875,0.013235294117647059,7.937253933193772,0.8864953590851592,0.32764458491300313,0.5049175872874584,0.6931471793578577,0.0,1.0,0.9883527454242929,0.425246372469061,0.6057977194568305,0.5958280220407672,2.3335146826527056,0.05760789999476401,,1
private_seed_audit,budget_06_thin_strip,mean-reversion,1002,2,hard,jagged,connected,high,none,subset-affine-blind,protocol_b,0.43695787787834,0.15625,0.03865546218487395,6.081350428714771,0.8108241722678803,0.21847893893917,0.37904836872684733,0.6709410406999505,0.0,1.0,0.9732824427480916,0.17170436002327025,0.5553258032548732,0.5790103355138552,1.7331095324640275,1.1531128999995417,,1
private_seed_audit,budget_06_thin_strip,mean-reversion,1003,3,hard,jagged,connected,high,moment_preserving_perturbation,ambiguity-set-sampler,protocol_b,0.3096986402517262,0.40625,0.06358381502890173,1.4316474590234451,0.44982989572555965,0.1548493201258631,0.27072681809292465,0.619812422751848,0.0,0.0,0.9404186795491143,0.03204753662920203,0.2913258050770611,0.34551834145921045,0.5535343028269737,1.456109099999594,,6
private_seed_audit,budget_06_thin_strip,mean-reversion,1003,3,hard,jagged,connected,high,moment_preserving_perturbation,best-of-k-restart-blind,protocol_b,0.574746139665984,0.0625,0.022690437601296597,0.0,0.8199568109816736,0.287373069832992,0.42957060833607863,0.6931471793202788,0.0,0.0,0.9766606822262118,0.19305884278104252,0.575803515091764,0.6527826865639834,1.7312084769554124,0.5338093999962439,0.44166666666666665,1
private_seed_audit,budget_06_thin_strip,mean-reversion,1003,3,hard,jagged,connected,high,moment_preserving_perturbation,blind-sa,protocol_b,0.24633869313043277,0.78125,0.13317191283292978,0.23531730503123954,0.30033377732164795,0.12316934656521639,0.1473355942663424,0.5621564723763509,0.0,3.0,0.8865546218487395,0.005042736414867694,0.08125640868965209,0.039602431247323225,0.0032750974733373184,0.18087799999921117,0.35833333333333334,1
private_seed_audit,budget_06_thin_strip,mean-reversion,1003,3,hard,jagged,connected,high,moment_preserving_perturbation,evolutionary-blind,protocol_b,0.23546778386399606,0.765625,0.12560975609756098,0.19309116354212388,0.35058927825580855,0.11773389193199803,0.14805063947971733,0.5184929036037194,0.0,4.0,0.8882602545968883,0.005532680492915062,0.06864784843231841,0.040292265167514336,0.06844151503896612,0.23221490000287304,,1
private_seed_audit,budget_06_thin_strip,mean-reversion,1003,3,hard,jagged,connected,high,moment_preserving_perturbation,projected-gradient-blind,protocol_b,0.6446509135872877,0.0625,0.018867924528301886,7.93725393319377,0.9459058116741171,0.3223254567936438,0.49741533997101933,0.6931471793689044,0.0,0.0,0.9808695652173913,0.370310753229393,0.6084523919073348,0.6420743371594952,2.294215192897254,0.05880269999761367,,1
private_seed_audit,budget_06_thin_strip,mean-reversion,1003,3,hard,jagged,connected,high,moment_preserving_perturbation,subset-affine-blind,protocol_b,0.4337205379250995,0.140625,0.028960817717206135,4.342957852952752,0.956937507752686,0.21686026896254976,0.3882831394560958,0.6482604822068885,0.0,0.0,0.9697542533081286,0.13846704642597069,0.5750170118318929,0.613281658622951,1.705673193814785,1.1456517999977223,,1
private_seed_audit,budget_06_thin_strip,multi-hole,1000,0,hard,smooth,connected,high,structured_dropout,ambiguity-set-sampler,protocol_b,0.25606644016357577,0.484375,0.09626955475330927,1.0294477060138245,0.45653055560423955,0.12803322008178789,0.2066757239796956,0.6035071704592497,0.0,0.0,0.9025032938076416,0.028097498962974504,0.1865296790097449,0.17853626433153302,0.07391562128237927,1.4305015999998432,,6
private_seed_audit,budget_06_thin_strip,multi-hole,1000,0,hard,smooth,connected,high,structured_dropout,best-of-k-restart-blind,protocol_b,0.11949598651675185,0.984375,0.18057142857142858,0.4040620803543292,0.11439880306031329,0.059747993258375924,0.09206176790520293,0.23467970658161405,0.0,0.0,0.8379746835443038,0.0008831111684109336,0.08069258401276452,0.048063635007409386,0.04478225608340125,0.5325680000023567,0.8,1
private_seed_audit,budget_06_thin_strip,multi-hole,1000,0,hard,smooth,connected,high,structured_dropout,blind-sa,protocol_b,0.1168771193327167,0.984375,0.25091799265605874,0.48000362518097056,0.1289219190017281,0.05843855966635835,0.0930779453508343,0.26828423618733255,0.0,1.0,0.7927807486631016,0.0009997393821350848,0.0737933275772962,0.011107442977879052,0.06827421319284,0.18112599999585655,0.55,1
private_seed_audit,budget_06_thin_strip,multi-hole,1000,0,hard,smooth,connected,high,structured_dropout,evolutionary-blind,protocol_b,0.117901849528271,1.0,0.1917960088691796,0.36257056748892896,0.11054641879372219,0.0589509247641355,0.09113187742306987,0.27834327535424563,0.0,0.0,0.8296019900497512,0.000738559197051965,0.07661662821812842,0.06476895210623723,0.02756887339057501,0.23165879999578465,,1
private_seed_audit,budget_06_thin_strip,multi-hole,1000,0,hard,smooth,connected,high,structured_dropout,projected-gradient-blind,protocol_b,0.39995801758065136,0.203125,0.04852941176470588,2.109156471207191,0.743991584846773,0.19997900879032568,0.34476282822198134,0.6168560650009888,0.0,0.0,0.9517684887459807,0.1617441276949464,0.14472011389124345,0.3450413351855368,0.368439990009215,0.05710389999876497,,1
private_seed_audit,budget_06_thin_strip,multi-hole,1000,0,hard,smooth,connected,high,structured_dropout,subset-affine-blind,protocol_b,0.5090428912766602,0.078125,0.052884615384615384,3.9312934719858266,0.7707986709965824,0.2545214456383301,0.3856485097810231,0.6310575074192482,0.0,0.0,0.9493006993006993,0.1984308199375789,0.4646521310919463,0.5354010592869771,1.7355354416015782,0.8825004000027548,,1
private_seed_audit,budget_06_thin_strip,multi-hole,1001,1,hard,smooth,connected,high,clustered_occlusion,ambiguity-set-sampler,protocol_b,0.24886838952654827,0.421875,0.07301980198019802,1.709667485313209,0.3709143975738358,0.12443419476327414,0.23644976679469296,0.5352402993466385,0.0,0.0,0.9272237196765498,0.03630530996670471,0.23623343304532218,0.33194281384191504,0.3578188895009333,1.3935920000003534,,6
private_seed_audit,budget_06_thin_strip,multi-hole,1001,1,hard,smooth,connected,high,clustered_occlusion,best-of-k-restart-blind,protocol_b,0.22307875621737908,0.609375,0.1658878504672897,0.4089300130242541,0.29267640318467614,0.11153937810868954,0.16153987804313455,0.3376490013818638,0.0,3.0,0.8514724711907811,0.0029206977013342783,0.10920781818843676,0.10661208680761446,0.05112088989280483,0.507300999997824,0.55,1
private_seed_audit,budget_06_thin_strip,multi-hole,1001,1,hard,smooth,connected,high,clustered_occlusion,blind-sa,protocol_b,0.22307875621737908,0.609375,0.1658878504672897,0.4089300130242541,0.29267640318467614,0.11153937810868954,0.16153987804313455,0.3376490013818638,0.0,3.0,0.8514724711907811,0.0029206977013342783,0.10920781818843676,0.10661208680761446,0.05112088989280483,0.17453500000556232,0.55,1
private_seed_audit,budget_06_thin_strip,multi-hole,1001,1,hard,smooth,connected,high,clustered_occlusion,evolutionary-blind,protocol_b,0.22262758020516177,0.625,0.16666666666666666,0.32856254946198554,0.28780625448474534,0.11131379010258088,0.16112308780583623,0.316014572156729,0.0,2.0,0.8634590377113134,0.0029038248226576037,0.08866936121007185,0.10335098417953364,0.03514594653813541,0.2246441000024788,,1
private_seed_audit,budget_06_thin_strip,multi-hole,1001,1,hard,smooth,connected,high,clustered_occlusion,projected-gradient-blind,protocol_b,0.5006917546098508,0.125,0.04426002766251729,2.1258098551199467,0.9012453936240915,0.2503458773049254,0.3953658654694989,0.6401093798554122,0.0,0.0,0.9593373493975904,0.19937530115437058,0.5862847220398206,0.4904151969843584,1.8909998783257227,0.05840549999993527,,1
private_seed_audit,budget_06_thin_strip,multi-hole,1001,1,hard,smooth,connected,high,clustered_occlusion,subset-affine-blind,protocol_b,0.581185918055198,0.09375,0.039764359351988215,3.154335172425422,0.7582479560123738,0.290592959027599,0.4290226501469217,0.5497566774186343,0.0,0.0,0.959546925566343,0.2316180411275136,0.5622292690782468,0.5376345967825115,1.6611005314961094,0.8965293999935966,,1
private_seed_audit,budget_06_thin_strip,multi-hole,1002,2,hard,smooth,connected,high,none,ambiguity-set-sampler,protocol_b,0.2868010002657994,0.40625,0.07674684994272624,1.1690862544308087,0.3440180215938564,0.1434005001328997,0.24882655433885928,0.5876664339979178,0.0,0.0,0.9390088945362135,0.0406817244594261,0.12283467846201507,0.2617885995795014,0.07035526043642326,1.514260199997807,,6
private_seed_audit,budget_06_thin_strip,multi-hole,1002,2,hard,smooth,connected,high,none,best-of-k-restart-blind,protocol_b,0.14706001920220343,0.875,0.22006141248720573,0.31573132493218026,0.16969858182238354,0.07353000960110172,0.10168870389285822,0.27949483013201687,0.0,1.0,0.8089758342922899,0.0009185424678023527,0.06396519942320096,0.06569325388648961,0.1093506174046901,0.540172299995902,0.8166666666666667,1
private_seed_audit,budget_06_thin_strip,multi-hole,1002,2,hard,smooth,connected,high,none,blind-sa,protocol_b,0.10820127404850872,0.953125,0.242152466367713,0.3552143601869044,0.13015910744911455,0.05410063702425436,0.08666662231888793,0.3099368021414287,0.0,1.0,0.799752781211372,0.00041085057971550285,0.08540857805740809,0.08864158431156632,0.032622673198100305,0.17987500000162981,0.675,1
private_seed_audit,budget_06_thin_strip,multi-hole,1002,2,hard,smooth,connected,high,none,evolutionary-blind,protocol_b,0.10709173935575153,0.984375,0.25225225225225223,0.3174905787385432,0.12104920882560871,0.053545869677875765,0.08598762642812639,0.3018544165425783,0.0,2.0,0.7841907151819323,0.00019066181714132125,0.07843331752747774,0.08771573871596254,0.11106060023856967,0.23318510000535753,,1
private_seed_audit,budget_06_thin_strip,multi-hole,1002,2,hard,smooth,connected,high,none,projected-gradient-blind,protocol_b,0.5092717839199455,0.171875,0.03014416775884666,1.984099567135007,0.9519576476014157,0.25463589195997277,0.39807805253927175,0.6127917469973689,0.0,2.0,0.9768451519536903,0.17829701677848953,0.3546095385723418,0.5123735928522862,0.7176822357353472,0.0621813999969163,,1
private_seed_audit,budget_06_thin_strip,multi-hole,1002,2,hard,smooth,connected,high,none,subset-affine-blind,protocol_b,0.544795054347694,0.078125,0.04943502824858757,3.418646310746673,0.7359215132185597,0.272397527173847,0.44154508647748614,0.6513192998795754,0.0,2.0,0.9593114241001565,0.23820169865524776,0.5984902755881125,0.6015234957624647,1.5835130451039447,1.1385302999988198,,1
private_seed_audit,budget_06_thin_strip,multi-hole,1003,3,hard,smooth,connected,high,moment_preserving_perturbation,ambiguity-set-sampler,protocol_b,0.28739561901844907,0.34375,0.07975460122699386,1.3652318202867075,0.48745310772854317,0.14369780950922453,0.22726231126691035,0.6073102802333117,0.0,1.0,0.9294605809128631,0.02087919262392756,0.40294174572070773,0.3102141956800727,1.0699434509793462,1.446043899995857,,6
private_seed_audit,budget_06_thin_strip,multi-hole,1003,3,hard,smooth,connected,high,moment_preserving_perturbation,best-of-k-restart-blind,protocol_b,0.2409912129182269,0.53125,0.07766990291262135,0.2197620604241168,0.503867501764735,0.12049560645911345,0.17641056332076197,0.6276518255352983,0.0,3.0,0.9330024813895782,0.008172922061764638,0.11555998641969183,0.13123706160712237,0.1624014894023449,0.5324894000004861,0.75,1
private_seed_audit,budget_06_thin_strip,multi-hole,1003,3,hard,smooth,connected,high,moment_preserving_perturbation,blind-sa,protocol_b,0.2409912129182269,0.53125,0.07766990291262135,0.2197620604241168,0.503867501764735,0.12049560645911345,0.17641056332076197,0.6276518255352983,0.0,3.0,0.9330024813895782,0.008172922061764638,0.11555998641969183,0.13123706160712237,0.1624014894023449,0.17928830000164453,0.7166666666666667,1
private_seed_audit,budget_06_thin_strip,multi-hole,1003,3,hard,smooth,connected,high,moment_preserving_perturbation,evolutionary-blind,protocol_b,0.24987331691554585,0.5,0.08888888888888889,0.2311283366145485,0.43885819345312566,0.12493665845777292,0.17645096677876407,0.6058200411489825,0.0,0.0,0.9259708737864077,0.006223810754656577,0.0805514953356273,0.11873314510171454,0.018324686427050096,0.24574449999636272,,1
private_seed_audit,budget_06_thin_strip,multi-hole,1003,3,hard,smooth,connected,high,moment_preserving_perturbation,projected-gradient-blind,protocol_b,0.5025863768200798,0.140625,0.03884892086330935,4.181901696897273,0.9312249865612243,0.2512931884100399,0.38279910795596256,0.6545103761554698,0.0,1.0,0.9583333333333334,0.13598983776750195,0.5545394028863724,0.5253794165854648,1.7783620103637876,0.057323699998960365,,1
private_seed_audit,budget_06_thin_strip,multi-hole,1003,3,hard,smooth,connected,high,moment_preserving_perturbation,subset-affine-blind,protocol_b,0.5535321617318792,0.078125,0.04984423676012461,4.762426241261019,0.8509265176885432,0.2767660808659396,0.4143976283163062,0.6700041630665092,0.0,1.0,0.949740034662045,0.22310200709619377,0.5662931895118521,0.5765097388011629,1.852516460153526,1.1416338999988511,,1
private_seed_audit,budget_06_thin_strip,nested-rings,1000,0,hard,smooth,connected,high,none,ambiguity-set-sampler,protocol_b,0.2866372428751783,0.421875,0.11691022964509394,1.0829420471853195,0.3576740420123062,0.14331862143758914,0.24051447250147054,0.5252449399223992,0.0,0.0,0.8912037037037037,0.03353311993651341,0.1630514301186947,0.20524422761076377,0.14555392781967313,1.4501454999990528,,6
private_seed_audit,budget_06_thin_strip,nested-rings,1000,0,hard,smooth,connected,high,none,best-of-k-restart-blind,protocol_b,0.1429911301510372,0.953125,0.17178502879078694,0.3842596923853442,0.1765010337686317,0.0714955650755186,0.09547184537923589,0.2761241218534549,0.0,3.0,0.8444206008583691,0.0010513836382337206,0.08947034047575045,0.030124566450166694,0.37356461297080745,0.5418777000013506,0.8416666666666667,1
private_seed_audit,budget_06_thin_strip,nested-rings,1000,0,hard,smooth,connected,high,none,blind-sa,protocol_b,0.11228574284132509,1.0,0.20166512488436633,0.3217022928932137,0.14474440066021485,0.05614287142066254,0.0931842992912522,0.37405702570646227,0.0,1.0,0.8247950819672132,0.0013996511682825032,0.06174275878779145,0.04356170863434333,0.043994594110868146,0.18204819999664323,0.775,1
private_seed_audit,budget_06_thin_strip,nested-rings,1000,0,hard,smooth,connected,high,none,evolutionary-blind,protocol_b,0.12845860621074676,0.984375,0.21036585365853658,0.3176597208931215,0.1359998732402876,0.06422930310537338,0.09435180528177964,0.28279673068960587,0.0,0.0,0.8150609080841639,0.0009347097503737869,0.10849988615151754,0.03615917095258897,0.23243018337704902,0.2331348000006983,,1
private_seed_audit,budget_06_thin_strip,nested-rings,1000,0,hard,smooth,connected,high,none,projected-gradient-blind,protocol_b,0.6170246691142484,0.109375,0.041561712846347604,1.7874850985942528,0.8218395324505066,0.3085123345571242,0.42812432766948544,0.5822795127365716,0.0,0.0,0.9613793103448276,0.2017598248780565,0.11438143385467606,0.5209381343077334,0.15719313758099274,0.05705599999782862,,1
private_seed_audit,budget_06_thin_strip,nested-rings,1000,0,hard,smooth,connected,high,none,subset-affine-blind,protocol_b,0.6055108478128188,0.0625,0.04563233376792699,3.6330845402463052,0.6969271056402266,0.3027554239064094,0.42477234222724203,0.5489184010214495,0.0,0.0,0.9572649572649573,0.2325896795052999,0.5601622975668119,0.5121401523385034,1.9203515370209046,1.1270336999950814,,1
private_seed_audit,budget_06_thin_strip,nested-rings,1001,1,hard,smooth,connected,high,moment_preserving_perturbation,ambiguity-set-sampler,protocol_b,0.32521997206592423,0.34375,0.084375,1.222501715647196,0.40389175553426215,0.16260998603296212,0.25657700149298956,0.6390120556289924,0.0,2.0,0.918854415274463,0.03651663342564028,0.15321962769360137,0.28561738889699356,0.12290127064721545,1.4291333999935887,,6
private_seed_audit,budget_06_thin_strip,nested-rings,1001,1,hard,smooth,connected,high,moment_preserving_perturbation,best-of-k-restart-blind,protocol_b,0.2351775237517456,0.703125,0.16443594646271512,0.18426827541808494,0.4041980769779345,0.1175887618758728,0.15093802569574474,0.6173342060147237,0.0,0.0,0.8526785714285714,0.006210081803889276,0.12275149516856881,0.12486436994343447,0.04087876120657796,0.5394366000036825,0.625,1
private_seed_audit,budget_06_thin_strip,nested-rings,1001,1,hard,smooth,connected,high,moment_preserving_perturbation,blind-sa,protocol_b,0.2452634535680971,0.71875,0.14741784037558686,0.23798498876241625,0.39164773700044625,0.12263172678404854,0.16086849361571962,0.5740125073470237,0.0,0.0,0.8815368196371398,0.0075074065019948705,0.10514124840363168,0.13799625146384303,0.10968037870157188,0.17747749999398366,0.7083333333333334,1
private_seed_audit,budget_06_thin_strip,nested-rings,1001,1,hard,smooth,connected,high,moment_preserving_perturbation,evolutionary-blind,protocol_b,0.23562002672727736,0.71875,0.14929577464788732,0.17577842969871926,0.4035317422115657,0.11781001336363868,0.15049367156657353,0.6173342060147237,0.0,1.0,0.8725490196078431,0.006269142468700041,0.09747947251776441,0.11720747287785649,0.08440359969957578,0.2281541999982437,,1
private_seed_audit,budget_06_thin_strip,nested-rings,1001,1,hard,smooth,connected,high,moment_preserving_perturbation,projected-gradient-blind,protocol_b,0.6059411745073786,0.09375,0.04096385542168675,5.015248438854215,0.90174852220801,0.3029705872536893,0.4368828360853426,0.6112097496319506,0.0,2.0,0.9652406417112299,0.20859752667768472,0.5371931713361672,0.6171164310437719,1.8486755189104573,0.06003950000012992,,1
private_seed_audit,budget_06_thin_strip,nested-rings,1001,1,hard,smooth,connected,high,moment_preserving_perturbation,subset-affine-blind,protocol_b,0.5480380237193501,0.109375,0.05144291091593475,4.052467373328739,0.754643333255089,0.27401901185967503,0.43546943026602275,0.6487349021146128,0.0,2.0,0.9463276836158192,0.24957349976721882,0.560303148783853,0.5781409022877619,1.8486755189104573,1.1347306000025128,,1
private_seed_audit,budget_06_thin_strip,nested-rings,1002,2,hard,smooth,connected,high,structured_dropout,ambiguity-set-sampler,protocol_b,0.2579762547747387,0.46875,0.10855949895615867,1.2795330318773013,0.3314775521609677,0.12898812738736934,0.21443276569237987,0.5381604967672513,0.0,3.0,0.8976470588235295,0.025221955826725675,0.1614757863812838,0.23525781073882296,0.017166582876637193,1.3937577999968198,,6
private_seed_audit,budget_06_thin_strip,nested-rings,1002,2,hard,smooth,connected,high,structured_dropout,best-of-k-restart-blind,protocol_b,0.09952105868836633,1.0,0.16202270381836945,0.3467215150937914,0.11566381677205972,0.049760529344183166,0.07038669185101287,0.3080383733618751,0.0,0.0,0.8717366628830874,0.00017933901203114847,0.06751396527365061,0.048772915301379394,0.209281360273621,0.5232532000009087,0.8166666666666667,1
private_seed_audit,budget_06_thin_strip,nested-rings,1002,2,hard,smooth,connected,high,structured_dropout,blind-sa,protocol_b,0.09952105868836633,1.0,0.16202270381836945,0.3467215150937914,0.11566381677205972,0.049760529344183166,0.07038669185101287,0.3080383733618751,0.0,0.0,0.8717366628830874,0.00017933901203114847,0.06751396527365061,0.048772915301379394,0.209281360273621,0.17704239999875426,0.7916666666666666,1
private_seed_audit,budget_06_thin_strip,nested-rings,1002,2,hard,smooth,connected,high,structured_dropout,evolutionary-blind,protocol_b,0.08776608187073416,1.0,0.15615305067218202,0.3476406229849546,0.10595081039873298,0.04388304093536708,0.06892267505750271,0.28603215591367936,0.0,0.0,0.8665158371040724,0.0002785640533710827,0.11420367572401668,0.04526856735585421,0.026326674418968743,0.21951009999611415,,1
private_seed_audit,budget_06_thin_strip,nested-rings,1002,2,hard,smooth,connected,high,structured_dropout,projected-gradient-blind,protocol_b,0.5609407677360259,0.109375,0.04551724137931035,2.203042100002868,0.828221213579559,0.28047038386801293,0.4116470542565133,0.6103109544015675,0.0,0.0,0.9595808383233533,0.1945801001345535,0.5751476182392443,0.4258805410912375,1.7571291647004355,0.057591600001615006,,1
private_seed_audit,budget_06_thin_strip,nested-rings,1002,2,hard,smooth,connected,high,structured_dropout,subset-affine-blind,protocol_b,0.6339246516106954,0.0625,0.036337209302325583,3.2895361488034873,0.8028073667204768,0.3169623258053477,0.45551194181659044,0.6250877380753316,0.0,0.0,0.9617224880382775,0.27931833157078,0.5914904817806172,0.5129615465742453,1.64601913625743,0.8669119999976829,,1
private_seed_audit,budget_06_thin_strip,nested-rings,1003,3,hard,smooth,connected,high,clustered_occlusion,ambiguity-set-sampler,protocol_b,0.3079394564544911,0.375,0.10332541567695962,1.6933778299494162,0.5514375542227922,0.15396972822724556,0.2643091983140711,0.5303418654963598,0.0,0.0,0.9054593874833555,0.0395963847113416,0.5332957060497845,0.29370619191835984,1.7284714805304497,1.4510214000038104,,6
private_seed_audit,budget_06_thin_strip,nested-rings,1003,3,hard,smooth,connected,high,clustered_occlusion,best-of-k-restart-blind,protocol_b,0.5055976157339892,0.09375,0.0461133069828722,0.0,0.7288947261603824,0.2527988078669946,0.40904523246920743,0.6463539894477732,0.0,1.0,0.9579710144927536,0.19107827376650394,0.5486700300352296,0.6527826865637707,1.4536779143804075,0.5133171999987098,0.7333333333333333,1
private_seed_audit,budget_06_thin_strip,nested-rings,1003,3,hard,smooth,connected,high,clustered_occlusion,blind-sa,protocol_b,0.255060018289834,0.59375,0.12535612535612536,0.4090641740273943,0.43837507817924876,0.127530009144917,0.1551920416001683,0.5015419904399467,0.0,2.0,0.883442265795207,0.002865436544938125,0.1451249047434773,0.06816034926946199,0.18756787151109222,0.17231290000199806,0.7333333333333333,1
private_seed_audit,budget_06_thin_strip,nested-rings,1003,3,hard,smooth,connected,high,clustered_occlusion,evolutionary-blind,protocol_b,0.2605783789268853,0.609375,0.10789980732177264,0.3493445467307502,0.42651693616129593,0.13028918946344265,0.16527804266895363,0.5156983363264049,0.0,1.0,0.9050218340611353,0.0022873160148554643,0.19496157851798857,0.03646143027891606,0.05950174089007998,0.2234898000024259,,1
private_seed_audit,budget_06_thin_strip,nested-rings,1003,3,hard,smooth,connected,high,clustered_occlusion,projected-gradient-blind,protocol_b,0.5207142186367222,0.078125,0.06200527704485488,4.120451149052213,0.7861311288036275,0.2603571093183611,0.4464551046780407,0.5593784739054706,0.0,1.0,0.9391304347826087,0.2641967098200903,0.5535859382982852,0.45757874742591964,1.4815101573689826,0.057434999995166436,,1
private_seed_audit,budget_06_thin_strip,nested-rings,1003,3,hard,smooth,connected,high,clustered_occlusion,subset-affine-blind,protocol_b,0.5707644499177965,0.109375,0.05063291139240506,4.150267065890806,0.80156794395724,0.28538222495889826,0.4250509241240412,0.6114914103833571,0.0,1.0,0.9523076923076923,0.14360649287652494,0.5360626744011004,0.5878845513280747,1.501725070896322,0.9179711000033421,,1
private_seed_audit,budget_06_thin_strip,pinwheel,1000,0,hard,jagged,connected,high,none,ambiguity-set-sampler,protocol_b,0.29981829131521087,0.59375,0.07429245283018868,1.0813716617593276,0.5386626751168648,0.14990914565760544,0.25689910815519,0.6283413274063729,0.0,3.0,0.9371508379888268,0.042169716392513074,0.17452020958415876,0.3156869758489957,0.29962102321483375,1.4417033999998239,,6
private_seed_audit,budget_06_thin_strip,pinwheel,1000,0,hard,jagged,connected,high,none,best-of-k-restart-blind,protocol_b,0.20415358971170827,0.9375,0.13412017167381973,0.20532068309742108,0.22100148637084943,0.10207679485585414,0.12177582220408416,0.584842932013949,0.0,1.0,0.8888888888888888,0.0015072765942854421,0.0948571518542703,0.031384634718604004,0.14669316195786353,0.5397458000006736,0.675,1
private_seed_audit,budget_06_thin_strip,pinwheel,1000,0,hard,jagged,connected,high,none,blind-sa,protocol_b,0.1813759182142411,0.9375,0.21674311926605505,0.19119723647256084,0.2719230767971819,0.09068795910712055,0.1116683538689014,0.444047411343924,0.0,1.0,0.8143631436314362,0.0006290705256271143,0.03728016425425483,0.06420348134407987,0.0021334526270018195,0.17909340000187512,0.5916666666666667,1
private_seed_audit,budget_06_thin_strip,pinwheel,1000,0,hard,jagged,connected,high,none,evolutionary-blind,protocol_b,0.19363741485583857,0.90625,0.14545454545454545,0.1895730917627083,0.2584099775305001,0.09681870742791929,0.12336498430331379,0.487369110011624,0.0,0.0,0.8888888888888888,0.0007968967654912761,0.035247430809650176,0.05001553867189102,0.03942600252791184,0.23135069999989355,,1
private_seed_audit,budget_06_thin_strip,pinwheel,1000,0,hard,jagged,connected,high,none,projected-gradient-blind,protocol_b,0.5234903636089864,0.21875,0.0221606648199446,3.359104906398627,0.8911660687634373,0.2617451818044932,0.41848540230573184,0.6419422315324124,0.0,3.0,0.9837133550488599,0.20436629391970645,0.6118587336609107,0.593245279736015,1.9135517218447964,0.057282499998109415,,1
private_seed_audit,budget_06_thin_strip,pinwheel,1000,0,hard,jagged,connected,high,none,subset-affine-blind,protocol_b,0.42827963906438826,0.203125,0.05623100303951368,5.061073195227614,0.6799121020564391,0.21413981953219413,0.43153300375946685,0.6473558533831453,0.0,3.0,0.9473684210526316,0.25536175449928566,0.5974450281476988,0.6633105787622301,1.7141077643883882,1.1312959999995655,,1
private_seed_audit,budget_06_thin_strip,pinwheel,1001,1,hard,jagged,connected,high,moment_preserving_perturbation,ambiguity-set-sampler,protocol_b,0.3081515839094523,0.578125,0.10319410319410319,1.3954382942471166,0.6170193124817721,0.15407579195472615,0.26831422547077094,0.605929296298591,0.0,1.0,0.9194444444444444,0.043728224655260356,0.2926769395167105,0.35062107887534466,0.2887594250442853,1.4351064000002225,,6
private_seed_audit,budget_06_thin_strip,pinwheel,1001,1,hard,jagged,connected,high,moment_preserving_perturbation,best-of-k-restart-blind,protocol_b,0.22810988433498727,0.90625,0.12876427829698858,0.2059027056072313,0.2725259076187646,0.11405494216749364,0.1367021242522643,0.6065037813477987,0.0,4.0,0.8944174757281553,0.0016108856572831626,0.08232153755053723,0.04751185943339446,0.07277932855256708,0.5318929999993998,0.6083333333333333,1
private_seed_audit,budget_06_thin_strip,pinwheel,1001,1,hard,jagged,connected,high,moment_preserving_perturbation,blind-sa,protocol_b,0.21852512725634057,0.921875,0.16238437821171633,0.2284269719269174,0.2248135117185941,0.10926256362817029,0.14430977368332132,0.584842932013949,0.0,4.0,0.8600237247924081,0.0006880535699702128,0.05594714515759823,0.04520946961023887,0.05129368849020777,0.1778931000008015,0.6416666666666667,1
private_seed_audit,budget_06_thin_strip,pinwheel,1001,1,hard,jagged,connected,high,moment_preserving_perturbation,evolutionary-blind,protocol_b,0.2264809485315347,0.90625,0.13278008298755187,0.19050039869458782,0.2699436798784363,0.11324047426576735,0.13656550332443607,0.5956733566808737,0.0,6.0,0.8923821039903265,0.0014678749809786326,0.04913276287326267,0.04197020587512498,0.10827390582456742,0.23025249999773223,,1
private_seed_audit,budget_06_thin_strip,pinwheel,1001,1,hard,jagged,connected,high,moment_preserving_perturbation,projected-gradient-blind,protocol_b,0.4828183554790742,0.234375,0.02197802197802198,4.081999696716747,0.8090026409623275,0.2414091777395371,0.42557964100451523,0.6721374686597736,0.0,0.0,0.9830769230769231,0.2541682860654553,0.5406166463850128,0.6100913836391915,1.6684834592146953,0.05953690000023926,,1
private_seed_audit,budget_06_thin_strip,pinwheel,1001,1,hard,jagged,connected,high,moment_preserving_perturbation,subset-affine-blind,protocol_b,0.4952113457971248,0.234375,0.040059347181008904,4.3132668909719465,0.7089142455528858,0.2476056728985624,0.41618364285617415,0.6715662309179616,0.0,0.0,0.9579124579124579,0.18053347065139963,0.5334836746954617,0.5837815046968577,1.6610198612125049,1.127513799998269,,1
private_seed_audit,budget_06_thin_strip,pinwheel,1002,2,hard,jagged,connected,high,structured_dropout,ambiguity-set-sampler,protocol_b,0.29444077154198367,0.578125,0.08521303258145363,1.2660515786318676,0.48791341208057876,0.14722038577099184,0.24678304527623668,0.629007778189873,0.0,1.0,0.9263456090651558,0.03557053166378722,0.13892300889499382,0.36659514068124777,0.04030073944619472,1.398320500004047,,6
private_seed_audit,budget_06_thin_strip,pinwheel,1002,2,hard,jagged,connected,high,structured_dropout,best-of-k-restart-blind,protocol_b,0.18684591087603739,0.9375,0.1478723404255319,0.19158333190505084,0.25219519965643283,0.09342295543801869,0.12016848433130824,0.47653868534469895,0.0,1.0,0.8884711779448622,0.0008903116764133715,0.057432388390470476,0.06261546618704233,0.021786064022771168,0.5098887999993167,0.575,1
private_seed_audit,budget_06_thin_strip,pinwheel,1002,2,hard,jagged,connected,high,structured_dropout,blind-sa,protocol_b,0.1983894642294325,0.9375,0.14773980154355015,0.20279902303015665,0.236906935376395,0.09919473211471624,0.11932746667288067,0.49819953467854894,0.0,1.0,0.8647959183673469,0.0006519380397848333,0.08552562987188683,0.05695712206024511,0.11043399073635252,0.17203490000247257,0.8166666666666667,1
private_seed_audit,budget_06_thin_strip,pinwheel,1002,2,hard,jagged,connected,high,structured_dropout,evolutionary-blind,protocol_b,0.1891778642235668,0.9375,0.14790996784565916,0.1948882060237713,0.24256292373238283,0.0945889321117834,0.11916703964695002,0.487369110011624,0.0,1.0,0.8847117794486216,0.0007364131474041439,0.06224936320116393,0.08736603380049461,0.010592680368536112,0.2211916000014753,,1
private_seed_audit,budget_06_thin_strip,pinwheel,1002,2,hard,jagged,connected,high,structured_dropout,projected-gradient-blind,protocol_b,0.506995684714932,0.234375,0.013927576601671309,4.704761622280644,0.8732366192294365,0.253497842357466,0.4170494528841208,0.6260067750850453,0.0,1.0,0.9843260188087775,0.20086393336214106,0.6000602081237209,0.6307399838176473,1.833862691468157,0.05733470000268426,,1
private_seed_audit,budget_06_thin_strip,pinwheel,1002,2,hard,jagged,connected,high,structured_dropout,subset-affine-blind,protocol_b,0.4546625318402177,0.265625,0.04400606980273141,2.9229247765098507,0.7108178762809805,0.22733126592010885,0.41681870155539963,0.635770473420389,0.0,1.0,0.9554030874785592,0.22401297258944164,0.5976938385335201,0.6146795350908396,1.6611004687444053,0.8654427000001306,,1
private_seed_audit,budget_06_thin_strip,pinwheel,1003,3,hard,jagged,connected,high,clustered_occlusion,ambiguity-set-sampler,protocol_b,0.2710124958434299,0.671875,0.11265822784810127,1.0003788333028525,0.5121871651508317,0.13550624792171495,0.2464557444975143,0.6309029507199189,0.0,0.0,0.9018492176386913,0.03194341474348705,0.11282191123560167,0.20050682544982198,0.16506654491804262,1.4154937000057544,,6
private_seed_audit,budget_06_thin_strip,pinwheel,1003,3,hard,jagged,connected,high,clustered_occlusion,best-of-k-restart-blind,protocol_b,0.24523633727321253,0.890625,0.12572087658592848,0.22880406027516575,0.3344055355683053,0.12261816863660627,0.16214034669025815,0.5523516580131738,0.0,1.0,0.8922237380627558,0.0009351434864862979,0.07736168041417243,0.04880116644447666,0.1075973016705607,0.5075958000015817,0.7083333333333334,1
private_seed_audit,budget_06_thin_strip,pinwheel,1003,3,hard,jagged,connected,high,clustered_occlusion,blind-sa,protocol_b,0.26542937447358517,0.84375,0.12149532710280374,0.2612968406603755,0.36101046675622894,0.13271468723679258,0.17522124964395316,0.5740125073470237,0.0,0.0,0.8947368421052632,0.0016016663186878863,0.11962892153717497,0.06625081455270034,0.12623743361148732,0.1731553999998141,0.43333333333333335,1
private_seed_audit,budget_06_thin_strip,pinwheel,1003,3,hard,jagged,connected,high,clustered_occlusion,evolutionary-blind,protocol_b,0.23476169001546046,0.796875,0.13370786516853933,0.20565877446977496,0.35386854301491616,0.11738084500773023,0.1653830094119004,0.574012507347024,0.0,3.0,0.8909574468085106,0.0011161627840998627,0.09214854673890871,0.06386522339027058,0.008455518892009461,0.22131629999785218,,1
private_seed_audit,budget_06_thin_strip,pinwheel,1003,3,hard,jagged,connected,high,clustered_occlusion,projected-gradient-blind,protocol_b,0.4708695014197701,0.265625,0.02074074074074074,2.9878572169661415,0.7699758194439802,0.23543475070988504,0.4116854138857736,0.6931471790986354,0.0,1.0,0.98,0.1821209709281064,0.529622770905795,0.4695688566639184,1.9665693614318756,0.05794109999987995,,1
private_seed_audit,budget_06_thin_strip,pinwheel,1003,3,hard,jagged,connected,high,clustered_occlusion,subset-affine-blind,protocol_b,0.46398969535607276,0.15625,0.055,5.576509039126014,0.7943178972188897,0.23199484767803638,0.43432634504875267,0.6521784644408282,0.0,1.0,0.9508506616257089,0.2930810600323681,0.5095240446122227,0.5697570425200641,1.76447258424758,0.8923088999945321,,1
private_seed_audit,budget_06_thin_strip,spiral,1000,0,hard,smooth,connected,high,structured_dropout,ambiguity-set-sampler,protocol_b,0.3223860382474564,0.484375,0.08139534883720931,1.2038062008150336,0.37790915692599014,0.1611930191237282,0.22520009857611795,0.5648683774851564,0.0,0.0,0.934640522875817,0.04408986750110852,0.22120637298006818,0.1905303169059486,0.044686358827586314,1.3938975000055507,,6
private_seed_audit,budget_06_thin_strip,spiral,1000,0,hard,smooth,connected,high,structured_dropout,best-of-k-restart-blind,protocol_b,0.0982342753869014,0.984375,0.21855670103092784,0.39268866310763223,0.1642895855459976,0.0491171376934507,0.07898133901752057,0.3220068441268772,0.0,1.0,0.8239355581127733,0.0004385469833643623,0.14641248923285896,0.03296685137451196,0.07953507394002868,0.5104447999983677,0.7666666666666667,1
private_seed_audit,budget_06_thin_strip,spiral,1000,0,hard,smooth,connected,high,structured_dropout,blind-sa,protocol_b,0.12535400876419048,0.96875,0.18228105906313646,0.39208730432764133,0.1734223328892934,0.06267700438209524,0.09620508582635501,0.2310166122931901,0.0,0.0,0.8391203703703703,0.0006538681744722414,0.17896197828092292,0.032254351393742386,0.0937375643607159,0.17309630000090692,0.875,1
private_seed_audit,budget_06_thin_strip,spiral,1000,0,hard,smooth,connected,high,structured_dropout,evolutionary-blind,protocol_b,0.11826167770283852,0.984375,0.17352056168505517,0.32129116853453954,0.1471005317209109,0.05913083885141926,0.0834742982417401,0.35205080825826673,0.0,1.0,0.8662131519274376,0.0009277591936806013,0.2105225845086028,0.054437168525780295,0.038686031014093736,0.232977599996957,,1
private_seed_audit,budget_06_thin_strip,spiral,1000,0,hard,smooth,connected,high,structured_dropout,projected-gradient-blind,protocol_b,0.5602375970710721,0.09375,0.027559055118110236,3.12665562484125,0.9381608449108179,0.28011879853553606,0.39822107355734704,0.6620525366519601,0.0,0.0,0.9749262536873157,0.18358191441184996,0.5974659951983345,0.46829867708844086,1.4773467378902199,0.05918699999892851,,1
private_seed_audit,budget_06_thin_strip,spiral,1000,0,hard,smooth,connected,high,structured_dropout,subset-affine-blind,protocol_b,0.540271438457988,0.109375,0.036935704514363885,3.9494741983842707,0.7569337139781165,0.270135719228994,0.4025446036643878,0.6091083368545147,0.0,0.0,0.9659969088098919,0.23263803858684626,0.5984902756116799,0.5336368908500699,1.405774292640449,0.8715672000034829,,1
private_seed_audit,budget_06_thin_strip,spiral,1001,1,hard,smooth,connected,high,clustered_occlusion,ambiguity-set-sampler,protocol_b,0.31686226904911813,0.390625,0.0728476821192053,1.517184475842174,0.5006152321993628,0.15843113452455906,0.2503236118371522,0.6527369269294974,0.0,0.0,0.9413233458177278,0.035714606873801374,0.4366615217377827,0.26805046925008313,0.41704419293044004,1.404170099995099,,6
private_seed_audit,budget_06_thin_strip,spiral,1001,1,hard,smooth,connected,high,clustered_occlusion,best-of-k-restart-blind,protocol_b,0.22245028362962338,0.625,0.15233949945593037,0.41803887338714374,0.3724285427755431,0.11122514181481169,0.16957513328261503,0.3522295915296958,0.0,1.0,0.880195599022005,0.002803457792094525,0.07429666385425507,0.07516290902934938,0.07111060956476889,0.5120412000032957,0.7,1
private_seed_audit,budget_06_thin_strip,spiral,1001,1,hard,smooth,connected,high,clustered_occlusion,blind-sa,protocol_b,0.22367769774595941,0.671875,0.134185303514377,0.45954284246942917,0.36324525011733055,0.11183884887297971,0.17515227563080552,0.3201785706117962,0.0,1.0,0.9031862745098039,0.003373497046296715,0.060366693569328174,0.05449933933928315,0.09137496254539501,0.17546679999941261,0.6583333333333333,1
private_seed_audit,budget_06_thin_strip,spiral,1001,1,hard,smooth,connected,high,clustered_occlusion,evolutionary-blind,protocol_b,0.23301042024722027,0.65625,0.14676889375684557,0.3009084653379734,0.38346406285327894,0.11650521012361013,0.18058019536622344,0.39370225718331997,0.0,1.0,0.8857493857493858,0.0018120174013311504,0.1061648202063952,0.08849541166633046,0.06294830079723024,0.22310480000305688,,1
private_seed_audit,budget_06_thin_strip,spiral,1001,1,hard,smooth,connected,high,clustered_occlusion,projected-gradient-blind,protocol_b,0.5261142536654988,0.109375,0.02513227513227513,3.7743516271335515,0.8173589754080997,0.2630571268327494,0.42114438021340395,0.6594828057723505,0.0,1.0,0.974739970282318,0.19946914089235,0.5358616626978281,0.5184501150068027,1.5623381155453495,0.05726410000352189,,1
private_seed_audit,budget_06_thin_strip,spiral,1001,1,hard,smooth,connected,high,clustered_occlusion,subset-affine-blind,protocol_b,0.6056266376942611,0.046875,0.026912181303116147,5.536513976405894,0.7101778978015288,0.30281331884713053,0.4322321026316704,0.669750584383555,0.0,1.0,0.9727126805778491,0.2216407157552644,0.5339473678033829,0.6089485070042562,1.519716363845109,0.9044660999934422,,1
private_seed_audit,budget_06_thin_strip,spiral,1002,2,hard,smooth,connected,high,none,ambiguity-set-sampler,protocol_b,0.33509605726626507,0.4375,0.0703125,1.2284718314291059,0.5266740558078762,0.16754802863313253,0.2632526700914325,0.604259996582709,0.0,0.0,0.9522613065326633,0.05582695576686832,0.15717404985179956,0.2501150841731845,0.1588246698524216,1.4580792999986443,,6
private_seed_audit,budget_06_thin_strip,spiral,1002,2,hard,smooth,connected,high,none,best-of-k-restart-blind,protocol_b,0.18815167544436553,0.75,0.20424671385237614,0.3242924485071702,0.1931017682248391,0.09407583772218277,0.13277300762687175,0.3220068441268773,0.0,3.0,0.8331402085747392,0.0004949106234636654,0.07601310718636013,0.02634064596534214,0.01606026614747691,0.5458316999938688,0.75,1
private_seed_audit,budget_06_thin_strip,spiral,1002,2,hard,smooth,connected,high,none,blind-sa,protocol_b,0.18815167544436553,0.75,0.20424671385237614,0.3242924485071702,0.1931017682248391,0.09407583772218277,0.13277300762687175,0.3220068441268773,0.0,3.0,0.8331402085747392,0.0004949106234636654,0.07601310718636013,0.02634064596534214,0.01606026614747691,0.17936399999598507,0.5833333333333334,1
private_seed_audit,budget_06_thin_strip,spiral,1002,2,hard,smooth,connected,high,none,evolutionary-blind,protocol_b,0.12692648057060926,1.0,0.12026515151515152,0.310412529214514,0.1222999115426809,0.06346324028530463,0.09251273000875562,0.3140823153408243,0.0,0.0,0.8955386289445049,0.0006354706453886325,0.10364845026941388,0.04312363669665852,0.022462668223306004,0.2351057000050787,,1
private_seed_audit,budget_06_thin_strip,spiral,1002,2,hard,smooth,connected,high,none,projected-gradient-blind,protocol_b,0.5017435512072148,0.140625,0.02402022756005057,3.356696128508121,0.7378739346811408,0.2508717756036074,0.4058747531029687,0.6931471790871704,0.0,0.0,0.9784172661870504,0.18112469000855536,0.38109324856013427,0.5156634876587891,0.1964095380141644,0.057474199995340314,,1
private_seed_audit,budget_06_thin_strip,spiral,1002,2,hard,smooth,connected,high,none,subset-affine-blind,protocol_b,0.5077722365917586,0.109375,0.04801097393689986,2.9952404718211514,0.8026696046270271,0.2538861182958793,0.3910749514351038,0.6401093798554122,0.0,0.0,0.9528301886792453,0.19546389454873087,0.5532572210467839,0.525608393218471,1.483530952826632,1.21221279999736,,1
private_seed_audit,budget_06_thin_strip,spiral,1003,3,hard,smooth,connected,high,moment_preserving_perturbation,ambiguity-set-sampler,protocol_b,0.35414403661661026,0.375,0.07990867579908675,1.398465144388288,0.5652515929166056,0.17707201830830513,0.2866878105503766,0.6506069320336636,0.0,2.0,0.9219765929778934,0.045482628629321474,0.5145955383336407,0.32796646828386494,0.7632782556477302,1.4395331999985501,,6
private_seed_audit,budget_06_thin_strip,spiral,1003,3,hard,smooth,connected,high,moment_preserving_perturbation,best-of-k-restart-blind,protocol_b,0.5423429710508711,0.09375,0.029023746701846966,0.0,0.705023357233118,0.2711714855254356,0.4208917975540862,0.6499852825625375,0.0,3.0,0.9705882352941176,0.18676802593562558,0.5791322153536498,0.6931471803761757,1.4559666485520468,0.5323385000010603,0.7833333333333333,1
private_seed_audit,budget_06_thin_strip,spiral,1003,3,hard,smooth,connected,high,moment_preserving_perturbation,blind-sa,protocol_b,0.2476606806162919,0.609375,0.14202334630350194,0.254922057822065,0.47617474038597923,0.12383034030814595,0.16982924303051744,0.5740125073470239,0.0,2.0,0.8803222094361335,0.003984546989516974,0.09914567416077782,0.1764172866315337,0.1574073481065308,0.18062210000061896,0.4083333333333333,1
private_seed_audit,budget_06_thin_strip,spiral,1003,3,hard,smooth,connected,high,moment_preserving_perturbation,evolutionary-blind,protocol_b,0.24845355253717463,0.59375,0.14455445544554454,0.2492451948400049,0.47932150783209465,0.12422677626858732,0.17047671516416144,0.5740125073470239,0.0,1.0,0.8725146198830409,0.003951148463406015,0.09771345637739534,0.15245934390943905,0.09565130973307223,0.22927340000023833,,1
private_seed_audit,budget_06_thin_strip,spiral,1003,3,hard,smooth,connected,high,moment_preserving_perturbation,projected-gradient-blind,protocol_b,0.5432965060617488,0.109375,0.0274869109947644,4.657459047110195,0.7531243009681747,0.2716482530308744,0.43711752984289504,0.6931471792379202,0.0,3.0,0.9707602339181287,0.18466448545804837,0.5753409801200732,0.6455110114558729,1.4855961923968493,0.058683499999460764,,1
private_seed_audit,budget_06_thin_strip,spiral,1003,3,hard,smooth,connected,high,moment_preserving_perturbation,subset-affine-blind,protocol_b,0.5192062176903111,0.09375,0.044382801664355064,4.902090725944549,0.8166843129708248,0.25960310884515553,0.4345298412519562,0.6702515163401901,0.0,3.0,0.953416149068323,0.18527147355772772,0.5808284264801491,0.6227628407728979,1.4662694432884498,1.1364580000008573,,1
private_seed_audit,budget_06_thin_strip,volatility-clustering,1000,0,hard,jagged,connected,high,moment_preserving_perturbation,ambiguity-set-sampler,protocol_b,0.3017179354949413,0.546875,0.04830917874396135,1.7488343125059957,0.6655813752100024,0.15085896774747065,0.3023877506570692,0.630957894228197,0.0,4.0,0.9520451339915373,0.07091686036317425,0.5219293661335387,0.40865257788986914,1.9405040829448634,1.4561463999998523,,6
private_seed_audit,budget_06_thin_strip,volatility-clustering,1000,0,hard,jagged,connected,high,moment_preserving_perturbation,best-of-k-restart-blind,protocol_b,0.24134895897515674,0.90625,0.16056910569105692,0.25683435864069637,0.3706263729151746,0.12067447948757837,0.14059709718321006,0.5523516580131741,0.0,1.0,0.8683886838868389,0.0006593978411002454,0.03396910960188987,0.029933712543969697,0.09796532380600764,0.5416026999955648,0.4666666666666667,1
private_seed_audit,budget_06_thin_strip,volatility-clustering,1000,0,hard,jagged,connected,high,moment_preserving_perturbation,blind-sa,protocol_b,0.2507157503282075,0.84375,0.14171656686626746,0.2763675989065142,0.29739203639097983,0.12535787516410374,0.15276871113175627,0.5740125073470239,0.0,1.0,0.8880688806888068,0.0010335286747115138,0.056530599280565905,0.041801376392124966,0.17479185035859723,0.18184739999560406,0.31666666666666665,1
private_seed_audit,budget_06_thin_strip,volatility-clustering,1000,0,hard,jagged,connected,high,moment_preserving_perturbation,evolutionary-blind,protocol_b,0.24683242177920395,0.90625,0.15876288659793814,0.24403504615574814,0.37204153359878617,0.12341621088960197,0.14525818425243112,0.5523516580131741,0.0,4.0,0.8633004926108374,0.0008056823071657991,0.030070407974567767,0.028809067901801162,0.06564128666725244,0.23308539999561617,,1
private_seed_audit,budget_06_thin_strip,volatility-clustering,1000,0,hard,jagged,connected,high,moment_preserving_perturbation,projected-gradient-blind,protocol_b,0.5217255065040466,0.21875,0.017333333333333333,6.714601839953118,0.9509124673092227,0.2608627532520233,0.44059758262614984,0.6709410406999504,0.0,4.0,0.9860896445131375,0.24881426504194576,0.5150553690760248,0.6421983503052227,1.7299344675649524,0.05779070000426145,,1
private_seed_audit,budget_06_thin_strip,volatility-clustering,1000,0,hard,jagged,connected,high,moment_preserving_perturbation,subset-affine-blind,protocol_b,0.48841882366152556,0.203125,0.034139402560455195,4.602584718119424,0.8646317467987097,0.24420941183076278,0.4622407050290051,0.6686199226201103,0.0,4.0,0.9683333333333334,0.25286360028214994,0.5471167826687848,0.6021981302619008,2.1119524933073848,1.1416090999991866,,1
private_seed_audit,budget_06_thin_strip,volatility-clustering,1001,1,hard,jagged,connected,high,structured_dropout,ambiguity-set-sampler,protocol_b,0.2931498540330476,0.59375,0.049576783555018135,1.4003485364248438,0.5589772726923424,0.1465749270165238,0.26124755238132413,0.6080666850712831,0.0,5.0,0.9556509298998569,0.045837069706409925,0.22569075615868162,0.3101253646950531,0.424541748932066,1.3877267999996548,,6
private_seed_audit,budget_06_thin_strip,volatility-clustering,1001,1,hard,jagged,connected,high,structured_dropout,best-of-k-restart-blind,protocol_b,0.23077237434872266,0.921875,0.16666666666666666,0.28136466126132154,0.33970085437860065,0.11538618717436133,0.14734887333382377,0.5198603840123991,0.0,1.0,0.8778220451527224,0.0007971232441017998,0.03492027837285126,0.06275942881440352,0.02539423078450076,0.5075776000012411,0.5166666666666667,1
private_seed_audit,budget_06_thin_strip,volatility-clustering,1001,1,hard,jagged,connected,high,structured_dropout,blind-sa,protocol_b,0.227723535892849,0.921875,0.17824074074074073,0.3014059054980983,0.30790151416779343,0.1138617679464245,0.14701872855677658,0.5090299593454739,0.0,3.0,0.8479452054794521,0.0008134762137330304,0.06900795085331125,0.09068751786773759,0.026127185504453365,0.17379220000293572,0.6416666666666667,1
private_seed_audit,budget_06_thin_strip,volatility-clustering,1001,1,hard,jagged,connected,high,structured_dropout,evolutionary-blind,protocol_b,0.21948408846931425,0.921875,0.2191142191142191,0.28084364661294103,0.3148415144214167,0.10974204423465712,0.1483176995228307,0.476538685344699,0.0,1.0,0.8331071913161465,0.0008398544409219542,0.1237119876951055,0.05287739717130658,0.07754470160573979,0.21987430000444874,,1
private_seed_audit,budget_06_thin_strip,volatility-clustering,1001,1,hard,jagged,connected,high,structured_dropout,projected-gradient-blind,protocol_b,0.41400678086493325,0.25,0.02005730659025788,5.115848588729153,0.7909163050236827,0.20700339043246663,0.39905681554368316,0.6744163765901499,0.0,5.0,0.978405315614618,0.18716770647177,0.5744267416173963,0.5626639633529507,1.6144707089905552,0.05683139999746345,,1
private_seed_audit,budget_06_thin_strip,volatility-clustering,1001,1,hard,jagged,connected,high,structured_dropout,subset-affine-blind,protocol_b,0.48171733577583303,0.203125,0.026706231454005934,5.42625633965498,0.8360392507232827,0.24085866788791652,0.40182943527595655,0.6284043342071128,0.0,5.0,0.9759036144578314,0.22042391290407862,0.5784894842034938,0.613036383141393,1.7408817536399788,0.8381891000026371,,1
private_seed_audit,budget_06_thin_strip,volatility-clustering,1002,2,hard,jagged,connected,high,clustered_occlusion,ambiguity-set-sampler,protocol_b,0.32773725560410166,0.40625,0.03756476683937824,1.8614975283033497,0.6338698053929566,0.16386862780205083,0.315379460967541,0.6342516317603033,0.0,5.0,0.9715994020926756,0.08786137373366239,0.25219824819457837,0.46381649896344934,0.2066182014514819,1.393742000000202,,6
private_seed_audit,budget_06_thin_strip,volatility-clustering,1002,2,hard,jagged,connected,high,clustered_occlusion,best-of-k-restart-blind,protocol_b,0.1730993758421469,0.90625,0.2601010101010101,0.39485659152772423,0.2663226133575112,0.08654968792107345,0.13002255399396417,0.40072571267622414,0.0,2.0,0.7878787878787878,0.0034565599760306913,0.072107362560106,0.03848218896413996,0.01858951445906465,0.5086317999957828,0.475,1
private_seed_audit,budget_06_thin_strip,volatility-clustering,1002,2,hard,jagged,connected,high,clustered_occlusion,blind-sa,protocol_b,0.1730993758421469,0.90625,0.2601010101010101,0.39485659152772423,0.2663226133575112,0.08654968792107345,0.13002255399396417,0.40072571267622414,0.0,2.0,0.7878787878787878,0.0034565599760306913,0.072107362560106,0.03848218896413996,0.01858951445906465,0.17163240000081714,0.7333333333333333,1
private_seed_audit,budget_06_thin_strip,volatility-clustering,1002,2,hard,jagged,connected,high,clustered_occlusion,evolutionary-blind,protocol_b,0.1741607136552772,0.890625,0.23921085080147966,0.3796304626511321,0.26652748113801433,0.0870803568276386,0.13038431103439432,0.3875021972858248,0.0,1.0,0.8050847457627118,0.003061251374641039,0.09150327074889719,0.046489522497922056,0.006012581338764811,0.22156009999889648,,1
private_seed_audit,budget_06_thin_strip,volatility-clustering,1002,2,hard,jagged,connected,high,clustered_occlusion,projected-gradient-blind,protocol_b,0.46791417137638386,0.25,0.013966480446927373,2.872419997540443,0.8986156941927298,0.23395708568819193,0.4197851994662665,0.6754679127303667,0.0,6.0,0.9887820512820513,0.215714109284244,0.518429626827146,0.5421320537062513,1.6786192426590572,0.05713909999758471,,1
private_seed_audit,budget_06_thin_strip,volatility-clustering,1002,2,hard,jagged,connected,high,clustered_occlusion,subset-affine-blind,protocol_b,0.54938692596694,0.15625,0.020802377414561663,6.341621288256608,0.8747118634817068,0.27469346298347,0.46038229667586633,0.6931471793092321,0.0,6.0,0.9811643835616438,0.28193607915762153,0.5182336524197306,0.572198651062386,1.777847336196817,0.8860428999978467,,1
private_seed_audit,budget_06_thin_strip,volatility-clustering,1003,3,hard,jagged,connected,high,none,ambiguity-set-sampler,protocol_b,0.2982534317692804,0.703125,0.08695652173913043,1.3651537397257802,0.6060970535220718,0.1491267158846402,0.25926968071006096,0.5860726903206672,0.0,6.0,0.923728813559322,0.04625303014573308,0.30024957412076,0.3324435346986312,0.3634153987372839,1.4441865000044345,,6
private_seed_audit,budget_06_thin_strip,volatility-clustering,1003,3,hard,jagged,connected,high,none,best-of-k-restart-blind,protocol_b,0.14537695994840547,1.0,0.21967963386727687,0.37083312457545947,0.17628470610842006,0.07268847997420273,0.08828862987303736,0.40072571267622414,0.0,5.0,0.8502080443828017,0.0007465522543096293,0.07029675361882383,0.027903358080707888,0.06726684399174276,0.5342865999991773,0.7833333333333333,1
private_seed_audit,budget_06_thin_strip,volatility-clustering,1003,3,hard,jagged,connected,high,none,blind-sa,protocol_b,0.1415255393387239,1.0,0.30941176470588233,0.41776808988974706,0.1727907236921352,0.07076276966936194,0.09044017928805582,0.4093339816721404,0.0,3.0,0.7572674418604651,0.0005113272213033916,0.05351047960560669,0.06310684897745561,0.09561317002576342,0.17839470000035362,0.625,1
private_seed_audit,budget_06_thin_strip,volatility-clustering,1003,3,hard,jagged,connected,high,none,evolutionary-blind,protocol_b,0.1424081938402686,1.0,0.224373576309795,0.350656899151429,0.17266373579410835,0.0712040969201343,0.08756162773753713,0.4115561373431491,0.0,5.0,0.8473177441540578,0.0007709027735359369,0.10642153579304786,0.028898475238848302,0.09444080082334905,0.22775130000081845,,1
private_seed_audit,budget_06_thin_strip,volatility-clustering,1003,3,hard,jagged,connected,high,none,projected-gradient-blind,protocol_b,0.5055005417581317,0.25,0.014248704663212436,3.2034446924968942,0.942932751556838,0.2527502708790659,0.4364515734490866,0.674021610616428,0.0,6.0,0.9857142857142858,0.2324337834005279,0.6273526577887116,0.5917039514737987,1.720581278414155,0.0584517000024789,,1
private_seed_audit,budget_06_thin_strip,volatility-clustering,1003,3,hard,jagged,connected,high,none,subset-affine-blind,protocol_b,0.43802951573771876,0.265625,0.04076086956521739,3.058328241648684,0.7760342340200803,0.21901475786885938,0.4534438352185912,0.6731486844848086,0.0,6.0,0.9717138103161398,0.2510215444836261,0.6231952896661609,0.5633164791979757,1.4906819315845414,1.1238031000029878,,1
private_seed_audit,budget_10_extreme,barbell-bridge,1000,0,hard,jagged,connected,high,structured_dropout,ambiguity-set-sampler,protocol_b,0.3283390557157504,0.34375,0.05410122164048865,2.909310518164054,1.0378351763435552,0.1641695278578752,0.3549798361162984,0.6745929045161888,0.0,1.0,0.9502982107355865,0.08829284197419057,0.534802087683214,0.5277283223126741,1.4913500067087475,1.4090972999983933,,6
private_seed_audit,budget_10_extreme,barbell-bridge,1000,0,hard,jagged,connected,high,structured_dropout,best-of-k-restart-blind,protocol_b,0.7585547171809832,0.03125,0.054279749478079335,0.0,1.10590428280486,0.3792773585904916,0.6200342189270567,0.6600614560859335,0.0,2.0,0.9447115384615384,0.49321162627279674,0.5807992020885184,0.6527826865643707,1.9487511299985532,0.4965656999993371,0.075,1
private_seed_audit,budget_10_extreme,barbell-bridge,1000,0,hard,jagged,connected,high,structured_dropout,blind-sa,protocol_b,0.19533850378281728,0.8125,0.18048780487804877,0.441760227301705,0.24528659247123766,0.09766925189140864,0.12833677276912495,0.531400316282072,0.0,3.0,0.8565656565656565,0.001088013957458256,0.03717107066162073,0.08088142874176132,0.1476625504227358,0.1741041999994195,0.08333333333333333,1
private_seed_audit,budget_10_extreme,barbell-bridge,1000,0,hard,jagged,connected,high,structured_dropout,evolutionary-blind,protocol_b,0.20470069253756368,0.84375,0.23581560283687944,0.3723162350764314,0.23966978137276027,0.10235034626878184,0.13822486952817528,0.3723456845195043,0.0,1.0,0.7974947807933195,0.0010719319049874417,0.026394658093499,0.02980205434535023,0.04136524334088154,0.23614690000249539,,1
private_seed_audit,budget_10_extreme,barbell-bridge,1000,0,hard,jagged,connected,high,structured_dropout,projected-gradient-blind,protocol_b,0.7230555984203013,0.0625,0.03578528827037773,7.93725393319377,2.3855138140830565,0.36152779921015066,0.628288120894205,0.6931471794158919,0.0,2.0,0.9659863945578231,0.5501947303847877,0.6038237230700012,0.6304765257004588,2.1020579516338285,0.05850540000392357,,1
private_seed_audit,budget_10_extreme,barbell-bridge,1000,0,hard,jagged,connected,high,structured_dropout,subset-affine-blind,protocol_b,0.6637074248231999,0.0625,0.00998003992015968,0.0,1.2059662755701221,0.33185371241159994,0.590671224663298,0.6931471794033939,0.0,2.0,0.9908466819221968,0.523467942167172,0.5603031487845602,0.6527826865643707,1.749143915417473,0.9125101999961771,,1
private_seed_audit,budget_10_extreme,barbell-bridge,1001,1,hard,jagged,connected,high,clustered_occlusion,ambiguity-set-sampler,protocol_b,0.32159270022657443,0.359375,0.12564543889845095,1.9543219621948695,0.8777341109286385,0.16079635011328722,0.3412419449609796,0.5530473719707503,0.0,3.0,0.9064449064449065,0.08485711331403524,0.6231952896670769,0.42029431947242246,1.4985893888835664,1.3795629000014742,,6
private_seed_audit,budget_10_extreme,barbell-bridge,1001,1,hard,jagged,connected,high,clustered_occlusion,best-of-k-restart-blind,protocol_b,0.6926098430397393,0.0625,0.04,0.0,1.1080495902862204,0.34630492151986964,0.5533449350393987,0.6244013505888221,0.0,5.0,0.9604651162790697,0.4818048139205913,0.6311172678375592,0.6231284204340388,1.876206423336143,0.4961165999993682,0.6583333333333333,1
private_seed_audit,budget_10_extreme,barbell-bridge,1001,1,hard,jagged,connected,high,clustered_occlusion,blind-sa,protocol_b,0.2660296441976641,0.5625,0.2595419847328244,0.6127196788933043,0.2873990758231766,0.13301482209883206,0.19581518991859936,0.33149755231054534,0.0,2.0,0.8171846435100548,0.0009170998431879715,0.10067892257525932,0.06277293522328424,0.14246169368538553,0.17275740000332007,0.675,1
private_seed_audit,budget_10_extreme,barbell-bridge,1001,1,hard,jagged,connected,high,clustered_occlusion,evolutionary-blind,protocol_b,0.2575114900990211,0.625,0.29093799682034976,0.4911090441821208,0.2838800617871938,0.12875574504951054,0.1885637713770808,0.2902842073887818,0.0,2.0,0.7866666666666666,0.0008045952905703672,0.0969387486572903,0.06279159398871251,0.2092308516314536,0.22362969999812776,,1
private_seed_audit,budget_10_extreme,barbell-bridge,1001,1,hard,jagged,connected,high,clustered_occlusion,projected-gradient-blind,protocol_b,0.7672323859211828,0.046875,0.03903345724907063,7.937253933193773,2.335365501667821,0.3836161929605914,0.6231678364841077,0.6587742650189754,0.0,5.0,0.9707865168539326,0.548291877123999,0.6420743371602917,0.60225063611032,2.1068507410755086,0.06241720000252826,,1
private_seed_audit,budget_10_extreme,barbell-bridge,1001,1,hard,jagged,connected,high,clustered_occlusion,subset-affine-blind,protocol_b,0.7200997826043629,0.046875,0.03910614525139665,5.685102295026544,1.3922794732885206,0.36004989130218146,0.62319238752659,0.6359280245845796,0.0,5.0,0.9613636363636364,0.4055822532911008,0.6337358983675339,0.5937801795732852,1.9535439194402333,0.912393599995994,,1
private_seed_audit,budget_10_extreme,barbell-bridge,1002,2,hard,jagged,connected,high,none,ambiguity-set-sampler,protocol_b,0.29387722065037303,0.390625,0.16545454545454547,1.625521864082579,0.7076756275267735,0.14693861032518651,0.30438811226180934,0.5300088591049681,0.0,5.0,0.8583333333333334,0.07813490332863958,0.518903185843853,0.42857753281338834,1.4789627869190152,1.4386892000038642,,6
private_seed_audit,budget_10_extreme,barbell-bridge,1002,2,hard,jagged,connected,high,none,best-of-k-restart-blind,protocol_b,0.7054265040310804,0.078125,0.0893970893970894,0.0,1.3369500742474612,0.3527132520155402,0.5976869314606242,0.6277869439823878,0.0,6.0,0.9108433734939759,0.49159325725505315,0.5012785209840043,0.6931471803894451,2.028648177725603,0.5562696999986656,0.058333333333333334,1
private_seed_audit,budget_10_extreme,barbell-bridge,1002,2,hard,jagged,connected,high,none,blind-sa,protocol_b,0.112214190188467,0.9375,0.3304042179261863,0.42099645114444684,0.23886463888177514,0.0561070950942335,0.06407337097571816,0.22333058442061354,0.0,1.0,0.71900826446281,0.0007884575217123629,0.06498595310453983,0.06422879845818844,0.012142614458866774,0.18503190000046743,0.06666666666666667,1
private_seed_audit,budget_10_extreme,barbell-bridge,1002,2,hard,jagged,connected,high,none,evolutionary-blind,protocol_b,0.13943830272775556,0.984375,0.3022452504317789,0.39745249292048107,0.20084732543096728,0.06971915136387778,0.1004458720217654,0.29067462333729754,0.0,5.0,0.7777777777777778,0.00016804064020863897,0.09898907727146043,0.06871973959559322,0.10169360935241123,0.24566250000498258,,1
private_seed_audit,budget_10_extreme,barbell-bridge,1002,2,hard,jagged,connected,high,none,projected-gradient-blind,protocol_b,0.7470653894399397,0.046875,0.0531496062992126,7.937253933193771,1.4883438522307488,0.37353269471996986,0.6176453679049337,0.6627243898036249,0.0,6.0,0.9474885844748858,0.5045903085755796,0.4994660259325575,0.6707189442454966,1.9784999956431684,0.05605179999838583,,1
private_seed_audit,budget_10_extreme,barbell-bridge,1002,2,hard,jagged,connected,high,none,subset-affine-blind,protocol_b,0.6693480629965389,0.0625,0.04519774011299435,7.937253933193771,1.2976917129067742,0.33467403149826946,0.6008100402412626,0.662724389803625,0.0,6.0,0.9611231101511879,0.47848170059488476,0.5045370046354982,0.6823167557049201,2.0872241391109574,1.1449018999992404,,1
private_seed_audit,budget_10_extreme,barbell-bridge,1003,3,hard,jagged,connected,high,moment_preserving_perturbation,ambiguity-set-sampler,protocol_b,0.38215110810449404,0.25,0.03902439024390244,1.9861497078781687,0.8517446500044673,0.19107555405224702,0.35977410842441504,0.6595769771090954,0.0,3.0,0.9712643678160919,0.14588675255224448,0.5743113202945127,0.4456111336318953,1.584279648903343,1.4427590999985114,,6
private_seed_audit,budget_10_extreme,barbell-bridge,1003,3,hard,jagged,connected,high,moment_preserving_perturbation,best-of-k-restart-blind,protocol_b,0.6883296682423935,0.046875,0.05162523900573614,0.0,1.0504905993347178,0.34416483412119675,0.5593830969149137,0.6293448289556338,0.0,3.0,0.9518348623853211,0.4786595408762053,0.5942842992221913,0.6931471803772478,2.0431468099959527,0.5171444000006886,0.7583333333333333,1
private_seed_audit,budget_10_extreme,barbell-bridge,1003,3,hard,jagged,connected,high,moment_preserving_perturbation,blind-sa,protocol_b,0.21805840373336013,0.78125,0.20743919885550788,0.3708196324054153,0.30300149258187287,0.10902920186668007,0.13649905333143691,0.47482933483108813,0.0,3.0,0.8496621621621622,0.001033842141929052,0.03589359534148249,0.08389075424126281,0.004164392085193036,0.178280399995856,0.05,1
private_seed_audit,budget_10_extreme,barbell-bridge,1003,3,hard,jagged,connected,high,moment_preserving_perturbation,evolutionary-blind,protocol_b,0.21653691242496698,0.734375,0.17275280898876405,0.32476312995574713,0.2827005482011453,0.10826845621248349,0.13414001045988547,0.5477676999623743,0.0,3.0,0.856175972927242,0.0012088891434721728,0.0731514930997481,0.08125187022040439,0.0382806488078522,0.23118999999860534,,1
private_seed_audit,budget_10_extreme,barbell-bridge,1003,3,hard,jagged,connected,high,moment_preserving_perturbation,projected-gradient-blind,protocol_b,0.755048510178356,0.046875,0.03551401869158879,0.0,1.3313262720640602,0.377524255089178,0.6128521730416167,0.6612460041691803,0.0,3.0,0.9690949227373068,0.5920419042739276,0.5916613266050672,0.6931471803772478,2.0027725533529304,0.056544899998698384,,1
private_seed_audit,budget_10_extreme,barbell-bridge,1003,3,hard,jagged,connected,high,moment_preserving_perturbation,subset-affine-blind,protocol_b,0.6098530324933955,0.0625,0.033928571428571426,0.0,1.1228484417524647,0.30492651624669775,0.5492580269183918,0.6634346224335685,0.0,3.0,0.9706498951781971,0.43445538060652356,0.5975772895823073,0.6931471803772478,2.087729488163439,1.1546046000003116,,1
private_seed_audit,budget_10_extreme,crescent,1000,0,hard,smooth,connected,high,none,ambiguity-set-sampler,protocol_b,0.29723202057778225,0.375,0.08,1.9126579008502902,0.9177877553990865,0.14861601028889113,0.3345998633576918,0.5531874280712177,0.0,7.0,0.933993399339934,0.057111668211199736,0.6233156006664566,0.47170005222356126,1.463782007787646,1.4349125000007916,,6
private_seed_audit,budget_10_extreme,crescent,1000,0,hard,smooth,connected,high,none,best-of-k-restart-blind,protocol_b,0.8569087623014622,0.015625,0.03473491773308958,0.0,1.319583835274643,0.4284543811507311,0.6372795319601908,0.6931471794824456,0.0,7.0,0.9658848614072495,0.515112076338715,0.6292900206398684,0.6231284203978921,1.7679018337934111,0.5477555999968899,0.6583333333333333,1
private_seed_audit,budget_10_extreme,crescent,1000,0,hard,smooth,connected,high,none,blind-sa,protocol_b,0.1135600595169703,0.953125,0.3448844884488449,0.7443000809297843,0.16125212336948938,0.05678002975848515,0.08037426557285073,0.2685068707811535,0.0,3.0,0.7592233009708738,0.0013989509517735952,0.08444432008227912,0.059160109336301406,0.08025796391848283,0.1828146999978344,0.041666666666666664,1
private_seed_audit,budget_10_extreme,crescent,1000,0,hard,smooth,connected,high,none,evolutionary-blind,protocol_b,0.10121895895603633,0.96875,0.2338235294117647,0.43920218586689097,0.1644570260653631,0.050609479478018166,0.08247907711343465,0.31604298086849847,0.0,1.0,0.8324786324786325,0.0015743389530165728,0.05728976303740359,0.036328433728265906,0.1024279129741843,0.23593499999697087,,1
private_seed_audit,budget_10_extreme,crescent,1000,0,hard,smooth,connected,high,none,projected-gradient-blind,protocol_b,0.7984533999803518,0.015625,0.045207956600361664,7.937253933193772,3.3231971342878386,0.3992266999901759,0.6842755588747135,0.6573698081393488,0.0,7.0,0.9536842105263158,0.4876096626184114,0.642074337159727,0.5998225576613416,2.064187157976324,0.057860400003846735,,1
private_seed_audit,budget_10_extreme,crescent,1000,0,hard,smooth,connected,high,none,subset-affine-blind,protocol_b,0.7196309124995462,0.0625,0.01565217391304348,7.93725393319377,1.1960364380344792,0.3598154562497731,0.5449604126339179,0.6931471794089505,0.0,7.0,0.9879518072289156,0.2549419950217605,0.6236168658296074,0.6057977194702815,1.4831087568960455,1.1414292999979807,,1
private_seed_audit,budget_10_extreme,crescent,1001,1,hard,smooth,connected,high,moment_preserving_perturbation,ambiguity-set-sampler,protocol_b,0.34620069447465834,0.203125,0.05529225908372828,2.2010704474666407,0.7935851680461778,0.17310034723732917,0.3683450673317078,0.6571653318124138,0.0,1.0,0.9472727272727273,0.08320180871221365,0.6231358221142682,0.39831633141721035,1.5605542109730617,1.4189724000025308,,6
private_seed_audit,budget_10_extreme,crescent,1001,1,hard,smooth,connected,high,moment_preserving_perturbation,best-of-k-restart-blind,protocol_b,0.23814202487308847,0.578125,0.16010854816824965,0.3697237598377235,0.3484461766471982,0.11907101243654424,0.16263885493612212,0.49819656535940193,0.0,2.0,0.875,0.0032129641620843308,0.18302336567664912,0.06195051002445021,0.18408086538182644,0.5236371000064537,0.7666666666666667,1
private_seed_audit,budget_10_extreme,crescent,1001,1,hard,smooth,connected,high,moment_preserving_perturbation,blind-sa,protocol_b,0.23814202487308847,0.578125,0.16010854816824965,0.3697237598377235,0.3484461766471982,0.11907101243654424,0.16263885493612212,0.49819656535940193,0.0,2.0,0.875,0.0032129641620843308,0.18302336567664912,0.06195051002445021,0.18408086538182644,0.17473369999788702,0.2916666666666667,1
private_seed_audit,budget_10_extreme,crescent,1001,1,hard,smooth,connected,high,moment_preserving_perturbation,evolutionary-blind,protocol_b,0.21858403621376796,0.640625,0.1763869132290185,0.2808745337398615,0.34080402108032753,0.10929201810688398,0.1550540707758696,0.5197394952075853,0.0,0.0,0.8702791461412152,0.0022360059244627218,0.14457395474919732,0.050476862011824566,0.26707665596799157,0.22854350000125123,,1
private_seed_audit,budget_10_extreme,crescent,1001,1,hard,smooth,connected,high,moment_preserving_perturbation,projected-gradient-blind,protocol_b,0.7705110951158334,0.015625,0.0549645390070922,7.93725393319377,3.388395023640359,0.3852555475579167,0.6732717567580271,0.6583199438294157,0.0,1.0,0.9471544715447154,0.4842524371058914,0.642074337158735,0.5732770459695973,2.1727281937009466,0.05679769999551354,,1
private_seed_audit,budget_10_extreme,crescent,1001,1,hard,smooth,connected,high,moment_preserving_perturbation,subset-affine-blind,protocol_b,0.5912580450229034,0.09375,0.048824593128390596,4.563891366640701,1.156953975444417,0.2956290225114517,0.5143008920246935,0.693147179410899,0.0,1.0,0.9456066945606695,0.32945304510269113,0.6355818152585027,0.5416491835144217,2.064004050233158,1.134868400004052,,1
private_seed_audit,budget_10_extreme,crescent,1002,2,hard,smooth,connected,high,structured_dropout,ambiguity-set-sampler,protocol_b,0.35597777243144335,0.25,0.07779349363507779,2.2394805817477623,0.8316470101845944,0.17798888621572168,0.33521683724296625,0.5339098309108514,0.0,6.0,0.9312602291325696,0.0627777702488685,0.5995125746150411,0.3886560804493216,1.5485817846667527,1.387062200003129,,6
private_seed_audit,budget_10_extreme,crescent,1002,2,hard,smooth,connected,high,structured_dropout,best-of-k-restart-blind,protocol_b,0.11550886279444507,0.953125,0.3122302158273381,0.4570422127882672,0.20494753952619044,0.057754431397222535,0.08149670405923347,0.21846328148054273,0.0,1.0,0.7847896440129449,0.0008338780644963366,0.13380955386185925,0.057878297581983644,0.07123370620463776,0.5025119000056293,0.6583333333333333,1
private_seed_audit,budget_10_extreme,crescent,1002,2,hard,smooth,connected,high,structured_dropout,blind-sa,protocol_b,0.11550886279444507,0.953125,0.3122302158273381,0.4570422127882672,0.20494753952619044,0.057754431397222535,0.08149670405923347,0.21846328148054273,0.0,1.0,0.7847896440129449,0.0008338780644963366,0.13380955386185925,0.057878297581983644,0.07123370620463776,0.17127110000001267,0.6,1
private_seed_audit,budget_10_extreme,crescent,1002,2,hard,smooth,connected,high,structured_dropout,evolutionary-blind,protocol_b,0.10761316616145597,1.0,0.3818770226537217,0.4258383014854881,0.11994199964693787,0.053806583080727985,0.07514505467514444,0.1747827141533715,0.0,4.0,0.6800766283524904,0.0006707951361470781,0.07119368216137562,0.030804617879569778,0.14036738686582284,0.22410929999750806,,1
private_seed_audit,budget_10_extreme,crescent,1002,2,hard,smooth,connected,high,structured_dropout,projected-gradient-blind,protocol_b,0.7918320505365493,0.03125,0.04020979020979021,7.937253933193772,3.327305590970593,0.39591602526827463,0.672664793002846,0.6583199438294156,0.0,6.0,0.9616935483870968,0.47517605728160484,0.612540268053503,0.6293566267778654,2.156843136858695,0.057013600002392195,,1
private_seed_audit,budget_10_extreme,crescent,1002,2,hard,smooth,connected,high,structured_dropout,subset-affine-blind,protocol_b,0.5417446316626328,0.09375,0.03270223752151463,7.366009010588925,1.0244355946926935,0.2708723158313164,0.4883151126148763,0.6211477687466489,0.0,6.0,0.9661354581673307,0.20357799191606596,0.5981094566913074,0.6079131310442325,1.5485817846667524,0.8648019999964163,,1
private_seed_audit,budget_10_extreme,crescent,1003,3,hard,smooth,connected,high,clustered_occlusion,ambiguity-set-sampler,protocol_b,0.3464289543551603,0.15625,0.046801872074883,2.488280052265966,0.9421172869650745,0.17321447717758015,0.35093130327969685,0.5383947242889344,0.0,5.0,0.9551971326164874,0.1044190839919929,0.5979506905009225,0.4630437819094205,1.4310207446827956,1.390166600001976,,6
private_seed_audit,budget_10_extreme,crescent,1003,3,hard,smooth,connected,high,clustered_occlusion,best-of-k-restart-blind,protocol_b,0.25329723830944506,0.5625,0.17069701280227595,0.4609656290863549,0.48710236440363697,0.12664861915472253,0.1944707875857072,0.47231670975117834,0.0,2.0,0.8879598662207357,0.0045322298104763115,0.23368208141835345,0.10018421608932168,0.06218500489361789,0.5011500999971759,0.775,1
private_seed_audit,budget_10_extreme,crescent,1003,3,hard,smooth,connected,high,clustered_occlusion,blind-sa,protocol_b,0.25329723830944506,0.5625,0.17069701280227595,0.4609656290863549,0.48710236440363697,0.12664861915472253,0.1944707875857072,0.47231670975117834,0.0,2.0,0.8879598662207357,0.0045322298104763115,0.23368208141835345,0.10018421608932168,0.06218500489361789,0.17178810000041267,0.6833333333333333,1
private_seed_audit,budget_10_extreme,crescent,1003,3,hard,smooth,connected,high,clustered_occlusion,evolutionary-blind,protocol_b,0.25956294459338497,0.53125,0.18057455540355677,0.4267885577452462,0.546206087046295,0.12978147229669248,0.17925296225555465,0.46004835035683833,0.0,2.0,0.9025157232704403,0.002962724505796055,0.13939965127410797,0.07703445820998374,0.17476150922300615,0.22157750000042142,,1
private_seed_audit,budget_10_extreme,crescent,1003,3,hard,smooth,connected,high,clustered_occlusion,projected-gradient-blind,protocol_b,0.7904513029233118,0.015625,0.03169572107765452,7.937253933193771,3.1981717754003673,0.3952256514616559,0.6761729281552172,0.6583199438294158,0.0,5.0,0.9689213893967094,0.47960637506282744,0.6379864610594554,0.6293566267664716,2.0358501148812165,0.05884070000320207,,1
private_seed_audit,budget_10_extreme,crescent,1003,3,hard,smooth,connected,high,clustered_occlusion,subset-affine-blind,protocol_b,0.7226202221420149,0.015625,0.033925686591276254,7.937253933193772,1.178256534102408,0.36131011107100747,0.5434997318124769,0.6133915283870389,0.0,5.0,0.9644859813084112,0.2645350206000977,0.6005256799077867,0.6293566267664716,1.4408703695082123,0.8940135000011651,,1
private_seed_audit,budget_10_extreme,cross-branch,1000,0,hard,jagged,connected,high,none,ambiguity-set-sampler,protocol_b,0.32117537813639824,0.484375,0.05454545454545454,1.537759215085171,0.9048354458688109,0.16058768906819912,0.3806858917411776,0.627946300929254,0.0,0.0,0.9481981981981982,0.10442070254962593,0.5581402508263208,0.30630876484046465,1.664013224667811,1.4369469000012032,,6
private_seed_audit,budget_10_extreme,cross-branch,1000,0,hard,jagged,connected,high,none,best-of-k-restart-blind,protocol_b,0.5317519727184252,0.109375,0.011037527593818985,0.0,1.0497328811992621,0.2658759863592126,0.504737496209677,0.6931471793887147,0.0,3.0,0.9872122762148338,0.3021343341201957,0.5657192118713417,0.623128420436856,1.6837325777772842,0.5288851000004797,0.75,1
private_seed_audit,budget_10_extreme,cross-branch,1000,0,hard,jagged,connected,high,none,blind-sa,protocol_b,0.11426908013815242,0.984375,0.4009216589861751,0.40536144158734483,0.17599137110831417,0.05713454006907621,0.07027052339584464,0.24624846707134515,0.0,1.0,0.6912181303116147,0.00039426673836316704,0.05484010376815377,0.03900065064322588,0.04376010719121126,0.1782119999988936,0.775,1
private_seed_audit,budget_10_extreme,cross-branch,1000,0,hard,jagged,connected,high,none,evolutionary-blind,protocol_b,0.1103823786439402,0.984375,0.4602409638554217,0.33495224662064055,0.16997288868401425,0.0551911893219701,0.06945697044113477,0.22333058442061335,0.0,2.0,0.6666666666666667,0.0001779585978169846,0.08556239463664018,0.04870338916987793,0.012719116176636458,0.22883849999925587,,1
private_seed_audit,budget_10_extreme,cross-branch,1000,0,hard,jagged,connected,high,none,projected-gradient-blind,protocol_b,0.7827889689375662,0.046875,0.01545253863134658,4.7906035500875825,1.2601119822047497,0.3913944844687831,0.6433095681941426,0.6336671165037672,0.0,3.0,0.9923857868020305,0.5282639359828166,0.6158082515409792,0.6130363831560488,2.163550433391964,0.06113480000203708,,1
private_seed_audit,budget_10_extreme,cross-branch,1000,0,hard,jagged,connected,high,none,subset-affine-blind,protocol_b,0.7075373200051303,0.03125,0.016166281755196306,5.573704357509678,1.1516196046900893,0.3537686600025651,0.5810133539208723,0.6931471793887147,0.0,3.0,0.9838709677419355,0.42597143221839795,0.5886631107415243,0.6086984803830964,1.9193605406433978,1.1461705999972764,,1
private_seed_audit,budget_10_extreme,cross-branch,1001,1,hard,jagged,connected,high,moment_preserving_perturbation,ambiguity-set-sampler,protocol_b,0.423570059723053,0.265625,0.02972027972027972,2.225191273539961,0.9486858607300895,0.2117850298615265,0.4363292073432392,0.6761508952072324,0.0,6.0,0.9889135254988913,0.10041307237955432,0.5748227142138291,0.5628609986016313,1.6291770352695147,1.4943998999951873,,6
private_seed_audit,budget_10_extreme,cross-branch,1001,1,hard,jagged,connected,high,moment_preserving_perturbation,best-of-k-restart-blind,protocol_b,0.2389881250735829,0.78125,0.1276297335203366,0.28623473891567214,0.3303533967453848,0.11949406253679146,0.16184199121773166,0.5366187262126447,0.0,2.0,0.9225225225225225,0.002408499973334262,0.09328547066519738,0.1268343496512411,0.008787582081756007,0.5723095999928773,0.5083333333333333,1
private_seed_audit,budget_10_extreme,cross-branch,1001,1,hard,jagged,connected,high,moment_preserving_perturbation,blind-sa,protocol_b,0.22410636397501968,0.828125,0.16147308781869688,0.2725159944084627,0.3317275520784646,0.11205318198750984,0.1597136150284831,0.5267651464106424,0.0,3.0,0.8905380333951762,0.001924106880579495,0.0863143397366298,0.10984730421238652,0.0022397978444996802,0.1794136999960756,0.325,1
private_seed_audit,budget_10_extreme,cross-branch,1001,1,hard,jagged,connected,high,moment_preserving_perturbation,evolutionary-blind,protocol_b,0.24444672088348704,0.765625,0.1585014409221902,0.2949648518201528,0.36670486769914123,0.12222336044174352,0.15868250238784917,0.5378572818976902,0.0,3.0,0.8874538745387454,0.001970280543854202,0.07963683541599072,0.10484658553837335,0.0021631709076399552,0.23120200000266777,,1
private_seed_audit,budget_10_extreme,cross-branch,1001,1,hard,jagged,connected,high,moment_preserving_perturbation,projected-gradient-blind,protocol_b,0.7266108627451304,0.03125,0.018036072144288578,5.888565744187567,1.7229065820183727,0.3633054313725652,0.6461987548445711,0.6931471794033939,0.0,6.0,0.9812834224598931,0.5306725874761078,0.6019559317585126,0.6823167557190474,2.1655808192571646,0.05807980000099633,,1
private_seed_audit,budget_10_extreme,cross-branch,1001,1,hard,jagged,connected,high,moment_preserving_perturbation,subset-affine-blind,protocol_b,0.5953894657063029,0.078125,0.03696098562628337,4.761492502412051,1.1502214021064945,0.29769473285315146,0.5769778255630825,0.6931471793665643,0.0,6.0,0.9645776566757494,0.33126069042119793,0.5847109681807994,0.6509079610355573,1.898545196603883,1.142398600000888,,1
private_seed_audit,budget_10_extreme,cross-branch,1002,2,hard,jagged,connected,high,structured_dropout,ambiguity-set-sampler,protocol_b,0.3362091656326529,0.453125,0.046125461254612546,1.6634989632634924,0.8993333810741159,0.16810458281632645,0.3887179151014236,0.6444730531297116,0.0,1.0,0.9564164648910412,0.14399759852668098,0.5772913213622277,0.3675607713600454,1.724514932683546,1.3695826999974088,,6
private_seed_audit,budget_10_extreme,cross-branch,1002,2,hard,jagged,connected,high,structured_dropout,best-of-k-restart-blind,protocol_b,0.17781436032161801,0.90625,0.294,0.4026565168150836,0.19364946086708607,0.08890718016080901,0.1236409235860393,0.25038652086578056,0.0,5.0,0.8175,0.00042751977024289107,0.03893529146751734,0.10300310302840453,0.058126958050162436,0.517465800003265,0.48333333333333334,1
private_seed_audit,budget_10_extreme,cross-branch,1002,2,hard,jagged,connected,high,structured_dropout,blind-sa,protocol_b,0.10494898054600275,0.96875,0.3851203501094092,0.4624601538738465,0.24173259688525675,0.05247449027300138,0.07202437322506756,0.22306631887077,0.0,2.0,0.7017045454545454,0.00025697807875883424,0.04280772321712781,0.06455117260096901,0.0699676284823636,0.17214599999715574,0.35833333333333334,1
private_seed_audit,budget_10_extreme,cross-branch,1002,2,hard,jagged,connected,high,structured_dropout,evolutionary-blind,protocol_b,0.17853693962278458,0.921875,0.32608695652173914,0.3633490693790881,0.19100227682620308,0.08926846981139229,0.1207818300469862,0.257773722290542,0.0,6.0,0.762402088772846,0.0003893687947726348,0.027935039334906944,0.0940380437567033,0.06288824135634652,0.21986399999877904,,1
private_seed_audit,budget_10_extreme,cross-branch,1002,2,hard,jagged,connected,high,structured_dropout,projected-gradient-blind,protocol_b,0.7233840968601205,0.046875,0.014767932489451477,5.639246564646061,1.1861838168053704,0.36169204843006025,0.628880297122684,0.6350923673506415,0.0,1.0,0.9895287958115183,0.488841719173559,0.6159363310486559,0.6127863565284748,2.1819160559733515,0.05784039999707602,,1
private_seed_audit,budget_10_extreme,cross-branch,1002,2,hard,jagged,connected,high,structured_dropout,subset-affine-blind,protocol_b,0.5829937272159326,0.046875,0.017467248908296942,4.619965414312013,1.1298523475999145,0.2914968636079663,0.5324917167604633,0.6931471793544491,0.0,1.0,0.9807162534435262,0.35788675937462533,0.597414486284088,0.5941542509095065,1.9568608722462981,0.8527640000029351,,1
private_seed_audit,budget_10_extreme,cross-branch,1003,3,hard,jagged,connected,high,clustered_occlusion,ambiguity-set-sampler,protocol_b,0.34717829223095537,0.390625,0.04007633587786259,2.306488891462175,0.9299149102475146,0.17358914611547768,0.4085432597355615,0.6409452248888273,0.0,2.0,0.9686746987951808,0.13300950067701245,0.5742969524683095,0.4838875660534261,1.7239218862263697,1.3860808000026736,,6
private_seed_audit,budget_10_extreme,cross-branch,1003,3,hard,jagged,connected,high,clustered_occlusion,best-of-k-restart-blind,protocol_b,0.13102365959630238,0.921875,0.35185185185185186,0.3747002408462298,0.22806022030830608,0.06551182979815119,0.12665558032038277,0.3099368021414285,0.0,1.0,0.7543859649122807,0.0017885028256468547,0.0458802258007329,0.07269092961884871,0.0765094020005761,0.5054019000017433,0.5333333333333333,1
private_seed_audit,budget_10_extreme,cross-branch,1003,3,hard,jagged,connected,high,clustered_occlusion,blind-sa,protocol_b,0.12266887478370025,0.9375,0.26705653021442494,0.3704988287534555,0.2297169353467494,0.06133443739185013,0.12049869722548393,0.29341823244411,0.0,2.0,0.8337408312958435,0.0012931971051598507,0.02987460369068754,0.07573642531658492,0.032174981850989326,0.17216760000155773,0.625,1
private_seed_audit,budget_10_extreme,cross-branch,1003,3,hard,jagged,connected,high,clustered_occlusion,evolutionary-blind,protocol_b,0.1307192131080321,0.9375,0.3689727463312369,0.3419044213815762,0.22580837552095867,0.06535960655401606,0.1237130131890786,0.3150021150235405,0.0,1.0,0.7639593908629442,0.0018796666692263517,0.0422931749526139,0.061623824730056544,0.09967530663929836,0.22062580000056187,,1
private_seed_audit,budget_10_extreme,cross-branch,1003,3,hard,jagged,connected,high,clustered_occlusion,projected-gradient-blind,protocol_b,0.7061744683162325,0.046875,0.016563146997929608,5.514643794551077,1.5671905571526639,0.35308723415811627,0.6328093597671581,0.664461882542427,0.0,3.0,0.9821428571428571,0.5328160142329332,0.5975772895813118,0.6782288796076428,2.227860086240379,0.06098019999626558,,1
private_seed_audit,budget_10_extreme,cross-branch,1003,3,hard,jagged,connected,high,clustered_occlusion,subset-affine-blind,protocol_b,0.6904859399814678,0.046875,0.02178649237472767,7.937253933193771,1.077576620360639,0.3452429699907339,0.5704656397485535,0.6931471793676885,0.0,3.0,0.9813829787234043,0.4462211494214097,0.5834987716910678,0.6782288796195162,1.9836701934918124,0.9374240999968606,,1
private_seed_audit,budget_10_extreme,double-loop,1000,0,hard,smooth,connected,high,clustered_occlusion,ambiguity-set-sampler,protocol_b,0.3748000604257404,0.28125,0.08333333333333333,2.0256047649287923,0.7763081371171128,0.1874000302128702,0.40403980922121085,0.5804730056942258,0.0,0.0,0.9292452830188679,0.10533825072566542,0.49165843104470225,0.4010896379349205,1.619570327329657,1.3811621999993804,,6
private_seed_audit,budget_10_extreme,double-loop,1000,0,hard,smooth,connected,high,clustered_occlusion,best-of-k-restart-blind,protocol_b,0.6484346741654898,0.015625,0.0215311004784689,0.0,1.025322536506401,0.3242173370827449,0.552073111740326,0.663035793967462,0.0,1.0,0.9748603351955307,0.3510929837701949,0.5499487567604256,0.6527826865892121,1.9614989167903942,0.5302876999994623,0.8666666666666667,1
private_seed_audit,budget_10_extreme,double-loop,1000,0,hard,smooth,connected,high,clustered_occlusion,blind-sa,protocol_b,0.33915432150102426,0.4375,0.10984848484848485,0.6222050795496855,0.5382778529051522,0.16957716075051213,0.2881152696327831,0.5544026177375379,0.0,1.0,0.9072398190045249,0.011744157466107134,0.10556100262259363,0.0897854877843734,0.07494312231410971,0.18579300000419607,0.75,1
private_seed_audit,budget_10_extreme,double-loop,1000,0,hard,smooth,connected,high,clustered_occlusion,evolutionary-blind,protocol_b,0.3364013353048923,0.453125,0.06206896551724138,0.45316554066226017,0.51090534291959,0.16820066765244615,0.2856356635903854,0.5123223655688234,0.0,3.0,0.9632829373650108,0.01054096457025788,0.11059876039770974,0.08872267919376059,0.12456496767942005,0.2360627999951248,,1
private_seed_audit,budget_10_extreme,double-loop,1000,0,hard,smooth,connected,high,clustered_occlusion,projected-gradient-blind,protocol_b,0.9243339760004082,0.0,0.014792899408284023,0.0,1.0262787488413618,0.4621669880002041,0.6564985999319913,0.6553511245051962,0.0,2.0,0.982078853046595,0.5877973414416565,0.4969291264813773,0.6527826865892121,2.272628071572344,0.058841299993218854,,1
private_seed_audit,budget_10_extreme,double-loop,1000,0,hard,smooth,connected,high,clustered_occlusion,subset-affine-blind,protocol_b,0.8247732820433694,0.015625,0.043373493975903614,0.0,1.0008216814014115,0.4123866410216847,0.6454505426564605,0.6587742650189758,0.0,1.0,0.952112676056338,0.5159505001269329,0.4969291264813773,0.6527826865892121,2.272628071572344,0.8966250000012224,,1
private_seed_audit,budget_10_extreme,double-loop,1001,1,hard,smooth,connected,high,none,ambiguity-set-sampler,protocol_b,0.24030614788975696,0.546875,0.1,1.7353942195012018,0.3947990968920616,0.12015307394487848,0.20813559034064263,0.5146689439347325,0.0,0.0,0.9176470588235294,0.06339647191149039,0.5067734041074454,0.36928141702144535,1.6996143266512722,1.4265699999959907,,6
private_seed_audit,budget_10_extreme,double-loop,1001,1,hard,smooth,connected,high,none,best-of-k-restart-blind,protocol_b,0.4606641379726615,0.171875,0.08033240997229917,0.0,0.6341439823744421,0.23033206898633074,0.3519480409258365,0.6406127268175709,0.0,0.0,0.9107692307692308,0.2852658562327307,0.5252834601454266,0.6931471804255716,1.6996143266512722,0.518371300000581,0.7416666666666667,1
private_seed_audit,budget_10_extreme,double-loop,1001,1,hard,smooth,connected,high,none,blind-sa,protocol_b,0.09639953879138424,0.96875,0.45017182130584193,0.5820767669837882,0.1500498075138833,0.04819976939569212,0.09151559901375739,0.24739407386753492,0.0,2.0,0.609375,0.0014878644749271716,0.06760901075141311,0.05410766549132186,0.04988605056568307,0.17867629999818746,0.3416666666666667,1
private_seed_audit,budget_10_extreme,double-loop,1001,1,hard,smooth,connected,high,none,evolutionary-blind,protocol_b,0.09101454661984167,0.953125,0.26881720430107525,0.32757468343321394,0.12444658153472862,0.04550727330992083,0.06753448601581487,0.3202960984316205,0.0,1.0,0.7909967845659164,0.0005441961661142685,0.05733750486670141,0.06346039659755834,0.07137347852905851,0.22763920000579674,,1
private_seed_audit,budget_10_extreme,double-loop,1001,1,hard,smooth,connected,high,none,projected-gradient-blind,protocol_b,0.9213174072058197,0.0,0.0,0.0,1.09207733824166,0.46065870360290984,0.6674803238845995,0.6175550695485956,0.0,1.0,1.0,0.589113644002778,0.5145504390292129,0.6931471804255716,2.3686411627763255,0.05811800000083167,,1
private_seed_audit,budget_10_extreme,double-loop,1001,1,hard,smooth,connected,high,none,subset-affine-blind,protocol_b,0.6227118091620237,0.0625,0.012468827930174564,4.24144998673121,0.6786353513653353,0.31135590458101187,0.5655349099046872,0.666879953102629,0.0,0.0,0.989100817438692,0.4260986685155981,0.5567027443219161,0.629597835946399,1.886063597631854,1.1394916999997804,,1
private_seed_audit,budget_10_extreme,double-loop,1002,2,hard,smooth,connected,high,moment_preserving_perturbation,ambiguity-set-sampler,protocol_b,0.30641570184378036,0.28125,0.05185185185185185,1.5877776221782223,0.42603974282461604,0.15320785092189018,0.291106029383281,0.6613214707589954,0.0,1.0,0.9481327800829875,0.053828878580380754,0.5531136932621131,0.5028367999813931,1.6875249967003652,1.4328855999992811,,6
private_seed_audit,budget_10_extreme,double-loop,1002,2,hard,smooth,connected,high,moment_preserving_perturbation,best-of-k-restart-blind,protocol_b,0.21919201952517772,0.71875,0.07087827426810478,0.29544255903492017,0.32932727887681584,0.10959600976258886,0.17071670804209735,0.49837484297136303,0.0,1.0,0.946983546617916,0.0057431566653667054,0.16701043931536447,0.20017497455432304,0.2050701683952605,0.5314440999936778,0.5916666666666667,1
private_seed_audit,budget_10_extreme,double-loop,1002,2,hard,smooth,connected,high,moment_preserving_perturbation,blind-sa,protocol_b,0.23329610030980621,0.640625,0.09090909090909091,0.2801533031952514,0.3577059619983691,0.11664805015490311,0.1655619408122824,0.5113244655656213,0.0,0.0,0.9380863039399625,0.007232882477114329,0.1762705253786106,0.11232318521980404,0.12684926347061687,0.17580209999869112,0.3333333333333333,1
private_seed_audit,budget_10_extreme,double-loop,1002,2,hard,smooth,connected,high,moment_preserving_perturbation,evolutionary-blind,protocol_b,0.24381872186231415,0.53125,0.09212481426448738,0.2550465591108357,0.35473538771792007,0.12190936093115708,0.17421267955148534,0.525401626306211,0.0,2.0,0.9380530973451328,0.007123102342093652,0.18467127210921042,0.1797602798611385,0.17045403686843752,0.22527679999620887,,1
private_seed_audit,budget_10_extreme,double-loop,1002,2,hard,smooth,connected,high,moment_preserving_perturbation,projected-gradient-blind,protocol_b,0.9012563994540314,0.0,0.006006006006006006,0.0,1.098785837424869,0.4506281997270157,0.6541893747333015,0.6563331637415214,0.0,2.0,0.9965870307167235,0.5895501862402212,0.5974436546116715,0.6931471803796875,2.3728392039413704,0.059890700002142694,,1
private_seed_audit,budget_10_extreme,double-loop,1002,2,hard,smooth,connected,high,moment_preserving_perturbation,subset-affine-blind,protocol_b,0.6707393231179961,0.03125,0.023529411764705882,5.469183207028256,0.9200077336214648,0.33536966155899806,0.5137139363142388,0.667490598273589,0.0,1.0,0.9791666666666666,0.28508425177949276,0.5638681174220059,0.6528317722883549,1.828330302239425,1.1425030999962473,,1
private_seed_audit,budget_10_extreme,double-loop,1003,3,hard,smooth,connected,high,structured_dropout,ambiguity-set-sampler,protocol_b,0.27304716799582845,0.40625,0.10261569416498995,1.7704096819024173,0.4256645882409773,0.13652358399791423,0.25569499404634377,0.5835708545287266,0.0,1.0,0.9252336448598131,0.07215868947811137,0.44495620023189664,0.3694346805960936,1.6192164611307343,1.3812558999998146,,6
private_seed_audit,budget_10_extreme,double-loop,1003,3,hard,smooth,connected,high,structured_dropout,best-of-k-restart-blind,protocol_b,0.5114499715302435,0.15625,0.04225352112676056,0.0,0.6667785963761156,0.25572498576512176,0.4659839768939115,0.6643948036159608,0.0,2.0,0.9532710280373832,0.33487086349799877,0.4825829740137828,0.6527826866007682,1.686487845280807,0.5069194999960018,0.725,1
private_seed_audit,budget_10_extreme,double-loop,1003,3,hard,smooth,connected,high,structured_dropout,blind-sa,protocol_b,0.16278373868496923,0.734375,0.3268398268398268,0.36468114094629517,0.15865409140273698,0.08139186934248462,0.12231436037528443,0.2394090428286002,0.0,1.0,0.7858942065491183,0.00138341754034719,0.08202933083813715,0.05821414765349478,0.131763068957357,0.17584110000461806,0.475,1
private_seed_audit,budget_10_extreme,double-loop,1003,3,hard,smooth,connected,high,structured_dropout,evolutionary-blind,protocol_b,0.09757706164331074,0.96875,0.35390946502057613,0.35364550762682967,0.12502148169370494,0.04878853082165537,0.0808896876604136,0.21443028477389242,0.0,3.0,0.7468354430379747,0.0005747654238399016,0.02903520029692709,0.052181839168075124,0.039093939338045836,0.22553989999869373,,1
private_seed_audit,budget_10_extreme,double-loop,1003,3,hard,smooth,connected,high,structured_dropout,projected-gradient-blind,protocol_b,0.9235485408672499,0.0,0.03814713896457766,0.0,1.0967870342181767,0.46177427043362496,0.7051831907232984,0.6532015230458533,0.0,3.0,0.9566666666666667,0.5834873921069408,0.4641905504320171,0.6527826866007682,2.2946810435463227,0.05843610000010813,,1
private_seed_audit,budget_10_extreme,double-loop,1003,3,hard,smooth,connected,high,structured_dropout,subset-affine-blind,protocol_b,0.7349924187372499,0.015625,0.01160541586073501,4.716309992521395,0.8914565895911156,0.3674962093686249,0.6151951281721229,0.6068900519593989,0.0,2.0,0.9888392857142857,0.4513859315291546,0.5124922454603135,0.5975694614360137,1.8358342011414095,0.8691809000010835,,1
private_seed_audit,budget_10_extreme,mean-reversion,1000,0,hard,jagged,connected,high,structured_dropout,ambiguity-set-sampler,protocol_b,0.33518431064736187,0.34375,0.051829268292682924,2.5103504497344544,0.5415402959784202,0.16759215532368094,0.3367484139610774,0.6756129313419043,0.0,7.0,0.9528985507246377,0.129190431920855,0.5148592629943587,0.504666199306172,1.6608038305707227,1.3959704999942915,,6
private_seed_audit,budget_10_extreme,mean-reversion,1000,0,hard,jagged,connected,high,structured_dropout,best-of-k-restart-blind,protocol_b,0.13075413866765345,0.984375,0.2211404728789986,0.26885759461712827,0.19880796603809708,0.06537706933382673,0.08393965449633004,0.35475452070635083,0.0,4.0,0.8392857142857143,0.000749302224373173,0.10488761215522548,0.1274344085089166,0.04700486355249067,0.5032714999979362,0.775,1
private_seed_audit,budget_10_extreme,mean-reversion,1000,0,hard,jagged,connected,high,structured_dropout,blind-sa,protocol_b,0.13364988485285637,0.96875,0.21309370988446727,0.3555698320423725,0.18553452661283987,0.06682494242642818,0.09085020461731919,0.3549705359174591,0.0,2.0,0.8467741935483871,0.00036822150603535485,0.12813837307174045,0.039486268849237394,0.06635867991807576,0.17299789999378845,0.6916666666666667,1
private_seed_audit,budget_10_extreme,mean-reversion,1000,0,hard,jagged,connected,high,structured_dropout,evolutionary-blind,protocol_b,0.13641245543607242,0.984375,0.2691256830601093,0.2608867676102115,0.1963003338704055,0.06820622771803621,0.08478371614204558,0.33007008509775837,0.0,3.0,0.7928802588996764,0.0004155063311725184,0.10688320845838309,0.07261212577945775,0.019876027498987536,0.2243164000028628,,1
private_seed_audit,budget_10_extreme,mean-reversion,1000,0,hard,jagged,connected,high,structured_dropout,projected-gradient-blind,protocol_b,0.6420788932422731,0.03125,0.021484375,0.0,0.985872035924466,0.32103944662113654,0.5589973437641684,0.6931471794064408,0.0,8.0,0.9735576923076923,0.6262436615019605,0.574296952469041,0.6931471803877891,2.353462650341192,0.05899230000068201,,1
private_seed_audit,budget_10_extreme,mean-reversion,1000,0,hard,jagged,connected,high,structured_dropout,subset-affine-blind,protocol_b,0.5899979222080829,0.078125,0.028764805414551606,5.576119794450373,0.9218988605362709,0.29499896110404145,0.4819725537245333,0.6392178031409881,0.0,7.0,0.9738955823293173,0.3979373995080853,0.568333986530207,0.678228879568922,2.2144018519132533,0.881972199997108,,1
private_seed_audit,budget_10_extreme,mean-reversion,1001,1,hard,jagged,connected,high,clustered_occlusion,ambiguity-set-sampler,protocol_b,0.38456225581798964,0.3125,0.05,2.5642379435202187,0.6395446491527054,0.19228112790899482,0.3333336945049988,0.6253651334676893,0.0,4.0,0.960431654676259,0.10946924309808274,0.6005256798734172,0.4233027695413915,1.553935899727008,1.3945385000042734,,6
private_seed_audit,budget_10_extreme,mean-reversion,1001,1,hard,jagged,connected,high,clustered_occlusion,best-of-k-restart-blind,protocol_b,0.2242840551990893,0.796875,0.1618569636135508,0.3097465073042549,0.47826927126927066,0.11214202759954466,0.17742898385812625,0.5578765216100723,0.0,0.0,0.8683812405446294,0.001617451374936897,0.17110131867464706,0.055483531429879725,0.008489568853359053,0.5085252999997465,0.8416666666666667,1
private_seed_audit,budget_10_extreme,mean-reversion,1001,1,hard,jagged,connected,high,clustered_occlusion,blind-sa,protocol_b,0.2355812429503296,0.8125,0.13161290322580646,0.3571728693768986,0.4473061053953314,0.1177906214751648,0.18639707279368578,0.536618726212645,0.0,1.0,0.8984615384615384,0.003180220997961552,0.10185763375367216,0.05747516072634371,0.05597347093979277,0.1743265999975847,0.7,1
private_seed_audit,budget_10_extreme,mean-reversion,1001,1,hard,jagged,connected,high,clustered_occlusion,evolutionary-blind,protocol_b,0.21975696698453817,0.828125,0.17402597402597403,0.2685754460594254,0.48712994468722515,0.10987848349226909,0.17484273273085496,0.5831238170060398,0.0,2.0,0.8493788819875776,0.0016126948634949136,0.15799615223446928,0.0887003392293868,0.051812031802289216,0.22452010000415612,,1
private_seed_audit,budget_10_extreme,mean-reversion,1001,1,hard,jagged,connected,high,clustered_occlusion,projected-gradient-blind,protocol_b,0.621092401543893,0.046875,0.03571428571428571,0.0,1.0540781389779537,0.3105462007719465,0.5568158732041978,0.6931471794064409,0.0,5.0,0.9625292740046838,0.6301024047103811,0.6527826865523814,0.5742969524827328,2.2294004821425966,0.05798240000149235,,1
private_seed_audit,budget_10_extreme,mean-reversion,1001,1,hard,jagged,connected,high,clustered_occlusion,subset-affine-blind,protocol_b,0.6862775100673353,0.078125,0.048414023372287146,7.937253933193772,0.9477112485874257,0.34313875503366764,0.5445985119950757,0.6647950419055595,0.0,4.0,0.9478764478764479,0.5353517715002041,0.5991347490893306,0.5598559085537363,1.7705536397376833,0.8856928999957745,,1
private_seed_audit,budget_10_extreme,mean-reversion,1002,2,hard,jagged,connected,high,none,ambiguity-set-sampler,protocol_b,0.3323045041646542,0.390625,0.0448,1.7735290723921466,0.6106432602649727,0.1661522520823271,0.3570799281344964,0.6278918511144298,0.0,3.0,0.9560229445506692,0.13415784563268607,0.5791322153180827,0.44746124234799395,1.662549635019131,1.4534482000017306,,6
private_seed_audit,budget_10_extreme,mean-reversion,1002,2,hard,jagged,connected,high,none,best-of-k-restart-blind,protocol_b,0.1221917461349239,1.0,0.23255813953488372,0.2849184489980624,0.16255071190503909,0.06109587306746195,0.08169761108023967,0.41365234859538513,0.0,2.0,0.8095238095238095,0.000875255830124736,0.10906034457909704,0.0537082428097138,0.13409758139570238,0.5409003000022494,0.775,1
private_seed_audit,budget_10_extreme,mean-reversion,1002,2,hard,jagged,connected,high,none,blind-sa,protocol_b,0.13895501344574543,0.984375,0.2264957264957265,0.33982822764398096,0.21426452052380643,0.06947750672287271,0.09079416720319672,0.4248321418006658,0.0,1.0,0.8221476510067114,0.0011354655895015723,0.06402216707952037,0.10440283464712302,0.0005445946769127019,0.18658100000175182,0.75,1
private_seed_audit,budget_10_extreme,mean-reversion,1002,2,hard,jagged,connected,high,none,evolutionary-blind,protocol_b,0.19539230017963183,0.96875,0.32471264367816094,0.25344644677026856,0.20802748668615023,0.09769615008981591,0.1294243901118191,0.330044590810071,0.0,1.0,0.7461139896373057,0.0005723396830314198,0.0630057468566261,0.062159321564915535,0.021421871843674722,0.23166099999798462,,1
private_seed_audit,budget_10_extreme,mean-reversion,1002,2,hard,jagged,connected,high,none,projected-gradient-blind,protocol_b,0.6514939722517766,0.046875,0.02631578947368421,0.0,1.0237954134523188,0.3257469861258883,0.5669044334731431,0.6931471794174955,0.0,4.0,0.9878048780487805,0.6314789531602987,0.6527826865512143,0.6931471803536393,2.353742416986796,0.05907879999722354,,1
private_seed_audit,budget_10_extreme,mean-reversion,1002,2,hard,jagged,connected,high,none,subset-affine-blind,protocol_b,0.5704599639374912,0.078125,0.0375,5.7171759521635845,0.848349613584395,0.2852299819687456,0.46757412441265617,0.6931471793676883,0.0,3.0,0.9639830508474576,0.43840096672677126,0.5832522873375234,0.6506862088593494,2.2146816185588576,1.1382436999992933,,1
private_seed_audit,budget_10_extreme,mean-reversion,1003,3,hard,jagged,connected,high,moment_preserving_perturbation,ambiguity-set-sampler,protocol_b,0.3476131350818622,0.4375,0.05217391304347826,1.409689625345142,0.6474022845599624,0.1738065675409311,0.3137144835959992,0.6157948728206223,0.0,0.0,0.9432989690721649,0.09819490936637511,0.5981094566804892,0.35110032966377,1.5862025299603262,1.4778265999993891,,6
private_seed_audit,budget_10_extreme,mean-reversion,1003,3,hard,jagged,connected,high,moment_preserving_perturbation,best-of-k-restart-blind,protocol_b,0.227464203936954,0.859375,0.19796954314720813,0.2922804152031012,0.23718889298222284,0.113732101968477,0.12926958608760972,0.5294087957968773,0.0,1.0,0.8571428571428572,0.0009236352122517213,0.08317283012183416,0.053228028829131135,0.08383856968124048,0.553068200002599,0.36666666666666664,1
private_seed_audit,budget_10_extreme,mean-reversion,1003,3,hard,jagged,connected,high,moment_preserving_perturbation,blind-sa,protocol_b,0.227464203936954,0.859375,0.19796954314720813,0.2922804152031012,0.23718889298222284,0.113732101968477,0.12926958608760972,0.5294087957968773,0.0,1.0,0.8571428571428572,0.0009236352122517213,0.08317283012183416,0.053228028829131135,0.08383856968124048,0.17764610000449466,0.26666666666666666,1
private_seed_audit,budget_10_extreme,mean-reversion,1003,3,hard,jagged,connected,high,moment_preserving_perturbation,evolutionary-blind,protocol_b,0.23710316458404598,0.875,0.14850299401197606,0.254757541022293,0.252958592600061,0.11855158229202299,0.14245722657672039,0.5281121361564131,0.0,1.0,0.879136690647482,0.00110191357608787,0.17081119436757625,0.11027878671102269,0.01449067849391339,0.23134839999693213,,1
private_seed_audit,budget_10_extreme,mean-reversion,1003,3,hard,jagged,connected,high,moment_preserving_perturbation,projected-gradient-blind,protocol_b,0.6700954210187496,0.046875,0.04242424242424243,0.0,1.0653847511867314,0.3350477105093748,0.5625598172381906,0.6931471794064408,0.0,2.0,0.9504950495049505,0.6250081717692464,0.6231284203977203,0.623128420397949,2.2749487191948528,0.058310799999162555,,1
private_seed_audit,budget_10_extreme,mean-reversion,1003,3,hard,jagged,connected,high,moment_preserving_perturbation,subset-affine-blind,protocol_b,0.6474493070488683,0.0625,0.03547297297297297,6.067262413370994,1.4172251332869774,0.32372465352443414,0.5300195452604058,0.6931471793689044,0.0,1.0,0.9682539682539683,0.45083939267546197,0.6313679256079916,0.5798641432913775,2.135887920766914,1.1362676999997348,,1
private_seed_audit,budget_10_extreme,multi-hole,1000,0,hard,smooth,connected,high,structured_dropout,ambiguity-set-sampler,protocol_b,0.3761682628276264,0.15625,0.08083441981747067,1.5191953697485905,0.4422898103137695,0.1880841314138132,0.2943450429483421,0.6475696876496921,0.0,2.0,0.9291907514450867,0.07544358527353741,0.5161076235183549,0.3193329428225762,1.7144756482817782,1.4183514999967883,,6
private_seed_audit,budget_10_extreme,multi-hole,1000,0,hard,smooth,connected,high,structured_dropout,best-of-k-restart-blind,protocol_b,0.6440357202521311,0.0,0.043076923076923075,0.0,0.733396232134828,0.32201786012606554,0.47578860267499284,0.6113180050351255,0.0,2.0,0.9561551433389545,0.3958319148422792,0.5458602407197286,0.6527826865635737,1.9073626655528952,0.5119727999990573,0.8166666666666667,1
private_seed_audit,budget_10_extreme,multi-hole,1000,0,hard,smooth,connected,high,structured_dropout,blind-sa,protocol_b,0.1226290349743032,0.984375,0.27595628415300544,0.46899037785084563,0.1595590811446059,0.0613145174871516,0.10164321944059258,0.21528114956370148,0.0,0.0,0.7653374233128835,0.0008267662247980754,0.07389663090160867,0.08576524198693428,0.02527677900221903,0.17684969999390887,0.325,1
private_seed_audit,budget_10_extreme,multi-hole,1000,0,hard,smooth,connected,high,structured_dropout,evolutionary-blind,protocol_b,0.10210933719321244,1.0,0.22756827048114434,0.37962374650470443,0.11765043782259191,0.05105466859660622,0.08449432750486315,0.2613182349377384,0.0,2.0,0.7939042089985486,0.00039467396398686007,0.06634448279811182,0.02647588783062795,0.004492587477227694,0.2362286000061431,,1
private_seed_audit,budget_10_extreme,multi-hole,1000,0,hard,smooth,connected,high,structured_dropout,projected-gradient-blind,protocol_b,0.8112084282274147,0.0,0.04132231404958678,5.632424181588215,1.0717946683030581,0.40560421411370734,0.5596642368087148,0.6644618825424269,0.0,2.0,0.9636363636363636,0.5084429896079419,0.5702270712493087,0.6354558017193604,2.1157743153764845,0.056522799997765105,,1
private_seed_audit,budget_10_extreme,multi-hole,1000,0,hard,smooth,connected,high,structured_dropout,subset-affine-blind,protocol_b,0.5672204648833106,0.09375,0.012924071082390954,6.48980059554209,1.054293234027288,0.2836102324416553,0.44240024578087844,0.6931471792836286,0.0,2.0,0.9857397504456328,0.2231031646208705,0.5165170165965587,0.6069666824209927,1.7090502434661043,0.8956038000033004,,1
private_seed_audit,budget_10_extreme,multi-hole,1001,1,hard,smooth,connected,high,clustered_occlusion,ambiguity-set-sampler,protocol_b,0.34947166128800294,0.296875,0.06756756756756757,1.8882563928125526,0.3702248744929279,0.17473583064400147,0.29322286155891125,0.594855679943338,0.0,1.0,0.9461883408071748,0.06769333175380485,0.5976964371948232,0.402778969142472,1.614157164596258,1.3844414000050165,,6
private_seed_audit,budget_10_extreme,multi-hole,1001,1,hard,smooth,connected,high,clustered_occlusion,best-of-k-restart-blind,protocol_b,0.7001573481634983,0.0,0.038028169014084505,0.0,0.8304472964821847,0.35007867408174914,0.464319868847777,0.6931471793898223,0.0,1.0,0.9640625,0.3608137670791803,0.607598121177249,0.6527826865516602,1.76430042752942,0.5045104999953764,0.7666666666666667,1
private_seed_audit,budget_10_extreme,multi-hole,1001,1,hard,smooth,connected,high,clustered_occlusion,blind-sa,protocol_b,0.23089051120267678,0.609375,0.21164021164021163,0.43514901001371,0.30947336472447395,0.11544525560133839,0.16637656454930938,0.28307011036972,0.0,0.0,0.83601756954612,0.0020393423296391176,0.10667301658320577,0.07580168371611129,0.055445443830022256,0.1712831999975606,0.75,1
private_seed_audit,budget_10_extreme,multi-hole,1001,1,hard,smooth,connected,high,clustered_occlusion,evolutionary-blind,protocol_b,0.22674830639092988,0.59375,0.21011673151750973,0.3497140158781125,0.292838042902605,0.11337415319546494,0.164202721377631,0.2806881147363344,0.0,3.0,0.8367952522255193,0.002114078252698878,0.12929487708187354,0.09240549182295218,0.12462603314720466,0.22356269999727374,,1
private_seed_audit,budget_10_extreme,multi-hole,1001,1,hard,smooth,connected,high,clustered_occlusion,projected-gradient-blind,protocol_b,0.8751160783215223,0.0,0.04236006051437216,7.937253933193772,1.0397017570691758,0.43755803916076114,0.5613222000733817,0.6619749582953376,0.0,1.0,0.961082910321489,0.5240749429503093,0.6206952142604818,0.642074337147172,2.0154558316909643,0.061400200000207406,,1
private_seed_audit,budget_10_extreme,multi-hole,1001,1,hard,smooth,connected,high,clustered_occlusion,subset-affine-blind,protocol_b,0.6540400349483106,0.015625,0.024024024024024024,4.638628519768022,1.2702685766355892,0.3270200174741553,0.4820563236832732,0.6692237274787827,0.0,1.0,0.9782244556113903,0.2690958123204828,0.6118587336610568,0.5878897415069877,1.8562228737529067,0.9152710999987903,,1
private_seed_audit,budget_10_extreme,multi-hole,1002,2,hard,smooth,connected,high,none,ambiguity-set-sampler,protocol_b,0.3923145209955539,0.3125,0.07083825265643448,1.668426767057777,0.4379525160920071,0.19615726049777696,0.3259994564801313,0.6157509208286354,0.0,3.0,0.9436435124508519,0.0844749576990009,0.5204374093713897,0.41994541338393776,1.528136329103618,1.4284226999952807,,6
private_seed_audit,budget_10_extreme,multi-hole,1002,2,hard,smooth,connected,high,none,best-of-k-restart-blind,protocol_b,0.1101790616186821,0.984375,0.2549707602339181,0.3739935815660979,0.14580936503676165,0.05508953080934105,0.08931241872856788,0.2701760556890902,0.0,0.0,0.7808398950131233,0.0010278995422267978,0.0744514432154659,0.0756694283473622,0.08275877208088911,0.5322518000029959,0.35,1
private_seed_audit,budget_10_extreme,multi-hole,1002,2,hard,smooth,connected,high,none,blind-sa,protocol_b,0.1101790616186821,0.984375,0.2549707602339181,0.3739935815660979,0.14580936503676165,0.05508953080934105,0.08931241872856788,0.2701760556890902,0.0,0.0,0.7808398950131233,0.0010278995422267978,0.0744514432154659,0.0756694283473622,0.08275877208088911,0.19089859999803593,0.4,1
private_seed_audit,budget_10_extreme,multi-hole,1002,2,hard,smooth,connected,high,none,evolutionary-blind,protocol_b,0.1090098134961023,0.984375,0.23577235772357724,0.3327640414326678,0.14479389585552713,0.05450490674805115,0.08829484444845816,0.2426015125700844,0.0,2.0,0.8079385403329065,0.0009597394819387478,0.0679960511211698,0.0651945541332742,0.11392700753749496,0.24333969999861438,,1
private_seed_audit,budget_10_extreme,multi-hole,1002,2,hard,smooth,connected,high,none,projected-gradient-blind,protocol_b,0.9118519088802693,0.0,0.045081967213114756,0.0,1.0551081848336836,0.4559259544401347,0.6107726419049664,0.6596444651274541,0.0,4.0,0.9544764795144158,0.5389508462074216,0.5942013509793538,0.6931471803769859,1.907028158025423,0.05716210000537103,,1
private_seed_audit,budget_10_extreme,multi-hole,1002,2,hard,smooth,connected,high,none,subset-affine-blind,protocol_b,0.6312608810070324,0.078125,0.031988873435326845,5.424204966457717,0.8908173042065877,0.3156304405035162,0.4881114431904227,0.586321761172544,0.0,4.0,0.9691833590138675,0.23715261805894422,0.5204374093713897,0.6400766423743371,1.528136329103618,1.1274119000008795,,1
private_seed_audit,budget_10_extreme,multi-hole,1003,3,hard,smooth,connected,high,moment_preserving_perturbation,ambiguity-set-sampler,protocol_b,0.38413668352237074,0.28125,0.07036535859269283,1.439659813154826,0.4742163891059401,0.19206834176118537,0.31656971343594326,0.6276195130060274,0.0,3.0,0.9306625577812019,0.07257317936830315,0.5593660761174518,0.3811933666064894,1.6450641559143204,1.4382091999941622,,6
private_seed_audit,budget_10_extreme,multi-hole,1003,3,hard,smooth,connected,high,moment_preserving_perturbation,best-of-k-restart-blind,protocol_b,0.6075292690218892,0.03125,0.013657056145675266,0.0,0.8040887244065784,0.3037646345109446,0.47336145757471915,0.6397367967832911,0.0,3.0,0.9863247863247864,0.32644188803376006,0.5820794158886082,0.6527826865751949,1.8330187816695562,0.5227398999995785,0.7,1
private_seed_audit,budget_10_extreme,multi-hole,1003,3,hard,smooth,connected,high,moment_preserving_perturbation,blind-sa,protocol_b,0.23186563872427499,0.65625,0.13995215311004786,0.28533269673783407,0.5529577142154674,0.11593281936213749,0.17223408950933905,0.6148659209308635,0.0,1.0,0.8922651933701657,0.0055627003921451465,0.09963623310128158,0.06620511130869929,0.13123325397050278,0.18035629999940284,0.35833333333333334,1
private_seed_audit,budget_10_extreme,multi-hole,1003,3,hard,smooth,connected,high,moment_preserving_perturbation,evolutionary-blind,protocol_b,0.24137992166574698,0.625,0.15274463007159905,0.2861010721530615,0.5114208033681548,0.12068996083287349,0.17631164402542765,0.5701337736185373,0.0,0.0,0.8800557880055788,0.006714239748959091,0.05246430403712149,0.11758391305986629,0.005575851969656043,0.23024660000373842,,1
private_seed_audit,budget_10_extreme,multi-hole,1003,3,hard,smooth,connected,high,moment_preserving_perturbation,projected-gradient-blind,protocol_b,0.8250089136102298,0.0,0.04120443740095087,0.0,0.9831224302375458,0.4125044568051149,0.5530418927849777,0.6261417508279459,0.0,3.0,0.9623655913978495,0.5472443889529958,0.6051110965329,0.6527826865751949,2.0635570603639075,0.056708600001002196,,1
private_seed_audit,budget_10_extreme,multi-hole,1003,3,hard,smooth,connected,high,moment_preserving_perturbation,subset-affine-blind,protocol_b,0.554485977396414,0.046875,0.07470288624787776,7.069457604429133,0.9146715009070381,0.277242988698207,0.48472682739121314,0.6397367967832911,0.0,3.0,0.9229287090558767,0.31884490538695276,0.5840990525201541,0.6334818053309548,1.8551454105403182,1.1390605999986292,,1
private_seed_audit,budget_10_extreme,nested-rings,1000,0,hard,smooth,connected,high,none,ambiguity-set-sampler,protocol_b,0.3790930027075166,0.234375,0.0513126491646778,1.2235345769781136,0.4119380470615857,0.1895465013537583,0.3086954482323177,0.6236710640567753,0.0,1.0,0.9548563611491108,0.07832427868506889,0.603912583301812,0.2722924578241726,1.7176263624571904,1.4302662999980384,,6
private_seed_audit,budget_10_extreme,nested-rings,1000,0,hard,smooth,connected,high,none,best-of-k-restart-blind,protocol_b,0.1103505638528057,1.0,0.2277432712215321,0.3404199971928107,0.15519179795850818,0.05517528192640285,0.09236240421590242,0.32418725494260614,0.0,0.0,0.7997587454764776,0.001353551047015201,0.07710297642341919,0.03667673516156239,0.19898934575255067,0.5349123000050895,0.6583333333333333,1
private_seed_audit,budget_10_extreme,nested-rings,1000,0,hard,smooth,connected,high,none,blind-sa,protocol_b,0.1103505638528057,1.0,0.2277432712215321,0.3404199971928107,0.15519179795850818,0.05517528192640285,0.09236240421590242,0.32418725494260614,0.0,0.0,0.7997587454764776,0.001353551047015201,0.07710297642341919,0.03667673516156239,0.19898934575255067,0.17934049999894341,0.5083333333333333,1
private_seed_audit,budget_10_extreme,nested-rings,1000,0,hard,smooth,connected,high,none,evolutionary-blind,protocol_b,0.10842198433279662,0.984375,0.21995708154506438,0.3157405302685267,0.1550311384596697,0.05421099216639831,0.09233878334853371,0.3130066511915518,0.0,5.0,0.8032581453634086,0.0014441093326497795,0.08954831879948681,0.028932901537077404,0.21238269349235406,0.22900769999978365,,1
private_seed_audit,budget_10_extreme,nested-rings,1000,0,hard,smooth,connected,high,none,projected-gradient-blind,protocol_b,0.8714236824156062,0.0,0.02585034013605442,4.663847859087293,1.3138490575173298,0.4357118412078031,0.5850814614263172,0.6931471793787513,0.0,1.0,0.9764890282131662,0.49906694563039516,0.6032591380642227,0.540302690542843,2.051653645401824,0.057890099997166544,,1
private_seed_audit,budget_10_extreme,nested-rings,1000,0,hard,smooth,connected,high,none,subset-affine-blind,protocol_b,0.6566283885014665,0.046875,0.02949438202247191,4.51814137569223,0.9110077937191953,0.32831419425073327,0.45865361826523104,0.6485824885437165,0.0,1.0,0.9707792207792207,0.23856001032616947,0.6027734277948159,0.5549943973015865,1.6929767300073582,1.138368799998716,,1
private_seed_audit,budget_10_extreme,nested-rings,1001,1,hard,smooth,connected,high,moment_preserving_perturbation,ambiguity-set-sampler,protocol_b,0.46670233220893753,0.171875,0.06221719457013575,1.4811199552680088,0.40670932346929184,0.23335116610446877,0.32512745836829854,0.6306887966721082,0.0,2.0,0.953125,0.08261175962466452,0.5750170118318978,0.4126030552052905,1.6628046831048802,1.4385313000020687,,6
private_seed_audit,budget_10_extreme,nested-rings,1001,1,hard,smooth,connected,high,moment_preserving_perturbation,best-of-k-restart-blind,protocol_b,0.22529129765525405,0.703125,0.18619934282584885,0.21655946270175175,0.3661220450819477,0.11264564882762702,0.14630263776167404,0.6161254176366155,0.0,0.0,0.8604651162790697,0.0036767900536938043,0.058551583822232606,0.16500900357855927,0.010710096402801295,0.525467799998296,0.8,1
private_seed_audit,budget_10_extreme,nested-rings,1001,1,hard,smooth,connected,high,moment_preserving_perturbation,blind-sa,protocol_b,0.23554632788407667,0.625,0.19666666666666666,0.27119660003189805,0.3511831217353031,0.11777316394203834,0.1581586326014803,0.5822416522226332,0.0,1.0,0.8288770053475936,0.0030877522719409104,0.08017896164453017,0.12922175345467585,0.02538913493923145,0.18079690000013215,0.44166666666666665,1
private_seed_audit,budget_10_extreme,nested-rings,1001,1,hard,smooth,connected,high,moment_preserving_perturbation,evolutionary-blind,protocol_b,0.22501609569781902,0.671875,0.18688524590163935,0.2128683588158486,0.36361538480817174,0.11250804784890951,0.14526070739210523,0.638131635084811,0.0,0.0,0.8649681528662421,0.003952892181688398,0.0487495719595063,0.1678233758298853,0.025509636968228833,0.2320733000015025,,1
private_seed_audit,budget_10_extreme,nested-rings,1001,1,hard,smooth,connected,high,moment_preserving_perturbation,projected-gradient-blind,protocol_b,0.8451155507477274,0.046875,0.02368421052631579,4.7430920443221485,1.8564675327631546,0.4225577753738637,0.5880720828405824,0.6931471793676884,0.0,2.0,0.978494623655914,0.5075592945094843,0.5942842992216186,0.5758475170188986,2.0980398605520736,0.059302599998773076,,1
private_seed_audit,budget_10_extreme,nested-rings,1001,1,hard,smooth,connected,high,moment_preserving_perturbation,subset-affine-blind,protocol_b,0.617666261785362,0.03125,0.03247631935047361,6.047193107421359,0.8432947362357879,0.308833130892681,0.46764233031191593,0.6689599766797721,0.0,2.0,0.9698412698412698,0.24819857501293927,0.5750170118318979,0.613934835673738,1.6628046831048802,1.168317300005583,,1
private_seed_audit,budget_10_extreme,nested-rings,1002,2,hard,smooth,connected,high,structured_dropout,ambiguity-set-sampler,protocol_b,0.396515813680728,0.328125,0.06463878326996197,1.4033232420139148,0.40259446280847294,0.198257906840364,0.32171100048861845,0.649447057938789,0.0,1.0,0.9365994236311239,0.08721830231372134,0.5332243575134789,0.25226431759965656,1.6513875459419847,1.403817299993534,,6
private_seed_audit,budget_10_extreme,nested-rings,1002,2,hard,smooth,connected,high,structured_dropout,best-of-k-restart-blind,protocol_b,0.10762472354926823,0.984375,0.16538882803943045,0.40311848479701795,0.15267255549057532,0.05381236177463412,0.0769640896206591,0.2045352330736313,0.0,0.0,0.8591370558375635,0.0009338101371255086,0.07420820215942275,0.033451048666010924,0.030023282641847615,0.5043342999997549,0.6083333333333333,1
private_seed_audit,budget_10_extreme,nested-rings,1002,2,hard,smooth,connected,high,structured_dropout,blind-sa,protocol_b,0.09780864614170633,0.984375,0.19838523644752018,0.3852649373017822,0.1471371314360031,0.04890432307085316,0.06717849966751233,0.3234400645097213,0.0,0.0,0.835978835978836,0.0007611553222516125,0.1153730483851079,0.045991103094755716,0.3427825601467629,0.18116039999586064,0.475,1
private_seed_audit,budget_10_extreme,nested-rings,1002,2,hard,smooth,connected,high,structured_dropout,evolutionary-blind,protocol_b,0.10753059460764496,0.984375,0.16887417218543047,0.3661416127245347,0.149723994132102,0.05376529730382248,0.07656963739539048,0.2158983015777217,0.0,1.0,0.8514724711907811,0.0009269192415248947,0.052660193891874346,0.06465797215471587,0.02932004620305717,0.2225892999995267,,1
private_seed_audit,budget_10_extreme,nested-rings,1002,2,hard,smooth,connected,high,structured_dropout,projected-gradient-blind,protocol_b,0.8189234653913194,0.046875,0.029498525073746312,4.01958739303341,1.3666814683751496,0.4094617326956597,0.586292772101602,0.6931471793665644,0.0,1.0,0.9670510708401977,0.3963713395087232,0.5720627942143071,0.5441639726285346,1.9613447656807332,0.06376969999837456,,1
private_seed_audit,budget_10_extreme,nested-rings,1002,2,hard,smooth,connected,high,structured_dropout,subset-affine-blind,protocol_b,0.6122105494413195,0.09375,0.019877675840978593,4.687617491332126,0.9427673082729212,0.30610527472065974,0.466726346584863,0.6714617004307298,0.0,1.0,0.9795221843003413,0.26522456801201844,0.5406166463732915,0.520815209417353,1.6109106823398203,0.9040908000024501,,1
private_seed_audit,budget_10_extreme,nested-rings,1003,3,hard,smooth,connected,high,clustered_occlusion,ambiguity-set-sampler,protocol_b,0.35834465880838107,0.265625,0.09642857142857143,1.7673677888438495,0.5316677505840358,0.17917232940419053,0.29455255279443854,0.5938900894235299,0.0,2.0,0.9057873485868102,0.05686223297001772,0.5748227142137737,0.31538876934850746,1.72039682301721,1.4022078000052716,,6
private_seed_audit,budget_10_extreme,nested-rings,1003,3,hard,smooth,connected,high,clustered_occlusion,best-of-k-restart-blind,protocol_b,0.7097561672359992,0.0,0.047619047619047616,0.0,0.8782202643511486,0.3548780836179996,0.5053469728644825,0.6039270850490642,0.0,4.0,0.9515347334410339,0.397029402452791,0.6019559317584575,0.5974436546004958,2.25680060700486,0.5050368000011076,0.6583333333333333,1
private_seed_audit,budget_10_extreme,nested-rings,1003,3,hard,smooth,connected,high,clustered_occlusion,blind-sa,protocol_b,0.2577521430766923,0.5625,0.18091009988901222,0.4233858413003696,0.5293048083398546,0.12887607153834615,0.16799458321136565,0.5377737329911274,0.0,2.0,0.8445040214477212,0.003839355799082192,0.12145767178085243,0.058311054198530624,0.23553185942201482,0.17643899999529822,0.48333333333333334,1
private_seed_audit,budget_10_extreme,nested-rings,1003,3,hard,smooth,connected,high,clustered_occlusion,evolutionary-blind,protocol_b,0.2664698008605268,0.5625,0.18876404494382024,0.3739137009749467,0.609997913245114,0.1332349004302634,0.17061545439451511,0.4934268052430645,0.0,3.0,0.8460559796437659,0.0038923409587316095,0.09649908507629817,0.054577509285550566,0.11510386743985501,0.2255936000001384,,1
private_seed_audit,budget_10_extreme,nested-rings,1003,3,hard,smooth,connected,high,clustered_occlusion,projected-gradient-blind,protocol_b,0.8863043925292684,0.0,0.026200873362445413,5.5319569382030425,1.8515712102112243,0.4431521962646342,0.6086332413779285,0.6931471794009018,0.0,4.0,0.9771986970684039,0.44450573805826454,0.5942842992212287,0.5168567764238539,2.1620697467549386,0.05666399999608984,,1
private_seed_audit,budget_10_extreme,nested-rings,1003,3,hard,smooth,connected,high,clustered_occlusion,subset-affine-blind,protocol_b,0.6534334990660047,0.0625,0.021613832853025938,5.717354942469055,1.0139427855673726,0.32671674953300234,0.4801201178018853,0.6931471793168416,0.0,4.0,0.9790322580645161,0.2223639183317785,0.574426741605671,0.5718810699154029,1.707115216198272,0.8767303999993601,,1
private_seed_audit,budget_10_extreme,pinwheel,1000,0,hard,jagged,connected,high,none,ambiguity-set-sampler,protocol_b,0.32082472484409624,0.546875,0.05405405405405406,1.3450074950523234,0.6983888036308347,0.16041236242204812,0.3224437216126486,0.6495382376586624,0.0,2.0,0.9509803921568627,0.10877002726698734,0.5750170118436837,0.310737104861422,1.5921999971584562,1.4376697999978205,,6
private_seed_audit,budget_10_extreme,pinwheel,1000,0,hard,jagged,connected,high,none,best-of-k-restart-blind,protocol_b,0.20192118058335404,0.96875,0.12484548825710753,0.25136982837470223,0.23569116290273795,0.10096059029167702,0.11822751266519617,0.574012507347024,0.0,1.0,0.8995502248875562,0.00043377474085726773,0.07296904031987532,0.0733370867530042,0.09826436074685097,0.5314538000020548,0.65,1
private_seed_audit,budget_10_extreme,pinwheel,1000,0,hard,jagged,connected,high,none,blind-sa,protocol_b,0.17974106822339084,0.9375,0.1515527950310559,0.21610767074152412,0.21165725579307593,0.08987053411169542,0.10874294514530565,0.476538685344699,0.0,2.0,0.8614008941877794,0.00042799087952302044,0.08477492471613524,0.13452823192864105,0.014100234949982138,0.1800476999997045,0.7083333333333334,1
private_seed_audit,budget_10_extreme,pinwheel,1000,0,hard,jagged,connected,high,none,evolutionary-blind,protocol_b,0.17735509891372808,0.96875,0.18046971569839307,0.20338351967267077,0.2003070643649453,0.08867754945686404,0.1020751350356466,0.519860384012399,0.0,1.0,0.8544395924308588,0.0008472665637210747,0.0664202157847967,0.12593409011026988,0.10281000890981318,0.23344480000378098,,1
private_seed_audit,budget_10_extreme,pinwheel,1000,0,hard,jagged,connected,high,none,projected-gradient-blind,protocol_b,0.654208532315192,0.03125,0.025684931506849314,7.937253933193774,2.175700608090001,0.327104266157596,0.5851367869057713,0.6931471793827269,0.0,2.0,0.9739478957915831,0.5750797221744081,0.6084523919191254,0.5782573330510472,2.180741996240925,0.05798240000149235,,1
private_seed_audit,budget_10_extreme,pinwheel,1000,0,hard,jagged,connected,high,none,subset-affine-blind,protocol_b,0.5310072904855572,0.125,0.029259896729776247,3.7280046934243183,0.9719287142402465,0.2655036452427786,0.45118088196253436,0.6487349021146125,0.0,2.0,0.9718875502008032,0.2965532330289259,0.5798225607514023,0.5239836324197918,1.735905513801083,1.1554488999972818,,1
private_seed_audit,budget_10_extreme,pinwheel,1001,1,hard,jagged,connected,high,moment_preserving_perturbation,ambiguity-set-sampler,protocol_b,0.3358152396544667,0.453125,0.09554973821989529,1.9314355073997693,0.5619433597186166,0.16790761982723335,0.31548274855723274,0.6291053940719428,0.0,4.0,0.9145038167938931,0.07744398903357952,0.5821294635054383,0.4866625113576385,1.5555820216230267,1.4405130000013742,,6
private_seed_audit,budget_10_extreme,pinwheel,1001,1,hard,jagged,connected,high,moment_preserving_perturbation,best-of-k-restart-blind,protocol_b,0.22398566343351997,0.921875,0.23352601156069364,0.23207124302902002,0.2407853852925278,0.11199283171675999,0.13405803711560046,0.595673356680874,0.0,2.0,0.8340248962655602,0.0012110421359098182,0.06830762243776296,0.08356843283335583,0.06382495859285253,0.5307729999985895,0.8083333333333333,1
private_seed_audit,budget_10_extreme,pinwheel,1001,1,hard,jagged,connected,high,moment_preserving_perturbation,blind-sa,protocol_b,0.21497131167691988,0.921875,0.19664804469273742,0.24645121548403587,0.2502046819501576,0.10748565583845994,0.14334581937845892,0.5848429320139488,0.0,1.0,0.8397863818424566,0.0016987163188548122,0.06841092573864399,0.06994436299727509,0.178348502354726,0.17895219999627443,0.5083333333333333,1
private_seed_audit,budget_10_extreme,pinwheel,1001,1,hard,jagged,connected,high,moment_preserving_perturbation,evolutionary-blind,protocol_b,0.22089511338889958,0.921875,0.19058553386911595,0.2158386483605435,0.25595243405519313,0.11044755669444979,0.15267434148459277,0.5631820826800991,0.0,2.0,0.8650472334682862,0.001112592172466673,0.09853653826833644,0.05910481504416975,0.00652851396662113,0.23012720000406262,,1
private_seed_audit,budget_10_extreme,pinwheel,1001,1,hard,jagged,connected,high,moment_preserving_perturbation,projected-gradient-blind,protocol_b,0.634511381552847,0.0625,0.01991465149359886,7.937253933193771,2.544822979986278,0.3172556907764235,0.5875988720428207,0.6931471793827265,0.0,4.0,0.978369384359401,0.5544018773665553,0.5869738780100706,0.6231922049274399,2.1441240207054957,0.058848000000580214,,1
private_seed_audit,budget_10_extreme,pinwheel,1001,1,hard,jagged,connected,high,moment_preserving_perturbation,subset-affine-blind,protocol_b,0.6370372950234918,0.109375,0.02635431918008785,4.509353154284391,1.0595073798290973,0.3185186475117459,0.48326877592298606,0.6931471793333999,0.0,4.0,0.9709897610921502,0.362377451218974,0.5809697168637498,0.6423243638575561,2.0353998772377064,1.1296497000003,,1
private_seed_audit,budget_10_extreme,pinwheel,1002,2,hard,jagged,connected,high,structured_dropout,ambiguity-set-sampler,protocol_b,0.3019381526074441,0.515625,0.06611570247933884,1.5993327864240434,0.6496372939569379,0.15096907630372206,0.3070972323843863,0.6489755185777522,0.0,1.0,0.9347471451876019,0.08194485562862522,0.6017807465830961,0.4107978203797027,1.54682071705798,1.3872116999991704,,6
private_seed_audit,budget_10_extreme,pinwheel,1002,2,hard,jagged,connected,high,structured_dropout,best-of-k-restart-blind,protocol_b,0.6016964355342781,0.078125,0.023494860499265784,0.0,0.8316234622193567,0.30084821776713905,0.498701448965168,0.6651196138976716,0.0,1.0,0.9792027729636048,0.43853072162487533,0.5987750504159877,0.6527826865992006,1.7173008961561955,0.5030051000067033,0.6666666666666666,1
private_seed_audit,budget_10_extreme,pinwheel,1002,2,hard,jagged,connected,high,structured_dropout,blind-sa,protocol_b,0.19948734253792616,0.9375,0.22058823529411764,0.18258065209542007,0.24830738808325106,0.09974367126896308,0.12115532274118848,0.4548778360108493,0.0,3.0,0.836764705882353,0.0005230426494215292,0.10345963247510187,0.03832045749241879,0.08984186808037098,0.1738026999955764,0.21666666666666667,1
private_seed_audit,budget_10_extreme,pinwheel,1002,2,hard,jagged,connected,high,structured_dropout,evolutionary-blind,protocol_b,0.19594691130861497,0.921875,0.20588235294117646,0.17789198504998482,0.23643480590389762,0.09797345565430748,0.12202215745489756,0.4223865620100741,0.0,2.0,0.8381924198250729,0.0004953853147353689,0.12911807726667024,0.08039069649422917,0.24441084810673974,0.22185410000383854,,1
private_seed_audit,budget_10_extreme,pinwheel,1002,2,hard,jagged,connected,high,structured_dropout,projected-gradient-blind,protocol_b,0.6999831710093912,0.046875,0.023734177215189875,7.937253933193771,2.1796884191679893,0.3499915855046956,0.584349332001041,0.6931471793827267,0.0,1.0,0.9849624060150376,0.5709888673134427,0.6125402680421732,0.6333577922221105,2.1193936242580826,0.05844300000171643,,1
private_seed_audit,budget_10_extreme,pinwheel,1002,2,hard,jagged,connected,high,structured_dropout,subset-affine-blind,protocol_b,0.45088449217731075,0.21875,0.028169014084507043,4.636760227676351,0.7470940973705875,0.22544224608865537,0.42385027188486374,0.6284043342071128,0.0,1.0,0.9701492537313433,0.20905465828944939,0.5975279996430254,0.6067169454845242,1.5383152231778041,0.8569199999983539,,1
private_seed_audit,budget_10_extreme,pinwheel,1003,3,hard,jagged,connected,high,clustered_occlusion,ambiguity-set-sampler,protocol_b,0.31061653447739984,0.609375,0.08484005563282336,1.2402315155107544,0.6113893617351953,0.15530826723869992,0.29651097130829035,0.6654537433656034,0.0,2.0,0.9337539432176656,0.06906617607679258,0.5975133073584091,0.29541719484083095,1.7858536669940321,1.3997531000059098,,6
private_seed_audit,budget_10_extreme,pinwheel,1003,3,hard,jagged,connected,high,clustered_occlusion,best-of-k-restart-blind,protocol_b,0.2573383568733021,0.90625,0.15510204081632653,0.2338117712139416,0.27819172172279427,0.12866917843665104,0.16140269873048005,0.43321698667699904,0.0,2.0,0.8661417322834646,0.0018628002067342967,0.09911679543303376,0.043209096769875076,0.05441794279847434,0.4999658000015188,0.44166666666666665,1
private_seed_audit,budget_10_extreme,pinwheel,1003,3,hard,jagged,connected,high,clustered_occlusion,blind-sa,protocol_b,0.25019302732477355,0.859375,0.12643678160919541,0.2517739364648369,0.30077587697546043,0.12509651366238678,0.166812367148002,0.5090299593454741,0.0,1.0,0.893491124260355,0.0016372738614897605,0.05015758785831832,0.03773511931302327,0.0410374029922993,0.17128369999409188,0.30833333333333335,1
private_seed_audit,budget_10_extreme,pinwheel,1003,3,hard,jagged,connected,high,clustered_occlusion,evolutionary-blind,protocol_b,0.23028229101383477,0.875,0.14037267080745341,0.22577874491378822,0.311848631402192,0.11514114550691738,0.1639516708730487,0.49819953467854894,0.0,1.0,0.8748091603053435,0.0016010194571728586,0.1032978116175434,0.05572528362584723,0.03175034701173374,0.21956179999688175,,1
private_seed_audit,budget_10_extreme,pinwheel,1003,3,hard,jagged,connected,high,clustered_occlusion,projected-gradient-blind,protocol_b,0.7435234494763868,0.0625,0.015202702702702704,7.937253933193772,2.2042922523796964,0.3717617247381934,0.6083528746437138,0.6931471793827266,0.0,2.0,0.9848197343453511,0.5738769234462269,0.6379864610242101,0.6333577921875344,2.3135620282169636,0.05796260000352049,,1
private_seed_audit,budget_10_extreme,pinwheel,1003,3,hard,jagged,connected,high,clustered_occlusion,subset-affine-blind,protocol_b,0.5542292019529264,0.140625,0.02138157894736842,5.567764362830024,0.8682782396309865,0.2771146009764632,0.4641204344923829,0.6931471793092321,0.0,2.0,0.9816176470588235,0.2986172388378462,0.6234462663855762,0.6272800494971886,2.160255206581688,0.8975868000052287,,1
private_seed_audit,budget_10_extreme,spiral,1000,0,hard,smooth,connected,high,structured_dropout,ambiguity-set-sampler,protocol_b,0.42617981434799623,0.265625,0.06186868686868687,1.4114656129516634,0.4783783201576304,0.21308990717399812,0.2907439204471912,0.6473242022000876,0.0,1.0,0.9492017416545718,0.08728495230981163,0.555757790177858,0.2900841497590171,1.5117420722455193,1.3865816000034101,,6
private_seed_audit,budget_10_extreme,spiral,1000,0,hard,smooth,connected,high,structured_dropout,best-of-k-restart-blind,protocol_b,0.6720685990723585,0.0,0.0297029702970297,0.0,0.824120340812118,0.33603429953617925,0.4843383189730369,0.6931471793898223,0.0,2.0,0.9727564102564102,0.364170955812308,0.5566134976853527,0.597443654600678,1.6825024606458743,0.5100032999980613,0.7166666666666667,1
private_seed_audit,budget_10_extreme,spiral,1000,0,hard,smooth,connected,high,structured_dropout,blind-sa,protocol_b,0.12062738277298593,0.96875,0.2564102564102564,0.42905741740533576,0.15338411540270394,0.060313691386492965,0.09152401444908953,0.22340213362185332,0.0,1.0,0.7863247863247863,0.0009192845913475302,0.029435253528119133,0.043132292334543174,0.04192450886837218,0.1726383000059286,0.36666666666666664,1
private_seed_audit,budget_10_extreme,spiral,1000,0,hard,smooth,connected,high,structured_dropout,evolutionary-blind,protocol_b,0.10032902260109018,1.0,0.3217948717948718,0.3196537644463032,0.16372591055966793,0.05016451130054509,0.07678155394939978,0.288811324488196,0.0,0.0,0.7204783258594918,0.0009627505953078474,0.044453793686624984,0.030847229456678258,0.0642793117130469,0.22068380000564503,,1
private_seed_audit,budget_10_extreme,spiral,1000,0,hard,smooth,connected,high,structured_dropout,projected-gradient-blind,protocol_b,0.723833450799019,0.03125,0.03903903903903904,7.937253933193774,1.0721407402289629,0.3619167253995095,0.5562442399609411,0.6619749582953378,0.0,2.0,0.9623287671232876,0.5220981798764702,0.5665872355876658,0.5802313294146509,1.9130407393402256,0.058448600000701845,,1
private_seed_audit,budget_10_extreme,spiral,1000,0,hard,smooth,connected,high,structured_dropout,subset-affine-blind,protocol_b,0.5997376943437561,0.109375,0.0425531914893617,3.602210788144994,0.8420253153122607,0.29986884717187806,0.4571578300439158,0.6480910585042667,0.0,2.0,0.9565972222222222,0.2536988683172876,0.5537392821005978,0.5229513381257709,1.4940594741367252,0.8891187000044738,,1
private_seed_audit,budget_10_extreme,spiral,1001,1,hard,smooth,connected,high,clustered_occlusion,ambiguity-set-sampler,protocol_b,0.4312315071428175,0.265625,0.03758389261744966,1.7619190488953098,0.5082892290977152,0.21561575357140875,0.3094068862904727,0.6620590564459172,0.0,1.0,0.9682779456193353,0.08058826997440932,0.5758035151156278,0.32822872098594874,1.5053426453604002,1.3691516000035335,,6
private_seed_audit,budget_10_extreme,spiral,1001,1,hard,smooth,connected,high,clustered_occlusion,best-of-k-restart-blind,protocol_b,0.6245006669863543,0.046875,0.023222060957910014,0.0,0.7751627811342153,0.31225033349317716,0.4852885506437778,0.6931471793665642,0.0,0.0,0.9772727272727273,0.36290316006937307,0.5791221978111835,0.5530093529028611,1.604325296642881,0.5090973999976995,0.825,1
private_seed_audit,budget_10_extreme,spiral,1001,1,hard,smooth,connected,high,clustered_occlusion,blind-sa,protocol_b,0.21634779178270785,0.75,0.22337662337662337,0.5260236635516253,0.4157522038830977,0.10817389589135393,0.1609454464494636,0.3887169059154991,0.0,7.0,0.8315789473684211,0.0025844758688438733,0.08727578058654724,0.07842321170526848,0.14122696317326167,0.17270319999806816,0.6833333333333333,1
private_seed_audit,budget_10_extreme,spiral,1001,1,hard,smooth,connected,high,clustered_occlusion,evolutionary-blind,protocol_b,0.23090770336095945,0.6875,0.1514360313315927,0.373284541283638,0.3991376766551887,0.11545385168047972,0.17134326163853314,0.44419835778874933,0.0,0.0,0.8675595238095238,0.0027348203115155974,0.06985356410623599,0.09794286762004792,0.15947564549480653,0.22313240000221413,,1
private_seed_audit,budget_10_extreme,spiral,1001,1,hard,smooth,connected,high,clustered_occlusion,projected-gradient-blind,protocol_b,0.7805475958200844,0.03125,0.05188679245283019,0.0,1.0468169792352664,0.3902737979100422,0.5792043529509748,0.6600614560859337,0.0,0.0,0.9525483304042179,0.5704810066945515,0.5942842992454775,0.5530093529028611,1.9150425396669666,0.0619382000004407,,1
private_seed_audit,budget_10_extreme,spiral,1001,1,hard,smooth,connected,high,clustered_occlusion,subset-affine-blind,protocol_b,0.6301625405863847,0.0625,0.020958083832335328,5.577264925669625,0.8806966768704853,0.31508127029319233,0.4714866303192747,0.6708648339251339,0.0,0.0,0.9798657718120806,0.30125784712932513,0.5745284403408348,0.5386832028211681,1.463519991103821,0.9257217999984277,,1
private_seed_audit,budget_10_extreme,spiral,1002,2,hard,smooth,connected,high,none,ambiguity-set-sampler,protocol_b,0.39643076565452434,0.328125,0.06048387096774194,1.5313825711807298,0.7354244788473379,0.19821538282726217,0.326976287901985,0.6346886990737481,0.0,4.0,0.9398148148148148,0.09975377472115629,0.5585815821814653,0.4231667785100565,1.51641662530002,1.455740199999127,,6
private_seed_audit,budget_10_extreme,spiral,1002,2,hard,smooth,connected,high,none,best-of-k-restart-blind,protocol_b,0.683537673518513,0.03125,0.017663043478260868,0.0,0.8923977139192433,0.3417688367592565,0.5203292762295776,0.6385943964793129,0.0,4.0,0.9829457364341085,0.42926781682025084,0.5581504172744307,0.6527826865868205,1.6904126136104547,0.575503200001549,0.7,1
private_seed_audit,budget_10_extreme,spiral,1002,2,hard,smooth,connected,high,none,blind-sa,protocol_b,0.1732171847537191,0.890625,0.25295508274231676,0.3540798330276479,0.18814811862630967,0.08660859237685956,0.1179225682048487,0.2683150369267364,0.0,3.0,0.8002735978112175,0.0006647865178832915,0.1178830458798137,0.04708286911381461,0.08083636664789928,0.1919430000052671,0.7416666666666667,1
private_seed_audit,budget_10_extreme,spiral,1002,2,hard,smooth,connected,high,none,evolutionary-blind,protocol_b,0.0771549894118827,1.0,0.35651074589127685,0.2965795344816126,0.14241061061270793,0.03857749470594135,0.05884381994275341,0.18298175684526358,0.0,0.0,0.7021897810218978,0.0005279195262309503,0.12932795773886654,0.02021491326060562,0.10587787695051132,0.2440338999949745,,1
private_seed_audit,budget_10_extreme,spiral,1002,2,hard,smooth,connected,high,none,projected-gradient-blind,protocol_b,0.7812217598559136,0.046875,0.04405286343612335,0.0,1.0788194082850084,0.3906108799279568,0.5872834250873851,0.660467061693608,0.0,4.0,0.9579124579124579,0.563035599886905,0.5690841946877059,0.6527826865868205,1.9154677973375083,0.05923310000071069,,1
private_seed_audit,budget_10_extreme,spiral,1002,2,hard,smooth,connected,high,none,subset-affine-blind,protocol_b,0.5883083025177559,0.078125,0.033823529411764704,3.5404189940079345,0.9936375607312403,0.29415415125887795,0.49603458155906877,0.6727332370408554,0.0,4.0,0.964406779661017,0.2792095992974745,0.5532176104166403,0.5918983043516644,1.4605132667808411,1.1770930999991833,,1
private_seed_audit,budget_10_extreme,spiral,1003,3,hard,smooth,connected,high,moment_preserving_perturbation,ambiguity-set-sampler,protocol_b,0.408419741800886,0.234375,0.053315994798439535,1.596906486968355,0.6869566587129055,0.204209870900443,0.3621991950086872,0.6616231420430172,0.0,3.0,0.9525925925925925,0.1035957759979352,0.553217610393812,0.28216111393351007,1.515533452940035,1.451026800001273,,6
private_seed_audit,budget_10_extreme,spiral,1003,3,hard,smooth,connected,high,moment_preserving_perturbation,best-of-k-restart-blind,protocol_b,0.2515273668652219,0.734375,0.16355140186915887,0.22234077969853758,0.3614377319784387,0.12576368343261096,0.16097701616419025,0.5711336883588346,0.0,2.0,0.8685314685314686,0.0053276680281543285,0.09910640020633085,0.09365054220636262,0.04469783052646603,0.5263467000040691,0.575,1
private_seed_audit,budget_10_extreme,spiral,1003,3,hard,smooth,connected,high,moment_preserving_perturbation,blind-sa,protocol_b,0.24557875637645254,0.71875,0.15219842164599776,0.25686951980904177,0.3641109317669839,0.12278937818822627,0.15630689650002175,0.5267651464106424,0.0,0.0,0.8800539083557951,0.004772198534166688,0.10357757824061578,0.08019636869596575,0.04506023482769628,0.1807450999986031,0.30833333333333335,1
private_seed_audit,budget_10_extreme,spiral,1003,3,hard,smooth,connected,high,moment_preserving_perturbation,evolutionary-blind,protocol_b,0.23888003944816305,0.8125,0.18309859154929578,0.21480881092632428,0.3460584354280727,0.11944001972408153,0.16308180341365666,0.5489494173847386,0.0,1.0,0.850828729281768,0.005253011517887261,0.08219834993054723,0.08530128904677341,0.10958959495343557,0.23084260000177892,,1
private_seed_audit,budget_10_extreme,spiral,1003,3,hard,smooth,connected,high,moment_preserving_perturbation,projected-gradient-blind,protocol_b,0.7790223567214876,0.046875,0.03508771929824561,0.0,1.1292657642454391,0.3895111783607438,0.6235276984766039,0.6600614560859337,0.0,3.0,0.9634551495016611,0.5243132065350595,0.5913755337485311,0.5530093528799871,2.015070661664188,0.05776999999943655,,1
private_seed_audit,budget_10_extreme,spiral,1003,3,hard,smooth,connected,high,moment_preserving_perturbation,subset-affine-blind,protocol_b,0.6363914910300071,0.046875,0.017673048600883652,7.937253933193771,0.8796162825762978,0.31819574551500357,0.488330314066249,0.6931471793665643,0.0,3.0,0.9798319327731092,0.3378703930072663,0.5727383956022114,0.5427710789211015,1.7981832210933415,1.162049400001706,,1
private_seed_audit,budget_10_extreme,volatility-clustering,1000,0,hard,jagged,connected,high,moment_preserving_perturbation,ambiguity-set-sampler,protocol_b,0.36811829248286465,0.34375,0.05379310344827586,2.252934142570134,0.9952453683244626,0.18405914624143233,0.3864913551338204,0.6401093798554124,0.0,9.0,0.9582664526484751,0.12206581242004291,0.6231358221262102,0.5112837236972898,1.4675313547745528,1.4300105000002077,,6
private_seed_audit,budget_10_extreme,volatility-clustering,1000,0,hard,jagged,connected,high,moment_preserving_perturbation,best-of-k-restart-blind,protocol_b,0.23284210093910954,0.78125,0.1821561338289963,0.3403670790098196,0.33409023280659006,0.11642105046955477,0.14191535361954427,0.5721129827402239,0.0,6.0,0.8489984591679507,0.00035588842022858495,0.11272749926108988,0.03661188710200501,0.1854287867396942,0.5283437999969465,0.25,1
private_seed_audit,budget_10_extreme,volatility-clustering,1000,0,hard,jagged,connected,high,moment_preserving_perturbation,blind-sa,protocol_b,0.24199939564920964,0.796875,0.18618988902589395,0.3438124512674876,0.3907813895436281,0.12099969782460482,0.15240058230785208,0.5075770114105616,0.0,1.0,0.8452380952380952,0.00053367482343495,0.13444458102909917,0.044432489620208626,0.12027281715998717,0.17763160000322387,0.16666666666666666,1
private_seed_audit,budget_10_extreme,volatility-clustering,1000,0,hard,jagged,connected,high,moment_preserving_perturbation,evolutionary-blind,protocol_b,0.23851019098871237,0.75,0.1882202304737516,0.35086328392586474,0.3831625963718654,0.11925509549435619,0.1483898752978065,0.49819953467854916,0.0,7.0,0.8515742128935533,0.0006920179954232079,0.05975884250542219,0.04429431664496142,0.13096634599475854,0.22906840000359807,,1
private_seed_audit,budget_10_extreme,volatility-clustering,1000,0,hard,jagged,connected,high,moment_preserving_perturbation,projected-gradient-blind,protocol_b,0.7053031613294372,0.046875,0.04094488188976378,7.93725393319377,1.2088971781920188,0.3526515806647186,0.5966386282694514,0.6931471793702291,0.0,9.0,0.9592592592592593,0.5665927874303579,0.6322930257438991,0.6707189442450343,1.8860242592241399,0.056868300001951866,,1
private_seed_audit,budget_10_extreme,volatility-clustering,1000,0,hard,jagged,connected,high,moment_preserving_perturbation,subset-affine-blind,protocol_b,0.6951467853604391,0.0625,0.03278688524590164,7.93725393319377,1.1503526089360334,0.34757339268021953,0.558805717523015,0.6931471793578574,0.0,9.0,0.9671814671814671,0.4154097819882502,0.6420743371706774,0.693147180377448,2.0797053375024377,1.1396252999984426,,1
private_seed_audit,budget_10_extreme,volatility-clustering,1001,1,hard,jagged,connected,high,structured_dropout,ambiguity-set-sampler,protocol_b,0.35837934330425075,0.4375,0.06346749226006192,1.6860231711831581,0.8938686903187968,0.17918967165212538,0.3502805219818533,0.6611262865852893,0.0,3.0,0.9463955637707948,0.11324630215194595,0.5743545033202498,0.4595287550070164,1.5825917141171244,1.380205699999351,,6
private_seed_audit,budget_10_extreme,volatility-clustering,1001,1,hard,jagged,connected,high,structured_dropout,best-of-k-restart-blind,protocol_b,0.5475031606413481,0.09375,0.013136288998357963,0.0,1.0542646431530622,0.27375158032067404,0.4753074924834033,0.6931471793334001,0.0,3.0,0.9861932938856016,0.3358693141233391,0.5779176307026467,0.6931471803663412,1.6949258522798176,0.4950420999957714,0.725,1
private_seed_audit,budget_10_extreme,volatility-clustering,1001,1,hard,jagged,connected,high,structured_dropout,blind-sa,protocol_b,0.22356622136645285,0.859375,0.24671532846715327,0.4225722017748395,0.3734350484297146,0.11178311068322642,0.14648865115088835,0.43593733168155885,0.0,1.0,0.776173285198556,0.0006132745626958411,0.10877802998723266,0.07807415534677181,0.10452967558703063,0.17119910000474192,0.75,1
private_seed_audit,budget_10_extreme,volatility-clustering,1001,1,hard,jagged,connected,high,structured_dropout,evolutionary-blind,protocol_b,0.2222732517022176,0.859375,0.22784810126582278,0.41945713659888334,0.34434193178477324,0.1111366258511088,0.14443846941873587,0.4639134426379299,0.0,1.0,0.8173758865248226,0.0011879123557963505,0.08151700577513643,0.059682181012166075,0.10543200003521802,0.21665529999881983,,1
private_seed_audit,budget_10_extreme,volatility-clustering,1001,1,hard,jagged,connected,high,structured_dropout,projected-gradient-blind,protocol_b,0.7874941638191068,0.015625,0.019197207678883072,5.5677643628300215,1.6362179593610457,0.3937470819095534,0.6139157432291963,0.6931471793702293,0.0,3.0,0.9831223628691983,0.5862107068470374,0.601955931770369,0.667398454874484,2.134723697656851,0.06004729999403935,,1
private_seed_audit,budget_10_extreme,volatility-clustering,1001,1,hard,jagged,connected,high,structured_dropout,subset-affine-blind,protocol_b,0.5413242513906256,0.140625,0.006633499170812604,5.740199964931882,1.1292125597705434,0.2706621256953128,0.47090230795661137,0.6931471793333999,0.0,3.0,0.9920159680638723,0.31692146367609647,0.601955931770369,0.6633105787516764,2.134723697656851,0.8637845999983256,,1
private_seed_audit,budget_10_extreme,volatility-clustering,1002,2,hard,jagged,connected,high,clustered_occlusion,ambiguity-set-sampler,protocol_b,0.3536921331974732,0.375,0.02034428794992175,1.739864137084725,0.9274315819641611,0.1768460665987366,0.36619420332061153,0.6610050062645105,0.0,1.0,0.98,0.10666972872034425,0.5989568668097683,0.47691636108071733,1.5586074393507678,1.3797810999967624,,6
private_seed_audit,budget_10_extreme,volatility-clustering,1002,2,hard,jagged,connected,high,clustered_occlusion,best-of-k-restart-blind,protocol_b,0.613396343844156,0.046875,0.009375,0.0,1.1401570836128412,0.306698171922078,0.5269578976010263,0.6627243898036252,0.0,1.0,0.9911032028469751,0.491538593370166,0.5995592204066857,0.6931471803776804,1.8178673858622973,0.5058897999988403,0.7333333333333333,1
private_seed_audit,budget_10_extreme,volatility-clustering,1002,2,hard,jagged,connected,high,clustered_occlusion,blind-sa,protocol_b,0.17048801703642996,0.875,0.29237947122861585,0.42943039794743154,0.22713900026643252,0.08524400851821498,0.1254677976465391,0.3018544165425782,0.0,7.0,0.7765765765765766,0.0012169869099524304,0.06081852238157942,0.06542462018780171,0.0840904059467622,0.18001170000206912,0.3333333333333333,1
private_seed_audit,budget_10_extreme,volatility-clustering,1002,2,hard,jagged,connected,high,clustered_occlusion,evolutionary-blind,protocol_b,0.20051600480564247,0.8125,0.35340729001584786,0.4600569101585966,0.3069793641422334,0.10025800240282123,0.1323365198224393,0.2906746233372975,0.0,13.0,0.7094972067039106,0.0018768046771720634,0.07679774478653288,0.06396849838113514,0.05973835851455034,0.22840269999869633,,1
private_seed_audit,budget_10_extreme,volatility-clustering,1002,2,hard,jagged,connected,high,clustered_occlusion,projected-gradient-blind,protocol_b,0.7186176109812994,0.03125,0.03418803418803419,0.0,1.2475216026946692,0.3593088054906497,0.5929164833114063,0.6572605217962058,0.0,2.0,0.9645569620253165,0.6282605395121804,0.6527826865520703,0.6931471803776804,2.251266259121237,0.05735140000615502,,1
private_seed_audit,budget_10_extreme,volatility-clustering,1002,2,hard,jagged,connected,high,clustered_occlusion,subset-affine-blind,protocol_b,0.589903362130592,0.09375,0.01559792027729636,4.015204203507601,1.110385550408418,0.294951681065296,0.5488098689149028,0.6931471793313336,0.0,1.0,0.9860557768924303,0.43683833834318514,0.5987750504047538,0.6279380381999395,1.7686886939767656,0.8881505000026664,,1
private_seed_audit,budget_10_extreme,volatility-clustering,1003,3,hard,jagged,connected,high,none,ambiguity-set-sampler,protocol_b,0.3288263087921132,0.46875,0.05310880829015544,1.4370261980018761,0.9844632296720982,0.1644131543960566,0.3529683396232125,0.6473725106261636,0.0,2.0,0.9571005917159763,0.12337569254525649,0.5530572300637739,0.3964568029713579,1.6039096011894647,1.4471391000042786,,6
private_seed_audit,budget_10_extreme,volatility-clustering,1003,3,hard,jagged,connected,high,none,best-of-k-restart-blind,protocol_b,0.17002518788890647,0.984375,0.25725593667546176,0.4672212163515421,0.25032699943259246,0.08501259394445324,0.10730923707300451,0.3382494939364628,0.0,6.0,0.8103975535168195,0.000439607076536543,0.0175878324092379,0.03966968002056613,0.02910364689444256,0.5233926000000793,0.20833333333333334,1
private_seed_audit,budget_10_extreme,volatility-clustering,1003,3,hard,jagged,connected,high,none,blind-sa,protocol_b,0.13645371287269845,1.0,0.3638968481375358,0.5008989257159017,0.21517624124044146,0.06822685643634922,0.08640987011875124,0.26405606807820653,0.0,1.0,0.7159863945578231,0.0005705666426172233,0.06218417257838594,0.05465040828017341,0.10103665873965051,0.1775982999970438,0.8583333333333333,1
private_seed_audit,budget_10_extreme,volatility-clustering,1003,3,hard,jagged,connected,high,none,evolutionary-blind,protocol_b,0.16704009003662834,0.984375,0.26308724832214764,0.4641316692473882,0.2503863709220071,0.08352004501831417,0.10530183713069881,0.31906774892783285,0.0,6.0,0.8052959501557633,0.00041758856699886234,0.01762818285806857,0.04056358298449185,0.0014119696048950914,0.22978519999742275,,1
private_seed_audit,budget_10_extreme,volatility-clustering,1003,3,hard,jagged,connected,high,none,projected-gradient-blind,protocol_b,0.7091237707316307,0.046875,0.03343949044585987,0.0,1.2092306233569217,0.35456188536581534,0.579089576449989,0.6931471793937736,0.0,3.0,0.9672131147540983,0.5918011126187145,0.5798869282524884,0.6527826865889751,1.9543436845303777,0.061117699995520525,,1
private_seed_audit,budget_10_extreme,volatility-clustering,1003,3,hard,jagged,connected,high,none,subset-affine-blind,protocol_b,0.6145164795303011,0.046875,0.01726844583987441,4.4273630715439625,1.1468189959744153,0.30725823976515054,0.5399041324088693,0.6931471793202786,0.0,3.0,0.98014440433213,0.39058280252099314,0.560910519402211,0.5751668409945623,1.671342816621651,1.1564371999993455,,1
private_seed_audit,budget_15_vertical_strip,barbell-bridge,1000,0,hard,jagged,connected,high,structured_dropout,ambiguity-set-sampler,protocol_b,0.4646323691113669,0.109375,0.061764705882352944,0.0,0.9191710444161089,0.23231618455568345,0.3758049938950987,0.6131532002254736,0.0,3.0,0.9393414211438474,0.07117954036292354,0.52616102184773,0.5974436546134956,1.9232476626718709,1.4282679000025382,,6
private_seed_audit,budget_15_vertical_strip,barbell-bridge,1000,0,hard,jagged,connected,high,structured_dropout,best-of-k-restart-blind,protocol_b,0.21053428379236794,0.6875,0.1251372118551043,0.42755782156029276,0.38159988348383245,0.10526714189618397,0.14173348334863542,0.6065037813477989,0.0,0.0,0.9030544488711819,0.00097484485789456,0.03381015641313622,0.07392658108877262,0.05831363903050324,0.5350813999975799,0.5916666666666667,1
private_seed_audit,budget_15_vertical_strip,barbell-bridge,1000,0,hard,jagged,connected,high,structured_dropout,blind-sa,protocol_b,0.21053428379236794,0.6875,0.1251372118551043,0.42755782156029276,0.38159988348383245,0.10526714189618397,0.14173348334863542,0.6065037813477989,0.0,0.0,0.9030544488711819,0.00097484485789456,0.03381015641313622,0.07392658108877262,0.05831363903050324,0.18052509999688482,0.75,1
private_seed_audit,budget_15_vertical_strip,barbell-bridge,1000,0,hard,jagged,connected,high,structured_dropout,evolutionary-blind,protocol_b,0.20697903838692291,0.6875,0.15279361459521096,0.468945041234991,0.26584520504262227,0.10348951919346146,0.1410485475774212,0.5090299593454741,0.0,1.0,0.8867667121418826,0.0012661390793747463,0.05520640971474334,0.0666955184589933,0.10526263028371519,0.23471939999581082,,1
private_seed_audit,budget_15_vertical_strip,barbell-bridge,1000,0,hard,jagged,connected,high,structured_dropout,projected-gradient-blind,protocol_b,0.3580189304267164,0.21875,0.06531204644412192,2.998361140615991,0.8776957801599182,0.1790094652133582,0.3292731319810503,0.5756514720489703,0.0,3.0,0.9401709401709402,0.0398383399218242,0.3287517739068886,0.44155611767121683,0.3481849907127339,0.05754069999966305,,1
private_seed_audit,budget_15_vertical_strip,barbell-bridge,1000,0,hard,jagged,connected,high,structured_dropout,subset-affine-blind,protocol_b,0.6202706838584103,0.015625,0.027982326951399118,7.9372539331937695,1.2685090976545899,0.31013534192920517,0.5475523955648098,0.6931471793578574,0.0,3.0,0.9828767123287672,0.36558577580121765,0.527146773860382,0.5828860018772364,1.7848351820511457,0.8799641999939922,,1
private_seed_audit,budget_15_vertical_strip,barbell-bridge,1001,1,hard,jagged,connected,high,clustered_occlusion,ambiguity-set-sampler,protocol_b,0.46486749578073183,0.15625,0.03467406380027739,0.0,1.2111828113589884,0.23243374789036592,0.39350205461936144,0.6726628218452668,0.0,8.0,0.9671052631578947,0.07270896766328899,0.32017286691929336,0.6231284203989516,0.7435444342364075,1.4205687000066973,,6
private_seed_audit,budget_15_vertical_strip,barbell-bridge,1001,1,hard,jagged,connected,high,clustered_occlusion,best-of-k-restart-blind,protocol_b,0.22919350472431915,0.71875,0.21196222455403987,0.7905210668096224,0.3504566760184996,0.11459675236215958,0.1658942211067624,0.40072571267622414,0.0,4.0,0.8384615384615385,0.0010321156264391038,0.16717740023368677,0.07981459348914254,0.0192179118143887,0.5228538000010303,0.8583333333333333,1
private_seed_audit,budget_15_vertical_strip,barbell-bridge,1001,1,hard,jagged,connected,high,clustered_occlusion,blind-sa,protocol_b,0.23774690619714164,0.71875,0.18280739934711643,0.7870706392489965,0.40972897738588115,0.11887345309857082,0.1764607785837648,0.4529975504447718,0.0,3.0,0.88110964332893,0.0008963443954347018,0.1373161579607114,0.08865927737434129,0.021690567696725616,0.17843310000171186,0.625,1
private_seed_audit,budget_15_vertical_strip,barbell-bridge,1001,1,hard,jagged,connected,high,clustered_occlusion,evolutionary-blind,protocol_b,0.22827672767653084,0.75,0.18124341412012646,0.7075675098978798,0.34461237993845145,0.11413836383826542,0.16524466992645406,0.4115561373431491,0.0,6.0,0.8690176322418136,0.0009453003867791604,0.12378208104586519,0.04677735767933694,0.09262563779504696,0.2225564000036684,,1
private_seed_audit,budget_15_vertical_strip,barbell-bridge,1001,1,hard,jagged,connected,high,clustered_occlusion,projected-gradient-blind,protocol_b,0.43216800307208086,0.1875,0.06437768240343347,4.810762604376089,0.7828405514435673,0.21608400153604043,0.36636617052580206,0.6556855739775436,0.0,8.0,0.9453924914675768,0.0598703505357875,0.33980633208896616,0.5692837452807314,0.4126676132515841,0.05774329999985639,,1
private_seed_audit,budget_15_vertical_strip,barbell-bridge,1001,1,hard,jagged,connected,high,clustered_occlusion,subset-affine-blind,protocol_b,0.7102788530844442,0.078125,0.02,5.188860312480193,1.4437979166701416,0.3551394265422221,0.6275384760205821,0.6664862512686592,0.0,8.0,0.9829931972789115,0.4725097767749249,0.5405568538683159,0.5778904366270138,1.8897417783473545,0.9017477000015788,,1
private_seed_audit,budget_15_vertical_strip,barbell-bridge,1002,2,hard,jagged,connected,high,none,ambiguity-set-sampler,protocol_b,0.3028530737875481,0.46875,0.08926261319534282,2.2363072253851604,0.8291933402224212,0.15142653689377406,0.27667144470572874,0.6334739758917085,0.0,3.0,0.9264264264264265,0.01627952645089393,0.23592886950309733,0.39462090951259865,0.05805579206947842,1.4458099999974365,,6
private_seed_audit,budget_15_vertical_strip,barbell-bridge,1002,2,hard,jagged,connected,high,none,best-of-k-restart-blind,protocol_b,0.16768238486306783,0.90625,0.26125,0.6078938854757266,0.22027684547424753,0.08384119243153391,0.1104135936225984,0.37906486334237416,0.0,2.0,0.790436005625879,0.0008808616451554863,0.03011286793492869,0.08788709856617768,0.07934839293521545,0.541313399997307,0.7333333333333333,1
private_seed_audit,budget_15_vertical_strip,barbell-bridge,1002,2,hard,jagged,connected,high,none,blind-sa,protocol_b,0.13632372059509829,0.90625,0.22327790973871733,0.660134504530969,0.20792839179804895,0.06816186029754914,0.08690474399771403,0.3140823153408243,0.0,1.0,0.8247282608695652,0.0006164787382108832,0.04526305100542734,0.07668029450561743,0.21288251021749272,0.18094990000099642,0.7833333333333333,1
private_seed_audit,budget_15_vertical_strip,barbell-bridge,1002,2,hard,jagged,connected,high,none,evolutionary-blind,protocol_b,0.15786279400755526,0.90625,0.24754901960784315,0.6146118822452784,0.2176107033702066,0.07893139700377763,0.09993730243254088,0.3357431646746743,0.0,1.0,0.801418439716312,0.0008572912752492321,0.08630305058192168,0.07127585892954333,0.10096233367130214,0.23052450000250246,,1
private_seed_audit,budget_15_vertical_strip,barbell-bridge,1002,2,hard,jagged,connected,high,none,projected-gradient-blind,protocol_b,0.36149064324685914,0.3125,0.07095046854082998,2.390958803561329,0.6671557218198232,0.18074532162342957,0.3212386112570252,0.6471586863887027,0.0,3.0,0.9364599092284418,0.026457321593160468,0.19005971836754038,0.38369300856836147,0.017458718457147082,0.05774810000002617,,1
private_seed_audit,budget_15_vertical_strip,barbell-bridge,1002,2,hard,jagged,connected,high,none,subset-affine-blind,protocol_b,0.7575246626727014,0.0625,0.02789400278940028,6.896119986177775,1.4654296448334247,0.3787623313363507,0.6157518294321361,0.6651196138976716,0.0,3.0,0.9762282091917591,0.5425620711240435,0.6022135945544982,0.5832522873622206,1.7700575487115298,1.156458899997233,,1
private_seed_audit,budget_15_vertical_strip,barbell-bridge,1003,3,hard,jagged,connected,high,moment_preserving_perturbation,ambiguity-set-sampler,protocol_b,0.36509161646206406,0.34375,0.04411764705882353,2.6051050611550486,0.9465902875222858,0.18254580823103203,0.32180129191390294,0.6465052154400784,0.0,1.0,0.9595645412130638,0.0449709210723826,0.18902110573734068,0.4390108670291696,0.10397193017353423,1.455654700002924,,6
private_seed_audit,budget_15_vertical_strip,barbell-bridge,1003,3,hard,jagged,connected,high,moment_preserving_perturbation,best-of-k-restart-blind,protocol_b,0.2718036246143839,0.59375,0.14594594594594595,0.446462009071033,0.5462760353671371,0.13590181230719195,0.166896378477508,0.5611098740161262,0.0,1.0,0.890625,0.00117308427133779,0.1312170978495534,0.056740658942718444,0.02165906151423913,0.5397964000003412,0.7,1
private_seed_audit,budget_15_vertical_strip,barbell-bridge,1003,3,hard,jagged,connected,high,moment_preserving_perturbation,blind-sa,protocol_b,0.26091279829831754,0.640625,0.15203426124197003,0.36442070166398527,0.3753990433945911,0.13045639914915877,0.16609075413274124,0.5403246879900352,0.0,2.0,0.9128834355828221,0.0011309864724233809,0.08226836494170481,0.0830819830878437,0.05501050231480509,0.1825922999996692,0.7166666666666667,1
private_seed_audit,budget_15_vertical_strip,barbell-bridge,1003,3,hard,jagged,connected,high,moment_preserving_perturbation,evolutionary-blind,protocol_b,0.2635165342846462,0.671875,0.13595505617977527,0.375131788404729,0.5373129090814375,0.1317582671423231,0.16484406312534172,0.5730723645695088,0.0,3.0,0.9013157894736842,0.0014784001777609448,0.09676115108254835,0.06775095562951948,0.025728179198386325,0.2339910000009695,,1
private_seed_audit,budget_15_vertical_strip,barbell-bridge,1003,3,hard,jagged,connected,high,moment_preserving_perturbation,projected-gradient-blind,protocol_b,0.3940681621923498,0.3125,0.040983606557377046,2.61546964085031,0.946681219359564,0.1970340810961749,0.3548603101757639,0.6611262865852892,0.0,1.0,0.9554140127388535,0.050195975989066624,0.16354268486035273,0.4672934422112317,0.21468918790529168,0.059295200000633486,,1
private_seed_audit,budget_15_vertical_strip,barbell-bridge,1003,3,hard,jagged,connected,high,moment_preserving_perturbation,subset-affine-blind,protocol_b,0.7355441057930581,0.0625,0.043795620437956206,7.937253933193774,1.306434910722657,0.36777205289652903,0.5275884694703407,0.6664862512686595,0.0,1.0,0.9662162162162162,0.34064633045738635,0.6106404117970149,0.6353317885875076,1.8341948702739224,1.133446100000583,,1
private_seed_audit,budget_15_vertical_strip,crescent,1000,0,hard,smooth,connected,high,none,ambiguity-set-sampler,protocol_b,0.3193700614470931,0.3125,0.1275252525252525,1.3344734629808277,0.432485451088215,0.15968503072354656,0.24582815623620202,0.37841188350323435,0.0,2.0,0.8928571428571429,0.04252587438662163,0.5021807997996612,0.23399462613718996,1.288491948415813,1.4670474999948055,,6
private_seed_audit,budget_15_vertical_strip,crescent,1000,0,hard,smooth,connected,high,none,best-of-k-restart-blind,protocol_b,0.1086359267104558,0.9375,0.15113636363636362,0.345459838866658,0.13034368652830905,0.0543179633552279,0.07995167041228564,0.4902411930458682,0.0,0.0,0.8777923784494087,0.0006429708335631175,0.1077877480202831,0.04973697736844414,0.3133839279642787,0.5528044999955455,0.5583333333333333,1
private_seed_audit,budget_15_vertical_strip,crescent,1000,0,hard,smooth,connected,high,none,blind-sa,protocol_b,0.10447398936986015,1.0,0.15028248587570622,0.510986010699176,0.10958671712849777,0.05223699468493007,0.07527700113874758,0.3836614395039698,0.0,1.0,0.887012987012987,0.00033760013707862,0.08482048801577138,0.04562520824641643,0.0320759478161019,0.18954610000218963,0.5416666666666666,1
private_seed_audit,budget_15_vertical_strip,crescent,1000,0,hard,smooth,connected,high,none,evolutionary-blind,protocol_b,0.11005142898056994,0.921875,0.16381156316916487,0.1494000130342699,0.1408419422275486,0.05502571449028497,0.07975477818816237,0.49189631120842636,0.0,5.0,0.8691931540342298,0.0005651613731157005,0.1370984160719141,0.08786595066101716,0.3037412601801921,0.23447870000381954,,1
private_seed_audit,budget_15_vertical_strip,crescent,1000,0,hard,smooth,connected,high,none,projected-gradient-blind,protocol_b,0.5290258155972825,0.078125,0.04120879120879121,5.256330585236227,0.7993704303294789,0.26451290779864123,0.4238233162385707,0.6673469433995489,0.0,2.0,0.9628482972136223,0.35083602510346246,0.6206635144513217,0.5899345018677336,2.053460028327886,0.05999620000511641,,1
private_seed_audit,budget_15_vertical_strip,crescent,1000,0,hard,smooth,connected,high,none,subset-affine-blind,protocol_b,0.5420695645821739,0.09375,0.05822416302765648,4.4748244499454755,0.587127697479575,0.27103478229108696,0.37688655934980525,0.5113136190774178,0.0,2.0,0.9422442244224423,0.15807350333176545,0.5749027726029128,0.5485766055449197,1.5991774558538332,1.146562100002484,,1
private_seed_audit,budget_15_vertical_strip,crescent,1001,1,hard,smooth,connected,high,moment_preserving_perturbation,ambiguity-set-sampler,protocol_b,0.30293394879536156,0.3125,0.0707196029776675,1.842458506216505,0.42997055896682973,0.15146697439768078,0.2584257573117674,0.581700748680643,0.0,3.0,0.94,0.04522270354332777,0.6000602081238646,0.33976856618278684,1.7881240645855516,1.4378136999948765,,6
private_seed_audit,budget_15_vertical_strip,crescent,1001,1,hard,smooth,connected,high,moment_preserving_perturbation,best-of-k-restart-blind,protocol_b,0.4697118346882632,0.078125,0.03678474114441417,0.0,0.7175459846689369,0.2348559173441316,0.37499874089944013,0.6683483190787946,0.0,3.0,0.9603174603174603,0.18817925349030012,0.5998254476885782,0.574296952459298,1.5089062784257665,0.5284612000032212,0.7833333333333333,1
private_seed_audit,budget_15_vertical_strip,crescent,1001,1,hard,smooth,connected,high,moment_preserving_perturbation,blind-sa,protocol_b,0.27532185124599695,0.46875,0.11067961165048544,0.19049804129338802,0.42528465621790296,0.13766092562299848,0.19047743919263543,0.5621564723763508,0.0,2.0,0.9066820276497696,0.008366467190461607,0.056054523142987214,0.10559837866668759,0.09939553997013917,0.1772525999986101,0.8,1
private_seed_audit,budget_15_vertical_strip,crescent,1001,1,hard,smooth,connected,high,moment_preserving_perturbation,evolutionary-blind,protocol_b,0.2650143295391729,0.4375,0.10368217054263566,0.14684841429395332,0.355520472900627,0.13250716476958646,0.18817812948324222,0.5949041489558243,0.0,1.0,0.9109826589595376,0.008799844073876167,0.08829358301368104,0.09108950044690184,0.08209137352888973,0.22917880000022706,,1
private_seed_audit,budget_15_vertical_strip,crescent,1001,1,hard,smooth,connected,high,moment_preserving_perturbation,projected-gradient-blind,protocol_b,0.47283055916005373,0.109375,0.04200542005420054,5.980885637456292,0.7988657128200046,0.23641527958002687,0.41913991963954206,0.666182491248811,0.0,3.0,0.957613814756672,0.32512171826731895,0.6313679256193268,0.5425410024401214,2.055159687238833,0.05656180000369204,,1
private_seed_audit,budget_15_vertical_strip,crescent,1001,1,hard,smooth,connected,high,moment_preserving_perturbation,subset-affine-blind,protocol_b,0.3759621303520778,0.15625,0.05390070921985816,4.230090383174861,0.6265559026925402,0.1879810651760389,0.34586553951332655,0.6506881995492568,0.0,3.0,0.9401993355481728,0.15561708900979165,0.6027734278183843,0.49020387866763593,1.5613776549514238,1.1474244999990333,,1
private_seed_audit,budget_15_vertical_strip,crescent,1002,2,hard,smooth,connected,high,structured_dropout,ambiguity-set-sampler,protocol_b,0.3432899454370747,0.296875,0.09975669099756691,1.845798358121737,0.4753971284241953,0.17164497271853735,0.2545470108830607,0.5139029909578439,0.0,3.0,0.8958630527817404,0.05477747094716675,0.5240538314628548,0.32354095677031325,1.0410263950132728,1.388861100000213,,6
private_seed_audit,budget_15_vertical_strip,crescent,1002,2,hard,smooth,connected,high,structured_dropout,best-of-k-restart-blind,protocol_b,0.5696552814760105,0.0625,0.045572916666666664,0.0,0.8033167627291934,0.28482764073800526,0.4181893484160665,0.6641197733708318,0.0,4.0,0.9531722054380665,0.40247929513185327,0.614723338040761,0.6527826865764182,1.805800043839423,0.5034145000026911,0.8083333333333333,1
private_seed_audit,budget_15_vertical_strip,crescent,1002,2,hard,smooth,connected,high,structured_dropout,blind-sa,protocol_b,0.12215938463861913,0.859375,0.18018018018018017,0.302066257295208,0.15774819600056464,0.06107969231930956,0.08189545826307534,0.24631652606764576,0.0,4.0,0.8688524590163934,0.0009003050694217215,0.11274820520250933,0.05828111239162992,0.06209923043508647,0.17614799999864772,0.30833333333333335,1
private_seed_audit,budget_15_vertical_strip,crescent,1002,2,hard,smooth,connected,high,structured_dropout,evolutionary-blind,protocol_b,0.0804027082850518,1.0,0.2847222222222222,0.16783889839285288,0.09725179198111782,0.0402013541425259,0.06438561112866788,0.25358233499480576,0.0,4.0,0.7621550591327201,0.00016117909009939096,0.08246437259656211,0.05079295937052539,0.37282230151808804,0.22176899999612942,,1
private_seed_audit,budget_15_vertical_strip,crescent,1002,2,hard,smooth,connected,high,structured_dropout,projected-gradient-blind,protocol_b,0.5401113470899275,0.078125,0.032133676092544985,5.6120566145398945,0.8166450691848638,0.27005567354496374,0.41133734400182426,0.6379544391048546,0.0,4.0,0.9702823179791976,0.4019016876445263,0.6313679256084204,0.6059325048687598,2.0435094066369817,0.056924799995613284,,1
private_seed_audit,budget_15_vertical_strip,crescent,1002,2,hard,smooth,connected,high,structured_dropout,subset-affine-blind,protocol_b,0.4854129843315269,0.09375,0.0891891891891892,3.16422227061282,0.5281197108950892,0.24270649216576345,0.3825009680495495,0.5923574965144431,0.0,4.0,0.918622848200313,0.16806045456939675,0.5976013167847731,0.47591748969562775,1.513543368939867,0.8804716000013286,,1
private_seed_audit,budget_15_vertical_strip,crescent,1003,3,hard,smooth,connected,high,clustered_occlusion,ambiguity-set-sampler,protocol_b,0.3165422179669999,0.296875,0.04941176470588235,2.108238629905452,0.5575023161283693,0.15827110898349994,0.3161759661587962,0.5967206605749884,0.0,3.0,0.9563492063492064,0.07750068212234162,0.6132104465074961,0.41724755775883215,1.7210027116429185,1.401204300003883,,6
private_seed_audit,budget_15_vertical_strip,crescent,1003,3,hard,smooth,connected,high,clustered_occlusion,best-of-k-restart-blind,protocol_b,0.5460361458013587,0.078125,0.018703241895261846,0.0,0.9310773632702651,0.27301807290067936,0.4592772567556586,0.6658707879235006,0.0,3.0,0.9845722300140253,0.35357158482027295,0.6032591380767154,0.652782686564473,1.8529332174032564,0.5025578999993741,0.6916666666666667,1
private_seed_audit,budget_15_vertical_strip,crescent,1003,3,hard,smooth,connected,high,clustered_occlusion,blind-sa,protocol_b,0.29384201175917446,0.46875,0.08700440528634361,0.4412017101860013,0.4915550377688745,0.14692100587958723,0.20841565240819937,0.5638231079160303,0.0,3.0,0.93375,0.0025253973421064425,0.22407180081656616,0.12793648396884133,0.04794079903331738,0.1736047999947914,0.7,1
private_seed_audit,budget_15_vertical_strip,crescent,1003,3,hard,smooth,connected,high,clustered_occlusion,evolutionary-blind,protocol_b,0.2839976527724752,0.46875,0.10836909871244635,0.2359358816152469,0.483412306430379,0.1419988263862376,0.19069135120433034,0.5299734127079856,0.0,2.0,0.9262899262899262,0.001825516124315604,0.20469088177742856,0.0757564190980255,0.01524020078183419,0.22598749999451684,,1
private_seed_audit,budget_15_vertical_strip,crescent,1003,3,hard,smooth,connected,high,clustered_occlusion,projected-gradient-blind,protocol_b,0.5223990584090701,0.078125,0.028205128205128206,7.476436318690349,0.8310817114837118,0.26119952920453504,0.45116085494410946,0.6931471793799591,0.0,3.0,0.9725433526011561,0.34640463906924757,0.6086984803442199,0.6231921733627458,1.9880383342962,0.06035100000008242,,1
private_seed_audit,budget_15_vertical_strip,crescent,1003,3,hard,smooth,connected,high,clustered_occlusion,subset-affine-blind,protocol_b,0.5251060855568541,0.0625,0.03263707571801567,3.459312493785999,0.6953670654761234,0.26255304277842706,0.38920003357948024,0.6304053601834596,0.0,3.0,0.9660766961651918,0.18067932615226023,0.5976964372077269,0.565367332922124,1.4516345503085502,0.8841547000047285,,1
private_seed_audit,budget_15_vertical_strip,cross-branch,1000,0,hard,jagged,connected,high,none,ambiguity-set-sampler,protocol_b,0.21758830479757746,0.625,0.4103671706263499,1.5517976375133453,0.6217748786333215,0.10879415239878873,0.22204983015150465,0.32118728432071486,0.0,1.0,0.680672268907563,0.025532684135890445,0.11975418150058816,0.32677379877381113,0.28163554004381197,1.449090400004934,,6
private_seed_audit,budget_15_vertical_strip,cross-branch,1000,0,hard,jagged,connected,high,none,best-of-k-restart-blind,protocol_b,0.11021802470952306,1.0,0.5863746958637469,0.2888495887051255,0.13566229361650978,0.05510901235476153,0.08333144388778642,0.14735256903635097,0.0,0.0,0.5822784810126582,0.0006722737385376869,0.031665387254268505,0.02488991422790723,0.0022842957918363105,0.538110699999379,0.75,1
private_seed_audit,budget_15_vertical_strip,cross-branch,1000,0,hard,jagged,connected,high,none,blind-sa,protocol_b,0.10639972368492628,0.984375,0.4837310195227766,0.3396880207779286,0.1531950487879721,0.05319986184246314,0.07444730231672503,0.18298175684526355,0.0,0.0,0.6519174041297935,0.0005742735105113022,0.04725093312201988,0.02604543398100588,0.033814312718658535,0.18007789999683155,0.4,1
private_seed_audit,budget_15_vertical_strip,cross-branch,1000,0,hard,jagged,connected,high,none,evolutionary-blind,protocol_b,0.10468842808813389,1.0,0.5407925407925408,0.2473221155420879,0.1263488519881343,0.052344214044066945,0.08093393994494376,0.14735256903635097,0.0,0.0,0.6627565982404693,0.0007592343836815372,0.05161188955922704,0.041508373922012384,0.09519812165912933,0.23357830000168178,,1
private_seed_audit,budget_15_vertical_strip,cross-branch,1000,0,hard,jagged,connected,high,none,projected-gradient-blind,protocol_b,0.5493328899613026,0.140625,0.03642987249544627,4.630425653011032,1.0268421912966768,0.2746664449806513,0.5597813256456341,0.6237181305829638,0.0,0.0,0.9790209790209791,0.26966296067367285,0.581460755823598,0.6606559063388158,1.6289435544492465,0.05966430000262335,,1
private_seed_audit,budget_15_vertical_strip,cross-branch,1000,0,hard,jagged,connected,high,none,subset-affine-blind,protocol_b,0.5005565771828474,0.140625,0.09425287356321839,6.1365866350961165,0.9539373042016994,0.2502782885914237,0.5021631698896479,0.597459519468405,0.0,0.0,0.9012345679012346,0.43231660788018583,0.5957500366000341,0.64861260803104,1.8218305717203636,1.1507569999957923,,1
private_seed_audit,budget_15_vertical_strip,cross-branch,1001,1,hard,jagged,connected,high,moment_preserving_perturbation,ambiguity-set-sampler,protocol_b,0.3371763615568635,0.515625,0.07241379310344828,1.672444425649818,0.798725757129194,0.16858818077843174,0.35980573097386154,0.6321142878135766,0.0,0.0,0.9330453563714902,0.033928611783765,0.19402298631753842,0.4315974904827784,0.6938557050885445,1.4322580000007292,,6
private_seed_audit,budget_15_vertical_strip,cross-branch,1001,1,hard,jagged,connected,high,moment_preserving_perturbation,best-of-k-restart-blind,protocol_b,0.249599482328152,0.78125,0.10878112712975098,0.24922586541920316,0.3557505928361661,0.124799741164076,0.16446191362508616,0.5294087957968773,0.0,2.0,0.9098360655737705,0.0018921106879833589,0.08174426792938413,0.17448869091529065,0.004977281709522163,0.5276413999963552,0.725,1
private_seed_audit,budget_15_vertical_strip,cross-branch,1001,1,hard,jagged,connected,high,moment_preserving_perturbation,blind-sa,protocol_b,0.2308471127049935,0.828125,0.14713896457765668,0.2360436658405507,0.3535034887151525,0.11542355635249675,0.16908601909464105,0.5184929036037196,0.0,0.0,0.9018932874354562,0.0034884148524991225,0.1501137325917927,0.15084643406287174,0.10963588077807884,0.17915769999672193,0.575,1
private_seed_audit,budget_15_vertical_strip,cross-branch,1001,1,hard,jagged,connected,high,moment_preserving_perturbation,evolutionary-blind,protocol_b,0.24750331520137075,0.796875,0.11603650586701435,0.2480164170690853,0.3952322995757058,0.12375165760068538,0.16447789048973144,0.5184929036037194,0.0,0.0,0.9173290937996821,0.0019952770508032186,0.07113559536003888,0.1498974754859015,0.018016989378700998,0.23197909999726107,,1
private_seed_audit,budget_15_vertical_strip,cross-branch,1001,1,hard,jagged,connected,high,moment_preserving_perturbation,projected-gradient-blind,protocol_b,0.6879115819639706,0.078125,0.013333333333333334,5.45746406844843,1.0150954818354725,0.3439557909819853,0.5603321703136653,0.623718130582964,0.0,0.0,0.9834123222748815,0.20792569739224612,0.5549549959691712,0.6314939391864904,1.8038107840937174,0.05728190000081668,,1
private_seed_audit,budget_15_vertical_strip,cross-branch,1001,1,hard,jagged,connected,high,moment_preserving_perturbation,subset-affine-blind,protocol_b,0.4389638291993295,0.203125,0.06967213114754098,5.567764362830021,1.010989062982369,0.21948191459966476,0.47901147510819436,0.6673469433995487,0.0,0.0,0.9280205655526992,0.37824691607465816,0.5534193381082173,0.6421983503425239,1.7333030979634725,1.1418627000020933,,1
private_seed_audit,budget_15_vertical_strip,cross-branch,1002,2,hard,jagged,connected,high,structured_dropout,ambiguity-set-sampler,protocol_b,0.23543498790546386,0.59375,0.22137404580152673,1.6013046911983118,0.6786615496054981,0.11771749395273193,0.23576388118472252,0.3878845894982344,0.0,1.0,0.817283950617284,0.028763739553354317,0.39843908057479427,0.3005741988376418,1.3611363036598845,1.3911348999972688,,6
private_seed_audit,budget_15_vertical_strip,cross-branch,1002,2,hard,jagged,connected,high,structured_dropout,best-of-k-restart-blind,protocol_b,0.14348933561692134,1.0,0.3713163064833006,0.3572252295211069,0.15767898405128064,0.07174466780846067,0.09094696317463778,0.19800728612089646,0.0,1.0,0.7078947368421052,0.0006419462526908004,0.037773319780559866,0.0956627934887905,0.01721338269282624,0.5064331000030506,0.625,1
private_seed_audit,budget_15_vertical_strip,cross-branch,1002,2,hard,jagged,connected,high,structured_dropout,blind-sa,protocol_b,0.11435904771371934,0.984375,0.3393939393939394,0.38807617301627695,0.18273955825488344,0.05717952385685967,0.0711404754972488,0.2793748160884171,0.0,0.0,0.8015075376884422,0.0001685173334373021,0.05862961987457936,0.08121153065161406,0.03757231654710136,0.17996299999504117,0.36666666666666664,1
private_seed_audit,budget_15_vertical_strip,cross-branch,1002,2,hard,jagged,connected,high,structured_dropout,evolutionary-blind,protocol_b,0.14197902457156147,1.0,0.35384615384615387,0.3394553301361096,0.15851796219722858,0.07098951228578074,0.09123695272024335,0.18700417739679864,0.0,0.0,0.7225130890052356,0.0005887192459361388,0.038840885613232484,0.09253092580117168,0.013781431335792682,0.220891600001778,,1
private_seed_audit,budget_15_vertical_strip,cross-branch,1002,2,hard,jagged,connected,high,structured_dropout,projected-gradient-blind,protocol_b,0.59232357990966,0.078125,0.015904572564612324,4.919204934839074,1.0029939887923338,0.29616178995483,0.5384863898179951,0.598494399344496,0.0,0.0,0.9927007299270073,0.3180792544779102,0.5537392820763182,0.6530287750389471,1.6799883576067651,0.0572526999967522,,1
private_seed_audit,budget_15_vertical_strip,cross-branch,1002,2,hard,jagged,connected,high,structured_dropout,subset-affine-blind,protocol_b,0.4232631141549293,0.1875,0.07982261640798226,4.8671183985602084,0.9212559104431861,0.21163155707746464,0.46866585770546915,0.545983639114239,0.0,0.0,0.9088397790055248,0.4224701435561227,0.5590871695005477,0.6063250113694925,1.9397366648722079,0.8678685999984737,,1
private_seed_audit,budget_15_vertical_strip,cross-branch,1003,3,hard,jagged,connected,high,clustered_occlusion,ambiguity-set-sampler,protocol_b,0.2505031413803551,0.53125,0.27422680412371137,1.6104201044825568,0.6763108848994538,0.12525157069017756,0.2734288373022327,0.29275923534159776,0.0,0.0,0.7803617571059431,0.04374977722925137,0.11623958673492774,0.29818574312344104,0.3479369013416074,1.38849659999687,,6
private_seed_audit,budget_15_vertical_strip,cross-branch,1003,3,hard,jagged,connected,high,clustered_occlusion,best-of-k-restart-blind,protocol_b,0.13641700975987725,0.90625,0.3087378640776699,0.40000152925517546,0.37447166292660067,0.06820850487993863,0.12341021439095962,0.1962378010319246,0.0,1.0,0.7475,0.0017565941558450374,0.07355357093723713,0.06371763964587461,0.06366569399992006,0.5100526999958674,0.8666666666666667,1
private_seed_audit,budget_15_vertical_strip,cross-branch,1003,3,hard,jagged,connected,high,clustered_occlusion,blind-sa,protocol_b,0.13641700975987725,0.90625,0.3087378640776699,0.40000152925517546,0.37447166292660067,0.06820850487993863,0.12341021439095962,0.1962378010319246,0.0,1.0,0.7475,0.0017565941558450374,0.07355357093723713,0.06371763964587461,0.06366569399992006,0.17304329999751644,0.525,1
private_seed_audit,budget_15_vertical_strip,cross-branch,1003,3,hard,jagged,connected,high,clustered_occlusion,evolutionary-blind,protocol_b,0.13226104402949626,0.890625,0.36942675159235666,0.2841667652401779,0.37255596593609597,0.06613052201474813,0.1253520912503454,0.1660358777937837,0.0,0.0,0.7172236503856041,0.002211185763622705,0.051969882694966135,0.03747920417820206,0.029995243399527194,0.22228660000109812,,1
private_seed_audit,budget_15_vertical_strip,cross-branch,1003,3,hard,jagged,connected,high,clustered_occlusion,projected-gradient-blind,protocol_b,0.70870316366102,0.046875,0.011406844106463879,4.567076755409177,1.0286641632678928,0.35435158183051,0.5766317760073979,0.6658707879235007,0.0,0.0,0.9859484777517564,0.3424749817366508,0.6001628004936039,0.6105434046633942,1.667263318210255,0.05794060000334866,,1
private_seed_audit,budget_15_vertical_strip,cross-branch,1003,3,hard,jagged,connected,high,clustered_occlusion,subset-affine-blind,protocol_b,0.5164923265208468,0.15625,0.03966597077244259,3.9541471734327915,0.9810661567548155,0.2582461632604234,0.5024405161140599,0.5761642046404288,0.0,0.0,0.9665809768637532,0.3623898708108379,0.6095344733066719,0.5824532141087089,1.8655757402970459,0.889396200000192,,1
private_seed_audit,budget_15_vertical_strip,double-loop,1000,0,hard,smooth,connected,high,clustered_occlusion,ambiguity-set-sampler,protocol_b,0.45463847733032897,0.109375,0.03776978417266187,0.0,0.8907936748048062,0.22731923866516449,0.374024922058449,0.6265287635292753,0.0,1.0,0.9639278557114228,0.10194024686033118,0.5204021350350737,0.693147180379216,1.4613160310987356,1.4000508000026457,,6
private_seed_audit,budget_15_vertical_strip,double-loop,1000,0,hard,smooth,connected,high,clustered_occlusion,best-of-k-restart-blind,protocol_b,0.29705760272595877,0.515625,0.036127167630057806,0.5357948950752285,0.4906320696060713,0.14852880136297938,0.2535328045190789,0.6249227536765602,0.0,3.0,0.9636363636363636,0.004161694764109345,0.043142504585900104,0.07103544750133561,0.00925733767602921,0.5078627999973833,0.6416666666666667,1
private_seed_audit,budget_15_vertical_strip,double-loop,1000,0,hard,smooth,connected,high,clustered_occlusion,blind-sa,protocol_b,0.31482595589184514,0.46875,0.02318840579710145,0.6050229685312181,0.4857696819494096,0.15741297794592257,0.2468789193471342,0.6014057136306763,0.0,0.0,0.9801324503311258,0.0037283605789639983,0.14057626318314131,0.06472601865337267,0.03233015669700601,0.17204440000205068,0.7,1
private_seed_audit,budget_15_vertical_strip,double-loop,1000,0,hard,smooth,connected,high,clustered_occlusion,evolutionary-blind,protocol_b,0.32522020911884764,0.515625,0.03483870967741935,0.40684417404137874,0.48654233756928156,0.16261010455942382,0.25967085199120804,0.6044100948199786,0.0,5.0,0.973724884080371,0.004518903640455679,0.12751921386510512,0.07657387847772924,0.1796425104569077,0.22163020000152756,,1
private_seed_audit,budget_15_vertical_strip,double-loop,1000,0,hard,smooth,connected,high,clustered_occlusion,projected-gradient-blind,protocol_b,0.40492550562194385,0.25,0.054481546572934976,2.838090496699643,0.8017648641593261,0.20246275281097192,0.3438287272700629,0.6419422315324126,0.0,1.0,0.958984375,0.04568291845444598,0.49772431610519646,0.5411682650879588,1.6640526731952694,0.06306929999846034,,1
private_seed_audit,budget_15_vertical_strip,double-loop,1000,0,hard,smooth,connected,high,clustered_occlusion,subset-affine-blind,protocol_b,0.5988137823078822,0.140625,0.044036697247706424,4.645399447180043,0.909785692688533,0.2994068911539411,0.4936468791865781,0.6686199226201103,0.0,1.0,0.9591002044989775,0.30516632130701726,0.5473443243260832,0.6437157398251299,1.6021213366377955,0.9024897999988752,,1
private_seed_audit,budget_15_vertical_strip,double-loop,1001,1,hard,smooth,connected,high,none,ambiguity-set-sampler,protocol_b,0.25763396824627927,0.484375,0.21413721413721415,1.932074264506518,0.4748383900840108,0.12881698412313963,0.21657017687659272,0.3428795905692058,0.0,0.0,0.825,0.02691088201276867,0.08120925429431441,0.30806922283141,0.01639600241593886,1.437594999995781,,6
private_seed_audit,budget_15_vertical_strip,double-loop,1001,1,hard,smooth,connected,high,none,best-of-k-restart-blind,protocol_b,0.0947755654747745,1.0,0.31006160164271046,0.46383253237538313,0.1342229838356004,0.04738778273738725,0.06933044753482549,0.34929097861787295,0.0,5.0,0.7365967365967365,0.00041160484189034724,0.060678639046871735,0.027951055665408748,0.00870556728051719,0.5466837000058149,0.375,1
private_seed_audit,budget_15_vertical_strip,double-loop,1001,1,hard,smooth,connected,high,none,blind-sa,protocol_b,0.11020006221816958,0.953125,0.30113636363636365,0.5400365006360658,0.2195630963881599,0.05510003110908479,0.08962673462112818,0.3271067076437766,0.0,1.0,0.7516629711751663,0.0005975408691907343,0.04811737954370354,0.09650434104574232,0.022474139897960654,0.18172490000142716,0.4666666666666667,1
private_seed_audit,budget_15_vertical_strip,double-loop,1001,1,hard,smooth,connected,high,none,evolutionary-blind,protocol_b,0.10357686513644358,0.984375,0.2862523540489642,0.3968563225298304,0.16305642890054584,0.05178843256822179,0.06419178863144219,0.3220068441268772,0.0,4.0,0.7573839662447257,0.0004966897553880626,0.1060534713750789,0.062299759470360885,0.09524440748405949,0.24176350000198,,1
private_seed_audit,budget_15_vertical_strip,double-loop,1001,1,hard,smooth,connected,high,none,projected-gradient-blind,protocol_b,0.33079642019993033,0.34375,0.15682281059063136,2.3042295250736573,0.6413251772335246,0.16539821009996516,0.28082353643587404,0.5439641711670494,0.0,0.0,0.851685393258427,0.058154142163573924,0.07215505630403243,0.40386360810084465,0.08888319538828826,0.056674400002521,,1
private_seed_audit,budget_15_vertical_strip,double-loop,1001,1,hard,smooth,connected,high,none,subset-affine-blind,protocol_b,0.6142803555587146,0.09375,0.054878048780487805,4.255745154023196,0.8774281942528592,0.3071401777793573,0.5063376065429448,0.6931471793092319,0.0,0.0,0.9427917620137299,0.3747269376507334,0.6285596864375194,0.5912468545310458,1.8702154381144414,1.1590559999967809,,1
private_seed_audit,budget_15_vertical_strip,double-loop,1002,2,hard,smooth,connected,high,moment_preserving_perturbation,ambiguity-set-sampler,protocol_b,0.4030607690748515,0.234375,0.04693140794223827,0.0,0.8462300016998032,0.20153038453742575,0.3462735799360441,0.6166449048223691,0.0,6.0,0.9456066945606695,0.11906634569360033,0.27098966734722624,0.6527826866251119,0.2617352201737342,1.4370930000004591,,6
private_seed_audit,budget_15_vertical_strip,double-loop,1002,2,hard,smooth,connected,high,moment_preserving_perturbation,best-of-k-restart-blind,protocol_b,0.21038304991968076,0.84375,0.09710982658959537,0.2601643548287128,0.28769702758690613,0.10519152495984038,0.1484439373232679,0.6173342060147239,0.0,5.0,0.9259757738896366,0.003397717905927024,0.09778712699042817,0.2022310903629413,0.1673490528317383,0.5336160000006203,0.75,1
private_seed_audit,budget_15_vertical_strip,double-loop,1002,2,hard,smooth,connected,high,moment_preserving_perturbation,blind-sa,protocol_b,0.22438197514124408,0.78125,0.05636978579481398,0.30491664696772186,0.2583162751442139,0.11219098757062204,0.15047742277905216,0.5740125073470238,0.0,3.0,0.9564068692206077,0.0027893460644810263,0.12868943790047344,0.14926024041870922,0.16145759637747004,0.17731879999337252,0.4583333333333333,1
private_seed_audit,budget_15_vertical_strip,double-loop,1002,2,hard,smooth,connected,high,moment_preserving_perturbation,evolutionary-blind,protocol_b,0.20905566795638894,0.875,0.08181818181818182,0.2688815418191724,0.28858266720991793,0.10452783397819447,0.14945211671475772,0.6281646306816491,0.0,3.0,0.9392338177014531,0.0033698096747292175,0.09563872964105821,0.21437897918043147,0.20340316339507902,0.22855979999440024,,1
private_seed_audit,budget_15_vertical_strip,double-loop,1002,2,hard,smooth,connected,high,moment_preserving_perturbation,projected-gradient-blind,protocol_b,0.3895276850217121,0.265625,0.05765765765765766,5.514339841089302,0.8038935185776384,0.19476384251085604,0.33790922160516007,0.5889516903609375,0.0,6.0,0.9330543933054394,0.13116456986008349,0.19545302564125883,0.6382364877476228,0.2367345697363581,0.05707279999478487,,1
private_seed_audit,budget_15_vertical_strip,double-loop,1002,2,hard,smooth,connected,high,moment_preserving_perturbation,subset-affine-blind,protocol_b,0.5486368453137775,0.171875,0.048507462686567165,4.666199418440603,1.0123222245610775,0.27431842265688877,0.48141713199268793,0.6195654092177617,0.0,6.0,0.9479392624728851,0.3524386384042522,0.6039125833253215,0.6531547885546165,1.5927205626640941,1.1450677000029827,,1
private_seed_audit,budget_15_vertical_strip,double-loop,1003,3,hard,smooth,connected,high,structured_dropout,ambiguity-set-sampler,protocol_b,0.25442267105321814,0.359375,0.20396039603960395,2.238743452833091,0.5513781416924165,0.12721133552660907,0.21174125847702735,0.3539271362543597,0.0,5.0,0.8204545454545454,0.026130614865919957,0.05583462540782516,0.36131930274324486,0.024965665145169513,1.3823738000064623,,6
private_seed_audit,budget_15_vertical_strip,double-loop,1003,3,hard,smooth,connected,high,structured_dropout,best-of-k-restart-blind,protocol_b,0.5587292780219735,0.015625,0.10989010989010989,0.0,0.9427854337167725,0.27936463901098674,0.3992597934025858,0.665550809241803,0.0,5.0,0.868995633187773,0.35941086676758394,0.5975885953311708,0.693147180414953,1.6944398571480546,0.5023225999975693,0.625,1
private_seed_audit,budget_15_vertical_strip,double-loop,1003,3,hard,smooth,connected,high,structured_dropout,blind-sa,protocol_b,0.1438924547704202,0.921875,0.3162251655629139,0.4499633543868238,0.17540087781049998,0.0719462273852101,0.10802011406116054,0.2235618211831141,0.0,6.0,0.7648183556405354,0.0013217121745845548,0.07376597395149734,0.06825367831225376,0.0032613239058045806,0.17270339999959106,0.475,1
private_seed_audit,budget_15_vertical_strip,double-loop,1003,3,hard,smooth,connected,high,structured_dropout,evolutionary-blind,protocol_b,0.13527261085983994,0.96875,0.3122977346278317,0.4222006641162904,0.17669372473681183,0.06763630542991997,0.10601313200576533,0.22727748826034397,0.0,1.0,0.7841328413284133,0.0015130218060059627,0.060007103004448774,0.050630308086677456,0.008604718766829222,0.22054639999987558,,1
private_seed_audit,budget_15_vertical_strip,double-loop,1003,3,hard,smooth,connected,high,structured_dropout,projected-gradient-blind,protocol_b,0.324520631935856,0.28125,0.08099173553719008,2.3037953539109832,0.6160039972720288,0.162260315967928,0.2827147647704522,0.5828130494069176,0.0,5.0,0.9265873015873016,0.055169057941362135,0.18247250703485207,0.43197790508559125,0.4307421516760659,0.058025599995744415,,1
private_seed_audit,budget_15_vertical_strip,double-loop,1003,3,hard,smooth,connected,high,structured_dropout,subset-affine-blind,protocol_b,0.6320393361520277,0.0625,0.03910614525139665,5.57419494507202,1.014436737758682,0.31601966807601384,0.5354972707360438,0.6931471793665643,0.0,5.0,0.960352422907489,0.4269059901129803,0.6000602081002022,0.6673984549115609,1.882473458757511,0.870253799999773,,1
private_seed_audit,budget_15_vertical_strip,mean-reversion,1000,0,hard,jagged,connected,high,structured_dropout,ambiguity-set-sampler,protocol_b,0.2871616049754077,0.5,0.12158054711246201,2.658211165551125,0.6651963704283202,0.14358080248770386,0.2879947568815295,0.5224640204370996,0.0,0.0,0.8900169204737732,0.07268725703814741,0.20945602747275482,0.46014961090194884,0.11673004752419347,1.3768286999984412,,6
private_seed_audit,budget_15_vertical_strip,mean-reversion,1000,0,hard,jagged,connected,high,structured_dropout,best-of-k-restart-blind,protocol_b,0.17265417109270223,0.984375,0.23261694058154236,0.3165775884196853,0.2099622252557113,0.08632708554635111,0.10076486835694305,0.36567041289950875,0.0,0.0,0.806015037593985,0.0006821076912206037,0.05978157432036682,0.08394815835509138,0.0040988359889704284,0.5088207999942824,0.2833333333333333,1
private_seed_audit,budget_15_vertical_strip,mean-reversion,1000,0,hard,jagged,connected,high,structured_dropout,blind-sa,protocol_b,0.18156954789613122,0.953125,0.21815889029003782,0.33370441998083866,0.22585159448315553,0.09078477394806561,0.110229030695589,0.5198603840123992,0.0,1.0,0.8058823529411765,0.0012913801665811887,0.06807363856762975,0.06839547795442019,0.003082806631424795,0.17048539999814238,0.49166666666666664,1
private_seed_audit,budget_15_vertical_strip,mean-reversion,1000,0,hard,jagged,connected,high,structured_dropout,evolutionary-blind,protocol_b,0.169615470090446,1.0,0.2188679245283019,0.2975000194006792,0.18353778513286456,0.084807735045223,0.10712720113378806,0.49819953467854894,0.0,0.0,0.8020527859237536,0.0014570550657817686,0.09761294551783996,0.06319162736245629,0.021842033668062477,0.22275830000580754,,1
private_seed_audit,budget_15_vertical_strip,mean-reversion,1000,0,hard,jagged,connected,high,structured_dropout,projected-gradient-blind,protocol_b,0.4310923361988161,0.28125,0.021671826625386997,5.039034914629376,0.7686328349235613,0.21554616809940805,0.3717554852560506,0.6521784644408285,0.0,0.0,0.9808027923211169,0.18368959196557183,0.37528910285569533,0.5727939646195823,0.8080494155092293,0.05810300000302959,,1
private_seed_audit,budget_15_vertical_strip,mean-reversion,1000,0,hard,jagged,connected,high,structured_dropout,subset-affine-blind,protocol_b,0.521768735535546,0.140625,0.02773246329526917,5.610183954851933,0.9177736645595074,0.260884367767773,0.4497165412783054,0.5984943993444959,0.0,0.0,0.9742647058823529,0.30587499364350546,0.5976013167843789,0.5724218626782042,1.5205649985425205,0.8808342999982415,,1
private_seed_audit,budget_15_vertical_strip,mean-reversion,1001,1,hard,jagged,connected,high,clustered_occlusion,ambiguity-set-sampler,protocol_b,0.4003132697224325,0.25,0.051319648093841645,0.0,0.8035545791712648,0.20015663486121624,0.37449514759387453,0.6473558533831453,0.0,1.0,0.9649415692821369,0.16550199394058496,0.5562311649967484,0.6527826865530962,1.6201417228365114,1.393521599995438,,6
private_seed_audit,budget_15_vertical_strip,mean-reversion,1001,1,hard,jagged,connected,high,clustered_occlusion,best-of-k-restart-blind,protocol_b,0.22612341572312125,0.84375,0.1705607476635514,0.31950971430325,0.35318848606130215,0.11306170786156063,0.15241880957463036,0.4748293348310876,0.0,5.0,0.8529411764705882,0.001692396866155352,0.07159659951776567,0.06492834276310698,0.030086650026458273,0.5035939999943366,0.55,1
private_seed_audit,budget_15_vertical_strip,mean-reversion,1001,1,hard,jagged,connected,high,clustered_occlusion,blind-sa,protocol_b,0.22821196503576932,0.84375,0.1346153846153846,0.42178143934133294,0.4489459840100809,0.11410598251788466,0.1506348718050747,0.5611098740161263,0.0,1.0,0.8892045454545454,0.0010842809763643723,0.08499761944317714,0.03094898345896758,0.02822520114988869,0.1746869999988121,0.425,1
private_seed_audit,budget_15_vertical_strip,mean-reversion,1001,1,hard,jagged,connected,high,clustered_occlusion,evolutionary-blind,protocol_b,0.2337071458968318,0.859375,0.13940092165898618,0.26141930328580165,0.45124281593619964,0.1168535729484159,0.15134810629978995,0.5090299593454741,0.0,0.0,0.8780821917808219,0.0016112238675218228,0.08225152251603937,0.024850130077834442,0.0010049584929463506,0.22410069999750704,,1
private_seed_audit,budget_15_vertical_strip,mean-reversion,1001,1,hard,jagged,connected,high,clustered_occlusion,projected-gradient-blind,protocol_b,0.44810485444303544,0.234375,0.018018018018018018,7.937253933193772,0.8625828007317755,0.22405242722151772,0.4068104411002096,0.6521784644408284,0.0,1.0,0.9843478260869565,0.22552982875977076,0.5691965776190748,0.642074337148608,1.8303217165566514,0.05710190000536386,,1
private_seed_audit,budget_15_vertical_strip,mean-reversion,1001,1,hard,jagged,connected,high,clustered_occlusion,subset-affine-blind,protocol_b,0.540308238361752,0.140625,0.028526148969889066,7.937253933193773,0.9428824426301473,0.270154119180876,0.48612846111684505,0.6931471793334001,0.0,1.0,0.9685767097966729,0.36629166493684395,0.5541822353183414,0.6379864610258006,1.6950385362708882,0.8822856999977375,,1
private_seed_audit,budget_15_vertical_strip,mean-reversion,1002,2,hard,jagged,connected,high,none,ambiguity-set-sampler,protocol_b,0.28510009156338617,0.5,0.11688311688311688,2.010082719671609,0.6768424379913528,0.14255004578169309,0.273529671948867,0.4850113777618844,0.0,2.0,0.891156462585034,0.05692040013075436,0.14018933284860047,0.38388099187908326,0.10279209248702292,1.422790199998417,,6
private_seed_audit,budget_15_vertical_strip,mean-reversion,1002,2,hard,jagged,connected,high,none,best-of-k-restart-blind,protocol_b,0.16156993574586687,0.9375,0.2095006090133983,0.3151287604853605,0.23408802905394396,0.08078496787293343,0.09719689534623491,0.3765863050926668,0.0,3.0,0.8350364963503649,0.0008312061503069348,0.030272868958750202,0.04852907678459927,0.1251255070228101,0.5279508000021451,0.36666666666666664,1
private_seed_audit,budget_15_vertical_strip,mean-reversion,1002,2,hard,jagged,connected,high,none,blind-sa,protocol_b,0.16405750340596925,0.921875,0.2138364779874214,0.3512010126696282,0.19168846261733943,0.08202875170298463,0.10492342903282031,0.38750219728582447,0.0,2.0,0.8218125960061444,0.000917099918503917,0.03567753036741801,0.0697454260635317,0.09922033064059654,0.18502509999962058,0.625,1
private_seed_audit,budget_15_vertical_strip,mean-reversion,1002,2,hard,jagged,connected,high,none,evolutionary-blind,protocol_b,0.17803586965799909,0.96875,0.23856613102595797,0.2754455025074974,0.21352880005271088,0.08901793482899954,0.11572206298570144,0.43321698667699904,0.0,1.0,0.7916666666666666,0.0009550765936574275,0.08053796968543256,0.058828229054417994,0.01807626694494191,0.22800329999881797,,1
private_seed_audit,budget_15_vertical_strip,mean-reversion,1002,2,hard,jagged,connected,high,none,projected-gradient-blind,protocol_b,0.42794393498405603,0.25,0.020864381520119227,3.43288952486888,0.8359891823733413,0.21397196749202801,0.37721013887495086,0.616644904822369,0.0,2.0,0.9769094138543517,0.2140705986052626,0.48608427506024154,0.5784608368392308,0.4531975726313189,0.05901189999713097,,1
private_seed_audit,budget_15_vertical_strip,mean-reversion,1002,2,hard,jagged,connected,high,none,subset-affine-blind,protocol_b,0.523628737953734,0.15625,0.034976152623211444,3.9638462035160584,0.9339546283376043,0.261814368976867,0.45590045558713393,0.6499852825625372,0.0,2.0,0.9680451127819549,0.2839873250832644,0.575505850937067,0.5721098814944148,1.479205242380085,1.1442878999951063,,1
private_seed_audit,budget_15_vertical_strip,mean-reversion,1003,3,hard,jagged,connected,high,moment_preserving_perturbation,ambiguity-set-sampler,protocol_b,0.3023444944825105,0.46875,0.07368421052631578,1.8223631301864134,0.6130970263684322,0.15117224724125525,0.28929741390226144,0.5917628252801059,0.0,2.0,0.9329896907216495,0.04909294708756437,0.14534321498493807,0.3626447181883077,0.09566411766776195,1.4351469000030193,,6
private_seed_audit,budget_15_vertical_strip,mean-reversion,1003,3,hard,jagged,connected,high,moment_preserving_perturbation,best-of-k-restart-blind,protocol_b,0.22505617541584239,0.90625,0.1261574074074074,0.2944665089748532,0.2657641935595954,0.11252808770792119,0.13924416550329996,0.6058200411489827,0.0,0.0,0.9002770083102493,0.001355092783518203,0.053065928490395736,0.10697117432217637,0.06388949100000074,0.5346446999974432,0.6416666666666667,1
private_seed_audit,budget_15_vertical_strip,mean-reversion,1003,3,hard,jagged,connected,high,moment_preserving_perturbation,blind-sa,protocol_b,0.22505617541584239,0.90625,0.1261574074074074,0.2944665089748532,0.2657641935595954,0.11252808770792119,0.13924416550329996,0.6058200411489827,0.0,0.0,0.9002770083102493,0.001355092783518203,0.053065928490395736,0.10697117432217637,0.06388949100000074,0.1790569000004325,0.6416666666666667,1
private_seed_audit,budget_15_vertical_strip,mean-reversion,1003,3,hard,jagged,connected,high,moment_preserving_perturbation,evolutionary-blind,protocol_b,0.2374635656812924,0.875,0.10869565217391304,0.3259338396657784,0.24673963647716876,0.1187317828406462,0.1483788534740546,0.5949041489558249,0.0,0.0,0.9157608695652174,0.0009232760542244975,0.13155054896086713,0.08451298344553057,0.1279953813085526,0.2301990999985719,,1
private_seed_audit,budget_15_vertical_strip,mean-reversion,1003,3,hard,jagged,connected,high,moment_preserving_perturbation,projected-gradient-blind,protocol_b,0.42794628437824045,0.265625,0.03758169934640523,3.472019408837784,0.7486620978304613,0.21397314218912022,0.3612599684129302,0.6405444356911092,0.0,2.0,0.9585687382297552,0.12171736999992958,0.2640057894817637,0.5552977402648915,0.38295691989328184,0.060079599999880884,,1
private_seed_audit,budget_15_vertical_strip,mean-reversion,1003,3,hard,jagged,connected,high,moment_preserving_perturbation,subset-affine-blind,protocol_b,0.48594385685606956,0.140625,0.03671328671328671,4.6473780283963,0.8412409842885873,0.24297192842803478,0.49079151578446867,0.6453033493943419,0.0,2.0,0.9574898785425101,0.28838757146384053,0.5331842407740889,0.5816266945067616,1.5311219152013502,1.130789700000605,,1
private_seed_audit,budget_15_vertical_strip,multi-hole,1000,0,hard,smooth,connected,high,structured_dropout,ambiguity-set-sampler,protocol_b,0.2671977715565811,0.4375,0.0975,1.370340060053061,0.30747419399547954,0.13359888577829054,0.24758285065129682,0.37879007364958317,0.0,0.0,0.9005602240896359,0.03459539496387746,0.1114260414982261,0.2540145006000951,0.10797998234286288,1.4425903999945149,,6
private_seed_audit,budget_15_vertical_strip,multi-hole,1000,0,hard,smooth,connected,high,structured_dropout,best-of-k-restart-blind,protocol_b,0.10130973440582124,1.0,0.25704225352112675,0.3288917547828252,0.12700258911112872,0.05065486720291062,0.07153618668200484,0.26466372262848514,0.0,2.0,0.7619047619047619,0.0005316342517450304,0.04413366296880497,0.026137564514510988,0.03917056627502369,0.5182108000008157,0.425,1
private_seed_audit,budget_15_vertical_strip,multi-hole,1000,0,hard,smooth,connected,high,structured_dropout,blind-sa,protocol_b,0.11353362965317382,0.984375,0.24004683840749413,0.37832703620388797,0.21427459540233476,0.05676681482658691,0.08484516813278459,0.22727748826034405,0.0,1.0,0.7989690721649485,0.0005204771335778812,0.10971858120693816,0.035514303714165585,0.05275245791176175,0.18051589999959106,0.5666666666666667,1
private_seed_audit,budget_15_vertical_strip,multi-hole,1000,0,hard,smooth,connected,high,structured_dropout,evolutionary-blind,protocol_b,0.09712813400758959,1.0,0.22930648769574943,0.3120535229744971,0.12126274818284888,0.04856406700379479,0.06919306975248078,0.24909976733927447,0.0,2.0,0.7987421383647799,0.00043231723616139446,0.054321725083333286,0.03249963733349011,0.1136021201609414,0.23730430000432534,,1
private_seed_audit,budget_15_vertical_strip,multi-hole,1000,0,hard,smooth,connected,high,structured_dropout,projected-gradient-blind,protocol_b,0.5473568539179061,0.125,0.016666666666666666,1.9882172935619111,0.8966907271016326,0.27367842695895306,0.40953542710431673,0.5873071368894389,0.0,0.0,0.9863013698630136,0.18858087490833036,0.21624134838212422,0.4559057232767821,0.49533705937182404,0.05754499999602558,,1
private_seed_audit,budget_15_vertical_strip,multi-hole,1000,0,hard,smooth,connected,high,structured_dropout,subset-affine-blind,protocol_b,0.6166013628825271,0.0625,0.07802547770700637,3.975816658178088,0.7143983497481285,0.30830068144126355,0.4174112252342855,0.5292723200141956,0.0,0.0,0.9171075837742504,0.26214920238208195,0.5383279264892629,0.5363049839162988,1.7128962840882562,0.8815867999946931,,1
private_seed_audit,budget_15_vertical_strip,multi-hole,1001,1,hard,smooth,connected,high,clustered_occlusion,ambiguity-set-sampler,protocol_b,0.2830224241180564,0.390625,0.10049627791563276,1.421384743974281,0.49778289823413546,0.1415112120590282,0.26448109996608987,0.401884929086322,0.0,0.0,0.9197278911564626,0.04634021520828851,0.11358744355146055,0.31009376629546004,0.11099544500031877,1.4082570000027772,,6
private_seed_audit,budget_15_vertical_strip,multi-hole,1001,1,hard,smooth,connected,high,clustered_occlusion,best-of-k-restart-blind,protocol_b,0.25720086105221474,0.4375,0.14580801944106925,0.37441334957586464,0.32524209641717106,0.12860043052610737,0.19441909043947198,0.3410476995341687,0.0,0.0,0.8771466314398944,0.005249692118155877,0.1111460490309364,0.1257528350768805,0.06493626235056826,0.5095075999997789,0.8083333333333333,1
private_seed_audit,budget_15_vertical_strip,multi-hole,1001,1,hard,smooth,connected,high,clustered_occlusion,blind-sa,protocol_b,0.2246069455569999,0.515625,0.18346545866364666,0.42352079041121676,0.355029651216097,0.11230347277849995,0.1748555342870648,0.3160145721567288,0.0,7.0,0.8546583850931677,0.0062859445793728725,0.13020354414493365,0.06973632065825561,0.12042977985975334,0.17392880000261357,0.5666666666666667,1
private_seed_audit,budget_15_vertical_strip,multi-hole,1001,1,hard,smooth,connected,high,clustered_occlusion,evolutionary-blind,protocol_b,0.21694394963873737,0.578125,0.17647058823529413,0.3065318054813096,0.39736016599647717,0.10847197481936868,0.15879627995224152,0.35475452070635083,0.0,9.0,0.851994851994852,0.0026014847464063302,0.11914683682774393,0.13966620180299327,0.17929937645018468,0.22495709999930114,,1
private_seed_audit,budget_15_vertical_strip,multi-hole,1001,1,hard,smooth,connected,high,clustered_occlusion,projected-gradient-blind,protocol_b,0.49296116178978044,0.1875,0.034666666666666665,1.2309867693228438,0.8895203483546767,0.24648058089489022,0.37340059492095884,0.5783058119813866,0.0,0.0,0.9710982658959537,0.16192193710876587,0.12675311801451755,0.36171872353135676,0.05517893673649743,0.062053699999523815,,1
private_seed_audit,budget_15_vertical_strip,multi-hole,1001,1,hard,smooth,connected,high,clustered_occlusion,subset-affine-blind,protocol_b,0.5173873404885275,0.046875,0.08,3.276582102489853,0.684450208841193,0.25869367024426376,0.4041938873597195,0.47813051324506683,0.0,0.0,0.9284603421461898,0.20868791486311372,0.41718796570048344,0.5669089723172416,0.5566999183280963,0.9201075000019046,,1
private_seed_audit,budget_15_vertical_strip,multi-hole,1002,2,hard,smooth,connected,high,none,ambiguity-set-sampler,protocol_b,0.25463277020653996,0.546875,0.1515499425947187,1.1097773369405548,0.38131911441931343,0.12731638510326998,0.2587608549847229,0.36911792140860844,0.0,1.0,0.8626444159178434,0.037429061164249613,0.07101630699239113,0.20243130429978826,0.12175962580087951,1.4894424000012805,,6
private_seed_audit,budget_15_vertical_strip,multi-hole,1002,2,hard,smooth,connected,high,none,best-of-k-restart-blind,protocol_b,0.15539246215320773,0.90625,0.22308438409311349,0.3461419735122136,0.19325258890615712,0.07769623107660387,0.1134077319839746,0.2924214660069744,0.0,1.0,0.8092672413793103,0.0005107010474673288,0.06440063703842602,0.08849236974977114,0.09155185093762475,0.5746245999980601,0.8666666666666667,1
private_seed_audit,budget_15_vertical_strip,multi-hole,1002,2,hard,smooth,connected,high,none,blind-sa,protocol_b,0.12930590329308408,0.90625,0.22538071065989848,0.432709630633265,0.21695719152937362,0.06465295164654204,0.11246466655566925,0.24201972101728797,0.0,2.0,0.8216276477146043,0.002158434314224164,0.05287371668916033,0.07728363376561222,0.0859401611290651,0.1911162999967928,0.6583333333333333,1
private_seed_audit,budget_15_vertical_strip,multi-hole,1002,2,hard,smooth,connected,high,none,evolutionary-blind,protocol_b,0.12697366400608384,0.953125,0.20263424518743667,0.3330773980382272,0.16173028593387564,0.06348683200304192,0.11527398330667515,0.2924214660069744,0.0,2.0,0.826879271070615,0.0010573725136710727,0.04097701429828016,0.0750469107900205,0.010445268371191752,0.2386313999959384,,1
private_seed_audit,budget_15_vertical_strip,multi-hole,1002,2,hard,smooth,connected,high,none,projected-gradient-blind,protocol_b,0.5696523802493935,0.125,0.028708133971291867,1.560272249144572,0.9462681064387779,0.28482619012469673,0.4158969258679492,0.6204656100852813,0.0,2.0,0.9762532981530343,0.17255164122054684,0.1157646340686622,0.45784841092010464,0.27358871120571937,0.057185400000889786,,1
private_seed_audit,budget_15_vertical_strip,multi-hole,1002,2,hard,smooth,connected,high,none,subset-affine-blind,protocol_b,0.5964358683186451,0.125,0.04755784061696658,4.510764527617025,0.740604725557727,0.2982179341593226,0.45655056556105367,0.5852424374962634,0.0,2.0,0.9615384615384616,0.3360840483238508,0.5593660761285894,0.5664018311190611,1.6649104651327342,1.126325100005488,,1
private_seed_audit,budget_15_vertical_strip,multi-hole,1003,3,hard,smooth,connected,high,moment_preserving_perturbation,ambiguity-set-sampler,protocol_b,0.3173964098526809,0.265625,0.06755126658624849,1.4516728369356926,0.3620545964421966,0.15869820492634046,0.2262466698120405,0.5973323454915138,0.0,0.0,0.9393530997304582,0.02347702183894894,0.1372793243530661,0.33420469901574407,0.15414372235623253,1.4466496000022744,,6
private_seed_audit,budget_15_vertical_strip,multi-hole,1003,3,hard,smooth,connected,high,moment_preserving_perturbation,best-of-k-restart-blind,protocol_b,0.2597838656374644,0.640625,0.09660297239915075,0.23603191840122853,0.35743344993329346,0.1298919328187322,0.1659600694254829,0.6281646306816486,0.0,0.0,0.9161676646706587,0.007233877506968979,0.0741267154617348,0.06606196146515372,0.059158167907639836,0.5440245999998297,0.7083333333333334,1
private_seed_audit,budget_15_vertical_strip,multi-hole,1003,3,hard,smooth,connected,high,moment_preserving_perturbation,blind-sa,protocol_b,0.24853354483445683,0.78125,0.10890052356020942,0.25654960900786994,0.3810775859930456,0.12426677241722842,0.17073869364048397,0.6065037813477989,0.0,2.0,0.9085439229843562,0.007564953935006567,0.07531062750653345,0.0646147758852188,0.07082170808675015,0.18338529999891762,0.325,1
private_seed_audit,budget_15_vertical_strip,multi-hole,1003,3,hard,smooth,connected,high,moment_preserving_perturbation,evolutionary-blind,protocol_b,0.25670029520131943,0.640625,0.09787234042553192,0.22200075656016854,0.35761226324874223,0.12835014760065971,0.16502851571799274,0.6281646306816486,0.0,0.0,0.9133574007220217,0.007349454923278468,0.0847365933852472,0.07385465005318018,0.08857129975262712,0.24126059999980498,,1
private_seed_audit,budget_15_vertical_strip,multi-hole,1003,3,hard,smooth,connected,high,moment_preserving_perturbation,projected-gradient-blind,protocol_b,0.5660183782757217,0.0625,0.042796005706134094,0.0,0.9150797302345556,0.28300918913786083,0.4034732170399306,0.6511277580580206,0.0,0.0,0.9625585023400935,0.17463618905686934,0.480417024335205,0.6527826865523392,1.8879282947062583,0.06077460000233259,,1
private_seed_audit,budget_15_vertical_strip,multi-hole,1003,3,hard,smooth,connected,high,moment_preserving_perturbation,subset-affine-blind,protocol_b,0.5867773831797942,0.03125,0.0514018691588785,3.882010336555678,0.7725734630793112,0.2933886915898971,0.4447707154263595,0.6458207893268636,0.0,0.0,0.9502572898799314,0.2595370832495605,0.578852430042595,0.6057452136220032,1.9828955610055286,1.1400335999933304,,1
private_seed_audit,budget_15_vertical_strip,nested-rings,1000,0,hard,smooth,connected,high,none,ambiguity-set-sampler,protocol_b,0.2554894005493875,0.515625,0.10337768679631525,1.0970561858210763,0.30403916669149494,0.12774470027469376,0.21496419826744262,0.3578751524383687,0.0,7.0,0.9166666666666666,0.02913439693775599,0.11454131090270142,0.1523279102564886,0.03834441707478753,1.4561173000038252,,6
private_seed_audit,budget_15_vertical_strip,nested-rings,1000,0,hard,smooth,connected,high,none,best-of-k-restart-blind,protocol_b,0.12614203845496288,0.984375,0.14751131221719457,0.39446996425794634,0.13328733753986724,0.06307101922748144,0.08964324652289576,0.3410476995341687,0.0,3.0,0.8746238716148446,0.00028112306121449125,0.06243002809168235,0.030645871867548136,0.037559165809468276,0.5404828999962774,0.8583333333333333,1
private_seed_audit,budget_15_vertical_strip,nested-rings,1000,0,hard,smooth,connected,high,none,blind-sa,protocol_b,0.11415513554924633,0.9375,0.16976127320954906,0.3691228595381788,0.15495317245858595,0.05707756777462317,0.08068148429519664,0.3826117045339483,0.0,2.0,0.8447082096933729,0.0008468101426718883,0.08902187336844689,0.036474263569752086,0.023051919771673646,0.1791674999985844,0.7083333333333334,1
private_seed_audit,budget_15_vertical_strip,nested-rings,1000,0,hard,smooth,connected,high,none,evolutionary-blind,protocol_b,0.11666912289019282,0.96875,0.17545541706615533,0.35535075998840504,0.13929857351097252,0.05833456144509641,0.08968542832555712,0.29703526463777724,0.0,0.0,0.8518518518518519,0.0006489626958421039,0.07797847544655594,0.05154805899927782,0.021457086875238396,0.2347857999993721,,1
private_seed_audit,budget_15_vertical_strip,nested-rings,1000,0,hard,smooth,connected,high,none,projected-gradient-blind,protocol_b,0.5837168661030405,0.125,0.047322540473225407,1.6533035423162892,0.8308901318514962,0.29185843305152026,0.4095283237101936,0.5132315685834737,0.0,0.0,0.959349593495935,0.17887408743018496,0.09801684239540287,0.48993638355523805,0.05987813086223914,0.05739239999820711,,1
private_seed_audit,budget_15_vertical_strip,nested-rings,1000,0,hard,smooth,connected,high,none,subset-affine-blind,protocol_b,0.6452138615233801,0.078125,0.05570291777188329,4.049116084773424,0.6730950071737454,0.32260693076169006,0.4474463729567194,0.5388479614127053,0.0,0.0,0.9505813953488372,0.3307843723165742,0.5389813465121909,0.5227659336571722,1.5922165485589268,1.1448122000001604,,1
private_seed_audit,budget_15_vertical_strip,nested-rings,1001,1,hard,smooth,connected,high,moment_preserving_perturbation,ambiguity-set-sampler,protocol_b,0.3621038384670639,0.265625,0.08004158004158005,1.2421032928476612,0.46560796590431147,0.18105191923353195,0.2727603853724139,0.5860726903206674,0.0,0.0,0.9239904988123515,0.046928521343788915,0.10289032679848464,0.25741865377988904,0.08362614700843851,1.436393500000122,,6
private_seed_audit,budget_15_vertical_strip,nested-rings,1001,1,hard,smooth,connected,high,moment_preserving_perturbation,best-of-k-restart-blind,protocol_b,0.24517691998536909,0.84375,0.14285714285714285,0.1659990593001467,0.34901675895929624,0.12258845999268454,0.16447037450812219,0.5631820826800991,0.0,4.0,0.8715498938428875,0.008266782366013564,0.13723261801190278,0.10743973302521034,0.19574575448555676,0.5379635999997845,0.675,1
private_seed_audit,budget_15_vertical_strip,nested-rings,1001,1,hard,smooth,connected,high,moment_preserving_perturbation,blind-sa,protocol_b,0.24517691998536909,0.84375,0.14285714285714285,0.1659990593001467,0.34901675895929624,0.12258845999268454,0.16447037450812219,0.5631820826800991,0.0,4.0,0.8715498938428875,0.008266782366013564,0.13723261801190278,0.10743973302521034,0.19574575448555676,0.1791497999947751,0.7,1
private_seed_audit,budget_15_vertical_strip,nested-rings,1001,1,hard,smooth,connected,high,moment_preserving_perturbation,evolutionary-blind,protocol_b,0.24590027685864185,0.78125,0.1256931608133087,0.17200670838901472,0.4190181219257575,0.12295013842932093,0.15230078983418338,0.584842932013949,0.0,2.0,0.890295358649789,0.008053878375113234,0.10609147341601102,0.09715138740488032,0.061657456028649804,0.22933089999423828,,1
private_seed_audit,budget_15_vertical_strip,nested-rings,1001,1,hard,smooth,connected,high,moment_preserving_perturbation,projected-gradient-blind,protocol_b,0.598902939505573,0.09375,0.03365384615384615,7.93725393319377,0.825490467615777,0.2994514697527865,0.44185782194999706,0.6931471792144479,0.0,0.0,0.9733333333333334,0.1827258889959758,0.5381335944408097,0.6233706927151579,1.795805839636355,0.05742610000015702,,1
private_seed_audit,budget_15_vertical_strip,nested-rings,1001,1,hard,smooth,connected,high,moment_preserving_perturbation,subset-affine-blind,protocol_b,0.6060634064506437,0.125,0.054987212276214836,3.3032801016275775,0.5287393849127183,0.30303170322532186,0.4298041586703939,0.6131532002254736,0.0,0.0,0.9484240687679083,0.2299195561336153,0.534802087683002,0.5854080080487352,1.5107094787499098,1.135980400002154,,1
private_seed_audit,budget_15_vertical_strip,nested-rings,1002,2,hard,smooth,connected,high,structured_dropout,ambiguity-set-sampler,protocol_b,0.2389624228294432,0.484375,0.13596491228070176,1.17202860681381,0.2726362677054536,0.1194812114147216,0.19691527048266222,0.3445795012710328,0.0,1.0,0.8763636363636363,0.02592020418256541,0.0501862661561934,0.16816913574481038,0.011042159592548728,1.4034501999994973,,6
private_seed_audit,budget_15_vertical_strip,nested-rings,1002,2,hard,smooth,connected,high,structured_dropout,best-of-k-restart-blind,protocol_b,0.12634419754312054,0.96875,0.1829393627954779,0.3512236972457574,0.12464005855193865,0.06317209877156027,0.08744497352372489,0.27076061667312445,0.0,1.0,0.8650168728908887,0.0002610037753455948,0.04176165187586511,0.060964430935205156,0.03381431271906443,0.5136140000031446,0.7666666666666667,1
private_seed_audit,budget_15_vertical_strip,nested-rings,1002,2,hard,smooth,connected,high,structured_dropout,blind-sa,protocol_b,0.12634419754312054,0.96875,0.1829393627954779,0.3512236972457574,0.12464005855193865,0.06317209877156027,0.08744497352372489,0.27076061667312445,0.0,1.0,0.8650168728908887,0.0002610037753455948,0.04176165187586511,0.060964430935205156,0.03381431271906443,0.1788715999937267,0.75,1
private_seed_audit,budget_15_vertical_strip,nested-rings,1002,2,hard,smooth,connected,high,structured_dropout,evolutionary-blind,protocol_b,0.12113454628787727,0.921875,0.1349056603773585,0.27006850433599444,0.14873262549449107,0.06056727314393864,0.10244671877735007,0.28925916754740344,0.0,2.0,0.8988648090815273,0.0016190821761015738,0.07728900377952269,0.0531775867220462,0.04433442014981015,0.22485820000292733,,1
private_seed_audit,budget_15_vertical_strip,nested-rings,1002,2,hard,smooth,connected,high,structured_dropout,projected-gradient-blind,protocol_b,0.47871708947674585,0.15625,0.05084745762711865,2.9369541876526175,0.6824492407822531,0.23935854473837292,0.3730614189613683,0.5887190735293792,0.0,0.0,0.9526542324246772,0.153388091292058,0.19033082942189788,0.3782795040693143,0.05989521237406148,0.05797059999895282,,1
private_seed_audit,budget_15_vertical_strip,nested-rings,1002,2,hard,smooth,connected,high,structured_dropout,subset-affine-blind,protocol_b,0.6286148233850157,0.046875,0.08405797101449275,3.838464333775416,0.6582135556579388,0.31430741169250787,0.43015259111232357,0.5087879626097567,0.0,0.0,0.9198717948717948,0.3199574906276339,0.4897211350433346,0.5219937741271725,1.5685379265647037,0.8721911999964505,,1
private_seed_audit,budget_15_vertical_strip,nested-rings,1003,3,hard,smooth,connected,high,clustered_occlusion,ambiguity-set-sampler,protocol_b,0.2766267994202832,0.40625,0.14801864801864803,1.3175201845180542,0.6070736074545974,0.1383133997101416,0.22654024865369027,0.5342768608326744,0.0,2.0,0.8737113402061856,0.03956122666995851,0.10090245683390822,0.2143472615419182,0.22470761920474125,1.4491493000023183,,6
private_seed_audit,budget_15_vertical_strip,nested-rings,1003,3,hard,smooth,connected,high,clustered_occlusion,best-of-k-restart-blind,protocol_b,0.2686595107241964,0.40625,0.126012601260126,0.3333606694056017,0.3655319898584568,0.1343297553620982,0.1796486441253961,0.5030355526500481,0.0,0.0,0.9008264462809917,0.006237062647941247,0.0884178242555155,0.07351133437084534,0.07451965249783754,0.5129689000023063,0.8916666666666667,1
private_seed_audit,budget_15_vertical_strip,nested-rings,1003,3,hard,smooth,connected,high,clustered_occlusion,blind-sa,protocol_b,0.2686595107241964,0.40625,0.126012601260126,0.3333606694056017,0.3655319898584568,0.1343297553620982,0.1796486441253961,0.5030355526500481,0.0,0.0,0.9008264462809917,0.006237062647941247,0.0884178242555155,0.07351133437084534,0.07451965249783754,0.1742547000030754,0.7666666666666667,1
private_seed_audit,budget_15_vertical_strip,nested-rings,1003,3,hard,smooth,connected,high,clustered_occlusion,evolutionary-blind,protocol_b,0.2739490844123551,0.40625,0.12756052141527002,0.23838592459391447,0.351249661857628,0.13697454220617755,0.1821616153144288,0.5184929036037196,0.0,2.0,0.879074658254469,0.0042660951652644255,0.09237333619353427,0.12042602659378288,0.09814053308799053,0.22749509999994189,,1
private_seed_audit,budget_15_vertical_strip,nested-rings,1003,3,hard,smooth,connected,high,clustered_occlusion,projected-gradient-blind,protocol_b,0.5535476945851556,0.125,0.05420054200542006,2.258159158669511,0.8590640912688987,0.2767738472925778,0.3919063060805762,0.5477840411518292,0.0,2.0,0.9461077844311377,0.1698562798215667,0.19879398185427727,0.4271827091301563,0.11046741789104297,0.055777000001398847,,1
private_seed_audit,budget_15_vertical_strip,nested-rings,1003,3,hard,smooth,connected,high,clustered_occlusion,subset-affine-blind,protocol_b,0.611500769834633,0.09375,0.06128133704735376,4.160984819637755,0.797966534351033,0.3057503849173165,0.42902053001839807,0.5563183917836493,0.0,2.0,0.9398148148148148,0.22101775402008186,0.5198596947247491,0.523203263721048,1.7542335081966844,0.9121347999971476,,1
private_seed_audit,budget_15_vertical_strip,pinwheel,1000,0,hard,jagged,connected,high,none,ambiguity-set-sampler,protocol_b,0.27558348485912426,0.703125,0.08204518430439953,0.9946248321585445,0.5263095882904101,0.13779174242956213,0.23325442651651107,0.5064144944377948,0.0,3.0,0.9330543933054394,0.03821523262567709,0.1640609445106167,0.2233958895344189,0.10110002607554058,1.4519882000022335,,6
private_seed_audit,budget_15_vertical_strip,pinwheel,1000,0,hard,jagged,connected,high,none,best-of-k-restart-blind,protocol_b,0.18998831367728575,0.984375,0.14915966386554622,0.19436133453826088,0.21983697809962435,0.09499415683864287,0.11136803451190808,0.40072571267622414,0.0,5.0,0.8886107634543179,0.0005816362079438268,0.08364284273507729,0.06900285034256909,0.07038329967891244,0.5555945000014617,0.5416666666666666,1
private_seed_audit,budget_15_vertical_strip,pinwheel,1000,0,hard,jagged,connected,high,none,blind-sa,protocol_b,0.177563180375168,1.0,0.2213393870601589,0.18930228293756654,0.19056972745135795,0.088781590187584,0.1039205552136113,0.46570826067777404,0.0,2.0,0.7973333333333333,0.0016563332312786992,0.06987670704203032,0.05056550909799607,0.0017700422257957982,0.20499439999548486,0.5333333333333333,1
private_seed_audit,budget_15_vertical_strip,pinwheel,1000,0,hard,jagged,connected,high,none,evolutionary-blind,protocol_b,0.18998831367728575,0.984375,0.14915966386554622,0.19436133453826088,0.21983697809962435,0.09499415683864287,0.11136803451190808,0.40072571267622414,0.0,5.0,0.8886107634543179,0.0005816362079438268,0.08364284273507729,0.06900285034256909,0.07038329967891244,0.23139050000463612,,1
private_seed_audit,budget_15_vertical_strip,pinwheel,1000,0,hard,jagged,connected,high,none,projected-gradient-blind,protocol_b,0.4662863162991568,0.28125,0.02390998593530239,2.5205272219952937,0.7679982810685385,0.2331431581495784,0.3880053507758468,0.6458249368839617,0.0,3.0,0.9772357723577236,0.1742960099984192,0.37441438512139835,0.5205196166033094,0.5724994811647477,0.05673730000125943,,1
private_seed_audit,budget_15_vertical_strip,pinwheel,1000,0,hard,jagged,connected,high,none,subset-affine-blind,protocol_b,0.47331982359458447,0.15625,0.03851851851851852,4.325576699160828,0.693889213762437,0.23665991179729223,0.4385100939133115,0.6265287635292752,0.0,3.0,0.9636048526863085,0.3678923186897902,0.6234996152922537,0.6031371001686314,1.6035401699553753,1.1256311000033747,,1
private_seed_audit,budget_15_vertical_strip,pinwheel,1001,1,hard,jagged,connected,high,moment_preserving_perturbation,ambiguity-set-sampler,protocol_b,0.30041807249084695,0.59375,0.06031363088057901,1.4974350338378077,0.6669176491050605,0.15020903624542348,0.2919887654823519,0.6640745514453528,0.0,0.0,0.9381153305203938,0.056680786276173914,0.16535823189140653,0.35364538505575877,0.21164777975369864,1.4319458000027225,,6
private_seed_audit,budget_15_vertical_strip,pinwheel,1001,1,hard,jagged,connected,high,moment_preserving_perturbation,best-of-k-restart-blind,protocol_b,0.2280064665380224,0.953125,0.11143984220907298,0.24909683250811762,0.25564018423198376,0.1140032332690112,0.14483089946366112,0.6065037813477989,0.0,3.0,0.9017964071856287,0.0011157811136499837,0.10159970041520103,0.0348474443491413,0.09579617792800477,0.5362640000021202,0.6583333333333333,1
private_seed_audit,budget_15_vertical_strip,pinwheel,1001,1,hard,jagged,connected,high,moment_preserving_perturbation,blind-sa,protocol_b,0.2376910277250389,0.953125,0.18541666666666667,0.2593939640475064,0.27056669979300885,0.11884551386251944,0.13819992522575777,0.6065037813477989,0.0,2.0,0.8443627450980392,0.00024053631527752128,0.05009096024292147,0.03378248504308172,0.05607384120944081,0.18174359999829903,0.5666666666666667,1
private_seed_audit,budget_15_vertical_strip,pinwheel,1001,1,hard,jagged,connected,high,moment_preserving_perturbation,evolutionary-blind,protocol_b,0.241809394025826,0.890625,0.16808510638297872,0.21010378240632918,0.29103111409352583,0.120904697012913,0.15143966972795422,0.5631820826800988,0.0,2.0,0.8651685393258427,0.0006682345584525933,0.0962978248227596,0.08216057023689044,0.02226488063084675,0.2269903999986127,,1
private_seed_audit,budget_15_vertical_strip,pinwheel,1001,1,hard,jagged,connected,high,moment_preserving_perturbation,projected-gradient-blind,protocol_b,0.5713416858970387,0.25,0.012211668928086838,0.0,0.8497212274353646,0.28567084294851935,0.44209137245535357,0.6709410406999505,0.0,0.0,0.9859375,0.23437069830524476,0.5333148260932197,0.6527826865880342,1.7695021625015863,0.05721279999852413,,1
private_seed_audit,budget_15_vertical_strip,pinwheel,1001,1,hard,jagged,connected,high,moment_preserving_perturbation,subset-affine-blind,protocol_b,0.49763985647375125,0.203125,0.03143712574850299,4.570572986025194,0.7087013079783956,0.24881992823687563,0.4550286235781787,0.6931471792972348,0.0,0.0,0.9741379310344828,0.2718861705692037,0.5390780885893343,0.6032304245305025,1.7022307783515136,1.1314294999974663,,1
private_seed_audit,budget_15_vertical_strip,pinwheel,1002,2,hard,jagged,connected,high,structured_dropout,ambiguity-set-sampler,protocol_b,0.2935489627764319,0.65625,0.06690997566909976,1.160253980981009,0.5257359441997265,0.14677448138821594,0.2567205881762903,0.5246519650072671,0.0,0.0,0.9462809917355371,0.049984103359278165,0.1306913900962083,0.19491188601065612,0.16164479137346,1.4453177000032156,,6
private_seed_audit,budget_15_vertical_strip,pinwheel,1002,2,hard,jagged,connected,high,structured_dropout,best-of-k-restart-blind,protocol_b,0.19296432891515658,0.890625,0.12167689161554192,0.2005592404546501,0.25995857955363405,0.09648216445757829,0.113532760813802,0.5631820826800991,0.0,1.0,0.8903775883069427,0.0003655426038487753,0.065499180948702,0.0978460063979073,0.1330929149216824,0.5098268000001553,0.725,1
private_seed_audit,budget_15_vertical_strip,pinwheel,1002,2,hard,jagged,connected,high,structured_dropout,blind-sa,protocol_b,0.21262952016462527,0.96875,0.11897435897435897,0.23573991559958277,0.23864687191471043,0.10631476008231264,0.12273408680627788,0.4873691100116244,0.0,1.0,0.9011904761904762,0.0008390486642038115,0.05144905378384712,0.05901766054566785,0.08579529293490262,0.1745493999987957,0.4583333333333333,1
private_seed_audit,budget_15_vertical_strip,pinwheel,1002,2,hard,jagged,connected,high,structured_dropout,evolutionary-blind,protocol_b,0.19161239233198513,0.90625,0.12124352331606218,0.19125903779847137,0.23789647383850873,0.09580619616599256,0.1121699875354566,0.5631820826800991,0.0,1.0,0.8901098901098901,0.000548779806097577,0.07191700174520448,0.09383085791327542,0.11945096389197118,0.22415619999810588,,1
private_seed_audit,budget_15_vertical_strip,pinwheel,1002,2,hard,jagged,connected,high,structured_dropout,projected-gradient-blind,protocol_b,0.4467769279673984,0.265625,0.02351313969571231,5.263608896351215,0.7969704237717877,0.2233884639836992,0.38170978651235565,0.6047508469804586,0.0,1.0,0.978021978021978,0.15666501974083388,0.18708334254735698,0.5181827859650255,0.4223130346186097,0.056926500001281966,,1
private_seed_audit,budget_15_vertical_strip,pinwheel,1002,2,hard,jagged,connected,high,structured_dropout,subset-affine-blind,protocol_b,0.4788978793935358,0.1875,0.04028776978417266,4.492568738747245,0.704985313002056,0.2394489396967679,0.4166512608054011,0.5702410348230731,0.0,1.0,0.9589490968801314,0.34687319821952306,0.534802087670027,0.5066864328121744,1.757602265653841,0.8609390999990865,,1
private_seed_audit,budget_15_vertical_strip,pinwheel,1003,3,hard,jagged,connected,high,clustered_occlusion,ambiguity-set-sampler,protocol_b,0.2875254449523839,0.640625,0.10336239103362391,1.146241096928618,0.5566921372138153,0.14376272247619196,0.2628769682617973,0.5674284329496813,0.0,0.0,0.9145299145299145,0.03222824928200046,0.19296510732260644,0.1974916612481822,0.04623439195548551,1.4681977000000188,,6
private_seed_audit,budget_15_vertical_strip,pinwheel,1003,3,hard,jagged,connected,high,clustered_occlusion,best-of-k-restart-blind,protocol_b,0.23814690136280103,0.828125,0.0957562568008705,0.2049594837818924,0.40371431829841076,0.11907345068140052,0.18114127580564496,0.5090299593454739,0.0,1.0,0.9187817258883249,0.0017847339952049787,0.09214765278815795,0.10218822221292015,0.07890936167388585,0.5125864000001457,0.8833333333333333,1
private_seed_audit,budget_15_vertical_strip,pinwheel,1003,3,hard,jagged,connected,high,clustered_occlusion,blind-sa,protocol_b,0.2696350034814803,0.8125,0.09165808444902163,0.26980735927549004,0.3842410427755308,0.13481750174074014,0.18211695540423659,0.5631820826800988,0.0,2.0,0.9196102314250914,0.001068608572463933,0.04102527434106914,0.11229982999905938,0.02518537239925056,0.1737278000000515,0.7166666666666667,1
private_seed_audit,budget_15_vertical_strip,pinwheel,1003,3,hard,jagged,connected,high,clustered_occlusion,evolutionary-blind,protocol_b,0.2374093316095336,0.828125,0.09327548806941431,0.20236318321799027,0.4039013073128762,0.1187046658047668,0.1801472758091323,0.5090299593454739,0.0,1.0,0.9214195183776933,0.0018375379950633442,0.07269567761724635,0.1045231251799631,0.05292766719425712,0.22328300000663148,,1
private_seed_audit,budget_15_vertical_strip,pinwheel,1003,3,hard,jagged,connected,high,clustered_occlusion,projected-gradient-blind,protocol_b,0.47727806399899175,0.265625,0.03314121037463977,2.4899681489395333,0.8739117880657429,0.23863903199949588,0.4102472372624328,0.6615990176183644,0.0,1.0,0.982200647249191,0.16063986398375169,0.3738238625271495,0.4852981056844027,0.6373311861757451,0.05740230000083102,,1
private_seed_audit,budget_15_vertical_strip,pinwheel,1003,3,hard,jagged,connected,high,clustered_occlusion,subset-affine-blind,protocol_b,0.48827435531625923,0.171875,0.0421875,4.0449433480633195,0.7223059549549318,0.24413717765812962,0.45098916598271477,0.5636614891408389,0.0,1.0,0.9570661896243292,0.41523589214999107,0.5828366869557619,0.5291235026844818,1.6737630858337313,0.9080289000048651,,1
private_seed_audit,budget_15_vertical_strip,spiral,1000,0,hard,smooth,connected,high,structured_dropout,ambiguity-set-sampler,protocol_b,0.3107360697620189,0.453125,0.08181818181818182,1.6051740071221112,0.39091406786948857,0.15536803488100945,0.27755881804005933,0.4120766463149716,0.0,2.0,0.9351969504447268,0.05383260556102337,0.08691928277679584,0.27955339852327976,0.029759974702140646,1.402068600000348,,6
private_seed_audit,budget_15_vertical_strip,spiral,1000,0,hard,smooth,connected,high,structured_dropout,best-of-k-restart-blind,protocol_b,0.10722785544881233,1.0,0.1616939364773821,0.3962593853553118,0.13853515543863826,0.053613927724406166,0.072653811044497,0.30325189067389935,0.0,3.0,0.867027027027027,0.00034427847706408463,0.06753652565095375,0.037242362562137886,0.252356619858324,0.5169297000029474,0.5916666666666667,1
private_seed_audit,budget_15_vertical_strip,spiral,1000,0,hard,smooth,connected,high,structured_dropout,blind-sa,protocol_b,0.10722785544881233,1.0,0.1616939364773821,0.3962593853553118,0.13853515543863826,0.053613927724406166,0.072653811044497,0.30325189067389935,0.0,3.0,0.867027027027027,0.00034427847706408463,0.06753652565095375,0.037242362562137886,0.252356619858324,0.17423679999774322,0.5333333333333333,1
private_seed_audit,budget_15_vertical_strip,spiral,1000,0,hard,smooth,connected,high,structured_dropout,evolutionary-blind,protocol_b,0.10432633761895635,1.0,0.23564356435643563,0.33778682952485156,0.14023365192855156,0.052163168809478175,0.08656872981852284,0.3875021972858247,0.0,1.0,0.7962138084632517,0.0004100254894298103,0.08210121435802017,0.03731288787152519,0.12746440125143366,0.22193419999530306,,1
private_seed_audit,budget_15_vertical_strip,spiral,1000,0,hard,smooth,connected,high,structured_dropout,projected-gradient-blind,protocol_b,0.5203978526146379,0.15625,0.053246753246753244,4.117484542556079,0.8189002539398256,0.26019892630731895,0.39208214168850253,0.5468327001218904,0.0,3.0,0.9446064139941691,0.15239836127477643,0.11562857777330181,0.4872934936602491,0.07496136889730787,0.058044600002176594,,1
private_seed_audit,budget_15_vertical_strip,spiral,1000,0,hard,smooth,connected,high,structured_dropout,subset-affine-blind,protocol_b,0.591713852283167,0.109375,0.052489905787348586,3.351996355279891,0.5778687736358773,0.2958569261415835,0.4267482091250207,0.513160726459915,0.0,3.0,0.9485627836611195,0.2957034892532121,0.5981094566797079,0.5043486473999124,1.6201920519855058,0.8791044999961741,,1
private_seed_audit,budget_15_vertical_strip,spiral,1001,1,hard,smooth,connected,high,clustered_occlusion,ambiguity-set-sampler,protocol_b,0.3459994302544324,0.375,0.08333333333333333,1.486850264452496,0.4973390621713613,0.1729997151272162,0.2837267735731789,0.404986499088539,0.0,1.0,0.9295039164490861,0.05428082693949357,0.11095806316175011,0.3311676692851835,0.005845170653181686,1.4033888000049046,,6
private_seed_audit,budget_15_vertical_strip,spiral,1001,1,hard,smooth,connected,high,clustered_occlusion,best-of-k-restart-blind,protocol_b,0.21102365868306663,0.8125,0.1292517006802721,0.45527065705564385,0.4049240102908322,0.10551182934153332,0.1449156440529462,0.4180694606028537,0.0,0.0,0.8852459016393442,0.002325856877075064,0.190319758593551,0.1237237487987446,0.0758660659824435,0.5092469000010169,0.6833333333333333,1
private_seed_audit,budget_15_vertical_strip,spiral,1001,1,hard,smooth,connected,high,clustered_occlusion,blind-sa,protocol_b,0.22401698366444056,0.75,0.13662790697674418,0.5292611721763539,0.4103125654656668,0.11200849183222028,0.15810281553582353,0.45436169099395696,0.0,1.0,0.9017467248908297,0.0034710371076663625,0.087569169062453,0.1033492153605372,0.06708016293942487,0.17478850000043167,0.6833333333333333,1
private_seed_audit,budget_15_vertical_strip,spiral,1001,1,hard,smooth,connected,high,clustered_occlusion,evolutionary-blind,protocol_b,0.22887236556132992,0.78125,0.14735772357723578,0.3214530680886148,0.37643777367939496,0.11443618278066496,0.1598180085547237,0.4223865620100741,0.0,1.0,0.8657565415244596,0.001309647473056917,0.13845697134816431,0.08101818326559365,0.07926166553287617,0.22383219999755966,,1
private_seed_audit,budget_15_vertical_strip,spiral,1001,1,hard,smooth,connected,high,clustered_occlusion,projected-gradient-blind,protocol_b,0.546280908107534,0.140625,0.04862023653088042,2.374343571811276,0.873166876635978,0.273140454053767,0.4097145708796917,0.48429096801727667,0.0,2.0,0.9580318379160637,0.17237952435926812,0.23235443249189905,0.5073236200476686,0.05133880922068901,0.05889609999576351,,1
private_seed_audit,budget_15_vertical_strip,spiral,1001,1,hard,smooth,connected,high,clustered_occlusion,subset-affine-blind,protocol_b,0.5879692674333404,0.078125,0.058265582655826556,3.386461110680899,0.6044243981162576,0.2939846337166702,0.42457547507301047,0.4636403560382116,0.0,2.0,0.9476047904191617,0.3232785567962014,0.5331919739904607,0.5542389450610026,1.6373122708338534,0.8854572000054759,,1
private_seed_audit,budget_15_vertical_strip,spiral,1002,2,hard,smooth,connected,high,none,ambiguity-set-sampler,protocol_b,0.325485998526239,0.46875,0.10655737704918032,1.3401420478359816,0.41958621814177854,0.1627429992631195,0.26792923933616014,0.408532858594275,0.0,1.0,0.9105263157894736,0.05306137855482064,0.1724166331263699,0.2295562401525209,0.17487015635716174,1.4361147999952664,,6
private_seed_audit,budget_15_vertical_strip,spiral,1002,2,hard,smooth,connected,high,none,best-of-k-restart-blind,protocol_b,0.14436502204482649,0.984375,0.14713656387665197,0.383497083319633,0.1885357721378844,0.07218251102241324,0.10013813716993425,0.40245148119998875,0.0,1.0,0.8723618090452261,0.00037213045305532885,0.06127791738553422,0.0572197241235547,0.13902097335707353,0.529961899999762,0.75,1
private_seed_audit,budget_15_vertical_strip,spiral,1002,2,hard,smooth,connected,high,none,blind-sa,protocol_b,0.14915556617577203,1.0,0.17293906810035842,0.3737079515544772,0.1485460750208061,0.07457778308788601,0.10435263806130014,0.35475452070635083,0.0,1.0,0.8689516129032258,0.00040695310388720357,0.058990104366415386,0.039170566250920136,0.2135091197195278,0.17826129999593832,0.6666666666666666,1
private_seed_audit,budget_15_vertical_strip,spiral,1002,2,hard,smooth,connected,high,none,evolutionary-blind,protocol_b,0.14954583168098295,1.0,0.1864864864864865,0.32909408501617493,0.1606692082074479,0.07477291584049148,0.10458742020433022,0.4202498738652981,0.0,2.0,0.842051282051282,0.0002306916645074265,0.07908270866175232,0.04794104387755149,0.14315385928369206,0.23085849999915808,,1
private_seed_audit,budget_15_vertical_strip,spiral,1002,2,hard,smooth,connected,high,none,projected-gradient-blind,protocol_b,0.5207221857374196,0.1875,0.045177045177045176,3.4095196835626345,0.797839571952644,0.2603610928687098,0.3934468275334719,0.5558231737506396,0.0,2.0,0.9546703296703297,0.1512394056814414,0.07395094226620805,0.46000029258061004,0.17236038452846136,0.05785520000063116,,1
private_seed_audit,budget_15_vertical_strip,spiral,1002,2,hard,smooth,connected,high,none,subset-affine-blind,protocol_b,0.6468918390431934,0.078125,0.06033376123234917,4.1171749664331,0.6780989461601549,0.3234459195215967,0.4419222802491562,0.5113136190774172,0.0,2.0,0.9466089466089466,0.3128072693593415,0.6232476978371129,0.48284577416201413,1.4950483289929641,1.1351751000038348,,1
private_seed_audit,budget_15_vertical_strip,spiral,1003,3,hard,smooth,connected,high,moment_preserving_perturbation,ambiguity-set-sampler,protocol_b,0.2987154097146357,0.390625,0.09487459105779716,1.4587679674693521,0.3800742457936552,0.14935770485731786,0.23417466417496502,0.6103012267880181,0.0,0.0,0.9114713216957606,0.028894883485434425,0.3164859964026454,0.2561624271123248,0.5485667049642107,1.427895399996487,,6
private_seed_audit,budget_15_vertical_strip,spiral,1003,3,hard,smooth,connected,high,moment_preserving_perturbation,best-of-k-restart-blind,protocol_b,0.24380709220919347,0.75,0.12888482632541134,0.21137787569686944,0.35544928354047617,0.12190354610459674,0.1558363122591912,0.6058200411489827,0.0,2.0,0.8938244853737811,0.0033978814199743944,0.10401194015518508,0.11712954503515405,0.020655890874819338,0.5349322999973083,0.525,1
private_seed_audit,budget_15_vertical_strip,spiral,1003,3,hard,smooth,connected,high,moment_preserving_perturbation,blind-sa,protocol_b,0.2488999469232827,0.703125,0.12744186046511627,0.20233271589214905,0.36465733327799466,0.12444997346164136,0.16267383926286327,0.6276518255352985,0.0,1.0,0.8981581798483207,0.004533421535628285,0.12040018972570693,0.11130244544363369,0.0441812751148416,0.17780300000595162,0.775,1
private_seed_audit,budget_15_vertical_strip,spiral,1003,3,hard,smooth,connected,high,moment_preserving_perturbation,evolutionary-blind,protocol_b,0.24268484072529758,0.78125,0.14299065420560747,0.20420284297546118,0.35125054739993666,0.12134242036264879,0.15364840443623348,0.6494836099216144,0.0,1.0,0.8782894736842105,0.003389933581377941,0.10534289951046255,0.10112171543334825,0.037559165833603636,0.2276168000025791,,1
private_seed_audit,budget_15_vertical_strip,spiral,1003,3,hard,smooth,connected,high,moment_preserving_perturbation,projected-gradient-blind,protocol_b,0.472668997332464,0.15625,0.032059186189889025,5.254364949886395,0.6861585983308081,0.236334498666232,0.3783147759241832,0.6174748652004709,0.0,0.0,0.9652294853963839,0.1322130007945069,0.19649663805777617,0.5340959615000546,0.5177260221975433,0.05859680000139633,,1
private_seed_audit,budget_15_vertical_strip,spiral,1003,3,hard,smooth,connected,high,moment_preserving_perturbation,subset-affine-blind,protocol_b,0.6267147904242447,0.09375,0.05179282868525897,4.610354588531172,0.6445667033020336,0.31335739521212236,0.4396451083801613,0.6213814344313735,0.0,0.0,0.948948948948949,0.284811159562223,0.5976013167953858,0.5338743406598219,1.5920133161308856,1.1387535999965621,,1
private_seed_audit,budget_15_vertical_strip,volatility-clustering,1000,0,hard,jagged,connected,high,moment_preserving_perturbation,ambiguity-set-sampler,protocol_b,0.35913493428482923,0.484375,0.052749719416386086,1.8340986544629634,0.8814467398210819,0.17956746714241462,0.37701944735966086,0.6615990176183645,0.0,5.0,0.9486166007905138,0.08711362424667825,0.4274993435807225,0.4931808855631895,0.6505828025235751,1.4337874999982887,,6
private_seed_audit,budget_15_vertical_strip,volatility-clustering,1000,0,hard,jagged,connected,high,moment_preserving_perturbation,best-of-k-restart-blind,protocol_b,0.2525598714755797,0.859375,0.1258034894398531,0.37481733144060575,0.3092648340805386,0.12627993573778984,0.15759942048061704,0.5956733566808741,0.0,0.0,0.9019823788546255,0.0019375842541566298,0.1509713833387572,0.023420650344482524,0.10920093928674657,0.536897099998896,0.9,1
private_seed_audit,budget_15_vertical_strip,volatility-clustering,1000,0,hard,jagged,connected,high,moment_preserving_perturbation,blind-sa,protocol_b,0.22151411104541563,0.890625,0.12699905926622765,0.4330612892385884,0.345135732226552,0.11075705552270781,0.14238117336976427,0.584842932013949,0.0,1.0,0.8900343642611683,0.00120732853266052,0.11179439231780075,0.04234339120072695,0.12462603317057841,0.1783145000008517,0.7333333333333333,1
private_seed_audit,budget_15_vertical_strip,volatility-clustering,1000,0,hard,jagged,connected,high,moment_preserving_perturbation,evolutionary-blind,protocol_b,0.24127152338737107,0.8125,0.13920454545454544,0.38134847245886844,0.3449262573711395,0.12063576169368553,0.1571886950255156,0.6065037813477989,0.0,2.0,0.8905359179019384,0.002112640843896698,0.11725370430579797,0.06522493488060543,0.09361643945211195,0.23241699999925913,,1
private_seed_audit,budget_15_vertical_strip,volatility-clustering,1000,0,hard,jagged,connected,high,moment_preserving_perturbation,projected-gradient-blind,protocol_b,0.5550818179338807,0.1875,0.032138442521631644,4.854620710048041,0.9939143812691398,0.27754090896694034,0.502511786605306,0.6709410406999505,0.0,5.0,0.967930029154519,0.22630419713487396,0.4982875762262554,0.6627697860362903,1.7356387189336742,0.05786110000190092,,1
private_seed_audit,budget_15_vertical_strip,volatility-clustering,1000,0,hard,jagged,connected,high,moment_preserving_perturbation,subset-affine-blind,protocol_b,0.5708572953691821,0.15625,0.03598971722365039,7.937253933193771,0.9744325388069517,0.28542864768459103,0.51729968814682,0.6931471793212846,0.0,5.0,0.9696509863429439,0.2963755103012393,0.5027602001247337,0.6782288795706096,1.810535532368051,1.135498399999051,,1
private_seed_audit,budget_15_vertical_strip,volatility-clustering,1001,1,hard,jagged,connected,high,structured_dropout,ambiguity-set-sampler,protocol_b,0.32106604587298526,0.578125,0.07537688442211055,1.6119107397141932,1.0078333650515972,0.16053302293649263,0.3146028067600376,0.6629071670061819,0.0,2.0,0.9294964028776979,0.047453908954666335,0.2581476901059266,0.4733126764907878,0.3191799261146955,1.3758948999966378,,6
private_seed_audit,budget_15_vertical_strip,volatility-clustering,1001,1,hard,jagged,connected,high,structured_dropout,best-of-k-restart-blind,protocol_b,0.2570831999379013,0.90625,0.13113113113113112,0.455622450483591,0.5026051072991047,0.12854159996895065,0.16178093933970406,0.552351658013174,0.0,2.0,0.892434988179669,0.0016395617750853504,0.05056780310873863,0.06390298395778211,0.05182350347676179,0.5017757000023266,0.9083333333333333,1
private_seed_audit,budget_15_vertical_strip,volatility-clustering,1001,1,hard,jagged,connected,high,structured_dropout,blind-sa,protocol_b,0.2377305647590365,0.921875,0.12551020408163266,0.4621220457230713,0.4982425650763607,0.11886528237951825,0.1505103745951742,0.5956733566808741,0.0,1.0,0.8954326923076923,0.0010366346430569799,0.040460770290605165,0.07343464383880244,0.0178880658976861,0.17649900000105845,0.24166666666666667,1
private_seed_audit,budget_15_vertical_strip,volatility-clustering,1001,1,hard,jagged,connected,high,structured_dropout,evolutionary-blind,protocol_b,0.2579039564651302,0.890625,0.13709677419354838,0.42446503832911325,0.5088652033763891,0.1289519782325651,0.16147092322306364,0.5415212333462491,0.0,1.0,0.8936170212765957,0.0024731868493241328,0.04839150653044147,0.06769716473512949,0.047519117094100505,0.2203466999999364,,1
private_seed_audit,budget_15_vertical_strip,volatility-clustering,1001,1,hard,jagged,connected,high,structured_dropout,projected-gradient-blind,protocol_b,0.5348352452434447,0.234375,0.03967168262653899,6.05314550575293,1.0980798969781511,0.26741762262172236,0.4588032225425944,0.6715662309179621,0.0,2.0,0.9672897196261683,0.1692440308963132,0.5423837702145505,0.6050178449721655,1.6586785739135028,0.05672190000041155,,1
private_seed_audit,budget_15_vertical_strip,volatility-clustering,1001,1,hard,jagged,connected,high,structured_dropout,subset-affine-blind,protocol_b,0.5365923849385682,0.15625,0.0361794500723589,3.260020883926164,1.1334695212154606,0.2682961924692841,0.48932434135362174,0.5670889156510084,0.0,2.0,0.9652317880794702,0.24019332790924075,0.5236845530912073,0.5529726080942843,1.6212801396666665,0.8359223999941605,,1
private_seed_audit,budget_15_vertical_strip,volatility-clustering,1002,2,hard,jagged,connected,high,clustered_occlusion,ambiguity-set-sampler,protocol_b,0.3565395658753903,0.484375,0.0648854961832061,1.992709312940988,0.9426977116110118,0.17826978293769516,0.3484458745115525,0.5858406961545827,0.0,7.0,0.9498525073746312,0.058599120471341436,0.23434558773133624,0.4987935012448897,0.5444030445725001,1.4138900999969337,,6
private_seed_audit,budget_15_vertical_strip,volatility-clustering,1002,2,hard,jagged,connected,high,clustered_occlusion,best-of-k-restart-blind,protocol_b,0.5531611468356603,0.15625,0.014824797843665768,0.0,1.1446649480837299,0.27658057341783016,0.4752338206026104,0.6702515163401899,0.0,7.0,0.9875776397515528,0.21643935854232738,0.5467025334173592,0.6931471803885634,1.7052188176392127,0.5120861999967019,0.8666666666666667,1
private_seed_audit,budget_15_vertical_strip,volatility-clustering,1002,2,hard,jagged,connected,high,clustered_occlusion,blind-sa,protocol_b,0.18691844489088638,0.859375,0.22146118721461186,0.5554694034041007,0.2415057618869803,0.09345922244544319,0.12013219982243027,0.465708260677774,0.0,4.0,0.8432147562582345,0.0016377214745135382,0.09382095829851153,0.06626368539732946,0.10276142124014953,0.17410229999950388,0.85,1
private_seed_audit,budget_15_vertical_strip,volatility-clustering,1002,2,hard,jagged,connected,high,clustered_occlusion,evolutionary-blind,protocol_b,0.20047631163703925,0.90625,0.27692307692307694,0.4432982894827791,0.28071196000934634,0.10023815581851962,0.12461639335074129,0.30325189067389935,0.0,4.0,0.7719054242002782,0.0012098927475713193,0.0738428578954761,0.048403150182036364,0.02686054110545788,0.22128759999759495,,1
private_seed_audit,budget_15_vertical_strip,volatility-clustering,1002,2,hard,jagged,connected,high,clustered_occlusion,projected-gradient-blind,protocol_b,0.5145716758676847,0.21875,0.017783857729138167,7.133282366205823,1.0408113746399261,0.25728583793384235,0.4564822233633794,0.6091083368545144,0.0,7.0,0.9809523809523809,0.17310487267203328,0.5377413750343671,0.6627697860469117,1.6140346330888837,0.0606675000017276,,1
private_seed_audit,budget_15_vertical_strip,volatility-clustering,1002,2,hard,jagged,connected,high,clustered_occlusion,subset-affine-blind,protocol_b,0.5698812444227106,0.171875,0.03823529411764706,4.260932009638145,1.1202880300675453,0.2849406222113553,0.5679443730390066,0.6702515163401899,0.0,7.0,0.9622641509433962,0.3722163505716929,0.5339219841042283,0.6493945425050113,1.737013695744786,0.8860782999981893,,1
private_seed_audit,budget_15_vertical_strip,volatility-clustering,1003,3,hard,jagged,connected,high,none,ambiguity-set-sampler,protocol_b,0.3494434628397558,0.515625,0.11056511056511056,1.505767286691997,1.3668528967349685,0.1747217314198779,0.3339089145691931,0.6070161537378854,0.0,4.0,0.8953488372093024,0.03888009757927337,0.5886631107536631,0.3911696938018174,1.8844646424707485,1.4686015000042971,,6
private_seed_audit,budget_15_vertical_strip,volatility-clustering,1003,3,hard,jagged,connected,high,none,best-of-k-restart-blind,protocol_b,0.586685610925759,0.109375,0.030303030303030304,0.0,1.5502776816187211,0.2933428054628795,0.49568712506074947,0.6068233858516879,0.0,4.0,0.9652996845425867,0.13182646030174794,0.5802044571048273,0.6527826865644903,1.7925421962472616,0.5587021000028471,0.5083333333333333,1
private_seed_audit,budget_15_vertical_strip,volatility-clustering,1003,3,hard,jagged,connected,high,none,blind-sa,protocol_b,0.14498918577543285,0.953125,0.29638009049773756,0.8082327072761342,0.2740211430972676,0.07249459288771642,0.09317148014254314,0.32200684412687747,0.0,3.0,0.7533692722371967,0.0012119970433683586,0.06121899104192707,0.06713869127800395,0.031326877218430305,0.18221359999733977,0.7583333333333333,1
private_seed_audit,budget_15_vertical_strip,volatility-clustering,1003,3,hard,jagged,connected,high,none,evolutionary-blind,protocol_b,0.16747128524025637,0.984375,0.22952586206896552,0.7333656855856081,0.21814315250994143,0.08373564262012818,0.10460831938112523,0.41155613734314916,0.0,0.0,0.8149100257069408,0.0013654481254610378,0.06671709933896844,0.0497749794332447,0.03774915478249641,0.23272719999658875,,1
private_seed_audit,budget_15_vertical_strip,volatility-clustering,1003,3,hard,jagged,connected,high,none,projected-gradient-blind,protocol_b,0.5690220062735376,0.140625,0.038821954484605084,7.93725393319377,1.494594367514614,0.2845110031367688,0.5070384510563206,0.606823385851688,0.0,4.0,0.9649122807017544,0.17957707546768964,0.5677431162946468,0.6379864610371946,1.6648057714870013,0.05736820000311127,,1
private_seed_audit,budget_15_vertical_strip,volatility-clustering,1003,3,hard,jagged,connected,high,none,subset-affine-blind,protocol_b,0.5270369583640626,0.140625,0.026881720430107527,4.867658558544877,1.6577942305565605,0.2635184791820313,0.5425954333388149,0.6487349021146127,0.0,4.0,0.9726688102893891,0.28531772468706407,0.555626930572778,0.5720790297663138,1.6563002776068254,1.1440853000021889,,1
private_seed_audit,budget_17_high_rot_aniso,barbell-bridge,1000,0,hard,jagged,connected,high,structured_dropout,ambiguity-set-sampler,protocol_b,0.6323902728707288,0.046875,0.024305555555555556,0.0,1.1099621524881789,0.3161951364353644,0.4865208219407342,0.6931471793676884,0.0,1.0,0.9758064516129032,0.12880658753928959,0.6164352418339307,0.6231284204096272,1.8458214004888212,1.4025645000001532,,6
private_seed_audit,budget_17_high_rot_aniso,barbell-bridge,1000,0,hard,jagged,connected,high,structured_dropout,best-of-k-restart-blind,protocol_b,0.6698252630436123,0.03125,0.037800687285223365,0.0,1.1955737626495588,0.33491263152180617,0.573200535373699,0.6931471793923308,0.0,1.0,0.9683794466403162,0.29142465551953695,0.6231284204089642,0.6231284204096272,2.191028025849977,0.509703299998364,0.16666666666666666,1
private_seed_audit,budget_17_high_rot_aniso,barbell-bridge,1000,0,hard,jagged,connected,high,structured_dropout,blind-sa,protocol_b,0.21170073038492201,0.734375,0.10050251256281408,0.43632229783884674,0.323807921662521,0.10585036519246101,0.1433641414849155,0.558989660264034,0.0,1.0,0.9158050221565731,0.0015759034284525712,0.07336605041425068,0.05993579842982602,0.15585370516538877,0.17626490000111517,0.36666666666666664,1
private_seed_audit,budget_17_high_rot_aniso,barbell-bridge,1000,0,hard,jagged,connected,high,structured_dropout,evolutionary-blind,protocol_b,0.21526450809766656,0.734375,0.17735334242837653,0.4536894534850101,0.32567203801885225,0.10763225404883328,0.14607836065841104,0.44915502043017674,0.0,1.0,0.8478964401294499,0.0027208388714303673,0.1699346220475326,0.06484846955564885,0.17156303871002,0.22639300000446383,,1
private_seed_audit,budget_17_high_rot_aniso,barbell-bridge,1000,0,hard,jagged,connected,high,structured_dropout,projected-gradient-blind,protocol_b,0.5552942657834151,0.078125,0.01877133105802048,7.08401183681748,3.9255472078168534,0.27764713289170756,0.5617705579724563,0.6658707879235009,0.0,1.0,0.9782608695652174,0.32416084545121954,0.6313679256192357,0.5758714267224261,2.0519672274220384,0.056972799997311085,,1
private_seed_audit,budget_17_high_rot_aniso,barbell-bridge,1000,0,hard,jagged,connected,high,structured_dropout,subset-affine-blind,protocol_b,0.5893733160797514,0.09375,0.02321724709784411,6.569499012708165,1.2754419638577035,0.2946866580398757,0.5064866873240093,0.6429923351913864,0.0,1.0,0.9867172675521821,0.3247459143544022,0.6085246561380889,0.5934443999679913,1.6863238318347435,0.9003538000033586,,1
private_seed_audit,budget_17_high_rot_aniso,barbell-bridge,1001,1,hard,jagged,connected,high,clustered_occlusion,ambiguity-set-sampler,protocol_b,0.4666367539041402,0.15625,0.0140625,0.0,1.340289646885046,0.2333183769520701,0.44275543757773983,0.6473558533831453,0.0,2.0,0.9892280071813285,0.09786885131751988,0.45549156361730125,0.5974436546141946,1.6599459254975635,1.4684310000011465,,6
private_seed_audit,budget_17_high_rot_aniso,barbell-bridge,1001,1,hard,jagged,connected,high,clustered_occlusion,best-of-k-restart-blind,protocol_b,0.2360196667296913,0.6875,0.22911694510739858,0.7459107148604115,0.301373804499771,0.11800983336484565,0.17243842673661505,0.3850601344305603,0.0,9.0,0.8326241134751773,0.0013897677348284473,0.14177082285872983,0.05322028588447571,0.05000717542544786,0.5349380999978166,0.7583333333333333,1
private_seed_audit,budget_17_high_rot_aniso,barbell-bridge,1001,1,hard,jagged,connected,high,clustered_occlusion,blind-sa,protocol_b,0.24847423239784558,0.6875,0.22761194029850745,0.7505721519816129,0.3518306259679763,0.12423711619892279,0.1826952804071548,0.3936595205660653,0.0,6.0,0.8213213213213213,0.0019036018616228607,0.11709320814280842,0.07709753160713584,0.014907514712935388,0.17743870000413153,0.6416666666666667,1
private_seed_audit,budget_17_high_rot_aniso,barbell-bridge,1001,1,hard,jagged,connected,high,clustered_occlusion,evolutionary-blind,protocol_b,0.2337242606656869,0.734375,0.22451456310679613,0.6395785138149044,0.29289144221626207,0.11686213033284346,0.16773446451308482,0.365670412899509,0.0,3.0,0.8312236286919832,0.0013577506929821626,0.1274731387087414,0.05619499111267988,0.03302029250835892,0.2272716999941622,,1
private_seed_audit,budget_17_high_rot_aniso,barbell-bridge,1001,1,hard,jagged,connected,high,clustered_occlusion,projected-gradient-blind,protocol_b,0.7274480370236311,0.0625,0.04159733777038269,5.6042796482987915,1.2303654022377812,0.36372401851181557,0.6348194454592827,0.6651196138976716,0.0,2.0,0.9596928982725528,0.42786298487481156,0.46060415754405376,0.5594775582488338,2.1824483651924877,0.058293499998399056,,1
private_seed_audit,budget_17_high_rot_aniso,barbell-bridge,1001,1,hard,jagged,connected,high,clustered_occlusion,subset-affine-blind,protocol_b,0.789110137061982,0.046875,0.01487603305785124,7.937253933193771,1.5232475455775794,0.394555068530991,0.6697033213790118,0.6931471793702293,0.0,2.0,0.9847036328871893,0.5379039302222566,0.449830923340506,0.5869738780007429,1.9447390023949291,0.9081532999989577,,1
private_seed_audit,budget_17_high_rot_aniso,barbell-bridge,1002,2,hard,jagged,connected,high,none,ambiguity-set-sampler,protocol_b,0.6459633892509804,0.0625,0.014195583596214511,0.0,1.1776170923468536,0.3229816946254902,0.5202350348349518,0.6931471793455868,0.0,2.0,0.9852125693160814,0.1676542667176999,0.5978314407036256,0.6231284203984635,1.7360141251157488,1.4376400999972248,,6
private_seed_audit,budget_17_high_rot_aniso,barbell-bridge,1002,2,hard,jagged,connected,high,none,best-of-k-restart-blind,protocol_b,0.6603699698592564,0.046875,0.03135313531353135,0.0,1.0159549830257362,0.3301849849296282,0.4978615738362694,0.6664862512686592,0.0,2.0,0.972972972972973,0.16135417521850934,0.5995592204178731,0.6231284203984635,1.864950396441912,0.5353638000015053,0.5166666666666667,1
private_seed_audit,budget_17_high_rot_aniso,barbell-bridge,1002,2,hard,jagged,connected,high,none,blind-sa,protocol_b,0.1394663220636568,0.953125,0.28055555555555556,0.6252401318104327,0.220997881699628,0.0697331610318284,0.08583980341145699,0.3140823153408243,0.0,1.0,0.740983606557377,0.0003363335612541498,0.04584834167957458,0.07395779253705506,0.021004521608922744,0.17991160000383388,0.1,1
private_seed_audit,budget_17_high_rot_aniso,barbell-bridge,1002,2,hard,jagged,connected,high,none,evolutionary-blind,protocol_b,0.09617446972292537,0.96875,0.39416058394160586,0.5659590225784911,0.22238635703064455,0.048087234861462685,0.06339125466377481,0.2128479221952983,0.0,1.0,0.6774193548387097,0.00028463845131652477,0.03925897351387335,0.036846862611579725,0.08575348012447437,0.23643200000515208,,1
private_seed_audit,budget_17_high_rot_aniso,barbell-bridge,1002,2,hard,jagged,connected,high,none,projected-gradient-blind,protocol_b,0.6483855570533494,0.171875,0.031496062992125984,0.0,1.208115170583308,0.3241927785266747,0.5626133083549679,0.6931471793455868,0.0,2.0,0.962962962962963,0.31616218705507315,0.599134749100207,0.6231284203984635,1.8395024272959386,0.057151400003931485,,1
private_seed_audit,budget_17_high_rot_aniso,barbell-bridge,1002,2,hard,jagged,connected,high,none,subset-affine-blind,protocol_b,0.7531229025894284,0.03125,0.024427480916030534,0.0,1.556853702781619,0.3765614512947142,0.5941400577540218,0.6931471793702293,0.0,2.0,0.9841269841269842,0.4766721075875979,0.599134749100207,0.6231284203984635,1.8395024272959386,1.1500630999944406,,1
private_seed_audit,budget_17_high_rot_aniso,barbell-bridge,1003,3,hard,jagged,connected,high,moment_preserving_perturbation,ambiguity-set-sampler,protocol_b,0.3316264808142844,0.375,0.06083086053412463,2.009143992115027,0.8918226326491979,0.1658132404071422,0.32861062654356554,0.6334739758917087,0.0,1.0,0.9345132743362832,0.03488976760486448,0.24860826640477002,0.38688744858162194,0.6792328097267575,1.4320778000037535,,6
private_seed_audit,budget_17_high_rot_aniso,barbell-bridge,1003,3,hard,jagged,connected,high,moment_preserving_perturbation,best-of-k-restart-blind,protocol_b,0.6741964796124926,0.0625,0.039182282793867124,0.0,0.9881199576415193,0.3370982398062463,0.5086945942345599,0.6931471793578574,0.0,1.0,0.9659318637274549,0.3034318035372607,0.5603405697443572,0.6931471803543106,2.2448502833867776,0.5248739999951795,0.275,1
private_seed_audit,budget_17_high_rot_aniso,barbell-bridge,1003,3,hard,jagged,connected,high,moment_preserving_perturbation,blind-sa,protocol_b,0.2622820520725447,0.625,0.15711009174311927,0.32197101339489526,0.3474795065068877,0.13114102603627234,0.16581473298971047,0.5294087957968773,0.0,6.0,0.8803894297635605,0.0008463493621407672,0.035575960536047266,0.0651684083222399,0.04327541295873516,0.17951049999828683,0.2916666666666667,1
private_seed_audit,budget_17_high_rot_aniso,barbell-bridge,1003,3,hard,jagged,connected,high,moment_preserving_perturbation,evolutionary-blind,protocol_b,0.23927636654906217,0.71875,0.15384615384615385,0.4805879383672426,0.30260448445626564,0.11963818327453109,0.15568010409329955,0.574012507347024,0.0,6.0,0.8683431952662721,0.0009315629645824087,0.05233376346967524,0.029980054958132028,0.005935954401540489,0.22926140000345185,,1
private_seed_audit,budget_17_high_rot_aniso,barbell-bridge,1003,3,hard,jagged,connected,high,moment_preserving_perturbation,projected-gradient-blind,protocol_b,0.7002425522066735,0.0625,0.029654036243822075,7.93725393319377,1.6363285512465455,0.35012127610333676,0.6423549220767766,0.6931471793455868,0.0,1.0,0.9749518304431599,0.29413655262828897,0.554253685898658,0.666967515750928,2.0387044564535604,0.05921909999597119,,1
private_seed_audit,budget_17_high_rot_aniso,barbell-bridge,1003,3,hard,jagged,connected,high,moment_preserving_perturbation,subset-affine-blind,protocol_b,0.6293897652867718,0.0625,0.022727272727272728,7.937253933193772,1.3053342090746478,0.3146948826433859,0.5647180161815031,0.693147179345587,0.0,1.0,0.9805309734513274,0.43689805778576196,0.554253685898658,0.6755742070972104,2.0387044564535604,1.141130299998622,,1
private_seed_audit,budget_17_high_rot_aniso,crescent,1000,0,hard,smooth,connected,high,none,ambiguity-set-sampler,protocol_b,0.2701437813486009,0.3125,0.07731305449936629,1.61429856861495,0.5931206233873562,0.13507189067430045,0.24649255928408298,0.5459083108556076,0.0,4.0,0.9326647564469914,0.0415958002889733,0.5814612488039949,0.3223266411485689,1.685004789396068,1.4248895999990054,,6
private_seed_audit,budget_17_high_rot_aniso,crescent,1000,0,hard,smooth,connected,high,none,best-of-k-restart-blind,protocol_b,0.6600128921215345,0.015625,0.026392961876832845,0.0,0.8107915153795524,0.33000644606076723,0.4645573592187706,0.6634346224335683,0.0,5.0,0.9752475247524752,0.3683420756618956,0.623128420397552,0.5974436546007252,2.1675823545405395,0.5196304999990389,0.7583333333333333,1
private_seed_audit,budget_17_high_rot_aniso,crescent,1000,0,hard,smooth,connected,high,none,blind-sa,protocol_b,0.10885512511231389,1.0,0.21948051948051947,0.5680246660761463,0.10865223307383488,0.054427562556156946,0.07635694216492214,0.2964297071633294,0.0,1.0,0.8181818181818181,0.0004901438640505852,0.0379322185152034,0.04174667787677498,0.15893981978971938,0.1778416000015568,0.6666666666666666,1
private_seed_audit,budget_17_high_rot_aniso,crescent,1000,0,hard,smooth,connected,high,none,evolutionary-blind,protocol_b,0.14286608816999097,0.828125,0.22798552472858866,0.22012656253546234,0.2389271587996353,0.07143304408499548,0.10886104368911861,0.4290725693269516,0.0,4.0,0.8179271708683473,0.0012429364094686667,0.14154375053759538,0.07705416171020224,0.09205729978297983,0.22793770000134828,,1
private_seed_audit,budget_17_high_rot_aniso,crescent,1000,0,hard,smooth,connected,high,none,projected-gradient-blind,protocol_b,0.8242933779544528,0.03125,0.031055900621118012,5.567764362830022,1.0997963289264827,0.4121466889772264,0.6280304567880118,0.6931471793578574,0.0,5.0,0.9646643109540636,0.45362468455905314,0.5916613266168642,0.5578551800546788,1.8934164392196573,0.057061999999859836,,1
private_seed_audit,budget_17_high_rot_aniso,crescent,1000,0,hard,smooth,connected,high,none,subset-affine-blind,protocol_b,0.513149129115005,0.09375,0.018018018018018018,3.409392750003039,0.7428241012172946,0.2565745645575025,0.4247163161220048,0.6740216106164281,0.0,5.0,0.9830795262267343,0.1555821772369308,0.5746601772936507,0.4617729214690789,1.4866923673092771,1.1276533999989624,,1
private_seed_audit,budget_17_high_rot_aniso,crescent,1001,1,hard,smooth,connected,high,moment_preserving_perturbation,ambiguity-set-sampler,protocol_b,0.32835297161661664,0.234375,0.04704301075268817,1.8695440550505833,0.48646900340156995,0.16417648580830832,0.28071484907739275,0.6272640723086509,0.0,4.0,0.9556574923547401,0.03861617060170758,0.5585815821580186,0.38815564950514014,1.671640145208283,1.4255741000015405,,6
private_seed_audit,budget_17_high_rot_aniso,crescent,1001,1,hard,smooth,connected,high,moment_preserving_perturbation,best-of-k-restart-blind,protocol_b,0.26631002949558213,0.546875,0.1328976034858388,0.20818485806213044,0.3935799644343529,0.13315501474779107,0.1809596413775249,0.5822258238458823,0.0,0.0,0.8777348777348777,0.008375849818882536,0.08261807219292022,0.14752775534667473,0.031039311951888138,0.5253090999976848,0.7,1
private_seed_audit,budget_17_high_rot_aniso,crescent,1001,1,hard,smooth,connected,high,moment_preserving_perturbation,blind-sa,protocol_b,0.2820171763146664,0.4375,0.12292358803986711,0.20088336152042832,0.44781654228570333,0.1410085881573332,0.19254249602998733,0.6044100948199786,0.0,4.0,0.8848641655886158,0.009686315103842193,0.05940096033366738,0.14612433454030582,0.05071041188813519,0.1769365000000107,0.5,1
private_seed_audit,budget_17_high_rot_aniso,crescent,1001,1,hard,smooth,connected,high,moment_preserving_perturbation,evolutionary-blind,protocol_b,0.2658431678037059,0.53125,0.13837837837837838,0.17778827967844346,0.3904163677215021,0.13292158390185296,0.18076490880899354,0.6044100948199786,0.0,2.0,0.8830334190231363,0.008224752348719774,0.058730521623701404,0.13557923633446173,0.02751478896865578,0.2329606999992393,,1
private_seed_audit,budget_17_high_rot_aniso,crescent,1001,1,hard,smooth,connected,high,moment_preserving_perturbation,projected-gradient-blind,protocol_b,0.7081938832540834,0.046875,0.031578947368421054,4.07351638177546,1.0180833343987277,0.3540969416270417,0.5928389249873054,0.6931471793665644,0.0,4.0,0.9726962457337884,0.43085530778677195,0.5645498726273814,0.5659907549082854,1.993353821141681,0.057130499997583684,,1
private_seed_audit,budget_17_high_rot_aniso,crescent,1001,1,hard,smooth,connected,high,moment_preserving_perturbation,subset-affine-blind,protocol_b,0.4459548354725804,0.109375,0.020588235294117647,5.5964548351665755,0.7680430659594617,0.2229774177362902,0.42479009573025145,0.6458338767403776,0.0,4.0,0.9798994974874372,0.18119620903966926,0.5559846267903776,0.5973272629218914,1.7791616564412045,1.1402326000024914,,1
private_seed_audit,budget_17_high_rot_aniso,crescent,1002,2,hard,smooth,connected,high,structured_dropout,ambiguity-set-sampler,protocol_b,0.29507133577004785,0.234375,0.06709677419354838,1.830502868617987,0.4822172879181441,0.14753566788502392,0.25545875079447267,0.4901574362399653,0.0,2.0,0.9430656934306569,0.06497620071610269,0.5974659951868696,0.3672038964079386,1.5333430549040457,1.3767886999994516,,6
private_seed_audit,budget_17_high_rot_aniso,crescent,1002,2,hard,smooth,connected,high,structured_dropout,best-of-k-restart-blind,protocol_b,0.5811669989835443,0.046875,0.032904148783977114,0.0,0.8210727162143487,0.29058349949177215,0.44959572938004155,0.6627243898036249,0.0,2.0,0.967948717948718,0.4336386553469765,0.6231284203981102,0.6527826865647819,2.154429429424744,0.5018611999985296,0.7,1
private_seed_audit,budget_17_high_rot_aniso,crescent,1002,2,hard,smooth,connected,high,structured_dropout,blind-sa,protocol_b,0.11809393104791306,0.875,0.23596792668957617,0.319149208345708,0.1666209307778042,0.05904696552395653,0.07934874737055858,0.28521276359576464,0.0,1.0,0.8023407022106632,0.0012720630628600769,0.10759231638581347,0.08830532193587036,0.1227036276657163,0.17270300000382122,0.675,1
private_seed_audit,budget_17_high_rot_aniso,crescent,1002,2,hard,smooth,connected,high,structured_dropout,evolutionary-blind,protocol_b,0.12038963475081932,0.953125,0.2600690448791715,0.2161601491940842,0.1370979312330708,0.06019481737540966,0.0847310195724782,0.19722786784818258,0.0,3.0,0.7783783783783784,0.00043944371223727033,0.06066573049850034,0.05372865366289236,0.1870630666645623,0.220359400002053,,1
private_seed_audit,budget_17_high_rot_aniso,crescent,1002,2,hard,smooth,connected,high,structured_dropout,projected-gradient-blind,protocol_b,0.7075350940112498,0.046875,0.03338391502276176,7.937253933193771,1.0924969899155788,0.3537675470056249,0.5882529359684409,0.6931471793799591,0.0,2.0,0.9674657534246576,0.44466158172636616,0.6183995574554704,0.626725097241436,1.8433002746427942,0.054567899998801295,,1
private_seed_audit,budget_17_high_rot_aniso,crescent,1002,2,hard,smooth,connected,high,structured_dropout,subset-affine-blind,protocol_b,0.4679427145567615,0.140625,0.030303030303030304,2.898209995340767,0.6657240024664337,0.23397135727838075,0.38945083575528117,0.6013044355580152,0.0,2.0,0.9740680713128039,0.12593034050903198,0.5976013167847345,0.4787783946388299,1.4854025932996908,0.875524699993548,,1
private_seed_audit,budget_17_high_rot_aniso,crescent,1003,3,hard,smooth,connected,high,clustered_occlusion,ambiguity-set-sampler,protocol_b,0.3554789025802504,0.28125,0.05660377358490566,2.541052599168289,0.6323474941468548,0.1777394512901252,0.33738045502898695,0.585850165773866,0.0,2.0,0.9454545454545454,0.08728971232249044,0.5261803911514901,0.5128649970708061,1.660701458480614,1.3741020999950706,,6
private_seed_audit,budget_17_high_rot_aniso,crescent,1003,3,hard,smooth,connected,high,clustered_occlusion,best-of-k-restart-blind,protocol_b,0.6078022357849747,0.046875,0.020161290322580645,0.0,0.8907967815270327,0.30390111789248736,0.4921523521498326,0.6623547831658674,0.0,2.0,0.9788838612368024,0.4419425585117248,0.5189249482979764,0.6527826865643249,1.9454945353779796,0.49882849999994505,0.825,1
private_seed_audit,budget_17_high_rot_aniso,crescent,1003,3,hard,smooth,connected,high,clustered_occlusion,blind-sa,protocol_b,0.30737656360627397,0.40625,0.10300925925925926,0.3959035343166075,0.6165512322761675,0.15368828180313698,0.22081144574102737,0.4389735377165829,0.0,0.0,0.9128738621586476,0.004334321005562981,0.0580068727502606,0.12394526514609282,0.08968322634216719,0.17009510000207229,0.725,1
private_seed_audit,budget_17_high_rot_aniso,crescent,1003,3,hard,smooth,connected,high,clustered_occlusion,evolutionary-blind,protocol_b,0.29419310227579626,0.453125,0.10192525481313704,0.20307424770446295,0.5864522880527634,0.14709655113789813,0.20245753060209368,0.45254605807977805,0.0,0.0,0.9218543046357616,0.003761615114068799,0.11381207855832978,0.11717039619887618,0.29432824588321616,0.22032079999917187,,1
private_seed_audit,budget_17_high_rot_aniso,crescent,1003,3,hard,smooth,connected,high,clustered_occlusion,projected-gradient-blind,protocol_b,0.7798101828322336,0.03125,0.020202020202020204,5.756938817047294,1.073813996775671,0.3899050914161168,0.611119492354287,0.6931471793787514,0.0,2.0,0.9788273615635179,0.4300479115082969,0.521559018304724,0.6178828284745461,2.0111355418215267,0.0569041000053403,,1
private_seed_audit,budget_17_high_rot_aniso,crescent,1003,3,hard,smooth,connected,high,clustered_occlusion,subset-affine-blind,protocol_b,0.49293776941409,0.078125,0.03404255319148936,3.752148271169521,0.6970370539578247,0.246468884707045,0.4002307570487057,0.672989242710355,0.0,2.0,0.9649122807017544,0.14500301933348286,0.5222789647135027,0.5699651500316218,1.6369504893624716,0.8911265999995521,,1
private_seed_audit,budget_17_high_rot_aniso,cross-branch,1000,0,hard,jagged,connected,high,none,ambiguity-set-sampler,protocol_b,0.22868917312343376,0.671875,0.26095617529880477,1.66218743213318,0.6166853078813412,0.11434458656171688,0.2577834797280754,0.44675459831597586,0.0,1.0,0.7736318407960199,0.038333625993714704,0.19668173070003986,0.42652344596856606,0.4325450322041464,1.4450537000011536,,6
private_seed_audit,budget_17_high_rot_aniso,cross-branch,1000,0,hard,jagged,connected,high,none,best-of-k-restart-blind,protocol_b,0.10944985561920245,1.0,0.5125858123569794,0.2748815889199453,0.14552213854981194,0.054724927809601226,0.0815643362015644,0.21241607090033304,0.0,1.0,0.6051136363636364,0.0005041232068255233,0.05153175421340664,0.0252862789205326,0.19233908411847533,0.5505343999975594,0.7333333333333333,1
private_seed_audit,budget_17_high_rot_aniso,cross-branch,1000,0,hard,jagged,connected,high,none,blind-sa,protocol_b,0.10917734418625319,1.0,0.3634538152610442,0.32175154171190756,0.15204419790746718,0.054588672093126595,0.07536008710143928,0.23477565731089417,0.0,0.0,0.7599009900990099,0.00038427696646251464,0.05538648597398951,0.04020726029081333,0.08099322053054303,0.18083050000132062,0.6333333333333333,1
private_seed_audit,budget_17_high_rot_aniso,cross-branch,1000,0,hard,jagged,connected,high,none,evolutionary-blind,protocol_b,0.10511936597856884,1.0,0.5300925925925926,0.23107888743351093,0.12447779325271723,0.05255968298928442,0.0781648875025012,0.2420197210172882,0.0,2.0,0.6175637393767706,0.0005103642605612702,0.07786297336518092,0.05774702515080038,0.19034933463917447,0.2306551000001491,,1
private_seed_audit,budget_17_high_rot_aniso,cross-branch,1000,0,hard,jagged,connected,high,none,projected-gradient-blind,protocol_b,0.6335307508379768,0.078125,0.011583011583011582,4.897338246943262,0.9018644708695298,0.3167653754189884,0.5212319312701846,0.6931471793313332,0.0,2.0,0.9861111111111112,0.356811872944078,0.5781550160518768,0.6238668078741707,1.523127283216003,0.0579518000013195,,1
private_seed_audit,budget_17_high_rot_aniso,cross-branch,1000,0,hard,jagged,connected,high,none,subset-affine-blind,protocol_b,0.5699221117715216,0.109375,0.014553014553014554,4.616917850700298,0.9709039208122453,0.2849610558857608,0.527637935448517,0.6447727740282112,0.0,2.0,0.9825,0.27244635703968784,0.5957500366004356,0.6130363831899843,1.733696898595914,1.1251799000019673,,1
private_seed_audit,budget_17_high_rot_aniso,cross-branch,1001,1,hard,jagged,connected,high,moment_preserving_perturbation,ambiguity-set-sampler,protocol_b,0.379159111541886,0.328125,0.04006968641114982,1.6670825372189733,0.8034294129639054,0.189579555770943,0.405265443069137,0.6127917469973687,0.0,5.0,0.9617117117117118,0.051741276653895746,0.5371931713474394,0.4805965400558634,1.813639626440052,1.434018100000685,,6
private_seed_audit,budget_17_high_rot_aniso,cross-branch,1001,1,hard,jagged,connected,high,moment_preserving_perturbation,best-of-k-restart-blind,protocol_b,0.2334644081253112,0.734375,0.13715046604527298,0.20664605690953486,0.31225110949678825,0.1167322040626556,0.17091312887087085,0.5391036565679304,0.0,2.0,0.9134948096885813,0.003866493571594955,0.17106364427253168,0.1139435293708528,0.12517409474044827,0.5323094000050332,0.75,1
private_seed_audit,budget_17_high_rot_aniso,cross-branch,1001,1,hard,jagged,connected,high,moment_preserving_perturbation,blind-sa,protocol_b,0.2334644081253112,0.734375,0.13715046604527298,0.20664605690953486,0.31225110949678825,0.1167322040626556,0.17091312887087085,0.5391036565679304,0.0,2.0,0.9134948096885813,0.003866493571594955,0.17106364427253168,0.1139435293708528,0.12517409474044827,0.1776434999992489,0.25833333333333336,1
private_seed_audit,budget_17_high_rot_aniso,cross-branch,1001,1,hard,jagged,connected,high,moment_preserving_perturbation,evolutionary-blind,protocol_b,0.2516622380721766,0.71875,0.11096256684491979,0.240497686289465,0.35260620449371677,0.1258311190360883,0.1653525476011789,0.5501067652920284,0.0,2.0,0.9270315091210614,0.0016755697539664214,0.14728412193235724,0.1431674277793388,0.08922632939490605,0.22961250000662403,,1
private_seed_audit,budget_17_high_rot_aniso,cross-branch,1001,1,hard,jagged,connected,high,moment_preserving_perturbation,projected-gradient-blind,protocol_b,0.6699339948537473,0.0625,0.011494252873563218,5.567764362830022,0.9531122573946651,0.33496699742687364,0.5126226331019614,0.6931471793073896,0.0,5.0,0.9851851851851852,0.1369315021242617,0.5344575357877037,0.6823167557077354,1.5582923104644653,0.05798560000403086,,1
private_seed_audit,budget_17_high_rot_aniso,cross-branch,1001,1,hard,jagged,connected,high,moment_preserving_perturbation,subset-affine-blind,protocol_b,0.518145163348699,0.109375,0.018292682926829267,6.503209631862467,1.0322900113142897,0.2590725816743495,0.4976898530559906,0.6680697572673864,0.0,5.0,0.9813333333333333,0.251553517178949,0.5455090569863192,0.6714863310347454,1.638845301433476,1.1397957999943173,,1
private_seed_audit,budget_17_high_rot_aniso,cross-branch,1002,2,hard,jagged,connected,high,structured_dropout,ambiguity-set-sampler,protocol_b,0.25200001718266657,0.640625,0.16129032258064516,2.053130961479857,0.6657561602559043,0.12600000859133328,0.2629984113946669,0.45653596807112684,0.0,3.0,0.8799076212471132,0.028053560696987508,0.23044811111617275,0.39300375292865475,0.06678230870641855,1.387800899996364,,6
private_seed_audit,budget_17_high_rot_aniso,cross-branch,1002,2,hard,jagged,connected,high,structured_dropout,best-of-k-restart-blind,protocol_b,0.4046534350057094,0.265625,0.013539651837524178,0.0,0.878990234277584,0.2023267175028547,0.4271098984280243,0.6221575943356799,0.0,3.0,0.9831730769230769,0.14864565505074911,0.5992232945237028,0.6231284204486467,1.5190080349425097,0.5042609000010998,0.43333333333333335,1
private_seed_audit,budget_17_high_rot_aniso,cross-branch,1002,2,hard,jagged,connected,high,structured_dropout,blind-sa,protocol_b,0.1145737956750406,0.984375,0.3416030534351145,0.4192118498267538,0.20976499595435935,0.0572868978375203,0.0730419141755052,0.31904148208597294,0.0,1.0,0.7947494033412887,0.00039849331592543944,0.053035187213434545,0.060579068768459914,0.10863463108721749,0.17153069999767467,0.7916666666666666,1
private_seed_audit,budget_17_high_rot_aniso,cross-branch,1002,2,hard,jagged,connected,high,structured_dropout,evolutionary-blind,protocol_b,0.17064081197535744,1.0,0.22984562607204118,0.3128462895550133,0.17958365249532784,0.08532040598767872,0.11323552410366167,0.33819884313082493,0.0,1.0,0.8808988764044944,0.00022356422983268575,0.07093366096977234,0.07293554077757555,0.11978644386558202,0.2195034000033047,,1
private_seed_audit,budget_17_high_rot_aniso,cross-branch,1002,2,hard,jagged,connected,high,structured_dropout,projected-gradient-blind,protocol_b,0.6325020451819342,0.0625,0.011235955056179775,0.0,0.9237347946103163,0.3162510225909671,0.5118318917675687,0.6931471793333999,0.0,3.0,0.988479262672811,0.38168719794781436,0.5992232945237028,0.6231284204486467,1.5190080349425097,0.06017669999710051,,1
private_seed_audit,budget_17_high_rot_aniso,cross-branch,1002,2,hard,jagged,connected,high,structured_dropout,subset-affine-blind,protocol_b,0.547205784622236,0.125,0.05439330543933055,5.567764362830023,0.9088393096419993,0.273602892311118,0.5203448030778757,0.6676333591803343,0.0,3.0,0.9507772020725389,0.28971022156381687,0.6164352418451655,0.623616781179488,1.8649941915490191,0.8691813000041293,,1
private_seed_audit,budget_17_high_rot_aniso,cross-branch,1003,3,hard,jagged,connected,high,clustered_occlusion,ambiguity-set-sampler,protocol_b,0.2570820377285768,0.484375,0.14794007490636704,2.378265058384105,0.6778294537133301,0.1285410188642884,0.30134318675909855,0.43303254979771244,0.0,1.0,0.9054054054054054,0.05498164277653169,0.46374790834283197,0.5307904143025907,1.4649899759532623,1.4156972999990103,,6
private_seed_audit,budget_17_high_rot_aniso,cross-branch,1003,3,hard,jagged,connected,high,clustered_occlusion,best-of-k-restart-blind,protocol_b,0.13534247857570103,0.875,0.28937007874015747,0.3700081167626209,0.3345196961475871,0.06767123928785052,0.12306628405078232,0.24211196178058908,0.0,0.0,0.8317757009345794,0.0017504520190287027,0.02063282862175096,0.06822307585650104,0.015519967379640676,0.5147951999970246,0.7833333333333333,1
private_seed_audit,budget_17_high_rot_aniso,cross-branch,1003,3,hard,jagged,connected,high,clustered_occlusion,blind-sa,protocol_b,0.13534247857570103,0.875,0.28937007874015747,0.3700081167626209,0.3345196961475871,0.06767123928785052,0.12306628405078232,0.24211196178058908,0.0,0.0,0.8317757009345794,0.0017504520190287027,0.02063282862175096,0.06822307585650104,0.015519967379640676,0.1757934000052046,0.5083333333333333,1
private_seed_audit,budget_17_high_rot_aniso,cross-branch,1003,3,hard,jagged,connected,high,clustered_occlusion,evolutionary-blind,protocol_b,0.1301086158574857,0.90625,0.3387096774193548,0.2572799300314198,0.32414766983692467,0.06505430792874285,0.12320527946150515,0.22345963194800958,0.0,1.0,0.755,0.0023531527687372534,0.041713922747625684,0.0737441556298965,0.008628940320060785,0.22133539999776985,,1
private_seed_audit,budget_17_high_rot_aniso,cross-branch,1003,3,hard,jagged,connected,high,clustered_occlusion,projected-gradient-blind,protocol_b,0.6657463618127105,0.0625,0.011299435028248588,5.577673606057239,0.961142839730406,0.33287318090635526,0.5351873684064963,0.6931471793333999,0.0,2.0,0.988558352402746,0.3779483202090622,0.5554345134723694,0.6823167557189318,1.7848351820275898,0.057402900005399715,,1
private_seed_audit,budget_17_high_rot_aniso,cross-branch,1003,3,hard,jagged,connected,high,clustered_occlusion,subset-affine-blind,protocol_b,0.5926855006974424,0.078125,0.018292682926829267,6.408797406813636,0.9665172538506626,0.2963427503487212,0.5243177466468902,0.6686199226201104,0.0,2.0,0.9825436408977556,0.27460456369387914,0.5590871695007098,0.6714863310459418,1.8959452104705954,0.9000178999995114,,1
private_seed_audit,budget_17_high_rot_aniso,double-loop,1000,0,hard,smooth,connected,high,clustered_occlusion,ambiguity-set-sampler,protocol_b,0.36426303038470603,0.28125,0.06998158379373849,2.6690593346618248,0.7316943058412431,0.18213151519235302,0.3487065228560795,0.5153824354856651,0.0,4.0,0.9435146443514645,0.03579344425189873,0.5902672564236666,0.42579207658143914,1.825070741955868,1.3922621000019717,,6
private_seed_audit,budget_17_high_rot_aniso,double-loop,1000,0,hard,smooth,connected,high,clustered_occlusion,best-of-k-restart-blind,protocol_b,0.3192165408821992,0.53125,0.036243822075782535,0.5381282659927589,0.5548852621958574,0.1596082704410996,0.2510398126664727,0.5785228308878043,0.0,4.0,0.9625246548323472,0.004105702571939091,0.05549471712845126,0.0707594496595692,0.1608832834433973,0.5094423000045936,0.6583333333333333,1
private_seed_audit,budget_17_high_rot_aniso,double-loop,1000,0,hard,smooth,connected,high,clustered_occlusion,blind-sa,protocol_b,0.34155384720632886,0.484375,0.0496,0.606519021643588,0.5502789583301159,0.17077692360316443,0.25531515158281615,0.5973418445406646,0.0,3.0,0.9497098646034816,0.0037202599377876237,0.049316304647616924,0.10147912481632032,0.0403044482722823,0.17697449999832315,0.5916666666666667,1
private_seed_audit,budget_17_high_rot_aniso,double-loop,1000,0,hard,smooth,connected,high,clustered_occlusion,evolutionary-blind,protocol_b,0.34761882904962327,0.515625,0.04141104294478527,0.3920147649298708,0.5619297285350675,0.17380941452481163,0.2601452345757305,0.5691490763707732,0.0,0.0,0.9747747747747748,0.0037841946122720285,0.0953614676520538,0.11093380112408296,0.07951951249423672,0.22388910000154283,,1
private_seed_audit,budget_17_high_rot_aniso,double-loop,1000,0,hard,smooth,connected,high,clustered_occlusion,projected-gradient-blind,protocol_b,0.6739229155587739,0.078125,0.051181102362204724,3.722373506093682,1.1625192774572453,0.33696145777938696,0.6105972512606264,0.5869997299642822,0.0,4.0,0.9643652561247216,0.2024025759931522,0.57472510866455,0.5833723115331169,1.754563055825623,0.05760779999400256,,1
private_seed_audit,budget_17_high_rot_aniso,double-loop,1000,0,hard,smooth,connected,high,clustered_occlusion,subset-affine-blind,protocol_b,0.6977595033473709,0.046875,0.036511156186612576,4.958947036557463,1.1132658770038477,0.34887975167368546,0.5739621482505514,0.6415467074546507,0.0,4.0,0.9653579676674365,0.3733372043753586,0.5743781594192912,0.6037712172934238,1.8620845670585446,0.8812556999982917,,1
private_seed_audit,budget_17_high_rot_aniso,double-loop,1001,1,hard,smooth,connected,high,none,ambiguity-set-sampler,protocol_b,0.23106933116598663,0.59375,0.1655773420479303,1.6268222236449095,0.5614234754562947,0.11553466558299332,0.22659722236137952,0.5077510554425668,0.0,2.0,0.8849765258215962,0.03414346947670292,0.23407434400336674,0.31383068293723654,0.18516458153962256,1.4259494000070845,,6
private_seed_audit,budget_17_high_rot_aniso,double-loop,1001,1,hard,smooth,connected,high,none,best-of-k-restart-blind,protocol_b,0.5307881530408248,0.125,0.06666666666666667,0.0,0.853469924577291,0.2653940765204124,0.398614016212376,0.6179149131153866,0.0,0.0,0.9308510638297872,0.33817825159409864,0.5777093605539574,0.6527826866255335,1.4967595934927138,0.5279897000000346,0.7,1
private_seed_audit,budget_17_high_rot_aniso,double-loop,1001,1,hard,smooth,connected,high,none,blind-sa,protocol_b,0.10877470076763199,0.953125,0.35730858468677495,0.5605174143780273,0.2226262908592196,0.054387350383815994,0.09010635023687985,0.2771300253151443,0.0,2.0,0.6952908587257618,0.0004672754487299812,0.0472866130966722,0.06320753192399815,0.026984973957917546,0.1809006000039517,0.6,1
private_seed_audit,budget_17_high_rot_aniso,double-loop,1001,1,hard,smooth,connected,high,none,evolutionary-blind,protocol_b,0.1043035996968386,1.0,0.25059101654846333,0.36594623712260327,0.1359928341238248,0.0521517998484193,0.08563419682631564,0.33004459081007087,0.0,1.0,0.8053333333333333,0.0006840039679456137,0.04731896487120632,0.05596766699219431,0.09724714875256968,0.22971580000012182,,1
private_seed_audit,budget_17_high_rot_aniso,double-loop,1001,1,hard,smooth,connected,high,none,projected-gradient-blind,protocol_b,0.49511219515469723,0.140625,0.02702702702702703,4.194714309937117,0.9778050720857165,0.24755609757734862,0.4113622736900403,0.6747786304728489,0.0,0.0,0.9750692520775623,0.09027268508193975,0.5751476182389568,0.49298266459860424,1.7560195400042433,0.05902860000060173,,1
private_seed_audit,budget_17_high_rot_aniso,double-loop,1001,1,hard,smooth,connected,high,none,subset-affine-blind,protocol_b,0.5056897299255181,0.078125,0.05841121495327103,5.373557325681962,0.8992574292735479,0.25284486496275904,0.4697340521727899,0.6429923351913864,0.0,0.0,0.93717277486911,0.33124575278003554,0.6059564353576398,0.6306005388944715,1.8442117879020272,1.1438391999981832,,1
private_seed_audit,budget_17_high_rot_aniso,double-loop,1002,2,hard,smooth,connected,high,moment_preserving_perturbation,ambiguity-set-sampler,protocol_b,0.47534894352748386,0.1875,0.03557312252964427,0.0,0.8644304133717102,0.23767447176374193,0.3866801038323877,0.6715662309179622,0.0,3.0,0.9611872146118722,0.16112899500774985,0.5751082955970276,0.6527826866137372,1.6658707893962945,1.4419481000004453,,6
private_seed_audit,budget_17_high_rot_aniso,double-loop,1002,2,hard,smooth,connected,high,moment_preserving_perturbation,best-of-k-restart-blind,protocol_b,0.2203247591013458,0.859375,0.047435897435897434,0.2500329454556022,0.28213888500637807,0.1101623795506729,0.15319728089934337,0.5956733566808742,0.0,1.0,0.9702380952380952,0.002494309807107829,0.09500577637420238,0.18859498295058813,0.07691961221755239,0.5290049999966868,0.5416666666666666,1
private_seed_audit,budget_17_high_rot_aniso,double-loop,1002,2,hard,smooth,connected,high,moment_preserving_perturbation,blind-sa,protocol_b,0.23136495482979122,0.828125,0.06186868686868687,0.26268701696115554,0.2602371556657946,0.11568247741489561,0.15706943345302296,0.5631820826800991,0.0,2.0,0.9612518628912071,0.0018659056309738038,0.12258644911423457,0.17193393213156183,0.09651256507901129,0.17902670000330545,0.5916666666666667,1
private_seed_audit,budget_17_high_rot_aniso,double-loop,1002,2,hard,smooth,connected,high,moment_preserving_perturbation,evolutionary-blind,protocol_b,0.2184089995716451,0.859375,0.04961832061068702,0.2594253627996193,0.28209567788818846,0.10920449978582256,0.15339300996337085,0.5956733566808742,0.0,1.0,0.9687034277198212,0.0025471593132036737,0.09218691002651816,0.20438255179194537,0.0714257750727314,0.22731969999586,,1
private_seed_audit,budget_17_high_rot_aniso,double-loop,1002,2,hard,smooth,connected,high,moment_preserving_perturbation,projected-gradient-blind,protocol_b,0.5667093858778247,0.109375,0.032679738562091505,3.129905896751346,0.8340703779517903,0.28335469293891236,0.43920253739983434,0.6301180474562675,0.0,3.0,0.9670886075949368,0.1105810311176966,0.5743166457642654,0.5558763620794762,1.7744196319370362,0.05905050000001211,,1
private_seed_audit,budget_17_high_rot_aniso,double-loop,1002,2,hard,smooth,connected,high,moment_preserving_perturbation,subset-affine-blind,protocol_b,0.5700683359521834,0.125,0.0371900826446281,5.585858367666002,0.8454402150955164,0.2850341679760917,0.499055303525381,0.6931471793333999,0.0,3.0,0.9569377990430622,0.332013748665495,0.6012378739146662,0.6067223791540728,1.9128321125577614,1.142881200001284,,1
private_seed_audit,budget_17_high_rot_aniso,double-loop,1003,3,hard,smooth,connected,high,structured_dropout,ambiguity-set-sampler,protocol_b,0.24493436366222462,0.546875,0.1417910447761194,2.0187261560309993,0.6575978861419481,0.12246718183111231,0.23821484898679166,0.5073961592687203,0.0,7.0,0.8932461873638344,0.04631781631544584,0.2486700946392444,0.37572353759016597,0.38528918052206573,1.4113450000004377,,6
private_seed_audit,budget_17_high_rot_aniso,double-loop,1003,3,hard,smooth,connected,high,structured_dropout,best-of-k-restart-blind,protocol_b,0.5516966456115923,0.125,0.021778584392014518,0.0,0.9157353358338419,0.27584832280579613,0.4093721519545433,0.616177436089727,0.0,7.0,0.9761904761904762,0.36706514601055207,0.5414682206136383,0.6527826866137921,1.6946720914055262,0.5020144000009168,0.5666666666666667,1
private_seed_audit,budget_17_high_rot_aniso,double-loop,1003,3,hard,smooth,connected,high,structured_dropout,blind-sa,protocol_b,0.1505268244893763,0.90625,0.33067729083665337,0.4353357688956521,0.17468210286584362,0.07526341224468815,0.11649364859463153,0.27268215451173317,0.0,7.0,0.7505882352941177,0.0009736357214846668,0.055437724707071485,0.05263050636572652,0.03773258723832296,0.1728867000056198,0.5083333333333333,1
private_seed_audit,budget_17_high_rot_aniso,double-loop,1003,3,hard,smooth,connected,high,structured_dropout,evolutionary-blind,protocol_b,0.14079671583713707,0.96875,0.3136593591905565,0.420618047225643,0.17584329206769497,0.07039835791856854,0.11175814618276526,0.2840460740857278,0.0,0.0,0.7796934865900383,0.0013432008399097955,0.06318643713935979,0.07078049262184286,0.006685476665443613,0.22102249999443302,,1
private_seed_audit,budget_17_high_rot_aniso,double-loop,1003,3,hard,smooth,connected,high,structured_dropout,projected-gradient-blind,protocol_b,0.5184040968878517,0.078125,0.015414258188824663,5.291377530120251,1.8857718487790363,0.25920204844392586,0.469242211552918,0.6541324356996536,0.0,7.0,0.9815242494226328,0.06809597661851627,0.533191973978095,0.5829580790876949,1.7042382826637874,0.058634900000470225,,1
private_seed_audit,budget_17_high_rot_aniso,double-loop,1003,3,hard,smooth,connected,high,structured_dropout,subset-affine-blind,protocol_b,0.6132715684566221,0.03125,0.04230769230769231,4.996127957104864,0.9111462675600119,0.30663578422831106,0.5259486026810611,0.5648642739058649,0.0,7.0,0.9587155963302753,0.3560949380572955,0.5720627942030541,0.6072062847189343,2.0366006808662633,0.8921710000067833,,1
private_seed_audit,budget_17_high_rot_aniso,mean-reversion,1000,0,hard,jagged,connected,high,structured_dropout,ambiguity-set-sampler,protocol_b,0.4023444354421169,0.28125,0.013824884792626729,0.0,0.7502102507261837,0.20117221772105845,0.3720741979303852,0.6487349021146125,0.0,3.0,0.9910873440285205,0.13276892946204988,0.5035728043422845,0.6231284203867603,1.5882117857451454,1.395430499993381,,6
private_seed_audit,budget_17_high_rot_aniso,mean-reversion,1000,0,hard,jagged,connected,high,structured_dropout,best-of-k-restart-blind,protocol_b,0.17026073924539095,0.984375,0.23797139141742524,0.28991773612226984,0.2410593021579499,0.08513036962269548,0.10086285131499574,0.3220068441268774,0.0,1.0,0.7975270479134466,0.0011531217534903214,0.049378911963363414,0.07125248414343269,0.014406252984041412,0.5053575999991153,0.75,1
private_seed_audit,budget_17_high_rot_aniso,mean-reversion,1000,0,hard,jagged,connected,high,structured_dropout,blind-sa,protocol_b,0.17836135543618,0.9375,0.19078104993597952,0.31814165723318977,0.22189933068938747,0.08918067771809,0.1102288530727968,0.3574040140085243,0.0,2.0,0.8407079646017699,0.0009737776047203969,0.03246397486970801,0.06423850474152246,0.06667209566771604,0.17081360000156565,0.5916666666666667,1
private_seed_audit,budget_17_high_rot_aniso,mean-reversion,1000,0,hard,jagged,connected,high,structured_dropout,evolutionary-blind,protocol_b,0.1773540527598519,0.90625,0.1947565543071161,0.2584352653963534,0.20932209028533255,0.08867702637992594,0.09914548661012676,0.40072571267622437,0.0,2.0,0.8589928057553957,0.0004690910985651847,0.07927600831183312,0.03969906275231433,0.015898316442687133,0.2201573999991524,,1
private_seed_audit,budget_17_high_rot_aniso,mean-reversion,1000,0,hard,jagged,connected,high,structured_dropout,projected-gradient-blind,protocol_b,0.6797469062012437,0.078125,0.03305785123966942,4.850661093195219,1.0725825576146728,0.33987345310062184,0.5261745776012243,0.6702515163401903,0.0,3.0,0.9689922480620154,0.1785536972711611,0.45616906438276694,0.5814058363189193,1.6421959726555213,0.06068539999978384,,1
private_seed_audit,budget_17_high_rot_aniso,mean-reversion,1000,0,hard,jagged,connected,high,structured_dropout,subset-affine-blind,protocol_b,0.534926213881403,0.078125,0.027777777777777776,6.392575388147202,0.8999843586159728,0.2674631069407015,0.47062539063930137,0.6931471793212846,0.0,3.0,0.9752380952380952,0.36306861647767874,0.45725664543484434,0.5978680556488143,1.626924593769817,0.9129466000013053,,1
private_seed_audit,budget_17_high_rot_aniso,mean-reversion,1001,1,hard,jagged,connected,high,clustered_occlusion,ambiguity-set-sampler,protocol_b,0.4396295006453876,0.234375,0.021216407355021217,0.0,0.916991153292457,0.2198147503226938,0.4049900816945376,0.6458207893268636,0.0,2.0,0.9821428571428571,0.18305655808585847,0.6232476978254748,0.6527826865647304,1.5017378954054368,1.3996288999987883,,6
private_seed_audit,budget_17_high_rot_aniso,mean-reversion,1001,1,hard,jagged,connected,high,clustered_occlusion,best-of-k-restart-blind,protocol_b,0.2271638513624788,0.859375,0.1284722222222222,0.28591332540880426,0.3520371976820212,0.1135819256812394,0.15542559363695538,0.5090299593454741,0.0,5.0,0.8982118294360385,0.0016837916250972526,0.053217725587883874,0.05361615592368253,0.1225442542339894,0.506078600003093,0.6166666666666667,1
private_seed_audit,budget_17_high_rot_aniso,mean-reversion,1001,1,hard,jagged,connected,high,clustered_occlusion,blind-sa,protocol_b,0.23493821185519786,0.84375,0.1353658536585366,0.3896114061332956,0.46894676450909134,0.11746910592759893,0.15674503182389704,0.5501067652920282,0.0,1.0,0.8773722627737226,0.0018364819734336675,0.1308945298049689,0.07179001372059021,0.08947767590076383,0.17854129999614088,0.325,1
private_seed_audit,budget_17_high_rot_aniso,mean-reversion,1001,1,hard,jagged,connected,high,clustered_occlusion,evolutionary-blind,protocol_b,0.2432350877201045,0.84375,0.1096045197740113,0.254128847683411,0.4769220741529886,0.12161754386005225,0.15841756651825603,0.5523516580131741,0.0,2.0,0.9006802721088435,0.00251436763922769,0.09460920277026505,0.058960977392604454,0.12395072711134603,0.22278329999971902,,1
private_seed_audit,budget_17_high_rot_aniso,mean-reversion,1001,1,hard,jagged,connected,high,clustered_occlusion,projected-gradient-blind,protocol_b,0.769710050603274,0.09375,0.03184713375796178,6.032498382905954,1.243919916430986,0.384855025301637,0.6158074717043319,0.6676333591803344,0.0,2.0,0.9705882352941176,0.41166521427837843,0.6273526577884216,0.6128393804263106,1.7282052602415288,0.059890299999096896,,1
private_seed_audit,budget_17_high_rot_aniso,mean-reversion,1001,1,hard,jagged,connected,high,clustered_occlusion,subset-affine-blind,protocol_b,0.6380425385222845,0.0625,0.0380952380952381,7.93725393319377,1.0399216186894005,0.31902126926114227,0.5548669834596951,0.6664862512686591,0.0,2.0,0.9631675874769797,0.4476384688419443,0.6322930257323075,0.6353317885876668,1.9128861873255598,0.8979124999968917,,1
private_seed_audit,budget_17_high_rot_aniso,mean-reversion,1002,2,hard,jagged,connected,high,none,ambiguity-set-sampler,protocol_b,0.32338637587599584,0.453125,0.06734992679355783,1.9951127027116293,0.6865984572369648,0.16169318793799792,0.30935222583032107,0.6146914016679824,0.0,0.0,0.9415807560137457,0.07202722119157282,0.4619177598342228,0.33934920238612915,0.489861661191199,1.4423485000006622,,6
private_seed_audit,budget_17_high_rot_aniso,mean-reversion,1002,2,hard,jagged,connected,high,none,best-of-k-restart-blind,protocol_b,0.1629776864748069,0.9375,0.23285899094437257,0.30212642648208005,0.22205509523447775,0.08148884323740345,0.09732379989419854,0.4935172310276623,0.0,2.0,0.808868501529052,0.0005293859552260053,0.09528602933045126,0.07137047313391165,0.12927530334454973,0.5666357000009157,0.6416666666666667,1
private_seed_audit,budget_17_high_rot_aniso,mean-reversion,1002,2,hard,jagged,connected,high,none,blind-sa,protocol_b,0.16958737796298165,0.875,0.22237017310252996,0.3789769789618123,0.22322767553669398,0.08479368898149083,0.1065858501763516,0.38261170453394855,0.0,2.0,0.8131868131868132,0.000882851579144678,0.06139619080128199,0.07277487120720608,0.17649403459610324,0.18840829999680864,0.31666666666666665,1
private_seed_audit,budget_17_high_rot_aniso,mean-reversion,1002,2,hard,jagged,connected,high,none,evolutionary-blind,protocol_b,0.2029732206342748,0.96875,0.21292775665399238,0.25345852513750733,0.21956490404821427,0.1014866103171374,0.12309359412783438,0.35475452070635083,0.0,0.0,0.8333333333333334,0.0007977622906717094,0.07772183942506157,0.07354374410934511,0.10238307222505494,0.23983880000014324,,1
private_seed_audit,budget_17_high_rot_aniso,mean-reversion,1002,2,hard,jagged,connected,high,none,projected-gradient-blind,protocol_b,0.7638228816579603,0.0625,0.03316749585406302,4.830982448742877,1.1372170732490545,0.38191144082898015,0.6421155880685725,0.6435494588252577,0.0,0.0,0.9730250481695568,0.38650355381576135,0.6106404117977252,0.4969296082859129,1.6224704636068155,0.05815190000430448,,1
private_seed_audit,budget_17_high_rot_aniso,mean-reversion,1002,2,hard,jagged,connected,high,none,subset-affine-blind,protocol_b,0.5502418166099502,0.125,0.02671118530884808,5.567764362830023,0.915939037830576,0.2751209083049751,0.48746561861600646,0.6931471793202786,0.0,0.0,0.9805825242718447,0.34777812090561644,0.6013331157969186,0.5454222689724242,1.4197540678888658,1.1566973000008147,,1
private_seed_audit,budget_17_high_rot_aniso,mean-reversion,1003,3,hard,jagged,connected,high,moment_preserving_perturbation,ambiguity-set-sampler,protocol_b,0.2939845675661172,0.546875,0.046348314606741575,1.4736813277325256,0.6272372195395781,0.1469922837830586,0.29237086461452755,0.609082957764997,0.0,2.0,0.9557377049180328,0.05718548021748425,0.5299618752880978,0.37142291533319705,1.530775598037959,1.4236517999961507,,6
private_seed_audit,budget_17_high_rot_aniso,mean-reversion,1003,3,hard,jagged,connected,high,moment_preserving_perturbation,best-of-k-restart-blind,protocol_b,0.23023811384510198,0.921875,0.10665137614678899,0.26717705900015676,0.23189900887369977,0.11511905692255099,0.13964752010015108,0.5415212333462489,0.0,2.0,0.9162162162162162,0.0016115072085144443,0.1598089102420241,0.09415810822011889,0.06841358465904301,0.5303025000030175,0.8,1
private_seed_audit,budget_17_high_rot_aniso,mean-reversion,1003,3,hard,jagged,connected,high,moment_preserving_perturbation,blind-sa,protocol_b,0.23023811384510198,0.921875,0.10665137614678899,0.26717705900015676,0.23189900887369977,0.11511905692255099,0.13964752010015108,0.5415212333462489,0.0,2.0,0.9162162162162162,0.0016115072085144443,0.1598089102420241,0.09415810822011889,0.06841358465904301,0.18007990000478458,0.425,1
private_seed_audit,budget_17_high_rot_aniso,mean-reversion,1003,3,hard,jagged,connected,high,moment_preserving_perturbation,evolutionary-blind,protocol_b,0.236694265568861,0.9375,0.1158256880733945,0.2714511620097657,0.23247625907019542,0.1183471327844305,0.14162051769742198,0.5523516580131738,0.0,1.0,0.9099590723055935,0.0014515391557797333,0.18266449760324915,0.08963017966436429,0.21043727079554175,0.22715239999524783,,1
private_seed_audit,budget_17_high_rot_aniso,mean-reversion,1003,3,hard,jagged,connected,high,moment_preserving_perturbation,projected-gradient-blind,protocol_b,0.5928005313660655,0.125,0.06030150753768844,5.410211686230758,0.992855098490692,0.29640026568303274,0.5684636981168714,0.6931471793212846,0.0,2.0,0.9478764478764479,0.27173574005692747,0.48330450958478,0.5413842759856409,1.5803967190266899,0.05688240000017686,,1
private_seed_audit,budget_17_high_rot_aniso,mean-reversion,1003,3,hard,jagged,connected,high,moment_preserving_perturbation,subset-affine-blind,protocol_b,0.5215600997068885,0.15625,0.029079159935379646,3.9185112070110493,0.9086297708963166,0.2607800498534443,0.48161385990268385,0.6715662309179617,0.0,2.0,0.9701492537313433,0.29627396366790626,0.4913851357257315,0.52941943293927,1.4633423826057723,1.1402153000017279,,1
private_seed_audit,budget_17_high_rot_aniso,multi-hole,1000,0,hard,smooth,connected,high,structured_dropout,ambiguity-set-sampler,protocol_b,0.2861298564385056,0.421875,0.06910039113428944,1.5528426314936632,0.3430337418142679,0.1430649282192528,0.2645277854157207,0.6093358879838243,0.0,3.0,0.9361393323657474,0.042540145234621386,0.15407172354084456,0.342257914662056,0.37274797637871826,1.4089319999984582,,6
private_seed_audit,budget_17_high_rot_aniso,multi-hole,1000,0,hard,smooth,connected,high,structured_dropout,best-of-k-restart-blind,protocol_b,0.5689086000836789,0.125,0.043478260869565216,0.0,0.8766819306743079,0.28445430004183947,0.4451867984554348,0.6713381575249142,0.0,3.0,0.9599358974358975,0.2783320048320167,0.5150496333884349,0.69314718036448,1.6884100845330865,0.5155805999966105,0.65,1
private_seed_audit,budget_17_high_rot_aniso,multi-hole,1000,0,hard,smooth,connected,high,structured_dropout,blind-sa,protocol_b,0.12221435715458853,0.984375,0.24,0.378924963098524,0.21323281644566033,0.061107178577294266,0.09152944987892683,0.20516286214400625,0.0,3.0,0.8046875,0.001092655590071805,0.1295157896659311,0.042292335421767496,0.09004741852131914,0.18166840000048978,0.55,1
private_seed_audit,budget_17_high_rot_aniso,multi-hole,1000,0,hard,smooth,connected,high,structured_dropout,evolutionary-blind,protocol_b,0.09289960883468659,1.0,0.17130144605116795,0.31789479357465444,0.13220660885258642,0.046449804417343296,0.060774591237662816,0.24559559877477216,0.0,3.0,0.8591194968553459,0.0005341962124597832,0.05727359599606703,0.06804610940263506,0.050764496310053975,0.23334430000249995,,1
private_seed_audit,budget_17_high_rot_aniso,multi-hole,1000,0,hard,smooth,connected,high,structured_dropout,projected-gradient-blind,protocol_b,0.5613352189741504,0.109375,0.0357653791130186,1.9141063383817079,0.8589633118470467,0.2806676094870752,0.4212985621961137,0.6762016677250666,0.0,3.0,0.9619047619047619,0.16934975202686067,0.5148592629948391,0.4879168550650795,1.6488090090053042,0.058293899994168896,,1
private_seed_audit,budget_17_high_rot_aniso,multi-hole,1000,0,hard,smooth,connected,high,structured_dropout,subset-affine-blind,protocol_b,0.6223023554245289,0.0625,0.03951367781155015,4.598531819342095,0.7795527172606261,0.31115117771226447,0.44638823345765205,0.6495291357653952,0.0,3.0,0.961082910321489,0.26542571946513227,0.5155922818962381,0.6238501620635937,1.6502750468081082,0.8845243000032497,,1
private_seed_audit,budget_17_high_rot_aniso,multi-hole,1001,1,hard,smooth,connected,high,clustered_occlusion,ambiguity-set-sampler,protocol_b,0.27268468579286675,0.375,0.0832313341493268,1.5924854195054141,0.48569959780207983,0.13634234289643338,0.26233783174798886,0.5255245969831915,0.0,0.0,0.9236947791164658,0.051669404794806056,0.4807045390436864,0.29541332915532115,1.666385143289495,1.3934411000009277,,6
private_seed_audit,budget_17_high_rot_aniso,multi-hole,1001,1,hard,smooth,connected,high,clustered_occlusion,best-of-k-restart-blind,protocol_b,0.26559994224091416,0.34375,0.17312348668280872,0.34639346295284157,0.3748141535450392,0.13279997112045708,0.1974942945214915,0.2827967306896061,0.0,0.0,0.8655913978494624,0.004423197332656296,0.13684758264261362,0.16587019143419984,0.23662389286162622,0.5151747999989311,0.4,1
private_seed_audit,budget_17_high_rot_aniso,multi-hole,1001,1,hard,smooth,connected,high,clustered_occlusion,blind-sa,protocol_b,0.2320329608700401,0.515625,0.22627737226277372,0.4157243076644205,0.3942533288728341,0.11601648043502005,0.17678603052320652,0.2873352073532547,0.0,6.0,0.8127490039840637,0.004230656493412527,0.1622492204213275,0.07665192941303645,0.26093144234639665,0.1735938999991049,0.525,1
private_seed_audit,budget_17_high_rot_aniso,multi-hole,1001,1,hard,smooth,connected,high,clustered_occlusion,evolutionary-blind,protocol_b,0.21745918911178566,0.625,0.16985376827896512,0.2866838081793016,0.35494147337011334,0.10872959455589283,0.156398263383167,0.2953205766605529,0.0,1.0,0.8555555555555556,0.0024508907968282577,0.0837958350126081,0.14244434099391423,0.2013045248959089,0.2243132000003243,,1
private_seed_audit,budget_17_high_rot_aniso,multi-hole,1001,1,hard,smooth,connected,high,clustered_occlusion,projected-gradient-blind,protocol_b,0.5095027178035115,0.078125,0.036684782608695655,1.558042098212281,0.8851760248933553,0.25475135890175576,0.38758809452824916,0.6294635045738892,0.0,0.0,0.9617083946980854,0.16786436405408606,0.5002868802315693,0.4040408318581119,1.4071251967779654,0.05821709999872837,,1
private_seed_audit,budget_17_high_rot_aniso,multi-hole,1001,1,hard,smooth,connected,high,clustered_occlusion,subset-affine-blind,protocol_b,0.5893520830776209,0.0625,0.03299856527977044,3.925557106493791,0.7890187872372146,0.29467604153881044,0.4285675552436028,0.5944183276599617,0.0,0.0,0.965625,0.2370589262398107,0.4949093066568214,0.4978703067511799,1.4188940293171723,0.8960856999983662,,1
private_seed_audit,budget_17_high_rot_aniso,multi-hole,1002,2,hard,smooth,connected,high,none,ambiguity-set-sampler,protocol_b,0.3293065931635688,0.453125,0.06064209274673008,1.2346714478997955,0.38939256947764994,0.1646532965817844,0.31403143048612203,0.5994570013980285,0.0,1.0,0.941970310391363,0.05572720611436794,0.21449899859866117,0.26798766145709907,0.5501818523712041,1.4406778999982635,,6
private_seed_audit,budget_17_high_rot_aniso,multi-hole,1002,2,hard,smooth,connected,high,none,best-of-k-restart-blind,protocol_b,0.15286759317623178,0.90625,0.19891304347826086,0.3956884490850621,0.20301510744562087,0.07643379658811589,0.13011784263088966,0.3825673850790172,0.0,0.0,0.8235294117647058,0.0013732506417974493,0.08103999149570232,0.09799450515180284,0.14374882953271007,0.5365093000000343,0.48333333333333334,1
private_seed_audit,budget_17_high_rot_aniso,multi-hole,1002,2,hard,smooth,connected,high,none,blind-sa,protocol_b,0.13026984120162494,0.9375,0.19344933469805528,0.4048094908640744,0.1931931380950657,0.06513492060081247,0.10929009409034289,0.2970352646377773,0.0,1.0,0.8467741935483871,0.002256638577883535,0.08295177146920324,0.049254647814146124,0.061791876212243135,0.1770424999995157,0.7333333333333333,1
private_seed_audit,budget_17_high_rot_aniso,multi-hole,1002,2,hard,smooth,connected,high,none,evolutionary-blind,protocol_b,0.1029388469394331,1.0,0.24432432432432433,0.32233206280684445,0.12677873411332047,0.05146942346971655,0.09069353944726555,0.27502904718958154,0.0,0.0,0.8062953995157385,0.0008401370407659999,0.0826981352446129,0.09281694353932282,0.020222870355536937,0.22645860000193352,,1
private_seed_audit,budget_17_high_rot_aniso,multi-hole,1002,2,hard,smooth,connected,high,none,projected-gradient-blind,protocol_b,0.6735916629480407,0.078125,0.03379224030037547,1.790834533155936,0.8956327234570522,0.33679583147402037,0.48307233528927784,0.6766321091703857,0.0,1.0,0.9675141242937854,0.20038874545635177,0.5791322153295988,0.41835190453680204,1.6434606466614392,0.05793889999767998,,1
private_seed_audit,budget_17_high_rot_aniso,multi-hole,1002,2,hard,smooth,connected,high,none,subset-affine-blind,protocol_b,0.5480385184083898,0.125,0.0506155950752394,3.942116858826183,0.7695216732723744,0.2740192592041949,0.4713449533781337,0.6511277580580208,0.0,1.0,0.9485179407176287,0.23640323033488994,0.5772913213737565,0.5006591147098676,1.6434606466614392,1.1456971999941743,,1
private_seed_audit,budget_17_high_rot_aniso,multi-hole,1003,3,hard,smooth,connected,high,moment_preserving_perturbation,ambiguity-set-sampler,protocol_b,0.3474162399243783,0.265625,0.06464379947229551,1.7985485686372036,0.39357646475251373,0.17370811996218916,0.2665684564799628,0.6168560650009891,0.0,0.0,0.9391691394658753,0.03577688113700771,0.46966548212366804,0.40038983196660693,1.9886833988978745,1.469547099994088,,6
private_seed_audit,budget_17_high_rot_aniso,multi-hole,1003,3,hard,smooth,connected,high,moment_preserving_perturbation,best-of-k-restart-blind,protocol_b,0.4643870243078904,0.109375,0.03692762186115214,0.0,0.7481376149547447,0.2321935121539452,0.36045215832111344,0.6719176894109156,0.0,0.0,0.9673202614379085,0.10623399772519207,0.46540325230944013,0.6231284203861315,1.7257529838540413,0.5301887000023271,0.36666666666666664,1
private_seed_audit,budget_17_high_rot_aniso,multi-hole,1003,3,hard,smooth,connected,high,moment_preserving_perturbation,blind-sa,protocol_b,0.2516289599095044,0.65625,0.10152838427947598,0.2459273588283513,0.3711197754665189,0.1258144799547522,0.1728659976519788,0.5512405801831932,0.0,2.0,0.9134860050890585,0.006576114798461828,0.0841266430290436,0.10651671204052637,0.14450206064636184,0.17804579999938142,0.6166666666666667,1
private_seed_audit,budget_17_high_rot_aniso,multi-hole,1003,3,hard,smooth,connected,high,moment_preserving_perturbation,evolutionary-blind,protocol_b,0.26314866341947074,0.578125,0.0855614973262032,0.20894482416003568,0.34284693930218296,0.13157433170973537,0.16877743511169688,0.5839882567626666,0.0,0.0,0.9205955334987593,0.007167691593723508,0.058331374704950936,0.05999470620451963,0.0030398287745225794,0.23100929999782238,,1
private_seed_audit,budget_17_high_rot_aniso,multi-hole,1003,3,hard,smooth,connected,high,moment_preserving_perturbation,projected-gradient-blind,protocol_b,0.631942427270909,0.046875,0.024113475177304965,0.0,0.9591048723083451,0.3159712136354545,0.45257534006591604,0.6931471792844335,0.0,0.0,0.978021978021978,0.18484474904114875,0.4748450714583802,0.6231284203861315,1.7138898327478322,0.05846010000095703,,1
private_seed_audit,budget_17_high_rot_aniso,multi-hole,1003,3,hard,smooth,connected,high,moment_preserving_perturbation,subset-affine-blind,protocol_b,0.5438432105669829,0.078125,0.05396825396825397,4.5010739644973805,0.704825039136426,0.27192160528349146,0.4414378867413496,0.600575114341191,0.0,0.0,0.9507042253521126,0.1798677243070439,0.4818258893025368,0.5489205723246615,1.7512882669946686,1.1673947000017506,,1
private_seed_audit,budget_17_high_rot_aniso,nested-rings,1000,0,hard,smooth,connected,high,none,ambiguity-set-sampler,protocol_b,0.29190493295119085,0.421875,0.08279569892473118,1.2963597493230388,0.30420092675535304,0.14595246647559543,0.24328469550839008,0.5534673209823278,0.0,0.0,0.9265944645006017,0.038969626349607864,0.11485633007628107,0.2461174597564281,0.191563115817607,1.4493197000047076,,6
private_seed_audit,budget_17_high_rot_aniso,nested-rings,1000,0,hard,smooth,connected,high,none,best-of-k-restart-blind,protocol_b,0.1266059254927793,0.96875,0.13753327417923691,0.36108940267985856,0.14521696269141446,0.06330296274638965,0.09297184887221135,0.3630539169823646,0.0,0.0,0.8887785501489573,0.0007165426859688152,0.07007358279821703,0.031152626206074473,0.16078470105074283,0.5393650000041816,0.675,1
private_seed_audit,budget_17_high_rot_aniso,nested-rings,1000,0,hard,smooth,connected,high,none,blind-sa,protocol_b,0.11472710546758591,0.984375,0.19529837251356238,0.3359527260690154,0.1324187729352691,0.057363552733792955,0.08554211760836336,0.3574040140085242,0.0,3.0,0.846077457795432,0.0008454768624240139,0.10073276963543751,0.03653968577342531,0.2132239651860659,0.1824029999988852,0.7833333333333333,1
private_seed_audit,budget_17_high_rot_aniso,nested-rings,1000,0,hard,smooth,connected,high,none,evolutionary-blind,protocol_b,0.10204358481662938,1.0,0.16794625719769674,0.3206248857877729,0.13444416376029264,0.05102179240831469,0.09124612945531696,0.2815910413400494,0.0,0.0,0.8592592592592593,0.0007484771812768019,0.11807426370211388,0.04296999498154857,0.17228183661800367,0.23100590000103693,,1
private_seed_audit,budget_17_high_rot_aniso,nested-rings,1000,0,hard,smooth,connected,high,none,projected-gradient-blind,protocol_b,0.5987988623443812,0.078125,0.0267639902676399,1.653652690529868,0.8503951040239014,0.2993994311721906,0.41322420897012857,0.5998632518044341,0.0,0.0,0.9772423025435074,0.1577977401923767,0.6244909533010915,0.5365570371344929,1.7430617832208817,0.057071600000199396,,1
private_seed_audit,budget_17_high_rot_aniso,nested-rings,1000,0,hard,smooth,connected,high,none,subset-affine-blind,protocol_b,0.6187059750661653,0.046875,0.05053191489361702,4.041996852455463,0.7070226092529889,0.30935298753308266,0.4470189570420424,0.5852424374962637,0.0,0.0,0.9513991163475699,0.2886847944430435,0.6268482748963358,0.562587636288276,1.868677416341926,1.1403402000069036,,1
private_seed_audit,budget_17_high_rot_aniso,nested-rings,1001,1,hard,smooth,connected,high,moment_preserving_perturbation,ambiguity-set-sampler,protocol_b,0.3648442489657681,0.34375,0.0748074807480748,1.6072620449732185,0.4106919984118408,0.18242212448288406,0.27882378353076853,0.6371043648382383,0.0,1.0,0.9312883435582822,0.041938379245483846,0.17161299530162014,0.37362908931824856,0.16279640596230616,1.4650256000022637,,6
private_seed_audit,budget_17_high_rot_aniso,nested-rings,1001,1,hard,smooth,connected,high,moment_preserving_perturbation,best-of-k-restart-blind,protocol_b,0.5683245675355783,0.15625,0.028894472361809045,0.0,0.6837968634974146,0.2841622837677891,0.4116957998227286,0.6931471792733865,0.0,2.0,0.9721448467966574,0.15518616333651913,0.6239056647916568,0.6527826865639845,1.4379772190474178,0.5360673999966821,0.725,1
private_seed_audit,budget_17_high_rot_aniso,nested-rings,1001,1,hard,smooth,connected,high,moment_preserving_perturbation,blind-sa,protocol_b,0.24998351966047347,0.8125,0.14096499526963102,0.16891255199053298,0.32896907264853886,0.12499175983023673,0.16655664838728018,0.5956733566808738,0.0,1.0,0.876243093922652,0.007277302238573888,0.18200236053915259,0.16769688439471137,0.33225098101766015,0.18045589999383083,0.7083333333333334,1
private_seed_audit,budget_17_high_rot_aniso,nested-rings,1001,1,hard,smooth,connected,high,moment_preserving_perturbation,evolutionary-blind,protocol_b,0.25332843492614004,0.703125,0.16539196940726578,0.14116779963909531,0.3783657091022308,0.12666421746307002,0.15689784881010618,0.5956733566808737,0.0,1.0,0.8666666666666667,0.006188512435803661,0.060999866301106875,0.14727793744178602,0.2501133216645979,0.23373349999747006,,1
private_seed_audit,budget_17_high_rot_aniso,nested-rings,1001,1,hard,smooth,connected,high,moment_preserving_perturbation,projected-gradient-blind,protocol_b,0.5989772251578842,0.09375,0.03201970443349754,6.69657100481159,0.824835359812838,0.2994886125789421,0.43821650894675906,0.6531501897316969,0.0,2.0,0.9742198100407056,0.17379276418442385,0.6231580694404875,0.6176710935774368,1.3902759900641786,0.05769760000112001,,1
private_seed_audit,budget_17_high_rot_aniso,nested-rings,1001,1,hard,smooth,connected,high,moment_preserving_perturbation,subset-affine-blind,protocol_b,0.5962824040256849,0.078125,0.04081632653061224,4.331355201645492,0.7279010622622679,0.29814120201284244,0.42569427776186053,0.6499852825625374,0.0,2.0,0.9587482219061166,0.1782223525108176,0.6231580694404875,0.5781505712380736,1.3902759900641786,1.1468441000033636,,1
private_seed_audit,budget_17_high_rot_aniso,nested-rings,1002,2,hard,smooth,connected,high,structured_dropout,ambiguity-set-sampler,protocol_b,0.28923025349504045,0.375,0.07411764705882352,1.2485897487104436,0.30166800927223125,0.14461512674752022,0.2289087345410476,0.5876664339979177,0.0,1.0,0.9299610894941635,0.03779241538800063,0.1194433539360608,0.21197003023821592,0.2381332797651714,1.4022087999983341,,6
private_seed_audit,budget_17_high_rot_aniso,nested-rings,1002,2,hard,smooth,connected,high,structured_dropout,best-of-k-restart-blind,protocol_b,0.1002566270763092,1.0,0.2033195020746888,0.35998161922110494,0.11579794392982004,0.0501283135381546,0.0819629942677671,0.25358233499480576,0.0,1.0,0.8152424942263279,0.0013850693592750683,0.09026556805609717,0.03195884459483455,0.0331093972425176,0.5070848000032129,0.7,1
private_seed_audit,budget_17_high_rot_aniso,nested-rings,1002,2,hard,smooth,connected,high,structured_dropout,blind-sa,protocol_b,0.12074545833212703,0.96875,0.2108626198083067,0.34379432443207275,0.15250648693513125,0.06037272916606352,0.08589928942589403,0.27170617804023467,0.0,0.0,0.8237367802585194,0.0003085374275894862,0.06714413278387163,0.044111248926996645,0.14415892664026764,0.17411900000297464,0.6416666666666667,1
private_seed_audit,budget_17_high_rot_aniso,nested-rings,1002,2,hard,smooth,connected,high,structured_dropout,evolutionary-blind,protocol_b,0.11895581771296951,0.9375,0.22233712512926576,0.2771054968154672,0.14600236882158554,0.059477908856484754,0.0965381842734495,0.2750290471895815,0.0,0.0,0.8029782359679267,0.0016349639869079672,0.20380193596200558,0.0390199572964357,0.32691726997721604,0.2245039999979781,,1
private_seed_audit,budget_17_high_rot_aniso,nested-rings,1002,2,hard,smooth,connected,high,structured_dropout,projected-gradient-blind,protocol_b,0.549696408382003,0.125,0.028688524590163935,1.9625406845235103,0.7822357185298853,0.2748482041910015,0.38531487736141595,0.6150742010685367,0.0,0.0,0.9715994020926756,0.1546867566490026,0.5145848720346473,0.39603862353118646,1.566206031094103,0.056633700005477294,,1
private_seed_audit,budget_17_high_rot_aniso,nested-rings,1002,2,hard,smooth,connected,high,structured_dropout,subset-affine-blind,protocol_b,0.5735124397304318,0.078125,0.030303030303030304,4.515396271045552,0.7660362741356238,0.2867562198652159,0.4185290838349644,0.6114914103833571,0.0,0.0,0.9714285714285714,0.21543417421404026,0.521983388301714,0.5531948907316301,1.3305780682279895,0.8807319999978063,,1
private_seed_audit,budget_17_high_rot_aniso,nested-rings,1003,3,hard,smooth,connected,high,clustered_occlusion,ambiguity-set-sampler,protocol_b,0.2792584310789438,0.40625,0.09925293489861259,1.2449675490324397,0.6106520098580112,0.1396292155394719,0.2321192300619179,0.5650900239870329,0.0,4.0,0.9065868263473054,0.027483909878363685,0.11325427235531188,0.2219915057035779,0.19159592014133553,1.4514598000023398,,6
private_seed_audit,budget_17_high_rot_aniso,nested-rings,1003,3,hard,smooth,connected,high,clustered_occlusion,best-of-k-restart-blind,protocol_b,0.2804560422061421,0.46875,0.14990512333965844,0.3300711554969128,0.43903519357258625,0.14022802110307106,0.1865480054065534,0.45445121749615613,0.0,1.0,0.8825396825396825,0.00253399545362884,0.2822212215339156,0.05271642630304312,0.17477466000709896,0.5124066999997012,0.5833333333333334,1
private_seed_audit,budget_17_high_rot_aniso,nested-rings,1003,3,hard,smooth,connected,high,clustered_occlusion,blind-sa,protocol_b,0.28144824446815214,0.453125,0.12365591397849462,0.3491099909284815,0.4412733853644937,0.14072412223407607,0.18859818152842286,0.535331412088671,0.0,4.0,0.8989690721649485,0.0026615395401428108,0.23061666526460406,0.0548085056817009,0.2939927658856072,0.17463000000134343,0.20833333333333334,1
private_seed_audit,budget_17_high_rot_aniso,nested-rings,1003,3,hard,smooth,connected,high,clustered_occlusion,evolutionary-blind,protocol_b,0.28386860210736786,0.46875,0.13505747126436782,0.24002720695513508,0.4229047392281389,0.14193430105368393,0.19028258334793807,0.4824266783782909,0.0,4.0,0.8783351120597652,0.0013219919280956973,0.207413652512753,0.05697726641723089,0.1881814511776998,0.2236369000020204,,1
private_seed_audit,budget_17_high_rot_aniso,nested-rings,1003,3,hard,smooth,connected,high,clustered_occlusion,projected-gradient-blind,protocol_b,0.5183759870545194,0.109375,0.02956298200514139,3.212067904389907,0.7613534079760681,0.2591879935272597,0.4070995256725293,0.6123450229169471,0.0,4.0,0.9747191011235955,0.1542920647936256,0.5048913389645456,0.4986444824780778,1.3702446676139677,0.058329999999841675,,1
private_seed_audit,budget_17_high_rot_aniso,nested-rings,1003,3,hard,smooth,connected,high,clustered_occlusion,subset-affine-blind,protocol_b,0.6298403068811469,0.03125,0.024,5.980821937035703,0.9207290322528019,0.31492015344057345,0.44710867785227215,0.6123322636171673,0.0,4.0,0.9764705882352941,0.19992486009161559,0.49714879583789684,0.5897335235566923,1.589903538597715,0.8794810000035795,,1
private_seed_audit,budget_17_high_rot_aniso,pinwheel,1000,0,hard,jagged,connected,high,none,ambiguity-set-sampler,protocol_b,0.29725058971353713,0.734375,0.07170795306388526,1.244584087397279,0.5421694061103334,0.14862529485676856,0.2597543366086255,0.6396099346301121,0.0,2.0,0.9368421052631579,0.05152242619889659,0.2024643015547,0.35350345250931353,0.2784559388723249,1.4556830000001355,,6
private_seed_audit,budget_17_high_rot_aniso,pinwheel,1000,0,hard,jagged,connected,high,none,best-of-k-restart-blind,protocol_b,0.21421472877970624,0.984375,0.11373390557939914,0.16815634818233866,0.22658949981580112,0.10710736438985312,0.12479099937428803,0.5415212333462489,0.0,3.0,0.9201030927835052,0.000744934564053211,0.09077770552449782,0.06093801783334196,0.21956630786827747,0.533882600000652,0.7583333333333333,1
private_seed_audit,budget_17_high_rot_aniso,pinwheel,1000,0,hard,jagged,connected,high,none,blind-sa,protocol_b,0.1839342031024668,0.984375,0.1847206385404789,0.20017281964797867,0.22857741333976242,0.0919671015512334,0.10759160664771932,0.46570826067777404,0.0,2.0,0.8301886792452831,0.0010520570854508997,0.0512774323490218,0.04604884944177627,0.12448054214550774,0.17737309999938589,0.7583333333333333,1
private_seed_audit,budget_17_high_rot_aniso,pinwheel,1000,0,hard,jagged,connected,high,none,evolutionary-blind,protocol_b,0.1812347578164325,0.96875,0.15419501133786848,0.17201000227209212,0.2192340667735132,0.09061737890821625,0.10460544646523225,0.519860384012399,0.0,1.0,0.8608108108108108,0.0005794984628889339,0.07842660639624621,0.06382483839613302,0.05623248297160588,0.22660819999873638,,1
private_seed_audit,budget_17_high_rot_aniso,pinwheel,1000,0,hard,jagged,connected,high,none,projected-gradient-blind,protocol_b,0.47949924023995455,0.28125,0.0169971671388102,2.4585642606443314,0.7867620899453402,0.23974962011997727,0.40402563904775957,0.6105718293654374,0.0,2.0,0.9853896103896104,0.16381475782815189,0.5978129774648362,0.4766501311115125,1.6838945893480173,0.05729779999819584,,1
private_seed_audit,budget_17_high_rot_aniso,pinwheel,1000,0,hard,jagged,connected,high,none,subset-affine-blind,protocol_b,0.4459929019872849,0.25,0.025602409638554216,3.5696549869778402,0.6530312050114594,0.22299645099364246,0.4091378850793479,0.6316941070363896,0.0,2.0,0.9792027729636048,0.2532739010341969,0.5984902755876349,0.5109544945288889,1.6721257568088104,1.158507100000861,,1
private_seed_audit,budget_17_high_rot_aniso,pinwheel,1001,1,hard,jagged,connected,high,moment_preserving_perturbation,ambiguity-set-sampler,protocol_b,0.3378507477395763,0.546875,0.05385556915544676,1.730883991010882,0.6376070286460203,0.16892537386978815,0.3096331670927495,0.6465052154400784,0.0,0.0,0.9581005586592178,0.07699961356877898,0.5992343637814798,0.49934288917014624,1.9011404115558466,1.4373349999950733,,6
private_seed_audit,budget_17_high_rot_aniso,pinwheel,1001,1,hard,jagged,connected,high,moment_preserving_perturbation,best-of-k-restart-blind,protocol_b,0.24343381888574486,0.9375,0.14489795918367346,0.2686955119218742,0.2604918061064487,0.12171690944287243,0.1429176113109181,0.6281646306816486,0.0,2.0,0.8697225572979493,0.0009291377807725031,0.08881711507173698,0.0372575428054856,0.0074280178596910496,0.5344400000030873,0.35833333333333334,1
private_seed_audit,budget_17_high_rot_aniso,pinwheel,1001,1,hard,jagged,connected,high,moment_preserving_perturbation,blind-sa,protocol_b,0.23938947300510938,0.9375,0.17707267144319344,0.25869670335905987,0.26193538825477686,0.11969473650255469,0.1418802967353109,0.6606559046824239,0.0,5.0,0.8407720144752714,0.0005810949895814659,0.061997850684972676,0.023084601607635966,0.06460419916071602,0.17951880000327947,0.35833333333333334,1
private_seed_audit,budget_17_high_rot_aniso,pinwheel,1001,1,hard,jagged,connected,high,moment_preserving_perturbation,evolutionary-blind,protocol_b,0.2465329740716083,0.859375,0.173036093418259,0.23545347143248183,0.27551908161948624,0.12326648703580415,0.15469778948295448,0.5740125073470239,0.0,1.0,0.8329177057356608,0.0004682383947028619,0.08963384957449108,0.0656632973519497,0.02638808273662585,0.2325423000002047,,1
private_seed_audit,budget_17_high_rot_aniso,pinwheel,1001,1,hard,jagged,connected,high,moment_preserving_perturbation,projected-gradient-blind,protocol_b,0.5534434061898368,0.15625,0.018691588785046728,0.0,0.899942232634012,0.2767217030949184,0.45694807590620634,0.6702515163401901,0.0,1.0,0.9819277108433735,0.2582173488664286,0.5777093605300787,0.6931471804002298,1.6418804650443168,0.05826299999898765,,1
private_seed_audit,budget_17_high_rot_aniso,pinwheel,1001,1,hard,jagged,connected,high,moment_preserving_perturbation,subset-affine-blind,protocol_b,0.5175620591341075,0.171875,0.027220630372492838,6.388022953410592,0.7679441205815699,0.25878102956705373,0.4563073636728372,0.6195654092177618,0.0,1.0,0.9707317073170731,0.29069855273186523,0.5742969524685306,0.6931471803883564,1.7722041402296833,1.141355299994757,,1
private_seed_audit,budget_17_high_rot_aniso,pinwheel,1002,2,hard,jagged,connected,high,structured_dropout,ambiguity-set-sampler,protocol_b,0.3174756341685243,0.625,0.053231939163498096,1.2766547905570391,0.5009683429601547,0.15873781708426216,0.2841057872236102,0.5962201543460863,0.0,2.0,0.9609826589595376,0.05675755297938853,0.3517432908966558,0.32705754420181393,0.6120761679572517,1.3985763000018778,,6
private_seed_audit,budget_17_high_rot_aniso,pinwheel,1002,2,hard,jagged,connected,high,structured_dropout,best-of-k-restart-blind,protocol_b,0.5045210849794189,0.203125,0.02170767004341534,0.0,0.7667141688583323,0.25226054248970947,0.4216541741683312,0.6709410406999505,0.0,0.0,0.9773828756058158,0.18556202097868096,0.5821294634817991,0.6931471803650818,1.644260289424507,0.5099116999990656,0.7,1
private_seed_audit,budget_17_high_rot_aniso,pinwheel,1002,2,hard,jagged,connected,high,structured_dropout,blind-sa,protocol_b,0.21598442999618875,0.953125,0.13566739606126915,0.22046975956285583,0.2212659389205612,0.10799221499809437,0.12553644122214294,0.476538685344699,0.0,0.0,0.8857142857142857,0.0002368088379995745,0.09001793441547531,0.03820365960658775,0.021940616037436467,0.17567500000586733,0.475,1
private_seed_audit,budget_17_high_rot_aniso,pinwheel,1002,2,hard,jagged,connected,high,structured_dropout,evolutionary-blind,protocol_b,0.19897987747413207,0.953125,0.133764832793959,0.19359192980861606,0.20761080733195025,0.09948993873706603,0.11337308177909738,0.519860384012399,0.0,3.0,0.887218045112782,0.0003985796815686631,0.05962267556275359,0.06905596593606719,0.07514586114186672,0.22369759999855887,,1
private_seed_audit,budget_17_high_rot_aniso,pinwheel,1002,2,hard,jagged,connected,high,structured_dropout,projected-gradient-blind,protocol_b,0.48421715921448677,0.265625,0.02014388489208633,4.0368937906946964,0.8303548221250887,0.24210857960724338,0.40384054621553644,0.6931471792027564,0.0,0.0,0.9790996784565916,0.14708395331019064,0.5828366869553586,0.6408823425831203,1.6517238874266975,0.05665469999803463,,1
private_seed_audit,budget_17_high_rot_aniso,pinwheel,1002,2,hard,jagged,connected,high,structured_dropout,subset-affine-blind,protocol_b,0.4862215200916849,0.265625,0.02643171806167401,3.9868401729796354,0.7948543654456607,0.24311076004584245,0.42720988635368323,0.6721374686597739,0.0,0.0,0.9754098360655737,0.25074320695244895,0.5765359433987989,0.5901617130590072,1.6279729183085552,0.8949515999993309,,1
private_seed_audit,budget_17_high_rot_aniso,pinwheel,1003,3,hard,jagged,connected,high,clustered_occlusion,ambiguity-set-sampler,protocol_b,0.3094400452914834,0.65625,0.09457755359394704,1.0150572410732475,0.5292444331594711,0.1547200226457417,0.26260809638478916,0.6315024790874126,0.0,0.0,0.9197080291970803,0.032560775518443656,0.27590342761681347,0.16382695005691444,0.3402923130563644,1.3962616999997408,,6
private_seed_audit,budget_17_high_rot_aniso,pinwheel,1003,3,hard,jagged,connected,high,clustered_occlusion,best-of-k-restart-blind,protocol_b,0.24559257985809477,0.828125,0.10309278350515463,0.20099529765597532,0.3798263544895321,0.12279628992904738,0.17850076099491885,0.5090299593454741,0.0,0.0,0.9095816464237517,0.0011331598628401404,0.11146637445909474,0.05100247641663974,0.12645881990382346,0.5049682999961078,0.6333333333333333,1
private_seed_audit,budget_17_high_rot_aniso,pinwheel,1003,3,hard,jagged,connected,high,clustered_occlusion,blind-sa,protocol_b,0.2803224689120779,0.84375,0.11845102505694761,0.23667133850568098,0.4108379482207187,0.14016123445603895,0.1843078269638896,0.5740125073470241,0.0,2.0,0.8991825613079019,0.0018986326978326013,0.06148563202808946,0.053584679396643534,0.04478225608311304,0.17182930000126362,0.49166666666666664,1
private_seed_audit,budget_17_high_rot_aniso,pinwheel,1003,3,hard,jagged,connected,high,clustered_occlusion,evolutionary-blind,protocol_b,0.24465494218534975,0.828125,0.10459770114942529,0.19466667290867132,0.37936421895059824,0.12232747109267487,0.17733788606482587,0.5198603840123993,0.0,0.0,0.9109311740890689,0.0011516804541478872,0.12264723741238781,0.05051106046804879,0.13967522122051834,0.21871700000338024,,1
private_seed_audit,budget_17_high_rot_aniso,pinwheel,1003,3,hard,jagged,connected,high,clustered_occlusion,projected-gradient-blind,protocol_b,0.4997086871929024,0.28125,0.028528528528528527,3.0401940104666028,0.8061035453063511,0.2498543435964512,0.42211421176748537,0.6757812643570353,0.0,0.0,0.9763513513513513,0.16427147117400054,0.5391366391580159,0.46775898926785847,1.6766294931801617,0.05913739999959944,,1
private_seed_audit,budget_17_high_rot_aniso,pinwheel,1003,3,hard,jagged,connected,high,clustered_occlusion,subset-affine-blind,protocol_b,0.47462491481034264,0.25,0.033816425120772944,3.2159343776529874,0.7668937619391866,0.23731245740517132,0.43743125857566034,0.6731486844848087,0.0,0.0,0.9690346083788707,0.23762823388373353,0.5204374093486799,0.45610800521063855,1.6851349870603374,0.8795553999952972,,1
private_seed_audit,budget_17_high_rot_aniso,spiral,1000,0,hard,smooth,connected,high,structured_dropout,ambiguity-set-sampler,protocol_b,0.31022466118386455,0.453125,0.09389671361502347,1.3005098974246607,0.47816979785296254,0.15511233059193227,0.27482462146264075,0.6137120198804862,0.0,1.0,0.9137466307277629,0.04840224621634803,0.5751476182149302,0.3072810204547095,1.848266828759889,1.418756500002928,,6
private_seed_audit,budget_17_high_rot_aniso,spiral,1000,0,hard,smooth,connected,high,structured_dropout,best-of-k-restart-blind,protocol_b,0.11711238254933674,0.984375,0.20713577799801783,0.32554571071695,0.1869335001871461,0.05855619127466837,0.09788978823186192,0.3001750597405614,0.0,2.0,0.8188976377952756,0.0008508605355044638,0.07954533145292869,0.049232599281016365,0.037512880008962135,0.5132248000008985,0.6916666666666667,1
private_seed_audit,budget_17_high_rot_aniso,spiral,1000,0,hard,smooth,connected,high,structured_dropout,blind-sa,protocol_b,0.11123232053775203,1.0,0.18006103763987794,0.3841165344424439,0.13602585671108003,0.055616160268876016,0.07858900762172613,0.33004459081007087,0.0,0.0,0.8383720930232559,0.0006605360351122909,0.11756030642146062,0.040562597129078996,0.2392091846124993,0.17466540000168607,0.48333333333333334,1
private_seed_audit,budget_17_high_rot_aniso,spiral,1000,0,hard,smooth,connected,high,structured_dropout,evolutionary-blind,protocol_b,0.11017691550620244,0.984375,0.21499013806706113,0.30437614472188423,0.1577315812559153,0.05508845775310122,0.08348403398087689,0.3001750597405614,0.0,0.0,0.8108108108108107,0.00103632889193627,0.06226176000122301,0.03809912618600305,0.02766235991343935,0.2220870000019204,,1
private_seed_audit,budget_17_high_rot_aniso,spiral,1000,0,hard,smooth,connected,high,structured_dropout,projected-gradient-blind,protocol_b,0.5518903489611985,0.078125,0.03713188220230474,3.1263381922051745,0.7953562760209447,0.27594517448059924,0.4272331817244497,0.6757812643570356,0.0,1.0,0.9623733719247467,0.15621641587871948,0.5791322153179406,0.5003582987098512,1.5904729200511634,0.058357199995953124,,1
private_seed_audit,budget_17_high_rot_aniso,spiral,1000,0,hard,smooth,connected,high,structured_dropout,subset-affine-blind,protocol_b,0.6679472720625724,0.078125,0.04588394062078273,3.672710909388538,0.8258537791866823,0.3339736360312862,0.45457469027855313,0.6284043342071127,0.0,1.0,0.950920245398773,0.270034142684179,0.5808284264444399,0.5905444139685547,1.6007757147875663,0.8880061000018031,,1
private_seed_audit,budget_17_high_rot_aniso,spiral,1001,1,hard,smooth,connected,high,clustered_occlusion,ambiguity-set-sampler,protocol_b,0.32939676231759885,0.390625,0.06395348837209303,1.4859490036122178,0.48131133511510077,0.16469838115879942,0.27385426010807945,0.5839338143533848,0.0,1.0,0.9388816644993498,0.03951583207084667,0.2168864414762799,0.21719807476881803,0.02421363251279418,1.4028534000026411,,6
private_seed_audit,budget_17_high_rot_aniso,spiral,1001,1,hard,smooth,connected,high,clustered_occlusion,best-of-k-restart-blind,protocol_b,0.22179061530441968,0.796875,0.12526096033402923,0.45978669741119466,0.4319183054318166,0.11089530765220984,0.15410272752918183,0.41569488506908914,0.0,0.0,0.8976470588235295,0.001292007088163532,0.06211157340193175,0.0675480163961493,0.09364778666269569,0.5036734000022989,0.49166666666666664,1
private_seed_audit,budget_17_high_rot_aniso,spiral,1001,1,hard,smooth,connected,high,clustered_occlusion,blind-sa,protocol_b,0.23245712863803333,0.71875,0.14764397905759163,0.5367235357597777,0.4073600209304917,0.11622856431901667,0.15769279085926813,0.3347712994058146,0.0,0.0,0.8755868544600939,0.0014039362798979912,0.03166699912966008,0.07533167112583838,0.06604919501473727,0.17333679999865126,0.425,1
private_seed_audit,budget_17_high_rot_aniso,spiral,1001,1,hard,smooth,connected,high,clustered_occlusion,evolutionary-blind,protocol_b,0.24044672872749676,0.734375,0.16083150984682712,0.2935208644965637,0.4171920731447305,0.12022336436374838,0.16301598287974767,0.3984180894789824,0.0,0.0,0.8728813559322034,0.0017494415384483287,0.08023216960296986,0.0770678762849574,0.022076679537313737,0.22619080000004033,,1
private_seed_audit,budget_17_high_rot_aniso,spiral,1001,1,hard,smooth,connected,high,clustered_occlusion,projected-gradient-blind,protocol_b,0.6575642128999276,0.078125,0.03485254691689008,2.279761762773751,0.8968361627299697,0.3287821064499638,0.4538290396560183,0.6580786835165068,0.0,1.0,0.9614243323442137,0.18974619674108587,0.5802306087492786,0.4845737287545853,1.5024239414696425,0.056844899998395704,,1
private_seed_audit,budget_17_high_rot_aniso,spiral,1001,1,hard,smooth,connected,high,clustered_occlusion,subset-affine-blind,protocol_b,0.6406247715541593,0.09375,0.03586206896551724,3.8632409417712203,0.9042770701253658,0.32031238577707966,0.45571105753435576,0.632535992525117,0.0,1.0,0.9650455927051672,0.2656093699095901,0.5796656758217568,0.48752164700595996,1.4989919594761212,0.8762332000042079,,1
private_seed_audit,budget_17_high_rot_aniso,spiral,1002,2,hard,smooth,connected,high,none,ambiguity-set-sampler,protocol_b,0.3499741906041216,0.375,0.0688836104513064,1.6484492109650348,0.4876796781669799,0.1749870953020608,0.2783769738632153,0.6658438378097532,0.0,1.0,0.9407806191117093,0.04879013200293146,0.2642567922246507,0.36408720722422994,0.031095355487468,1.4698978000014904,,6
private_seed_audit,budget_17_high_rot_aniso,spiral,1002,2,hard,smooth,connected,high,none,best-of-k-restart-blind,protocol_b,0.15626892060136763,1.0,0.17794970986460348,0.35769489147575473,0.15214634353348383,0.07813446030068381,0.1109799763898299,0.38750219728582447,0.0,1.0,0.8541436464088398,0.0007625753992557546,0.14483225152438636,0.03663201139249744,0.29421622005911985,0.5388834000041243,0.4666666666666667,1
private_seed_audit,budget_17_high_rot_aniso,spiral,1002,2,hard,smooth,connected,high,none,blind-sa,protocol_b,0.15626892060136763,1.0,0.17794970986460348,0.35769489147575473,0.15214634353348383,0.07813446030068381,0.1109799763898299,0.38750219728582447,0.0,1.0,0.8541436464088398,0.0007625753992557546,0.14483225152438636,0.03663201139249744,0.29421622005911985,0.18183290000160923,0.4666666666666667,1
private_seed_audit,budget_17_high_rot_aniso,spiral,1002,2,hard,smooth,connected,high,none,evolutionary-blind,protocol_b,0.09267984123437599,1.0,0.26570545829042225,0.3377789692052635,0.14407303406126748,0.046339920617187995,0.06463577287289946,0.24559559877477194,0.0,1.0,0.7834691501746216,0.00014428472333029285,0.06976053503122681,0.06516074494303355,0.08537478828330913,0.2295635999980732,,1
private_seed_audit,budget_17_high_rot_aniso,spiral,1002,2,hard,smooth,connected,high,none,projected-gradient-blind,protocol_b,0.5851132407237893,0.09375,0.03479381443298969,3.2994192191280463,0.8482746422735259,0.29255662036189467,0.4433128282876223,0.6752952698597021,0.0,2.0,0.9664723032069971,0.18428939083966672,0.6231580694294399,0.5257061147972542,1.3517021438221843,0.05795339999895077,,1
private_seed_audit,budget_17_high_rot_aniso,spiral,1002,2,hard,smooth,connected,high,none,subset-affine-blind,protocol_b,0.6253302330987338,0.078125,0.03614457831325301,3.569946514900459,0.772602734171351,0.3126651165493669,0.4525135000612228,0.6351919746204572,0.0,2.0,0.9633587786259542,0.25690953838340835,0.6263969689565061,0.5888375441135999,1.5381907317746162,1.1458851999996114,,1
private_seed_audit,budget_17_high_rot_aniso,spiral,1003,3,hard,smooth,connected,high,moment_preserving_perturbation,ambiguity-set-sampler,protocol_b,0.33718750964615024,0.328125,0.0765661252900232,1.828570253875246,0.46026252831511244,0.16859375482307512,0.26001032952686254,0.585840696154583,0.0,1.0,0.9260700389105059,0.033674427577726554,0.21291987319117217,0.37604596699637505,0.20375179412930056,1.437903500001994,,6
private_seed_audit,budget_17_high_rot_aniso,spiral,1003,3,hard,smooth,connected,high,moment_preserving_perturbation,best-of-k-restart-blind,protocol_b,0.24658802838459426,0.78125,0.15259117082533588,0.18930722623144486,0.3557262245756939,0.12329401419229713,0.15910745197062282,0.6281646306816489,0.0,3.0,0.8788546255506609,0.003530164315443728,0.10499777720890026,0.18285985660071058,0.02547991868747168,0.5294269000005443,0.325,1
private_seed_audit,budget_17_high_rot_aniso,spiral,1003,3,hard,smooth,connected,high,moment_preserving_perturbation,blind-sa,protocol_b,0.25657046500529895,0.734375,0.1344294003868472,0.18477189458250048,0.3612868254802437,0.12828523250264948,0.163793368466233,0.5631820826800991,0.0,3.0,0.880225988700565,0.004587972729366702,0.14383234446123105,0.12334525959681636,0.07950294495053356,0.1787488000045414,0.6583333333333333,1
private_seed_audit,budget_17_high_rot_aniso,spiral,1003,3,hard,smooth,connected,high,moment_preserving_perturbation,evolutionary-blind,protocol_b,0.24773185013036844,0.796875,0.15937803692905733,0.20037593098088957,0.35483064614694726,0.12386592506518422,0.15805747041628476,0.6281646306816486,0.0,1.0,0.8717660292463443,0.003539691834801852,0.04480047690967261,0.17208406687504993,0.04903973381024729,0.22970340000028955,,1
private_seed_audit,budget_17_high_rot_aniso,spiral,1003,3,hard,smooth,connected,high,moment_preserving_perturbation,projected-gradient-blind,protocol_b,0.5482744958358365,0.125,0.04456094364351245,4.3516974503164345,0.756825299356434,0.27413724791791827,0.42439832608822503,0.6531501897316971,0.0,1.0,0.9552023121387283,0.1643531226046762,0.553356546446322,0.5676694932130437,1.6121337694431146,0.0578112000002875,,1
private_seed_audit,budget_17_high_rot_aniso,spiral,1003,3,hard,smooth,connected,high,moment_preserving_perturbation,subset-affine-blind,protocol_b,0.5337059510652067,0.125,0.03504043126684636,5.621299705236002,0.7645647866304579,0.26685297553260334,0.4058402200827946,0.669483984318048,0.0,1.0,0.9657738095238095,0.15977274450971285,0.5545394028868089,0.6319087183232948,1.7244679076058078,1.143595000001369,,1
private_seed_audit,budget_17_high_rot_aniso,volatility-clustering,1000,0,hard,jagged,connected,high,moment_preserving_perturbation,ambiguity-set-sampler,protocol_b,0.36996660441658435,0.375,0.04239401496259352,2.270360484235049,0.873362687391066,0.18498330220829218,0.3880449709431569,0.6436019692679117,0.0,5.0,0.9632352941176471,0.09556564422814365,0.5357138028408671,0.5434494779714942,1.8999739524483619,1.433366199999,,6
private_seed_audit,budget_17_high_rot_aniso,volatility-clustering,1000,0,hard,jagged,connected,high,moment_preserving_perturbation,best-of-k-restart-blind,protocol_b,0.24387750057662597,0.84375,0.15835140997830802,0.44992770711464064,0.43344187952302105,0.12193875028831298,0.1488245786101759,0.5415212333462489,0.0,1.0,0.8486842105263158,0.0009393564505075452,0.08044454360082551,0.0410932804443653,0.15736054831375634,0.5290487999955076,0.6583333333333333,1
private_seed_audit,budget_17_high_rot_aniso,volatility-clustering,1000,0,hard,jagged,connected,high,moment_preserving_perturbation,blind-sa,protocol_b,0.2297340204419724,0.859375,0.14733542319749215,0.4438488009902435,0.42252764981131513,0.1148670102209862,0.1465050359584156,0.529408795796877,0.0,1.0,0.8808618504435994,0.000986728135924253,0.04868306535759531,0.054275132373404825,0.03889079962854414,0.18355570000130683,0.48333333333333334,1
private_seed_audit,budget_17_high_rot_aniso,volatility-clustering,1000,0,hard,jagged,connected,high,moment_preserving_perturbation,evolutionary-blind,protocol_b,0.24211510959084792,0.84375,0.140625,0.40407171254249497,0.4191656055356938,0.12105755479542396,0.1469751246913061,0.49819953467854894,0.0,3.0,0.8735777496839444,0.0008553544814889295,0.11000503419572209,0.052755278320230345,0.19687963645965922,0.23120439999911468,,1
private_seed_audit,budget_17_high_rot_aniso,volatility-clustering,1000,0,hard,jagged,connected,high,moment_preserving_perturbation,projected-gradient-blind,protocol_b,0.5687119880580933,0.109375,0.02627939142461964,7.937253933193772,1.000932600206357,0.28435599402904665,0.4798190885147643,0.6931471793212846,0.0,6.0,0.9706362153344209,0.2260049836230316,0.5390780885892957,0.6707189442678623,1.7070869351772449,0.05987150000146357,,1
private_seed_audit,budget_17_high_rot_aniso,volatility-clustering,1000,0,hard,jagged,connected,high,moment_preserving_perturbation,subset-affine-blind,protocol_b,0.5829636460955364,0.140625,0.029957203994293864,5.567764362830022,1.0271155619723784,0.2914818230477682,0.5126903860433976,0.62215759433568,0.0,6.0,0.9782608695652174,0.26475287463036923,0.5365902387589069,0.6931471804002758,1.691358735625168,1.2131303999994998,,1
private_seed_audit,budget_17_high_rot_aniso,volatility-clustering,1001,1,hard,jagged,connected,high,structured_dropout,ambiguity-set-sampler,protocol_b,0.34867009116381814,0.53125,0.061224489795918366,1.8956493703811605,0.8302254031759099,0.17433504558190907,0.34949702070077193,0.6118613574499923,0.0,0.0,0.949685534591195,0.0729969562644264,0.521730208166912,0.49783305861882976,1.8909197544575858,1.396371499999077,,6
private_seed_audit,budget_17_high_rot_aniso,volatility-clustering,1001,1,hard,jagged,connected,high,structured_dropout,best-of-k-restart-blind,protocol_b,0.27423112470103705,0.828125,0.12124582869855395,0.56394104965383,0.5040314374023747,0.13711556235051853,0.16718728080729242,0.476538685344699,0.0,4.0,0.9056603773584906,0.0022974363084045063,0.09179927692700354,0.08600005540676617,0.11710839656177408,0.5047685000026831,0.9416666666666667,1
private_seed_audit,budget_17_high_rot_aniso,volatility-clustering,1001,1,hard,jagged,connected,high,structured_dropout,blind-sa,protocol_b,0.24652518008654634,0.859375,0.13452914798206278,0.5229841608206335,0.48841077063541266,0.12326259004327317,0.15798255477602174,0.5523516580131738,0.0,4.0,0.9075297225891678,0.002241407082641505,0.08719537596912039,0.12465561141381085,0.16800716849260766,0.17429870000341907,0.8416666666666667,1
private_seed_audit,budget_17_high_rot_aniso,volatility-clustering,1001,1,hard,jagged,connected,high,structured_dropout,evolutionary-blind,protocol_b,0.26595179447648026,0.890625,0.14537444933920704,0.5062324123044964,0.5186834901187636,0.13297589723824013,0.16319643389947155,0.43321698667699904,0.0,1.0,0.8715596330275229,0.0009062293830749207,0.06486968918907521,0.1194945568490047,0.08925975654921947,0.22389269999985117,,1
private_seed_audit,budget_17_high_rot_aniso,volatility-clustering,1001,1,hard,jagged,connected,high,structured_dropout,projected-gradient-blind,protocol_b,0.5893165529366093,0.171875,0.03111111111111111,5.569332748290021,1.1408438710863353,0.29465827646830467,0.5376270856762176,0.6931471792972348,0.0,0.0,0.9743150684931506,0.21509794519454184,0.4970475824856965,0.65309279837922,1.7300057666176312,0.05827030000364175,,1
private_seed_audit,budget_17_high_rot_aniso,volatility-clustering,1001,1,hard,jagged,connected,high,structured_dropout,subset-affine-blind,protocol_b,0.6225235635296417,0.15625,0.014970059880239521,5.82026015540291,1.1008260812088588,0.31126178176482083,0.530329706908209,0.6931471793333999,0.0,0.0,0.9860869565217392,0.36962409146485975,0.5096326252006659,0.6931471803775316,2.0282906942409014,0.8372778999982984,,1
private_seed_audit,budget_17_high_rot_aniso,volatility-clustering,1002,2,hard,jagged,connected,high,clustered_occlusion,ambiguity-set-sampler,protocol_b,0.343478264096666,0.546875,0.046153846153846156,1.8774134339512027,1.0169718216117338,0.171739132048333,0.35289951315968604,0.6608263166325884,0.0,2.0,0.9697452229299363,0.08201851675471855,0.5337947275047439,0.4844011340461642,1.8209877518962045,1.3995367000024999,,6
private_seed_audit,budget_17_high_rot_aniso,volatility-clustering,1002,2,hard,jagged,connected,high,clustered_occlusion,best-of-k-restart-blind,protocol_b,0.20473936336376522,0.921875,0.24399494310998734,0.5060928598109341,0.290601426645392,0.10236968168188261,0.12641659414496487,0.3329227363200351,0.0,1.0,0.8055964653902798,0.001890346470540278,0.0644522666608795,0.04081443337182605,0.06452936010196098,0.5020436999984668,0.31666666666666665,1
private_seed_audit,budget_17_high_rot_aniso,volatility-clustering,1002,2,hard,jagged,connected,high,clustered_occlusion,blind-sa,protocol_b,0.18972993522161918,0.90625,0.1903030303030303,0.5312546026064107,0.2553616751927548,0.09486496761080959,0.1244308674525596,0.48242667837829073,0.0,1.0,0.8532374100719424,0.0014648779464282772,0.07588683239776808,0.05211389113699702,0.03254604626141511,0.17492789999960223,0.2916666666666667,1
private_seed_audit,budget_17_high_rot_aniso,volatility-clustering,1002,2,hard,jagged,connected,high,clustered_occlusion,evolutionary-blind,protocol_b,0.203227057927845,0.9375,0.28664921465968585,0.4648775943055369,0.28199618349339955,0.1016135289639225,0.1315512749619602,0.31906774892783285,0.0,1.0,0.7608024691358024,0.00146945704883215,0.053027840865986525,0.04439341712517275,0.020301285169816996,0.22245200000179466,,1
private_seed_audit,budget_17_high_rot_aniso,volatility-clustering,1002,2,hard,jagged,connected,high,clustered_occlusion,projected-gradient-blind,protocol_b,0.5260906414087894,0.15625,0.01764705882352941,7.084200963671329,1.2008351577878227,0.2630453207043947,0.4824683354168154,0.6468611468247366,0.0,2.0,0.981418918918919,0.20059343992441375,0.5145584372266989,0.6560272374399307,1.5945203870601126,0.056205400003818795,,1
private_seed_audit,budget_17_high_rot_aniso,volatility-clustering,1002,2,hard,jagged,connected,high,clustered_occlusion,subset-affine-blind,protocol_b,0.5676577261486978,0.15625,0.021244309559939303,3.6026493660459096,1.247530570078689,0.2838288630743489,0.553074128839322,0.6931471793202788,0.0,2.0,0.9808695652173913,0.3618598412388495,0.5261610218375754,0.6108413959172669,1.8737381732198977,0.901776400001836,,1
private_seed_audit,budget_17_high_rot_aniso,volatility-clustering,1003,3,hard,jagged,connected,high,none,ambiguity-set-sampler,protocol_b,0.3767301551014839,0.421875,0.06575682382133995,1.475107590307929,1.1051642254490517,0.18836507755074194,0.3484401931125734,0.6185556751042656,0.0,0.0,0.9388646288209607,0.06114912768786006,0.5861053618119002,0.3691789411029428,1.6973889710443406,1.446869899999001,,6
private_seed_audit,budget_17_high_rot_aniso,volatility-clustering,1003,3,hard,jagged,connected,high,none,best-of-k-restart-blind,protocol_b,0.5641657721141162,0.125,0.017316017316017316,0.0,1.4931762676414695,0.2820828860570581,0.5036896958785696,0.6473558533831456,0.0,1.0,0.9864406779661017,0.21910460221011718,0.5749027725800812,0.6931471803653804,1.674983792580613,0.5288644000029308,0.75,1
private_seed_audit,budget_17_high_rot_aniso,volatility-clustering,1003,3,hard,jagged,connected,high,none,blind-sa,protocol_b,0.14417147627571653,0.921875,0.274818401937046,0.706582390624821,0.27845438633023994,0.07208573813785826,0.09075519972378872,0.27834327535424563,0.0,8.0,0.7667638483965015,0.000946685324326374,0.0626756740974775,0.050402471902121576,0.02490560575277101,0.17732389999582665,0.8666666666666667,1
private_seed_audit,budget_17_high_rot_aniso,volatility-clustering,1003,3,hard,jagged,connected,high,none,evolutionary-blind,protocol_b,0.16546979697180197,0.921875,0.23980815347721823,0.6232601263536321,0.21036558929317745,0.08273489848590099,0.10283221506164239,0.3898952880092992,0.0,2.0,0.8158640226628895,0.0006702438953072522,0.04347838204833705,0.07413099128940273,0.12153929574050437,0.22619150000537047,,1
private_seed_audit,budget_17_high_rot_aniso,volatility-clustering,1003,3,hard,jagged,connected,high,none,projected-gradient-blind,protocol_b,0.6209220177062339,0.109375,0.02418207681365576,4.284932801886103,1.0970360476722993,0.31046100885311695,0.518930220905252,0.6931471792379205,0.0,1.0,0.981574539363484,0.18767190238313147,0.5765359433996359,0.613787124155883,1.6331611383240339,0.060754400001314934,,1
private_seed_audit,budget_17_high_rot_aniso,volatility-clustering,1003,3,hard,jagged,connected,high,none,subset-affine-blind,protocol_b,0.6681744217343071,0.0625,0.014367816091954023,3.9306114121465696,1.5645430300377274,0.33408721086715354,0.5327468352547969,0.6702515163401901,0.0,1.0,0.9864636209813875,0.30113117918522525,0.5743781594198688,0.6389950569207019,1.7931540260826127,1.151338299998315,,1
private_seed_audit,budget_18_neg_diag_extreme,barbell-bridge,1000,0,hard,jagged,connected,high,structured_dropout,ambiguity-set-sampler,protocol_b,0.46373658687944974,0.140625,0.04474708171206226,0.0,0.8407354255660863,0.23186829343972487,0.4170564375526286,0.6391008532205635,0.0,2.0,0.9584295612009238,0.17106161405773396,0.6052242847853648,0.6527826865655645,1.728306247220061,1.4128896999973222,,6
private_seed_audit,budget_18_neg_diag_extreme,barbell-bridge,1000,0,hard,jagged,connected,high,structured_dropout,best-of-k-restart-blind,protocol_b,0.7022516810799966,0.0625,0.052941176470588235,0.0,1.3530399889606817,0.3511258405399983,0.5708025114184216,0.6252839828221883,0.0,2.0,0.9605568445475638,0.4772100438553178,0.6231284203967654,0.6527826865655645,2.307164891025033,0.5238122000009753,0.2,1
private_seed_audit,budget_18_neg_diag_extreme,barbell-bridge,1000,0,hard,jagged,connected,high,structured_dropout,blind-sa,protocol_b,0.1952519186917641,0.796875,0.2619047619047619,0.4112492762824351,0.40827203683708424,0.09762595934588204,0.1415851293779563,0.47612081193269995,0.0,1.0,0.8012422360248448,0.0016422887966115428,0.08443541728490339,0.04037322985441505,0.07933283149062786,0.18333569999958854,0.041666666666666664,1
private_seed_audit,budget_18_neg_diag_extreme,barbell-bridge,1000,0,hard,jagged,connected,high,structured_dropout,evolutionary-blind,protocol_b,0.18131852092895032,0.8125,0.3709981167608286,0.4519016244378647,0.33428375598982424,0.09065926046447516,0.12859002440119793,0.34937893899963823,0.0,1.0,0.6941176470588235,0.0008479411530905273,0.06561966887799722,0.05664619510197859,0.018404621331885807,0.237954099997296,,1
private_seed_audit,budget_18_neg_diag_extreme,barbell-bridge,1000,0,hard,jagged,connected,high,structured_dropout,projected-gradient-blind,protocol_b,0.5927518013195769,0.046875,0.07392197125256673,6.793856053208063,1.5973843458796948,0.29637590065978847,0.488147009650951,0.5893159762460907,0.0,2.0,0.928921568627451,0.17172567526667987,0.6118587336727463,0.6080846980491974,1.8737660177660933,0.05743699999584351,,1
private_seed_audit,budget_18_neg_diag_extreme,barbell-bridge,1000,0,hard,jagged,connected,high,structured_dropout,subset-affine-blind,protocol_b,0.6018755909717152,0.109375,0.01509433962264151,5.408903895680779,1.230692479336009,0.3009377954858576,0.5321659216601801,0.6661240163046392,0.0,2.0,0.9865470852017937,0.33750269970216085,0.6206952142721713,0.6124877622078038,2.032998975704151,0.9021412000001874,,1
private_seed_audit,budget_18_neg_diag_extreme,barbell-bridge,1001,1,hard,jagged,connected,high,clustered_occlusion,ambiguity-set-sampler,protocol_b,0.5335149162868409,0.140625,0.06109979633401222,0.0,1.4846753048119037,0.26675745814342045,0.4384670079946448,0.6412811940267817,0.0,6.0,0.94,0.08625893310514013,0.6232476978375039,0.6231284204098062,1.4609674003408535,1.3846388000019942,,6
private_seed_audit,budget_18_neg_diag_extreme,barbell-bridge,1001,1,hard,jagged,connected,high,clustered_occlusion,best-of-k-restart-blind,protocol_b,0.6840417641865756,0.09375,0.05263157894736842,0.0,1.2847415055663052,0.3420208820932878,0.6128215470167953,0.6275409223671757,0.0,6.0,0.9656862745098039,0.3585524495246122,0.6273526578004509,0.6231284204098062,1.6874347651769455,0.5034622000021045,0.15,1
private_seed_audit,budget_18_neg_diag_extreme,barbell-bridge,1001,1,hard,jagged,connected,high,clustered_occlusion,blind-sa,protocol_b,0.24347423013480565,0.6875,0.3041144901610018,0.761250375230606,0.4892834693201139,0.12173711506740283,0.16949818942403092,0.3864381939907968,0.0,2.0,0.8,0.0020966394806929507,0.09010211625366579,0.04622446053256501,0.15078293695644085,0.17201049999857787,0.225,1
private_seed_audit,budget_18_neg_diag_extreme,barbell-bridge,1001,1,hard,jagged,connected,high,clustered_occlusion,evolutionary-blind,protocol_b,0.22933913806402098,0.65625,0.28970331588132636,0.6930219090240151,0.4149451868284869,0.11466956903201049,0.1601970338140697,0.38232300733596886,0.0,4.0,0.8074398249452954,0.0014586965842664466,0.10656074387091635,0.0751757843934623,0.19986716871359533,0.22357580000243615,,1
private_seed_audit,budget_18_neg_diag_extreme,barbell-bridge,1001,1,hard,jagged,connected,high,clustered_occlusion,projected-gradient-blind,protocol_b,0.7434803809951968,0.03125,0.04693877551020408,7.93725393319377,3.847564175757341,0.3717401904975984,0.6508999468897303,0.6225568364450407,0.0,6.0,0.9676616915422885,0.47577190524100377,0.642074337171115,0.593658135774461,2.0657967705392744,0.06340450000425335,,1
private_seed_audit,budget_18_neg_diag_extreme,barbell-bridge,1001,1,hard,jagged,connected,high,clustered_occlusion,subset-affine-blind,protocol_b,0.5761302542398684,0.0625,0.04911591355599214,5.522748182302714,1.9074500585020628,0.2880651271199342,0.569139601904585,0.6931471794341915,0.0,6.0,0.9466019417475728,0.4036422344836891,0.6285596864378812,0.5800684883665604,1.7401851865006386,0.9545291999966139,,1
private_seed_audit,budget_18_neg_diag_extreme,barbell-bridge,1002,2,hard,jagged,connected,high,none,ambiguity-set-sampler,protocol_b,0.596884091195049,0.125,0.044859813084112146,0.0,1.5477659330471243,0.2984420455975245,0.5473684347499042,0.6357765857048949,0.0,8.0,0.9539170506912442,0.2424403060665895,0.5975133073588712,0.6527826865649076,1.7014779976735934,1.4284516999978223,,6
private_seed_audit,budget_18_neg_diag_extreme,barbell-bridge,1002,2,hard,jagged,connected,high,none,best-of-k-restart-blind,protocol_b,0.72807531464848,0.109375,0.058935361216730035,0.0,1.3705529369679292,0.36403765732424,0.6105423167516567,0.6357765857048947,0.0,8.0,0.9466357308584686,0.3466508399645065,0.6000602081006814,0.6527826865649076,1.903574774857889,0.522422900001402,0.3416666666666667,1
private_seed_audit,budget_18_neg_diag_extreme,barbell-bridge,1002,2,hard,jagged,connected,high,none,blind-sa,protocol_b,0.12161822678188385,0.9375,0.32059800664451826,0.6060158089608899,0.20573481658453652,0.06080911339094192,0.08185764847547393,0.21187164309524747,0.0,0.0,0.7669322709163346,0.0008996138849839677,0.06993137739722233,0.040737157364531845,0.052498700696905765,0.18056540000543464,0.11666666666666667,1
private_seed_audit,budget_18_neg_diag_extreme,barbell-bridge,1002,2,hard,jagged,connected,high,none,evolutionary-blind,protocol_b,0.14539396704712157,0.9375,0.3645655877342419,0.6144751170398394,0.22682976971904648,0.07269698352356078,0.1016102555384361,0.23478952574597922,0.0,7.0,0.7479508196721312,0.0006804670235891186,0.05560592214215692,0.05058448471767521,0.042885078254078834,0.2393988999974681,,1
private_seed_audit,budget_18_neg_diag_extreme,barbell-bridge,1002,2,hard,jagged,connected,high,none,projected-gradient-blind,protocol_b,0.5701975956272662,0.171875,0.10536779324055666,7.93725393319377,1.4214180889788437,0.2850987978136331,0.5507148900868103,0.6179149131153867,0.0,8.0,0.9002433090024331,0.19973998522645303,0.5975133073588712,0.6214959671614542,1.7014779976735934,0.06337760000315029,,1
private_seed_audit,budget_18_neg_diag_extreme,barbell-bridge,1002,2,hard,jagged,connected,high,none,subset-affine-blind,protocol_b,0.5540130486592544,0.078125,0.03717472118959108,4.641780942175021,1.2084284089469612,0.2770065243296272,0.5310677387079792,0.6680697572673864,0.0,8.0,0.9658314350797267,0.3400731885761846,0.6000602081006814,0.5748152227508538,1.903574774857889,1.1782832000026247,,1
private_seed_audit,budget_18_neg_diag_extreme,barbell-bridge,1003,3,hard,jagged,connected,high,moment_preserving_perturbation,ambiguity-set-sampler,protocol_b,0.5161098404499883,0.140625,0.052083333333333336,0.0,1.0098384530705158,0.25805492022499416,0.4406009908383345,0.641834017181658,0.0,2.0,0.9515738498789347,0.10799987089729161,0.6242737907921875,0.6527826865642821,1.616804440664183,1.4185183000008692,,6
private_seed_audit,budget_18_neg_diag_extreme,barbell-bridge,1003,3,hard,jagged,connected,high,moment_preserving_perturbation,best-of-k-restart-blind,protocol_b,0.730952867373796,0.0625,0.09619686800894854,0.0,1.7718196971826243,0.365476433686898,0.6249017045435222,0.6931471794269626,0.0,2.0,0.9095607235142119,0.4789903899095914,0.6527826865634826,0.6527826865642821,2.2378908151848815,0.5405728000041563,0.18333333333333332,1
private_seed_audit,budget_18_neg_diag_extreme,barbell-bridge,1003,3,hard,jagged,connected,high,moment_preserving_perturbation,blind-sa,protocol_b,0.2296050037641882,0.78125,0.19427710843373494,0.45058534077368295,0.33574856084023263,0.1148025018820941,0.1503713571863859,0.5212892354171554,0.0,7.0,0.8425760286225402,0.0009019907739044606,0.08919349477960191,0.05450330932720682,0.0883368128331945,0.18093819999921834,0.25,1
private_seed_audit,budget_18_neg_diag_extreme,barbell-bridge,1003,3,hard,jagged,connected,high,moment_preserving_perturbation,evolutionary-blind,protocol_b,0.22802941663806792,0.75,0.13808801213960548,0.4867837503149225,0.33378773063176986,0.11401470831903396,0.14959736117945302,0.5766495621937158,0.0,3.0,0.8953271028037383,0.0006744189332679455,0.0680651543424469,0.053580336035787886,0.08795846381839922,0.23069589999795426,,1
private_seed_audit,budget_18_neg_diag_extreme,barbell-bridge,1003,3,hard,jagged,connected,high,moment_preserving_perturbation,projected-gradient-blind,protocol_b,0.6645470041191223,0.09375,0.1159090909090909,6.100159701945797,3.105208061804595,0.33227350205956113,0.5964296821967354,0.6372972282887948,0.0,2.0,0.8859416445623343,0.28783461138998623,0.6273526577883305,0.6003572919653979,1.7790439727799683,0.05695069999637781,,1
private_seed_audit,budget_18_neg_diag_extreme,barbell-bridge,1003,3,hard,jagged,connected,high,moment_preserving_perturbation,subset-affine-blind,protocol_b,0.5018362046483347,0.109375,0.04883227176220807,7.93725393319377,1.2834651297930406,0.25091810232416734,0.4604064113758216,0.6372972282887948,0.0,2.0,0.9606879606879607,0.21626489731248508,0.6285596864257608,0.6242020243419568,1.8317943941036614,1.1414504000058514,,1
private_seed_audit,budget_18_neg_diag_extreme,crescent,1000,0,hard,smooth,connected,high,none,ambiguity-set-sampler,protocol_b,0.3970894291405146,0.140625,0.10274963820549927,2.1601287377872787,0.6975023998141919,0.1985447145702573,0.3187200201419008,0.6069860279799804,0.0,10.0,0.9152,0.100025256652162,0.6231952896553048,0.31993197808421175,1.421327920814815,1.4737511000057566,,6
private_seed_audit,budget_18_neg_diag_extreme,crescent,1000,0,hard,smooth,connected,high,none,best-of-k-restart-blind,protocol_b,0.1003957648297279,0.921875,0.29386590584878747,0.43981148800515407,0.1826322308891804,0.05019788241486395,0.08096715458040357,0.325032115266997,0.0,0.0,0.7581699346405228,0.0007573073666372698,0.1320490327432261,0.046005640884226415,0.027858323881798874,0.5327997999993386,0.225,1
private_seed_audit,budget_18_neg_diag_extreme,crescent,1000,0,hard,smooth,connected,high,none,blind-sa,protocol_b,0.10431829800528981,0.90625,0.2826086956521739,0.5557266456305152,0.14665792567610578,0.05215914900264491,0.07551038668060642,0.23913860043112126,0.0,9.0,0.7878315132605305,0.0009799651224496316,0.10413354152242921,0.05553743498209791,0.08111551043712728,0.17453740000200924,0.7,1
private_seed_audit,budget_18_neg_diag_extreme,crescent,1000,0,hard,smooth,connected,high,none,evolutionary-blind,protocol_b,0.08843211899028948,1.0,0.24516129032258063,0.3458191863187946,0.11855236822594083,0.04421605949514474,0.06603178204732395,0.2784352964647779,0.0,5.0,0.7954887218045112,0.00032357669748862665,0.06817786731927691,0.05328910093586378,0.02699991257213119,0.22812649999832502,,1
private_seed_audit,budget_18_neg_diag_extreme,crescent,1000,0,hard,smooth,connected,high,none,projected-gradient-blind,protocol_b,0.7859402642429342,0.0,0.044585987261146494,4.624336815049351,1.0885596517895937,0.3929701321214671,0.5673678066808246,0.6630357939674616,0.0,10.0,0.9530685920577617,0.5352407309200453,0.6355818152482873,0.5614227471844737,1.9208651295389683,0.058982599999581,,1
private_seed_audit,budget_18_neg_diag_extreme,crescent,1000,0,hard,smooth,connected,high,none,subset-affine-blind,protocol_b,0.6822885413251455,0.015625,0.037520391517128875,7.937253933193771,1.0202694420820968,0.34114427066257275,0.5010073004399742,0.6329244085106631,0.0,10.0,0.9574861367837338,0.3297021776793785,0.6420743371485194,0.5974436546011785,2.0295892730067573,1.15303340000537,,1
private_seed_audit,budget_18_neg_diag_extreme,crescent,1001,1,hard,smooth,connected,high,moment_preserving_perturbation,ambiguity-set-sampler,protocol_b,0.3799330073493057,0.203125,0.046089385474860335,1.8506444780142914,0.9238202142100149,0.18996650367465284,0.3540287667814781,0.6760871604169176,0.0,8.0,0.9554455445544554,0.12341348898985742,0.6231284203971496,0.3974316211196696,1.4671378675154683,1.4268099000037182,,6
private_seed_audit,budget_18_neg_diag_extreme,crescent,1001,1,hard,smooth,connected,high,moment_preserving_perturbation,best-of-k-restart-blind,protocol_b,0.23281635129896322,0.578125,0.2131979695431472,0.2430886328886682,0.4455738667057249,0.11640817564948161,0.17449359860836808,0.5465607332271882,0.0,5.0,0.8437025796661608,0.006026545770924175,0.09014496020539395,0.05013822562388592,0.06925480559322672,0.5268802999999025,0.65,1
private_seed_audit,budget_18_neg_diag_extreme,crescent,1001,1,hard,smooth,connected,high,moment_preserving_perturbation,blind-sa,protocol_b,0.24239016808504593,0.484375,0.21464019851116625,0.3292356682907058,0.37093833030531737,0.12119508404252297,0.17649499450993,0.5014572115313956,0.0,8.0,0.8360655737704918,0.00805355410657662,0.04501799090988892,0.06734923982121198,0.16573765239188676,0.1761285999964457,0.2,1
private_seed_audit,budget_18_neg_diag_extreme,crescent,1001,1,hard,smooth,connected,high,moment_preserving_perturbation,evolutionary-blind,protocol_b,0.22903221216915537,0.640625,0.2129514321295143,0.22127383887616592,0.3245196980004774,0.11451610608457768,0.17449602276949694,0.546560733227188,0.0,4.0,0.8353293413173652,0.004982822957473817,0.1210386530207918,0.15050915931118003,0.04858245601327216,0.22916790000454057,,1
private_seed_audit,budget_18_neg_diag_extreme,crescent,1001,1,hard,smooth,connected,high,moment_preserving_perturbation,projected-gradient-blind,protocol_b,0.8161302578887938,0.0,0.04292527821939587,5.5677643628300215,1.4558659042536124,0.4080651289443969,0.5864311491123627,0.6615844652138125,0.0,8.0,0.9602272727272727,0.5432931052999416,0.6381104741698698,0.6146556796291183,2.021224249611912,0.05788410000241129,,1
private_seed_audit,budget_18_neg_diag_extreme,crescent,1001,1,hard,smooth,connected,high,moment_preserving_perturbation,subset-affine-blind,protocol_b,0.6126332813508494,0.078125,0.027243589743589744,6.365541468649615,0.9897119200821234,0.3063166406754247,0.48150317350099936,0.6931471794009016,0.0,8.0,0.9712643678160919,0.3441631056109831,0.6337358983558731,0.6070524037906122,1.926493389361991,1.1470976999989944,,1
private_seed_audit,budget_18_neg_diag_extreme,crescent,1002,2,hard,smooth,connected,high,structured_dropout,ambiguity-set-sampler,protocol_b,0.42569288846619713,0.109375,0.06222865412445731,2.0522784995006353,0.8136879034475966,0.21284644423309856,0.34150751940872326,0.5692959083082445,0.0,11.0,0.9449081803005008,0.11209419539909429,0.5549336013905823,0.35829986992137475,1.3929020455567152,1.3671328999989782,,6
private_seed_audit,budget_18_neg_diag_extreme,crescent,1002,2,hard,smooth,connected,high,structured_dropout,best-of-k-restart-blind,protocol_b,0.11256260554837186,0.984375,0.330945558739255,0.41643979715299606,0.11485406692757785,0.05628130277418593,0.08550630175144656,0.27602295944173455,0.0,9.0,0.747557003257329,0.0006776052737455813,0.07877341420578454,0.05541718375281646,0.04234645854740959,0.5053072000009706,0.7583333333333333,1
private_seed_audit,budget_18_neg_diag_extreme,crescent,1002,2,hard,smooth,connected,high,structured_dropout,blind-sa,protocol_b,0.11256260554837186,0.984375,0.330945558739255,0.41643979715299606,0.11485406692757785,0.05628130277418593,0.08550630175144656,0.27602295944173455,0.0,9.0,0.747557003257329,0.0006776052737455813,0.07877341420578454,0.05541718375281646,0.04234645854740959,0.17444239999895217,0.7833333333333333,1
private_seed_audit,budget_18_neg_diag_extreme,crescent,1002,2,hard,smooth,connected,high,structured_dropout,evolutionary-blind,protocol_b,0.08446095902132976,1.0,0.37965616045845274,0.3299265247676937,0.1235197799273663,0.04223047951066488,0.07006716432470773,0.1945676291475641,0.0,4.0,0.7243150684931507,0.0007504681917089675,0.1904828413960714,0.07482887958832876,0.0655628718531065,0.21841459999996005,,1
private_seed_audit,budget_18_neg_diag_extreme,crescent,1002,2,hard,smooth,connected,high,structured_dropout,projected-gradient-blind,protocol_b,0.7645062875818384,0.0,0.04192546583850932,7.937253933193773,1.2048952741344556,0.3822531437909192,0.5955525890497876,0.6607695347456368,0.0,11.0,0.963963963963964,0.52564520070764,0.5722531718806251,0.5523459732407003,1.889007272287347,0.05662889999803156,,1
private_seed_audit,budget_18_neg_diag_extreme,crescent,1002,2,hard,smooth,connected,high,structured_dropout,subset-affine-blind,protocol_b,0.6817341994627456,0.015625,0.03245749613601236,4.588968900201332,1.0563062922542437,0.3408670997313728,0.5118164449149982,0.693147179398784,0.0,11.0,0.9658273381294964,0.28383017817458694,0.5665872355762611,0.5424925087624646,1.8040503374768382,0.8802116000006208,,1
private_seed_audit,budget_18_neg_diag_extreme,crescent,1003,3,hard,smooth,connected,high,clustered_occlusion,ambiguity-set-sampler,protocol_b,0.35470929324734474,0.296875,0.057667103538663174,2.0493159150879303,0.7779724462640143,0.17735464662367237,0.30510377435681707,0.6244901293705245,0.0,4.0,0.9469578783151326,0.07877636389275453,0.5992232944899312,0.4825044136313323,1.4675703131919455,1.3778978000045754,,6
private_seed_audit,budget_18_neg_diag_extreme,crescent,1003,3,hard,smooth,connected,high,clustered_occlusion,best-of-k-restart-blind,protocol_b,0.24736127404028174,0.5625,0.16939078751857356,0.6071196849119062,0.3743017738341918,0.12368063702014087,0.17484017713209865,0.4804414256574293,0.0,1.0,0.8913793103448275,0.003165300623074869,0.10236795811334679,0.10842046103141507,0.02897276441880292,0.5081276999990223,0.23333333333333334,1
private_seed_audit,budget_18_neg_diag_extreme,crescent,1003,3,hard,smooth,connected,high,clustered_occlusion,blind-sa,protocol_b,0.2429171305866665,0.578125,0.13896848137535817,0.6119005993200177,0.3247912706088371,0.12145856529333325,0.17570836347775357,0.4576369225103989,0.0,3.0,0.8909395973154363,0.0030464387948168064,0.14129069684872314,0.10342755669686086,0.015135350675510306,0.17385949999879813,0.775,1
private_seed_audit,budget_18_neg_diag_extreme,crescent,1003,3,hard,smooth,connected,high,clustered_occlusion,evolutionary-blind,protocol_b,0.24191633828714593,0.5625,0.17847025495750707,0.49206142741085523,0.3758808079857886,0.12095816914357296,0.16815199151557741,0.4679811950098507,0.0,2.0,0.8618307426597582,0.003213849588811783,0.12745479592508038,0.06083103315787372,0.09046641890204965,0.22483159999683267,,1
private_seed_audit,budget_18_neg_diag_extreme,crescent,1003,3,hard,smooth,connected,high,clustered_occlusion,projected-gradient-blind,protocol_b,0.825976267989611,0.0,0.03715170278637771,5.567764362830022,1.3392957743849685,0.4129881339948055,0.5858995737311974,0.6931471794144648,0.0,5.0,0.9690909090909091,0.548697163749743,0.6086984803326678,0.6501770998250824,2.0197022967316722,0.05899529999442166,,1
private_seed_audit,budget_18_neg_diag_extreme,crescent,1003,3,hard,smooth,connected,high,clustered_occlusion,subset-affine-blind,protocol_b,0.6080954206626681,0.0625,0.022354694485842028,4.847414423503076,0.9644134088037252,0.30404771033133404,0.4639753500202118,0.6453002756160946,0.0,5.0,0.9771528998242531,0.25649504416387725,0.5991347490894727,0.6404282605711965,1.6999162527546976,0.8892924999963725,,1
private_seed_audit,budget_18_neg_diag_extreme,cross-branch,1000,0,hard,jagged,connected,high,none,ambiguity-set-sampler,protocol_b,0.34436357476778745,0.421875,0.047872340425531915,1.8057244597414208,0.9100399266877225,0.17218178738389373,0.3990670606027016,0.5927811189009082,0.0,1.0,0.9661733615221987,0.12429242701519042,0.5781550160398755,0.37437596055541755,1.6680214664445103,1.4398972999988473,,6
private_seed_audit,budget_18_neg_diag_extreme,cross-branch,1000,0,hard,jagged,connected,high,none,best-of-k-restart-blind,protocol_b,0.5868242901782718,0.09375,0.01020408163265306,0.0,1.0365693624595618,0.2934121450891359,0.5257337491174128,0.6931471793787513,0.0,2.0,0.9903147699757869,0.33268675836460815,0.584376822653836,0.693147180414976,1.7176770939844668,0.5299234999984037,0.7,1
private_seed_audit,budget_18_neg_diag_extreme,cross-branch,1000,0,hard,jagged,connected,high,none,blind-sa,protocol_b,0.10209517702088991,1.0,0.3816631130063966,0.37309172785304123,0.1408638903869368,0.051047588510444955,0.06910481868465566,0.22726137008181252,0.0,0.0,0.7589743589743589,0.0005755007764068878,0.07721449286372539,0.03846643582770709,0.010415550090722814,0.17894650000380352,0.5916666666666667,1
private_seed_audit,budget_18_neg_diag_extreme,cross-branch,1000,0,hard,jagged,connected,high,none,evolutionary-blind,protocol_b,0.12192063117581865,0.984375,0.32238193018480493,0.4114581503976894,0.16417172306473632,0.060960315587909326,0.07244520071369481,0.3522551236268091,0.0,2.0,0.7721518987341772,0.00032058725898418804,0.04176598194146197,0.044224383898020775,0.018514675399798453,0.23142390000430169,,1
private_seed_audit,budget_18_neg_diag_extreme,cross-branch,1000,0,hard,jagged,connected,high,none,projected-gradient-blind,protocol_b,0.7033673127962149,0.03125,0.01279317697228145,7.93725393319377,2.187210258676052,0.35168365639810745,0.6277013911888776,0.6600614560859335,0.0,2.0,0.9846153846153847,0.5477226624056841,0.6353317885742984,0.6755742071578758,2.2806838099263085,0.05967320000490872,,1
private_seed_audit,budget_18_neg_diag_extreme,cross-branch,1000,0,hard,jagged,connected,high,none,subset-affine-blind,protocol_b,0.7044418987467178,0.03125,0.019067796610169493,7.937253933193772,1.0942516713984458,0.3522209493733589,0.5671547025308417,0.693147179391022,0.0,2.0,0.9797979797979798,0.45666743897506473,0.603461974231828,0.682316755730451,1.9843984857433956,1.1800013999963994,,1
private_seed_audit,budget_18_neg_diag_extreme,cross-branch,1001,1,hard,jagged,connected,high,moment_preserving_perturbation,ambiguity-set-sampler,protocol_b,0.39772593638339276,0.3125,0.04259259259259259,1.9378898867613834,1.0281780137807146,0.19886296819169638,0.41340807901041615,0.6931471791658582,0.0,0.0,0.9688195991091314,0.11747792043880384,0.5342301749220135,0.5316939934368012,1.655181324132859,1.432955199998105,,6
private_seed_audit,budget_18_neg_diag_extreme,cross-branch,1001,1,hard,jagged,connected,high,moment_preserving_perturbation,best-of-k-restart-blind,protocol_b,0.22421889960634347,0.78125,0.13509544787077826,0.29384388688883656,0.3407586028573133,0.11210944980317174,0.15558583607562465,0.45830340533772174,0.0,6.0,0.9275092936802974,0.0015106405886662364,0.06844208132643345,0.12008136197893954,0.01697811399427085,0.5348627000057604,0.3333333333333333,1
private_seed_audit,budget_18_neg_diag_extreme,cross-branch,1001,1,hard,jagged,connected,high,moment_preserving_perturbation,blind-sa,protocol_b,0.21747661898760207,0.765625,0.1441578148710167,0.3270637151165064,0.3347696434382673,0.10873830949380103,0.14352201078950869,0.4451509740030649,0.0,4.0,0.9125475285171103,0.0018954929116866668,0.050477010529581874,0.15873887090355202,0.023301968137383167,0.17939320000004955,0.3,1
private_seed_audit,budget_18_neg_diag_extreme,cross-branch,1001,1,hard,jagged,connected,high,moment_preserving_perturbation,evolutionary-blind,protocol_b,0.22603066252486212,0.8125,0.1361573373676248,0.28000302365968194,0.3336700225325065,0.11301533126243106,0.15674000281962933,0.49185251582196665,0.0,3.0,0.9354243542435424,0.0014268175439502715,0.10659484662503935,0.10218744929251344,0.037104189858393255,0.2323266999956104,,1
private_seed_audit,budget_18_neg_diag_extreme,cross-branch,1001,1,hard,jagged,connected,high,moment_preserving_perturbation,projected-gradient-blind,protocol_b,0.6809024476647819,0.046875,0.04011461318051576,0.0,1.2161796453643232,0.34045122383239096,0.5978440498656287,0.6931471794396299,0.0,1.0,0.9632352941176471,0.6248593853699005,0.597443654611248,0.693147180415171,2.3242081602579123,0.05804250000073807,,1
private_seed_audit,budget_18_neg_diag_extreme,cross-branch,1001,1,hard,jagged,connected,high,moment_preserving_perturbation,subset-affine-blind,protocol_b,0.5824220850361362,0.046875,0.02702702702702703,5.96128197992471,1.1539841322373225,0.2912110425180681,0.5393321649935956,0.6652222038393086,0.0,0.0,0.9722222222222222,0.36132675719824275,0.5481897249743937,0.6782288795963038,1.9181117391766922,1.1389319000008982,,1
private_seed_audit,budget_18_neg_diag_extreme,cross-branch,1002,2,hard,jagged,connected,high,structured_dropout,ambiguity-set-sampler,protocol_b,0.37277259847040584,0.3125,0.0379746835443038,2.027895656738045,0.8812388985933008,0.18638629923520292,0.4173836636976104,0.6424715217963822,0.0,0.0,0.9766355140186916,0.12753009818802807,0.53320254740773,0.4137372414479062,1.6922407618562432,1.3861421999972663,,6
private_seed_audit,budget_18_neg_diag_extreme,cross-branch,1002,2,hard,jagged,connected,high,structured_dropout,best-of-k-restart-blind,protocol_b,0.6181956503975632,0.078125,0.01263157894736842,0.0,0.9845461602998666,0.3090978251987816,0.5285179575627162,0.6931471793898223,0.0,2.0,0.9870466321243523,0.34744642371258144,0.5349412550188314,0.6931471804155105,1.7318418373840252,0.5125018999970052,0.775,1
private_seed_audit,budget_18_neg_diag_extreme,cross-branch,1002,2,hard,jagged,connected,high,structured_dropout,blind-sa,protocol_b,0.10749040682600554,1.0,0.4097222222222222,0.3718103318708298,0.13192014992006657,0.05374520341300277,0.07288265138814928,0.23096436996239475,0.0,1.0,0.7657142857142857,0.0002947889014116721,0.06912933273289629,0.05331287238341632,0.12105638938546326,0.17457439999998314,0.25833333333333336,1
private_seed_audit,budget_18_neg_diag_extreme,cross-branch,1002,2,hard,jagged,connected,high,structured_dropout,evolutionary-blind,protocol_b,0.08894090572807437,1.0,0.3744493392070485,0.35399281929975634,0.15564000585739826,0.04447045286403718,0.06744984371906318,0.21550695076771054,0.0,1.0,0.7535014005602241,0.00029744944058950344,0.052779396654097824,0.0396249910958056,0.02621899298916741,0.2233115999988513,,1
private_seed_audit,budget_18_neg_diag_extreme,cross-branch,1002,2,hard,jagged,connected,high,structured_dropout,projected-gradient-blind,protocol_b,0.7094057008252691,0.03125,0.018789144050104383,5.568863742674052,1.4241619278868975,0.35470285041263455,0.6249146642664242,0.6931471794144646,0.0,2.0,0.9846938775510204,0.5076501565702586,0.5718810699266375,0.6668576621854698,2.245838783198774,0.058736899998621084,,1
private_seed_audit,budget_18_neg_diag_extreme,cross-branch,1002,2,hard,jagged,connected,high,structured_dropout,subset-affine-blind,protocol_b,0.6435311524028386,0.03125,0.020316027088036117,5.111175721103231,1.0299398884745363,0.3217655762014193,0.5572527222740857,0.6931471793776354,0.0,2.0,0.9774647887323944,0.35588479929003497,0.5660514160334799,0.643198591400959,2.195690601116339,0.8735111000059987,,1
private_seed_audit,budget_18_neg_diag_extreme,cross-branch,1003,3,hard,jagged,connected,high,clustered_occlusion,ambiguity-set-sampler,protocol_b,0.436390383234631,0.25,0.049523809523809526,2.0513767074806437,0.9510866761712156,0.2181951916173155,0.42726893772460917,0.6744026744374172,0.0,7.0,0.9493975903614458,0.13222736241538702,0.5190994986399489,0.4303716204533106,1.7888183458922322,1.4117455999949016,,6
private_seed_audit,budget_18_neg_diag_extreme,cross-branch,1003,3,hard,jagged,connected,high,clustered_occlusion,best-of-k-restart-blind,protocol_b,0.13031906072229374,0.84375,0.3430493273542601,0.4881998112729012,0.29752388449956163,0.06515953036114687,0.12728906309840424,0.27558506284467776,0.0,8.0,0.7669376693766938,0.0011827623483809824,0.08170970773781357,0.057648033871763246,0.18738372211634147,0.5131628000017372,0.625,1
private_seed_audit,budget_18_neg_diag_extreme,cross-branch,1003,3,hard,jagged,connected,high,clustered_occlusion,blind-sa,protocol_b,0.13031906072229374,0.84375,0.3430493273542601,0.4881998112729012,0.29752388449956163,0.06515953036114687,0.12728906309840424,0.27558506284467776,0.0,8.0,0.7669376693766938,0.0011827623483809824,0.08170970773781357,0.057648033871763246,0.18738372211634147,0.17360999999800697,0.2833333333333333,1
private_seed_audit,budget_18_neg_diag_extreme,cross-branch,1003,3,hard,jagged,connected,high,clustered_occlusion,evolutionary-blind,protocol_b,0.13590443410080189,0.84375,0.3839080459770115,0.38641500162275966,0.27097947227526803,0.06795221705040094,0.12453974580229246,0.2550315639860264,0.0,6.0,0.7322404371584699,0.0011188247740158805,0.08663210842360382,0.0705534861881323,0.2477619497088499,0.22324870000011288,,1
private_seed_audit,budget_18_neg_diag_extreme,cross-branch,1003,3,hard,jagged,connected,high,clustered_occlusion,projected-gradient-blind,protocol_b,0.6965616358515375,0.03125,0.05605381165919283,7.937253933193771,1.2045877235689946,0.34828081792576876,0.6192273843319804,0.6931471794269626,0.0,9.0,0.9564032697547684,0.5811855624940427,0.5572012360790504,0.6823167557650499,2.361391253092335,0.059084799999254756,,1
private_seed_audit,budget_18_neg_diag_extreme,cross-branch,1003,3,hard,jagged,connected,high,clustered_occlusion,subset-affine-blind,protocol_b,0.6948211782788001,0.015625,0.019230769230769232,5.400819861267743,1.1231899174476878,0.34741058913940004,0.5658183964199174,0.6652222038393085,0.0,9.0,0.9844155844155844,0.4258145775323691,0.5231675620082824,0.6931471804261666,1.983029247730006,0.9362679999976535,,1
private_seed_audit,budget_18_neg_diag_extreme,double-loop,1000,0,hard,smooth,connected,high,clustered_occlusion,ambiguity-set-sampler,protocol_b,0.3650795083470538,0.234375,0.05058365758754864,2.2169755420342585,0.6392111535221544,0.1825397541735269,0.3750615062637436,0.6567862089293952,0.0,0.0,0.9547619047619048,0.08913933487945977,0.50677340410857,0.39901713523533205,1.5783062098622782,1.3874271000022418,,6
private_seed_audit,budget_18_neg_diag_extreme,double-loop,1000,0,hard,smooth,connected,high,clustered_occlusion,best-of-k-restart-blind,protocol_b,0.7819487386630808,0.03125,0.04265402843601896,0.0,1.0239943785177918,0.3909743693315404,0.6079030141629916,0.6578520079581862,0.0,0.0,0.9597701149425287,0.4802467764162812,0.5778672360600783,0.6527826866023538,1.9021264206261757,0.5027198999960092,0.7416666666666667,1
private_seed_audit,budget_18_neg_diag_extreme,double-loop,1000,0,hard,smooth,connected,high,clustered_occlusion,blind-sa,protocol_b,0.2721226523882656,0.484375,0.11169284467713787,0.5592674890108699,0.36291411807170065,0.1360613261941328,0.2318527652522695,0.4433587623477758,0.0,4.0,0.9076923076923077,0.005245217103059673,0.10999465687688079,0.08616184022204351,0.07975299331491037,0.17035919999761973,0.275,1
private_seed_audit,budget_18_neg_diag_extreme,double-loop,1000,0,hard,smooth,connected,high,clustered_occlusion,evolutionary-blind,protocol_b,0.28276155959157684,0.46875,0.10598290598290598,0.3847434377732576,0.34933111204791834,0.14138077979578842,0.23814104439902048,0.44209688646675166,0.0,8.0,0.9193899782135077,0.0038616069456049026,0.08027859760036292,0.08545954230012662,0.08868173476521113,0.2229421000010916,,1
private_seed_audit,budget_18_neg_diag_extreme,double-loop,1000,0,hard,smooth,connected,high,clustered_occlusion,projected-gradient-blind,protocol_b,0.844718424569304,0.0,0.07582938388625593,7.937253933193772,3.756299721262507,0.422359212284652,0.6596065021403583,0.6225568364450409,0.0,0.0,0.9551820728291317,0.4725630143372264,0.6293566267662789,0.6242020243800284,2.166848208944747,0.05986129999655532,,1
private_seed_audit,budget_18_neg_diag_extreme,double-loop,1000,0,hard,smooth,connected,high,clustered_occlusion,subset-affine-blind,protocol_b,0.5500742975972316,0.109375,0.024774774774774775,4.309984644995885,0.9319934527624621,0.2750371487986158,0.5130548924707415,0.693147179409889,0.0,0.0,0.9780821917808219,0.3435629933631328,0.5897387137018522,0.6168339322368126,1.9731671306664493,0.8948294000001624,,1
private_seed_audit,budget_18_neg_diag_extreme,double-loop,1001,1,hard,smooth,connected,high,none,ambiguity-set-sampler,protocol_b,0.26603642934617655,0.484375,0.07657657657657657,1.8212502606288525,0.5104311525905048,0.13301821467308828,0.27826115394155226,0.4973811951018144,0.0,0.0,0.9659685863874345,0.05387650077212387,0.6033232562686006,0.3621366856250484,1.6715003622068885,1.4449227000004612,,6
private_seed_audit,budget_18_neg_diag_extreme,double-loop,1001,1,hard,smooth,connected,high,none,best-of-k-restart-blind,protocol_b,0.823988730010161,0.015625,0.06983240223463687,0.0,1.280211235212566,0.4119943650050805,0.6680456577258165,0.6277869439823875,0.0,0.0,0.9548387096774194,0.5041270319788713,0.6527826865746261,0.6931471804259182,2.292586736727587,0.529771499997878,0.5166666666666667,1
private_seed_audit,budget_18_neg_diag_extreme,double-loop,1001,1,hard,smooth,connected,high,none,blind-sa,protocol_b,0.10455108403053648,0.953125,0.3275,0.504631569310741,0.18199670309606364,0.05227554201526824,0.08053478118096011,0.2655739932746844,0.0,0.0,0.7281553398058253,0.0007809562001022598,0.09199094493731011,0.03063122583647371,0.012856699765679824,0.17933669999911217,0.09166666666666666,1
private_seed_audit,budget_18_neg_diag_extreme,double-loop,1001,1,hard,smooth,connected,high,none,evolutionary-blind,protocol_b,0.09815485669889405,1.0,0.3819628647214854,0.41799370320017637,0.13174247059887478,0.049077428349447026,0.0600478117111088,0.2806252910474428,0.0,0.0,0.6418918918918919,0.0006447220609867698,0.15410630280170196,0.05659302825062291,0.040252151727545815,0.2284464000040316,,1
private_seed_audit,budget_18_neg_diag_extreme,double-loop,1001,1,hard,smooth,connected,high,none,projected-gradient-blind,protocol_b,0.8251406338265029,0.0,0.020356234096692113,7.937253933193771,3.511425012060835,0.41257031691325147,0.6398325338262204,0.6604670616936084,0.0,0.0,0.9850746268656716,0.4713326830011234,0.6125402680534948,0.6656045097389607,2.2121018996850026,0.06779540000570705,,1
private_seed_audit,budget_18_neg_diag_extreme,double-loop,1001,1,hard,smooth,connected,high,none,subset-affine-blind,protocol_b,0.6176942545667301,0.078125,0.07222222222222222,7.937253933193774,0.9909254082062192,0.30884712728336505,0.5382756641023588,0.664461882542427,0.0,0.0,0.9210526315789473,0.5148918358858414,0.6062938345776843,0.6823167557413933,2.1033777562172133,1.1599342999979854,,1
private_seed_audit,budget_18_neg_diag_extreme,double-loop,1002,2,hard,smooth,connected,high,moment_preserving_perturbation,ambiguity-set-sampler,protocol_b,0.28465679088095136,0.40625,0.0465587044534413,2.0254626066201427,0.538742317152579,0.14232839544047568,0.33617066646171256,0.627619513006027,0.0,0.0,0.9519230769230769,0.08650475897034468,0.5357138028295247,0.4986887408757172,1.8643730299592647,1.412072500002978,,6
private_seed_audit,budget_18_neg_diag_extreme,double-loop,1002,2,hard,smooth,connected,high,moment_preserving_perturbation,best-of-k-restart-blind,protocol_b,0.8522718724451314,0.0,0.0725,0.0,2.298277736697582,0.4261359362225657,0.658767474653536,0.6261417508279459,0.0,0.0,0.9590643274853801,0.44862658425158053,0.5937801795130326,0.6527826865912248,2.2078897966757975,0.5483652999973856,0.23333333333333334,1
private_seed_audit,budget_18_neg_diag_extreme,double-loop,1002,2,hard,smooth,connected,high,moment_preserving_perturbation,blind-sa,protocol_b,0.210405042077151,0.796875,0.1233974358974359,0.35188530315376304,0.3134133357953639,0.1052025210385755,0.13718496628199517,0.5127863025672694,0.0,3.0,0.9302325581395349,0.003417626430754221,0.06388278679423676,0.14183724997587913,0.1576270553835153,0.19280409999919357,0.10833333333333334,1
private_seed_audit,budget_18_neg_diag_extreme,double-loop,1002,2,hard,smooth,connected,high,moment_preserving_perturbation,evolutionary-blind,protocol_b,0.21725419316395442,0.796875,0.11265432098765432,0.2705840589449984,0.3175167497462412,0.10862709658197721,0.1483981752247734,0.5030355526500483,0.0,2.0,0.9292364990689013,0.0025019982198478253,0.106213510102097,0.1653863982278545,0.2142289236794177,0.24613829999725567,,1
private_seed_audit,budget_18_neg_diag_extreme,double-loop,1002,2,hard,smooth,connected,high,moment_preserving_perturbation,projected-gradient-blind,protocol_b,0.876840831859454,0.0,0.08762886597938144,0.0,2.4613280050449013,0.438420415929727,0.6695400310655287,0.6261417508279461,0.0,0.0,0.939209726443769,0.4690034030496195,0.5937801795130326,0.6527826865912248,2.2078897966757975,0.05704210000112653,,1
private_seed_audit,budget_18_neg_diag_extreme,double-loop,1002,2,hard,smooth,connected,high,moment_preserving_perturbation,subset-affine-blind,protocol_b,0.6186308085716994,0.046875,0.022004889975550123,7.937253933193772,0.9350018821477873,0.3093154042858497,0.5194074578979608,0.6664419880804633,0.0,0.0,0.9764705882352941,0.311122099204738,0.5627686981597693,0.6169885042011125,1.940854174022516,1.1473650999978418,,1
private_seed_audit,budget_18_neg_diag_extreme,double-loop,1003,3,hard,smooth,connected,high,structured_dropout,ambiguity-set-sampler,protocol_b,0.7530823015918606,0.0,0.047961630695443645,0.0,0.9308876524791464,0.3765411507959303,0.5622977137006945,0.6308027371762108,0.0,0.0,0.9567723342939481,0.2887282668096133,0.5010259338535648,0.6527826866252467,2.0197365930038447,1.4038274999984424,,6
private_seed_audit,budget_18_neg_diag_extreme,double-loop,1003,3,hard,smooth,connected,high,structured_dropout,best-of-k-restart-blind,protocol_b,0.9972627523089698,0.0,0.05472636815920398,0.0,1.3099873963954354,0.4986313761544849,0.7540845918514544,0.6261417508279461,0.0,0.0,0.9855072463768116,0.46813213769623746,0.5742969524688,0.6527826866252467,2.3649432183650005,0.5019462999989628,0.49166666666666664,1
private_seed_audit,budget_18_neg_diag_extreme,double-loop,1003,3,hard,smooth,connected,high,structured_dropout,blind-sa,protocol_b,0.12521129592300012,0.921875,0.33251231527093594,0.5102274236262405,0.18775354843332698,0.06260564796150006,0.09146148112696424,0.2915411985570472,0.0,0.0,0.7392638036809815,0.0003515738896387464,0.03898351728835793,0.06664556430823299,0.003291664993079202,0.1745059000022593,0.5416666666666666,1
private_seed_audit,budget_18_neg_diag_extreme,double-loop,1003,3,hard,smooth,connected,high,structured_dropout,evolutionary-blind,protocol_b,0.12323805545610615,0.96875,0.2928870292887029,0.44552899850904143,0.1578431293605671,0.061619027728053076,0.09249339453483642,0.25842685782506947,0.0,2.0,0.7868421052631579,0.0004060882727916357,0.051355144870524914,0.04297864347766692,0.07738605986775893,0.22303509999619564,,1
private_seed_audit,budget_18_neg_diag_extreme,double-loop,1003,3,hard,smooth,connected,high,structured_dropout,projected-gradient-blind,protocol_b,0.8480192072999215,0.0,0.020785219399538105,7.937253933193772,3.431689186098331,0.42400960364996076,0.6422499110761584,0.659644465127454,0.0,0.0,0.9805013927576601,0.4669053265310429,0.5340545339476687,0.6529047618937485,2.284458381322416,0.05676130000210833,,1
private_seed_audit,budget_18_neg_diag_extreme,double-loop,1003,3,hard,smooth,connected,high,structured_dropout,subset-affine-blind,protocol_b,0.6166334561832683,0.03125,0.023980815347721823,7.937253933193772,0.9481621379674695,0.30831672809163413,0.5533120545696355,0.6931471794144648,0.0,0.0,0.9739130434782609,0.5091849515532387,0.5340545339476687,0.6529047618937485,2.284458381322416,0.8812924000012572,,1
private_seed_audit,budget_18_neg_diag_extreme,mean-reversion,1000,0,hard,jagged,connected,high,structured_dropout,ambiguity-set-sampler,protocol_b,0.34858644577205417,0.296875,0.07389937106918239,2.604356515051844,0.534573133906766,0.17429322288602708,0.3427320548627326,0.621739541902137,0.0,3.0,0.9314079422382672,0.1149838802192773,0.5745284403177682,0.5169731662879905,1.610418703478616,1.3768761000028462,,6
private_seed_audit,budget_18_neg_diag_extreme,mean-reversion,1000,0,hard,jagged,connected,high,structured_dropout,best-of-k-restart-blind,protocol_b,0.6949385059195866,0.0625,0.06260575296108291,0.0,1.6991068781047127,0.3474692529597933,0.5972224350082613,0.6630842026523878,0.0,3.0,0.9390962671905697,0.44046795015413626,0.5876639901118803,0.6231284204105202,1.9505262853584653,0.4955899999986286,0.03333333333333333,1
private_seed_audit,budget_18_neg_diag_extreme,mean-reversion,1000,0,hard,jagged,connected,high,structured_dropout,blind-sa,protocol_b,0.16052151455632876,0.921875,0.1866840731070496,0.3415289480035489,0.24232809510882095,0.08026075727816438,0.09755186472683257,0.46209811913686183,0.0,0.0,0.8617511520737327,0.00039434018068849777,0.07439213482385516,0.06354770950614506,0.016305218667110655,0.17351150000467896,0.03333333333333333,1
private_seed_audit,budget_18_neg_diag_extreme,mean-reversion,1000,0,hard,jagged,connected,high,structured_dropout,evolutionary-blind,protocol_b,0.15473221319961133,0.96875,0.20675675675675675,0.27654601979718707,0.21342314882787408,0.07736610659980567,0.09740684792590242,0.4420816582516143,0.0,0.0,0.841091492776886,0.0004312357480575203,0.03200334255416612,0.011656537350711597,0.007094166792454892,0.22210630000336096,,1
private_seed_audit,budget_18_neg_diag_extreme,mean-reversion,1000,0,hard,jagged,connected,high,structured_dropout,projected-gradient-blind,protocol_b,0.6128404353155199,0.03125,0.011583011583011582,0.0,1.1412779289779922,0.30642021765775995,0.5786959023254603,0.6931471794064407,0.0,4.0,0.9908256880733946,0.6245923964769798,0.6231284203859748,0.6231284204105202,2.295732910719621,0.06013650000386406,,1
private_seed_audit,budget_18_neg_diag_extreme,mean-reversion,1000,0,hard,jagged,connected,high,structured_dropout,subset-affine-blind,protocol_b,0.5942660249590627,0.078125,0.03541315345699832,7.937253933193774,0.8855180365173715,0.29713301247953133,0.4756562412247632,0.6647950419055595,0.0,3.0,0.9708171206225681,0.41167166073163663,0.5916613266052868,0.6125402680554849,2.021566995398739,0.8854222999943886,,1
private_seed_audit,budget_18_neg_diag_extreme,mean-reversion,1001,1,hard,jagged,connected,high,clustered_occlusion,ambiguity-set-sampler,protocol_b,0.3996289979157707,0.375,0.07928802588996764,2.5549524323251855,0.58539221005359,0.19981449895788536,0.37790983278569645,0.6391173570583564,0.0,3.0,0.9252336448598131,0.11883623859539624,0.5974490666719182,0.42764108765828246,1.6402910341168255,1.388251099997433,,6
private_seed_audit,budget_18_neg_diag_extreme,mean-reversion,1001,1,hard,jagged,connected,high,clustered_occlusion,best-of-k-restart-blind,protocol_b,0.7947947038649096,0.046875,0.022608695652173914,0.0,2.4734177477749775,0.3973973519324548,0.6537482191188164,0.693147179382727,0.0,5.0,0.9839034205231388,0.49098885386490765,0.6313679256073785,0.6231284204217491,2.144721788673313,0.5010588000004645,0.15,1
private_seed_audit,budget_18_neg_diag_extreme,mean-reversion,1001,1,hard,jagged,connected,high,clustered_occlusion,blind-sa,protocol_b,0.21535240618493326,0.84375,0.1643835616438356,0.4225626512237959,0.36922062758897445,0.10767620309246663,0.16081195437400259,0.4806694789938848,0.0,1.0,0.8608837970540099,0.0013446631968481307,0.06379258553371174,0.06010791274496187,0.07119826919985739,0.18031840000185184,0.65,1
private_seed_audit,budget_18_neg_diag_extreme,mean-reversion,1001,1,hard,jagged,connected,high,clustered_occlusion,evolutionary-blind,protocol_b,0.2163458901963282,0.875,0.19241192411924118,0.27753216220206534,0.34537449901551953,0.1081729450981641,0.143266644229957,0.3898952880092992,0.0,2.0,0.8491803278688524,0.0008405260941170155,0.052543679325771385,0.0699453071674868,0.04585604294046686,0.2209588000041549,,1
private_seed_audit,budget_18_neg_diag_extreme,mean-reversion,1001,1,hard,jagged,connected,high,clustered_occlusion,projected-gradient-blind,protocol_b,0.7150067183681189,0.046875,0.01016260162601626,0.0,1.1301151230945927,0.35750335918405945,0.5943349913367993,0.693147179395394,0.0,6.0,0.9927710843373494,0.6340055923405515,0.623128420397107,0.6231284204217491,2.2837825871012516,0.0577867999963928,,1
private_seed_audit,budget_18_neg_diag_extreme,mean-reversion,1001,1,hard,jagged,connected,high,clustered_occlusion,subset-affine-blind,protocol_b,0.569467185204585,0.09375,0.024263431542461005,7.937253933193772,0.8574851852949,0.2847335926022925,0.48826912427563113,0.6651196138976716,0.0,5.0,0.9759519038076152,0.4610405284351136,0.620695214272513,0.6125402680667137,2.0096166717803694,0.9038073000047007,,1
private_seed_audit,budget_18_neg_diag_extreme,mean-reversion,1002,2,hard,jagged,connected,high,none,ambiguity-set-sampler,protocol_b,0.34723966725246264,0.375,0.07366771159874608,2.445840206689439,0.5981563197888904,0.17361983362623132,0.3510528923345336,0.641314434226944,0.0,6.0,0.9353049907578558,0.1093620273342083,0.5974490666837409,0.4477877464754423,1.5343014240847876,1.4432935999939218,,6
private_seed_audit,budget_18_neg_diag_extreme,mean-reversion,1002,2,hard,jagged,connected,high,none,best-of-k-restart-blind,protocol_b,0.9803789536707995,0.046875,0.05132743362831858,0.0,1.6398140948684206,0.49018947683539976,0.7990547566649893,0.6931471794158914,0.0,6.0,0.9491525423728814,0.48621827161046594,0.6206952142843357,0.6527826865756279,1.9036270617483315,0.5322850000011385,0.43333333333333335,1
private_seed_audit,budget_18_neg_diag_extreme,mean-reversion,1002,2,hard,jagged,connected,high,none,blind-sa,protocol_b,0.14664730222938124,0.90625,0.2556732223903177,0.34852902603034785,0.1958100170095278,0.07332365111469062,0.09497249549729556,0.38009027369787945,0.0,6.0,0.795774647887324,0.0007891793439154303,0.08714287143114495,0.026999273471146237,0.18574376839406304,0.1762520000047516,0.10833333333333334,1
private_seed_audit,budget_18_neg_diag_extreme,mean-reversion,1002,2,hard,jagged,connected,high,none,evolutionary-blind,protocol_b,0.13773478280293236,0.9375,0.16469038208168643,0.24047480134761165,0.22377386979778327,0.06886739140146618,0.0774747659039819,0.41584379154016143,0.0,2.0,0.8624,0.0008732776503801293,0.07749582787690082,0.05546878715968896,0.08349722355072009,0.2381972000002861,,1
private_seed_audit,budget_18_neg_diag_extreme,mean-reversion,1002,2,hard,jagged,connected,high,none,projected-gradient-blind,protocol_b,0.635734307838391,0.046875,0.028,0.0,1.1627237188452302,0.3178671539191955,0.5811020414606778,0.6931471794285585,0.0,7.0,0.9679802955665024,0.6257624599760698,0.6231284204089299,0.6527826865756279,2.1777929770692137,0.05966690000059316,,1
private_seed_audit,budget_18_neg_diag_extreme,mean-reversion,1002,2,hard,jagged,connected,high,none,subset-affine-blind,protocol_b,0.5408573108311667,0.078125,0.01916376306620209,7.93725393319377,0.9678737187125601,0.27042865541558336,0.490480690916663,0.6641197733708317,0.0,6.0,0.9855072463768116,0.42338136344357513,0.6183995574662899,0.6379864610483321,1.8666638222872638,1.149121299997205,,1
private_seed_audit,budget_18_neg_diag_extreme,mean-reversion,1003,3,hard,jagged,connected,high,moment_preserving_perturbation,ambiguity-set-sampler,protocol_b,0.35916518621873395,0.34375,0.048465266558966075,2.0761510596524664,0.5720388426335626,0.17958259310936697,0.3493664898703346,0.5940567594142008,0.0,2.0,0.952191235059761,0.07657210486938974,0.5414682206254162,0.42576943059520744,1.6707269462223264,1.431985800001712,,6
private_seed_audit,budget_18_neg_diag_extreme,mean-reversion,1003,3,hard,jagged,connected,high,moment_preserving_perturbation,best-of-k-restart-blind,protocol_b,0.7768260124257806,0.0625,0.041884816753926704,0.0,2.6640504619864305,0.3884130062128903,0.6776112890818748,0.6931471793827269,0.0,2.0,0.9516483516483516,0.48366713949000273,0.5535980211833837,0.6231284204213442,2.184723892037075,0.5240462000001571,0.18333333333333332,1
private_seed_audit,budget_18_neg_diag_extreme,mean-reversion,1003,3,hard,jagged,connected,high,moment_preserving_perturbation,blind-sa,protocol_b,0.21263727572675928,0.796875,0.1585518102372035,0.2979786265458604,0.27688760621567726,0.10631863786337964,0.14144753842048982,0.5294087957968774,0.0,6.0,0.8699059561128526,0.0015205325926733607,0.11454333672862779,0.056224736285153565,0.06847556500031571,0.17906090000178665,0.025,1
private_seed_audit,budget_18_neg_diag_extreme,mean-reversion,1003,3,hard,jagged,connected,high,moment_preserving_perturbation,evolutionary-blind,protocol_b,0.2176102552430463,0.828125,0.16666666666666666,0.31338165357885955,0.25777235863211484,0.10880512762152315,0.13640824928572223,0.5075770114105614,0.0,1.0,0.8665620094191523,0.0012714354297706384,0.04713360409084305,0.08059348222278932,0.0074349989292819,0.22963629999867408,,1
private_seed_audit,budget_18_neg_diag_extreme,mean-reversion,1003,3,hard,jagged,connected,high,moment_preserving_perturbation,projected-gradient-blind,protocol_b,0.8206676489979997,0.03125,0.06104129263913824,7.937253933193773,4.335441105224988,0.41033382449899986,0.6703111585357672,0.6931471793827266,0.0,2.0,0.9369369369369369,0.5104303705647578,0.5598559085408392,0.5941467354251736,2.243299853422429,0.056476799996744376,,1
private_seed_audit,budget_18_neg_diag_extreme,mean-reversion,1003,3,hard,jagged,connected,high,moment_preserving_perturbation,subset-affine-blind,protocol_b,0.5058566154302693,0.125,0.04363001745200698,4.892099083078871,0.822223301064907,0.25292830771513464,0.48876484363154654,0.6931471793212846,0.0,2.0,0.9563318777292577,0.2604497020603315,0.5363934875098327,0.5638328630967416,1.8649378480601002,1.149003400001675,,1
private_seed_audit,budget_18_neg_diag_extreme,multi-hole,1000,0,hard,smooth,connected,high,structured_dropout,ambiguity-set-sampler,protocol_b,0.3379408060478316,0.34375,0.0955585464333782,1.3626837639665657,0.4266891133131546,0.1689704030239158,0.318390198099229,0.5879644365907502,0.0,5.0,0.9365558912386707,0.07781360515755652,0.5360626743775909,0.29969160791943505,1.6822754025518185,1.4377524000010453,,6
private_seed_audit,budget_18_neg_diag_extreme,multi-hole,1000,0,hard,smooth,connected,high,structured_dropout,best-of-k-restart-blind,protocol_b,0.7534700393484365,0.0,0.03582554517133956,0.0,1.0226300708635279,0.37673501967421824,0.5618546095384143,0.6336671165037671,0.0,5.0,0.9644128113879004,0.43338960125549936,0.5861483730602649,0.6527826865639522,1.9383480720416693,0.5070399000032921,0.6416666666666667,1
private_seed_audit,budget_18_neg_diag_extreme,multi-hole,1000,0,hard,smooth,connected,high,structured_dropout,blind-sa,protocol_b,0.0951639159540629,0.984375,0.24937343358395989,0.4258706441266387,0.18405979858560234,0.04758195797703145,0.07256398206055004,0.1922074274499038,0.0,3.0,0.7997076023391813,0.0003951947458302186,0.09517916665149262,0.0472557334102629,0.0014737080363058652,0.1770468000031542,0.5916666666666667,1
private_seed_audit,budget_18_neg_diag_extreme,multi-hole,1000,0,hard,smooth,connected,high,structured_dropout,evolutionary-blind,protocol_b,0.0916247024079019,1.0,0.2698612862547289,0.33244122224152184,0.09025034008460874,0.04581235120395095,0.0663863020957343,0.23478952574597933,0.0,1.0,0.7670043415340086,0.00037949450362442056,0.08048273549839563,0.018180471272477183,0.13444290413869053,0.2382549999965704,,1
private_seed_audit,budget_18_neg_diag_extreme,multi-hole,1000,0,hard,smooth,connected,high,structured_dropout,projected-gradient-blind,protocol_b,0.8001498052568037,0.0,0.0290519877675841,5.760153007998579,1.0899250394498274,0.40007490262840184,0.5822093751367096,0.6931471794009016,0.0,5.0,0.9720767888307156,0.4566529742465335,0.5900058402459151,0.5882962850378302,1.9699116079060106,0.06315059999906225,,1
private_seed_audit,budget_18_neg_diag_extreme,multi-hole,1000,0,hard,smooth,connected,high,structured_dropout,subset-affine-blind,protocol_b,0.6001540093080098,0.09375,0.0264797507788162,5.547737587182689,0.9490653937652589,0.3000770046540049,0.4764760869286453,0.6709823099062564,0.0,5.0,0.9751332149200711,0.2567815311269077,0.5498148841469064,0.5718672948460386,1.639653650851578,0.965207699999155,,1
private_seed_audit,budget_18_neg_diag_extreme,multi-hole,1001,1,hard,smooth,connected,high,clustered_occlusion,ambiguity-set-sampler,protocol_b,0.36707141602907023,0.265625,0.05858854860186418,1.4536475782049916,0.4907272389279405,0.18353570801453511,0.32265929091845763,0.6209722248166034,0.0,0.0,0.9493865030674846,0.07685167046600219,0.5974770175591348,0.28680978325658985,1.6579913713399672,1.3712453999978607,,6
private_seed_audit,budget_18_neg_diag_extreme,multi-hole,1001,1,hard,smooth,connected,high,clustered_occlusion,best-of-k-restart-blind,protocol_b,0.8454728472577551,0.0,0.023474178403755867,0.0,1.041376081281436,0.42273642362887753,0.578058778380571,0.6931471793799592,0.0,0.0,0.9771929824561404,0.448819009217465,0.6132104464949226,0.6231284203975109,1.9049526945014341,0.49884660000680014,0.6333333333333333,1
private_seed_audit,budget_18_neg_diag_extreme,multi-hole,1001,1,hard,smooth,connected,high,clustered_occlusion,blind-sa,protocol_b,0.2045770596163006,0.703125,0.20027816411682892,0.47309226634506424,0.3565124103810273,0.1022885298081503,0.1576073677186038,0.313610788864347,0.0,3.0,0.8460291734197731,0.004033373130792009,0.04677895512012602,0.10913791527373032,0.012263116512405858,0.18809000000328524,0.6083333333333333,1
private_seed_audit,budget_18_neg_diag_extreme,multi-hole,1001,1,hard,smooth,connected,high,clustered_occlusion,evolutionary-blind,protocol_b,0.2248275986050243,0.6875,0.21024258760107817,0.33641008945811257,0.33545440358333545,0.11241379930251215,0.17882246807447835,0.23104054813615654,0.0,2.0,0.8333333333333334,0.0035816960066743803,0.053415202913699375,0.12157111325537015,0.017652797199354087,0.2409784000046784,,1
private_seed_audit,budget_18_neg_diag_extreme,multi-hole,1001,1,hard,smooth,connected,high,clustered_occlusion,projected-gradient-blind,protocol_b,0.8781939739841266,0.0,0.03656597774244833,5.5677643628300215,0.9730924258163831,0.4390969869920633,0.596550852528145,0.6644618825424271,0.0,0.0,0.960644007155635,0.44520525277357026,0.6183995574427663,0.5864968382371952,1.9999199608007043,0.05608439999923576,,1
private_seed_audit,budget_18_neg_diag_extreme,multi-hole,1001,1,hard,smooth,connected,high,clustered_occlusion,subset-affine-blind,protocol_b,0.645555609479547,0.0625,0.020700636942675158,6.162667672588645,0.9222839519524668,0.3227778047397735,0.48726542079141694,0.6477742184860175,0.0,0.0,0.9840142095914742,0.26359757019487867,0.5989568668091998,0.5602772954521613,1.6183902958121847,0.8826668000037898,,1
private_seed_audit,budget_18_neg_diag_extreme,multi-hole,1002,2,hard,smooth,connected,high,none,ambiguity-set-sampler,protocol_b,0.34826153627657985,0.296875,0.06423173803526448,1.4095740337852904,0.41410467847275184,0.17413076813828993,0.2998401114537331,0.6035250850048709,0.0,6.0,0.938953488372093,0.07139102399283498,0.5748227142138972,0.2868820003869258,1.6733005528611615,1.4427499000012176,,6
private_seed_audit,budget_18_neg_diag_extreme,multi-hole,1002,2,hard,smooth,connected,high,none,best-of-k-restart-blind,protocol_b,0.1237249236496894,1.0,0.24642857142857144,0.3988154731469968,0.12562353411996338,0.0618624618248447,0.0950276110481816,0.24631652606764598,0.0,6.0,0.7905405405405406,0.0008835702887074811,0.050827918534674374,0.08048137089719173,0.058341569432960316,0.5281729999987874,0.6333333333333333,1
private_seed_audit,budget_18_neg_diag_extreme,multi-hole,1002,2,hard,smooth,connected,high,none,blind-sa,protocol_b,0.12310328032621345,0.90625,0.3239795918367347,0.4721116002299295,0.16634245157713662,0.06155164016310673,0.09773709571715132,0.2900871828739476,0.0,1.0,0.7457386363636364,0.0011531272742091984,0.07582215058214647,0.07175405069844307,0.035977483626180806,0.17886309999448713,0.325,1
private_seed_audit,budget_18_neg_diag_extreme,multi-hole,1002,2,hard,smooth,connected,high,none,evolutionary-blind,protocol_b,0.1285010490092552,1.0,0.215311004784689,0.37545445339328537,0.14870471530292417,0.0642505245046276,0.10678908701056428,0.33499341183040754,0.0,4.0,0.8114525139664804,0.0005669055833326586,0.04061666368862544,0.06522632068679572,0.03574462563691583,0.22786169999744743,,1
private_seed_audit,budget_18_neg_diag_extreme,multi-hole,1002,2,hard,smooth,connected,high,none,projected-gradient-blind,protocol_b,0.8054045411796098,0.0,0.033093525179856115,4.778760887228453,0.9958969834914443,0.4027022705898049,0.5820677562922697,0.6667515737918845,0.0,6.0,0.9636963696369637,0.4211275398296976,0.5876639901108214,0.6248441428888346,2.003558509915594,0.05982979999680538,,1
private_seed_audit,budget_18_neg_diag_extreme,multi-hole,1002,2,hard,smooth,connected,high,none,subset-affine-blind,protocol_b,0.6481241517330695,0.0625,0.0364963503649635,6.563821168995382,0.9518806502939055,0.32406207586653474,0.47681792339903967,0.6472756341555321,0.0,6.0,0.9667221297836939,0.21996831183787396,0.574354503308462,0.6565680301892929,1.6575723533090847,1.1410361000016565,,1
private_seed_audit,budget_18_neg_diag_extreme,multi-hole,1003,3,hard,smooth,connected,high,moment_preserving_perturbation,ambiguity-set-sampler,protocol_b,0.37410103621766216,0.203125,0.09626436781609195,1.4542216764860847,0.4938174278045637,0.18705051810883108,0.3319178873672586,0.6931471790974573,0.0,2.0,0.9242174629324547,0.0808773490431441,0.5745284403166928,0.325687548728898,1.7054879016570292,1.4317494999995688,,6
private_seed_audit,budget_18_neg_diag_extreme,multi-hole,1003,3,hard,smooth,connected,high,moment_preserving_perturbation,best-of-k-restart-blind,protocol_b,0.24153784315881527,0.5625,0.1375921375921376,0.23301732536633582,0.3890981560035167,0.12076892157940763,0.1561995776235484,0.5711336883588345,0.0,0.0,0.8885672937771346,0.0045694491347231265,0.09421688281976523,0.10069931711242652,0.05597525884043186,0.5225640999997267,0.7916666666666666,1
private_seed_audit,budget_18_neg_diag_extreme,multi-hole,1003,3,hard,smooth,connected,high,moment_preserving_perturbation,blind-sa,protocol_b,0.23121422975537453,0.609375,0.15547263681592038,0.24897695307549747,0.3718942524624331,0.11560711487768727,0.15512279171314236,0.615502230307027,0.0,1.0,0.8742857142857143,0.00505470368267771,0.10605321440272528,0.06808594976205419,0.08020618138885371,0.1808290000044508,0.30833333333333335,1
private_seed_audit,budget_18_neg_diag_extreme,multi-hole,1003,3,hard,smooth,connected,high,moment_preserving_perturbation,evolutionary-blind,protocol_b,0.22510624537420065,0.625,0.14321608040201006,0.20991792770529805,0.35064441518782874,0.11255312268710033,0.1500321455282499,0.5822258238458825,0.0,0.0,0.8942028985507247,0.003585568013964339,0.09470151544045895,0.0890734839325688,0.13793592098698682,0.23007179999694927,,1
private_seed_audit,budget_18_neg_diag_extreme,multi-hole,1003,3,hard,smooth,connected,high,moment_preserving_perturbation,projected-gradient-blind,protocol_b,0.8089551360578563,0.03125,0.03728813559322034,4.7245917179835955,0.98794891413852,0.40447756802892815,0.5710029251985015,0.6655508092418032,0.0,1.0,0.9594594594594594,0.4621416363654978,0.5894958841483302,0.5827456995017697,2.0796729541160843,0.058734199999889825,,1
private_seed_audit,budget_18_neg_diag_extreme,multi-hole,1003,3,hard,smooth,connected,high,moment_preserving_perturbation,subset-affine-blind,protocol_b,0.6297733529530785,0.03125,0.02471169686985173,5.567764362830021,0.9285924836730218,0.31488667647653923,0.4891571925743598,0.6667515737918848,0.0,1.0,0.9776536312849162,0.3511666635409195,0.5814612487913422,0.6127863564675087,1.908224543753563,1.1384698000038043,,1
private_seed_audit,budget_18_neg_diag_extreme,nested-rings,1000,0,hard,smooth,connected,high,none,ambiguity-set-sampler,protocol_b,0.3930088182151848,0.25,0.09208972845336481,1.345417488035951,0.43079785825447164,0.1965044091075924,0.3310874897815897,0.6359225798245716,0.0,1.0,0.9237057220708447,0.08113551819606729,0.5585815821454423,0.21521724595811167,1.785790727844095,1.4306689000004553,,6
private_seed_audit,budget_18_neg_diag_extreme,nested-rings,1000,0,hard,smooth,connected,high,none,best-of-k-restart-blind,protocol_b,0.11091451240424473,1.0,0.22392638036809817,0.47179600084930734,0.13960532695027286,0.055457256202122364,0.07823132860532143,0.24224498831045177,0.0,2.0,0.8339350180505415,0.0008378092505739155,0.057665357354865346,0.044011584443727075,0.03248267890033141,0.5319996000034735,0.65,1
private_seed_audit,budget_18_neg_diag_extreme,nested-rings,1000,0,hard,smooth,connected,high,none,blind-sa,protocol_b,0.11091451240424473,1.0,0.22392638036809817,0.47179600084930734,0.13960532695027286,0.055457256202122364,0.07823132860532143,0.24224498831045177,0.0,2.0,0.8339350180505415,0.0008378092505739155,0.057665357354865346,0.044011584443727075,0.03248267890033141,0.17886469999939436,0.6,1
private_seed_audit,budget_18_neg_diag_extreme,nested-rings,1000,0,hard,smooth,connected,high,none,evolutionary-blind,protocol_b,0.11049984191180375,1.0,0.2442827442827443,0.44613928281598153,0.1357652535483177,0.05524992095590187,0.07893187875702838,0.22712173058815166,0.0,1.0,0.7982779827798279,0.00038915170483890156,0.05509947586535327,0.038514521692420756,0.1268486406161764,0.23075290000269888,,1
private_seed_audit,budget_18_neg_diag_extreme,nested-rings,1000,0,hard,smooth,connected,high,none,projected-gradient-blind,protocol_b,0.725526385316843,0.03125,0.025787965616045846,5.615477850103855,0.9207645879896577,0.3627631926584215,0.5246913161190633,0.6931471793202788,0.0,1.0,0.9765100671140939,0.22425518646067108,0.5538789315913102,0.5214849055390167,1.8104403602939272,0.057963900006143376,,1
private_seed_audit,budget_18_neg_diag_extreme,nested-rings,1000,0,hard,smooth,connected,high,none,subset-affine-blind,protocol_b,0.609952567429603,0.0625,0.04011887072808321,4.5476927835858225,0.8330665153336797,0.3049762837148015,0.47432703778163615,0.6453033493943419,0.0,1.0,0.9596491228070175,0.2990760659402089,0.557331216226012,0.5214849055390167,1.9360559934149715,1.1416507999965688,,1
private_seed_audit,budget_18_neg_diag_extreme,nested-rings,1001,1,hard,smooth,connected,high,moment_preserving_perturbation,ambiguity-set-sampler,protocol_b,0.3737552610961558,0.171875,0.09951456310679611,1.6183716853595722,0.4425333471061294,0.1868776305480779,0.3285142630570345,0.648576335637769,0.0,1.0,0.907563025210084,0.07682010786591639,0.5747251086883572,0.3518627048491183,1.5404089711819153,1.4320588999980828,,6
private_seed_audit,budget_18_neg_diag_extreme,nested-rings,1001,1,hard,smooth,connected,high,moment_preserving_perturbation,best-of-k-restart-blind,protocol_b,0.21874186284610186,0.78125,0.2204724409448819,0.21187717218278646,0.3537784151415494,0.10937093142305093,0.1389616257521664,0.5075770114105616,0.0,2.0,0.8142857142857143,0.004988668660605513,0.19556296484950286,0.05398771435626504,0.11243851988211473,0.5276840000005905,0.5916666666666667,1
private_seed_audit,budget_18_neg_diag_extreme,nested-rings,1001,1,hard,smooth,connected,high,moment_preserving_perturbation,blind-sa,protocol_b,0.23228380988627192,0.6875,0.19783783783783784,0.2753132311675101,0.37465985823036696,0.11614190494313596,0.15274459815719688,0.5512405801831933,0.0,2.0,0.8461538461538461,0.004011837347303615,0.13386927677310095,0.13891240456207224,0.07116855094265606,0.1789336999936495,0.5083333333333333,1
private_seed_audit,budget_18_neg_diag_extreme,nested-rings,1001,1,hard,smooth,connected,high,moment_preserving_perturbation,evolutionary-blind,protocol_b,0.21907973605186384,0.796875,0.21597300337457817,0.2043153074425753,0.353990591611782,0.10953986802593192,0.13820894986103777,0.5075770114105616,0.0,1.0,0.8160621761658031,0.00570420186468426,0.18729782583083357,0.051606544599190216,0.13792623716657593,0.22896919999766396,,1
private_seed_audit,budget_18_neg_diag_extreme,nested-rings,1001,1,hard,smooth,connected,high,moment_preserving_perturbation,projected-gradient-blind,protocol_b,0.8342598836519166,0.0,0.022696929238985315,5.582206758971839,1.409054333094211,0.4171299418259583,0.582624201115804,0.6931471793566337,0.0,1.0,0.9754601226993865,0.40613545322894956,0.605956435357459,0.5683681914088826,1.8280451765361074,0.05782490000274265,,1
private_seed_audit,budget_18_neg_diag_extreme,nested-rings,1001,1,hard,smooth,connected,high,moment_preserving_perturbation,subset-affine-blind,protocol_b,0.5925280235164856,0.078125,0.023351648351648352,4.723336317252736,0.8744228987515531,0.2962640117582428,0.47913643740779754,0.6692252643573104,0.0,1.0,0.9811320754716981,0.298632230249797,0.591490481780149,0.573575966442585,1.628742900195318,1.138113599998178,,1
private_seed_audit,budget_18_neg_diag_extreme,nested-rings,1002,2,hard,smooth,connected,high,structured_dropout,ambiguity-set-sampler,protocol_b,0.3604061334767653,0.265625,0.10037641154328733,1.2945034679878709,0.3698188470837843,0.18020306673838266,0.2988767171889455,0.6060088975792376,0.0,2.0,0.9066478076379066,0.06777577352832073,0.2252748537093185,0.22264705846141677,0.5663811774628402,1.4072070000038366,,6
private_seed_audit,budget_18_neg_diag_extreme,nested-rings,1002,2,hard,smooth,connected,high,structured_dropout,best-of-k-restart-blind,protocol_b,0.09989661505002241,0.96875,0.19795221843003413,0.4056892894495115,0.13616311570658096,0.049948307525011205,0.08452562003149734,0.2888113244881959,0.0,7.0,0.8256274768824307,0.0010660713871252256,0.08755819135725246,0.0546765115596026,0.1795043040608122,0.5054205999986152,0.4583333333333333,1
private_seed_audit,budget_18_neg_diag_extreme,nested-rings,1002,2,hard,smooth,connected,high,structured_dropout,blind-sa,protocol_b,0.12621289670078836,1.0,0.23333333333333334,0.3992946989871487,0.1461660294196546,0.06310644835039418,0.08614497373689431,0.2499543153637438,0.0,1.0,0.7997293640054127,0.00042233097806336885,0.07836275867973314,0.061305224075427676,0.079439176707774,0.17341209999722196,0.36666666666666664,1
private_seed_audit,budget_18_neg_diag_extreme,nested-rings,1002,2,hard,smooth,connected,high,structured_dropout,evolutionary-blind,protocol_b,0.12335380602635342,0.9375,0.19577308120133483,0.32698767941582074,0.16807779340345022,0.06167690301317671,0.09879232394124587,0.21949660661102874,0.0,1.0,0.8444730077120822,0.0012555186231833406,0.07676869461146912,0.044062269123474086,0.08960289055558679,0.22437820000050124,,1
private_seed_audit,budget_18_neg_diag_extreme,nested-rings,1002,2,hard,smooth,connected,high,structured_dropout,projected-gradient-blind,protocol_b,0.5946974673772066,0.03125,0.03619909502262444,4.748486044906867,0.9403800950747695,0.2973487336886033,0.4999475646840926,0.6931471793534675,0.0,0.0,0.9628378378378378,0.2530322662187128,0.5861053618232326,0.5624313430919141,1.7544458153390505,0.0582873000021209,,1
private_seed_audit,budget_18_neg_diag_extreme,nested-rings,1002,2,hard,smooth,connected,high,structured_dropout,subset-affine-blind,protocol_b,0.6289041061717577,0.046875,0.0289193302891933,3.538259740028325,0.882837218784446,0.31445205308587887,0.46436893633205983,0.6931471793057622,0.0,0.0,0.9692832764505119,0.2386469391985392,0.595750036600093,0.5122497076519819,1.8929546247152775,0.8754083999956492,,1
private_seed_audit,budget_18_neg_diag_extreme,nested-rings,1003,3,hard,smooth,connected,high,clustered_occlusion,ambiguity-set-sampler,protocol_b,0.3496552495082619,0.296875,0.12466487935656836,1.4049767833225628,0.4960978074030302,0.17482762475413094,0.31447510981992766,0.6345134142358884,0.0,0.0,0.9105812220566318,0.079889999989062,0.5532536200510219,0.24983074009544015,1.8461577422980655,1.4100481999994372,,6
private_seed_audit,budget_18_neg_diag_extreme,nested-rings,1003,3,hard,smooth,connected,high,clustered_occlusion,best-of-k-restart-blind,protocol_b,0.7032933872237461,0.0,0.04219409282700422,0.0,0.7903300208685762,0.35164669361187306,0.5320912999691612,0.6661240163046391,0.0,1.0,0.9569377990430622,0.3639705191665411,0.5768222229330313,0.6231284204094985,1.7172214709719023,0.5057009000011021,0.6,1
private_seed_audit,budget_18_neg_diag_extreme,nested-rings,1003,3,hard,smooth,connected,high,clustered_occlusion,blind-sa,protocol_b,0.23530667007064823,0.59375,0.19284940411700974,0.3982736626148115,0.4029240577064448,0.11765333503532412,0.1649960830086843,0.42310175142217127,0.0,2.0,0.8606965174129353,0.0014586668233047624,0.051296780214091814,0.09486591208601561,0.018939933094475503,0.1742554999946151,0.55,1
private_seed_audit,budget_18_neg_diag_extreme,nested-rings,1003,3,hard,smooth,connected,high,clustered_occlusion,evolutionary-blind,protocol_b,0.24506799762886494,0.59375,0.15489989462592202,0.3771037021698431,0.42636575847871383,0.12253399881443247,0.16425021941158827,0.3345930730662776,0.0,1.0,0.872996300863132,0.0018839546285915874,0.04100204584623332,0.056324890410082484,0.025284577622699977,0.22590370000398252,,1
private_seed_audit,budget_18_neg_diag_extreme,nested-rings,1003,3,hard,smooth,connected,high,clustered_occlusion,projected-gradient-blind,protocol_b,0.8316590926705842,0.015625,0.02710843373493976,7.937253933193771,1.0066214211912266,0.4158295463352921,0.5846469993797871,0.6615844652138125,0.0,1.0,0.9708904109589042,0.4368312039687398,0.6009664675090691,0.612540268054463,1.9684274607750554,0.058707100004539825,,1
private_seed_audit,budget_18_neg_diag_extreme,nested-rings,1003,3,hard,smooth,connected,high,clustered_occlusion,subset-affine-blind,protocol_b,0.6031139654419252,0.078125,0.0364741641337386,5.453198923641686,0.8780329717139234,0.3015569827209626,0.46046133043754855,0.6696933197843997,0.0,1.0,0.9620034542314335,0.27543399226082077,0.5699871342767922,0.5735115047141212,1.6467137848416573,0.8995816999959061,,1
private_seed_audit,budget_18_neg_diag_extreme,pinwheel,1000,0,hard,jagged,connected,high,none,ambiguity-set-sampler,protocol_b,0.307317127540578,0.4375,0.05138888888888889,1.3444500963546222,0.6065870565488763,0.153658563770289,0.309309930579404,0.6495382376586623,0.0,4.0,0.9497568881685575,0.06721894089318714,0.5765154606397402,0.2894175000696606,1.6350677314631703,1.4539323999997578,,6
private_seed_audit,budget_18_neg_diag_extreme,pinwheel,1000,0,hard,jagged,connected,high,none,best-of-k-restart-blind,protocol_b,0.1654614862013336,0.859375,0.27800829875518673,0.19408101280469714,0.20849928372323673,0.0827307431006668,0.09728913888258091,0.40072571267622414,0.0,3.0,0.7733990147783252,0.0008954794062038751,0.03547857436522964,0.03298851145620869,0.01809316467305644,0.5347125999978743,0.5916666666666667,1
private_seed_audit,budget_18_neg_diag_extreme,pinwheel,1000,0,hard,jagged,connected,high,none,blind-sa,protocol_b,0.1667211475535477,0.953125,0.20278833967046894,0.2498434889586394,0.22520832900184198,0.08336057377677385,0.09778728362687054,0.3790648633423742,0.0,3.0,0.8516320474777448,0.0007424493642554078,0.03590496394697454,0.05078799952510887,0.004272709035173072,0.17887010000413284,0.26666666666666666,1
private_seed_audit,budget_18_neg_diag_extreme,pinwheel,1000,0,hard,jagged,connected,high,none,evolutionary-blind,protocol_b,0.1737684256093619,0.9375,0.2227784730913642,0.17362554219276471,0.2357660853611085,0.08688421280468095,0.10345765419806566,0.40072571267622414,0.0,0.0,0.8464977645305514,0.0012145312283290588,0.06537216844752655,0.06095868338526665,0.1463482781674008,0.23404129999835277,,1
private_seed_audit,budget_18_neg_diag_extreme,pinwheel,1000,0,hard,jagged,connected,high,none,projected-gradient-blind,protocol_b,0.6571701682015483,0.046875,0.01761252446183953,0.0,0.9792365037299339,0.32858508410077414,0.5678657317060017,0.693147179395394,0.0,5.0,0.9883720930232558,0.6310161198375068,0.6231284203857111,0.597443654613956,2.256154105983869,0.06540569999924628,,1
private_seed_audit,budget_18_neg_diag_extreme,pinwheel,1000,0,hard,jagged,connected,high,none,subset-affine-blind,protocol_b,0.4894816686440875,0.171875,0.05335628227194492,5.371126512276067,0.8035757033698079,0.24474083432204374,0.46620763709577906,0.6931471792972348,0.0,4.0,0.9519038076152304,0.2591080130908936,0.5743545033092576,0.583624389292611,1.5649613240162035,1.1353310000049532,,1
private_seed_audit,budget_18_neg_diag_extreme,pinwheel,1001,1,hard,jagged,connected,high,moment_preserving_perturbation,ambiguity-set-sampler,protocol_b,0.33223390634809347,0.453125,0.057746478873239436,1.5922492969837168,0.7379402552699681,0.16611695317404673,0.33313584554700526,0.6465052154400788,0.0,0.0,0.9611021069692058,0.08260621613597353,0.5820794158895426,0.48256039114648086,1.714694524008812,1.4614030000011553,,6
private_seed_audit,budget_18_neg_diag_extreme,pinwheel,1001,1,hard,jagged,connected,high,moment_preserving_perturbation,best-of-k-restart-blind,protocol_b,0.23694482349358684,0.875,0.17385943279901356,0.2178092362113022,0.26528782235459086,0.11847241174679342,0.1426572916631731,0.584842932013949,0.0,1.0,0.8451127819548871,0.0004775428302525467,0.07802541708924951,0.048519944911748714,0.09422225859275013,0.538794300002337,0.5416666666666666,1
private_seed_audit,budget_18_neg_diag_extreme,pinwheel,1001,1,hard,jagged,connected,high,moment_preserving_perturbation,blind-sa,protocol_b,0.2188341927540578,0.875,0.17142857142857143,0.2694036797785678,0.2556625704165444,0.1094170963770289,0.13261413260655064,0.5621564723763509,0.0,3.0,0.8634423897581792,0.00038514474195430705,0.09826359821653882,0.0825142883890363,0.09792413377861342,0.1984621999945375,0.575,1
private_seed_audit,budget_18_neg_diag_extreme,pinwheel,1001,1,hard,jagged,connected,high,moment_preserving_perturbation,evolutionary-blind,protocol_b,0.23855603867729291,0.875,0.17343173431734318,0.2173504976617813,0.2652139303997344,0.11927801933864646,0.14252832913302052,0.584842932013949,0.0,1.0,0.8453453453453453,0.0005117612897310303,0.0791788541166135,0.0588095768692358,0.09720979082331249,0.23906249999708962,,1
private_seed_audit,budget_18_neg_diag_extreme,pinwheel,1001,1,hard,jagged,connected,high,moment_preserving_perturbation,projected-gradient-blind,protocol_b,0.6878323952861912,0.03125,0.011428571428571429,0.0,1.0721527261432562,0.3439161976430956,0.5820707352582694,0.693147179395394,0.0,2.0,0.9863325740318907,0.6328601073207304,0.6527826865525761,0.6931471803883654,2.2193987180240455,0.055951499998627696,,1
private_seed_audit,budget_18_neg_diag_extreme,pinwheel,1001,1,hard,jagged,connected,high,moment_preserving_perturbation,subset-affine-blind,protocol_b,0.5535206569263655,0.140625,0.01507537688442211,7.937253933193774,0.8628595629557734,0.27676032846318277,0.47054875769921894,0.6676333591803345,0.0,1.0,0.9883268482490273,0.29851117733082977,0.5531333842424755,0.6931471803768305,1.6748898163221002,1.1430102999947849,,1
private_seed_audit,budget_18_neg_diag_extreme,pinwheel,1002,2,hard,jagged,connected,high,structured_dropout,ambiguity-set-sampler,protocol_b,0.3163875737356354,0.515625,0.05313351498637602,1.3374623998236657,0.6401236843307994,0.1581937868678177,0.3035180569412785,0.6342516317603033,0.0,2.0,0.9463414634146341,0.0705219019528368,0.6022601131882359,0.37216462448222154,1.6591317619875643,1.4111545999985537,,6
private_seed_audit,budget_18_neg_diag_extreme,pinwheel,1002,2,hard,jagged,connected,high,structured_dropout,best-of-k-restart-blind,protocol_b,0.191529479902354,0.921875,0.2068527918781726,0.23399893085998597,0.21371371607419543,0.095764739951177,0.1141484517293111,0.44208165825161416,0.0,1.0,0.8528072837632776,0.0009604270934547097,0.04659443995613794,0.0393990147246111,0.057056844294423925,0.5048124000022653,0.6666666666666666,1
private_seed_audit,budget_18_neg_diag_extreme,pinwheel,1002,2,hard,jagged,connected,high,structured_dropout,blind-sa,protocol_b,0.191529479902354,0.921875,0.2068527918781726,0.23399893085998597,0.21371371607419543,0.095764739951177,0.1141484517293111,0.44208165825161416,0.0,1.0,0.8528072837632776,0.0009604270934547097,0.04659443995613794,0.0393990147246111,0.057056844294423925,0.1754538000022876,0.6083333333333333,1
private_seed_audit,budget_18_neg_diag_extreme,pinwheel,1002,2,hard,jagged,connected,high,structured_dropout,evolutionary-blind,protocol_b,0.1841893848180107,0.90625,0.18159806295399517,0.2127563649951873,0.2658171314667017,0.09209469240900535,0.1080974611056174,0.530690808679324,0.0,3.0,0.8697478991596639,0.000972101994385888,0.034745931060726695,0.05099374965439819,0.09577181178666061,0.2183997999964049,,1
private_seed_audit,budget_18_neg_diag_extreme,pinwheel,1002,2,hard,jagged,connected,high,structured_dropout,projected-gradient-blind,protocol_b,0.6943352934248459,0.03125,0.02247191011235955,7.937253933193771,2.4101272231842046,0.34716764671242295,0.5904267641356991,0.6931471793827267,0.0,4.0,0.9755639097744361,0.5694830471178898,0.6125402680303604,0.6304765257012126,2.222138477929406,0.06026150000252528,,1
private_seed_audit,budget_18_neg_diag_extreme,pinwheel,1002,2,hard,jagged,connected,high,structured_dropout,subset-affine-blind,protocol_b,0.5182349764723853,0.1875,0.04074702886247878,4.65398596082929,0.9355521035591943,0.25911748823619263,0.4700215804946134,0.6221575943356799,0.0,4.0,0.9685658153241651,0.2861347916581418,0.5975885953311737,0.5937164630861815,1.7084932922813139,0.8773670000009588,,1
private_seed_audit,budget_18_neg_diag_extreme,pinwheel,1003,3,hard,jagged,connected,high,clustered_occlusion,ambiguity-set-sampler,protocol_b,0.37354602165896755,0.328125,0.06403269754768393,1.6175030889588664,0.7111443400395684,0.18677301082948378,0.3362902522304073,0.635001923871972,0.0,1.0,0.9471228615863142,0.07321624046316616,0.37585316678039093,0.33858051659058086,0.6588633665975134,1.4029461999962223,,6
private_seed_audit,budget_18_neg_diag_extreme,pinwheel,1003,3,hard,jagged,connected,high,clustered_occlusion,best-of-k-restart-blind,protocol_b,0.2199185290868546,0.78125,0.17440401505646172,0.24032815572565366,0.33817816675967527,0.1099592645434273,0.15378092097929927,0.46570826067777427,0.0,2.0,0.856929955290611,0.003791772972284708,0.06504051398701739,0.044650706851008554,0.026312078655187143,0.5095577000029152,0.4666666666666667,1
private_seed_audit,budget_18_neg_diag_extreme,pinwheel,1003,3,hard,jagged,connected,high,clustered_occlusion,blind-sa,protocol_b,0.24512221106496168,0.765625,0.17262638717632553,0.3299625737613402,0.33517841334862475,0.12256110553248084,0.16656420578853784,0.530690808679324,0.0,5.0,0.8567251461988304,0.003050333645528018,0.10864328508694568,0.04894162295498565,0.027235022323521374,0.1738351000021794,0.49166666666666664,1
private_seed_audit,budget_18_neg_diag_extreme,pinwheel,1003,3,hard,jagged,connected,high,clustered_occlusion,evolutionary-blind,protocol_b,0.21426346788167677,0.890625,0.19799498746867167,0.2559859619385099,0.31579068328083165,0.10713173394083839,0.14381749419278922,0.47653868534469923,0.0,3.0,0.8387096774193549,0.0022464148801900063,0.06197632715446816,0.049003816745291015,0.0333330854019902,0.22347119999903953,,1
private_seed_audit,budget_18_neg_diag_extreme,pinwheel,1003,3,hard,jagged,connected,high,clustered_occlusion,projected-gradient-blind,protocol_b,0.6719563775663646,0.03125,0.015473887814313346,0.0,1.0683791934413585,0.3359781887831823,0.5661207292905598,0.693147179395394,0.0,2.0,0.9887892376681614,0.6328601073206058,0.5974436546125788,0.6231284203986751,2.2236859140319414,0.057509899997967295,,1
private_seed_audit,budget_18_neg_diag_extreme,pinwheel,1003,3,hard,jagged,connected,high,clustered_occlusion,subset-affine-blind,protocol_b,0.5549968914289988,0.109375,0.038461538461538464,4.543744365172647,0.9600226161015324,0.2774984457144994,0.486757508842056,0.6931471793212846,0.0,1.0,0.9662027833001988,0.36575535280526916,0.5830314923580553,0.5891515106881273,1.9495199987110592,0.905670200001623,,1
private_seed_audit,budget_18_neg_diag_extreme,spiral,1000,0,hard,smooth,connected,high,structured_dropout,ambiguity-set-sampler,protocol_b,0.3985694658024785,0.234375,0.05510752688172043,1.4975476735210034,0.5011963037871393,0.19928473290123924,0.33424606041826405,0.6636994053952017,0.0,2.0,0.9466248037676609,0.09372738517578674,0.555216673978528,0.3361827792772357,1.5779426666898253,1.401083100005053,,6
private_seed_audit,budget_18_neg_diag_extreme,spiral,1000,0,hard,smooth,connected,high,structured_dropout,best-of-k-restart-blind,protocol_b,0.10354615770354417,1.0,0.21092896174863388,0.4110154078072443,0.13415120653475518,0.051773078851772084,0.0685395674771611,0.29383030118263287,0.0,3.0,0.8492268041237113,0.0006810836813561348,0.03478407911221318,0.06314699175968896,0.04850274305728908,0.5054565999962506,0.475,1
private_seed_audit,budget_18_neg_diag_extreme,spiral,1000,0,hard,smooth,connected,high,structured_dropout,blind-sa,protocol_b,0.10354615770354417,1.0,0.21092896174863388,0.4110154078072443,0.13415120653475518,0.051773078851772084,0.0685395674771611,0.29383030118263287,0.0,3.0,0.8492268041237113,0.0006810836813561348,0.03478407911221318,0.06314699175968896,0.04850274305728908,0.17612129999906756,0.4583333333333333,1
private_seed_audit,budget_18_neg_diag_extreme,spiral,1000,0,hard,smooth,connected,high,structured_dropout,evolutionary-blind,protocol_b,0.09932845057308097,1.0,0.21309655937846836,0.38773315186532364,0.14616538606258472,0.049664225286540485,0.06886840435651267,0.29383030118263287,0.0,3.0,0.8370273794002607,0.0007959574541334369,0.05244102740285923,0.05067965904396292,0.006844118403947164,0.22367079999821726,,1
private_seed_audit,budget_18_neg_diag_extreme,spiral,1000,0,hard,smooth,connected,high,structured_dropout,projected-gradient-blind,protocol_b,0.7910496673926968,0.03125,0.03806734992679356,7.937253933193772,2.6396555829007076,0.3955248336963484,0.6012373194499304,0.6612460041691801,0.0,2.0,0.9622641509433962,0.5330334735414455,0.633357792197806,0.6022506360633639,2.150515573889928,0.057928299997001886,,1
private_seed_audit,budget_18_neg_diag_extreme,spiral,1000,0,hard,smooth,connected,high,structured_dropout,subset-affine-blind,protocol_b,0.6211449908822662,0.03125,0.027616279069767442,5.172660556671228,0.9366694777545926,0.3105724954411331,0.4757272091072201,0.6487349021146128,0.0,2.0,0.9728813559322034,0.32395812835090676,0.5647810542596334,0.5630144939471716,1.5555358285169238,0.8876286000013351,,1
private_seed_audit,budget_18_neg_diag_extreme,spiral,1001,1,hard,smooth,connected,high,clustered_occlusion,ambiguity-set-sampler,protocol_b,0.4515169696353793,0.15625,0.03911342894393742,1.8528484726126728,0.4974878061240552,0.22575848481768965,0.35862681044184763,0.6622062565734528,0.0,3.0,0.9644444444444444,0.1141610724316145,0.597449066684576,0.3612910857217866,1.5268971495350228,1.4001943000039319,,6
private_seed_audit,budget_18_neg_diag_extreme,spiral,1001,1,hard,smooth,connected,high,clustered_occlusion,best-of-k-restart-blind,protocol_b,0.19591956417956521,0.78125,0.2097669256381798,0.4297042938180418,0.49147656808108087,0.09795978208978261,0.14191159576148005,0.2696668020199804,0.0,4.0,0.8333333333333334,0.002664221307544004,0.21257892696548997,0.09273218342900083,0.08167387870612908,0.5046287000004668,0.35833333333333334,1
private_seed_audit,budget_18_neg_diag_extreme,spiral,1001,1,hard,smooth,connected,high,clustered_occlusion,blind-sa,protocol_b,0.20266342672481386,0.75,0.19005524861878453,0.509339751158116,0.4798119685205765,0.10133171336240693,0.15946166856640237,0.33242542639605777,0.0,0.0,0.8614993646759848,0.00619171533989677,0.1865200626162285,0.09668028722720273,0.008079358636082556,0.173560199997155,0.35833333333333334,1
private_seed_audit,budget_18_neg_diag_extreme,spiral,1001,1,hard,smooth,connected,high,clustered_occlusion,evolutionary-blind,protocol_b,0.20336786030026402,0.765625,0.1898047722342733,0.3510946788340935,0.39567241184916996,0.10168393015013201,0.15150655216166795,0.303424395992979,0.0,2.0,0.85995085995086,0.0022041224300629976,0.12324529184487135,0.05005130421777023,0.08225699636098627,0.222208999999566,,1
private_seed_audit,budget_18_neg_diag_extreme,spiral,1001,1,hard,smooth,connected,high,clustered_occlusion,projected-gradient-blind,protocol_b,0.7520185105275878,0.015625,0.01468189233278956,0.0,1.0364139909872998,0.3760092552637939,0.5715483214821442,0.693147179406441,0.0,4.0,0.982824427480916,0.5981993171475802,0.6231284204097647,0.6231284203856577,2.170388702519449,0.05819550000160234,,1
private_seed_audit,budget_18_neg_diag_extreme,spiral,1001,1,hard,smooth,connected,high,clustered_occlusion,subset-affine-blind,protocol_b,0.6162401491110634,0.0625,0.026124818577648767,7.937253933193772,0.8604735937128012,0.3081200745555317,0.4503384929741018,0.6692252643573104,0.0,3.0,0.978441127694859,0.24047833865830393,0.6039125833260897,0.6125402680306224,1.562195504253933,0.8900396000026376,,1
private_seed_audit,budget_18_neg_diag_extreme,spiral,1002,2,hard,smooth,connected,high,none,ambiguity-set-sampler,protocol_b,0.3994936650672727,0.234375,0.0525,2.042797683332519,0.4517836499218668,0.19974683253363634,0.34172583877641954,0.613955988839787,0.0,1.0,0.9559471365638766,0.10334232313034289,0.6027734277946517,0.40419497308412333,1.6380945283185395,1.4641138999941177,,6
private_seed_audit,budget_18_neg_diag_extreme,spiral,1002,2,hard,smooth,connected,high,none,best-of-k-restart-blind,protocol_b,0.8288409913999969,0.0,0.032564450474898234,0.0,1.0365810672111195,0.41442049569999845,0.5868229467622568,0.6931471793923308,0.0,1.0,0.9728867623604466,0.4687064871341292,0.6045739311904423,0.6527826865635097,2.0371457003560276,0.554939599998761,0.6583333333333333,1
private_seed_audit,budget_18_neg_diag_extreme,spiral,1002,2,hard,smooth,connected,high,none,blind-sa,protocol_b,0.14947115604272954,1.0,0.2549889135254989,0.4481099632304482,0.16368911810324652,0.07473557802136477,0.1012590897496951,0.3324785890000779,0.0,3.0,0.8052631578947369,0.00046623609613508045,0.038887940290149865,0.0648285495397807,0.08230558407787836,0.18777829999453388,0.725,1
private_seed_audit,budget_18_neg_diag_extreme,spiral,1002,2,hard,smooth,connected,high,none,evolutionary-blind,protocol_b,0.1450741274273682,1.0,0.21861471861471862,0.3641518606126594,0.15463877114305122,0.0725370637136841,0.09960795187803831,0.33539379615842024,0.0,3.0,0.8533501896333755,0.000795971097475288,0.061426030049012786,0.046348105755073574,0.05951125352242714,0.22876299999916228,,1
private_seed_audit,budget_18_neg_diag_extreme,spiral,1002,2,hard,smooth,connected,high,none,projected-gradient-blind,protocol_b,0.8085070666856115,0.0,0.017615176151761516,7.937253933193773,2.8041555819714277,0.4042535333428057,0.606887725936342,0.6931471794048286,0.0,1.0,0.9824,0.511097643208769,0.6125402680302874,0.6293566267775064,2.190452521991303,0.06433819999801926,,1
private_seed_audit,budget_18_neg_diag_extreme,spiral,1002,2,hard,smooth,connected,high,none,subset-affine-blind,protocol_b,0.647252105140148,0.03125,0.019662921348314606,6.176395041593585,0.9476757458639771,0.323626052570074,0.4557977878972098,0.6689599766797725,0.0,1.0,0.9833887043189369,0.277428427604334,0.5978314406917865,0.637986461036214,1.7086022144487845,1.1323909999991884,,1
private_seed_audit,budget_18_neg_diag_extreme,spiral,1003,3,hard,smooth,connected,high,moment_preserving_perturbation,ambiguity-set-sampler,protocol_b,0.3884477963103244,0.328125,0.0647571606475716,1.722100888691864,0.5750476899741868,0.1942238981551622,0.3559220445229954,0.6120236358026299,0.0,0.0,0.9480712166172107,0.0836045123748158,0.5758860148448897,0.3341358510819573,1.3919278818554415,1.4343255999992834,,6
private_seed_audit,budget_18_neg_diag_extreme,spiral,1003,3,hard,smooth,connected,high,moment_preserving_perturbation,best-of-k-restart-blind,protocol_b,0.2425954457107203,0.890625,0.16161616161616163,0.24601903228730934,0.4268900834410641,0.12129772285536015,0.15430172417061305,0.5711336883588347,0.0,4.0,0.8950863213811421,0.0037038578654528123,0.26632411049272586,0.11299457259522615,0.19281793879732012,0.5203532000014093,0.7583333333333333,1
private_seed_audit,budget_18_neg_diag_extreme,spiral,1003,3,hard,smooth,connected,high,moment_preserving_perturbation,blind-sa,protocol_b,0.22533353048005453,0.875,0.1685022026431718,0.3092147450740859,0.3740077411192959,0.11266676524002726,0.15566043917814598,0.5711336883588347,0.0,7.0,0.8586810228802153,0.0039054601915687816,0.263020188666081,0.09105836607431617,0.1668938930018986,0.1767349000001559,0.8083333333333333,1
private_seed_audit,budget_18_neg_diag_extreme,spiral,1003,3,hard,smooth,connected,high,moment_preserving_perturbation,evolutionary-blind,protocol_b,0.23648301505291747,0.921875,0.1629711751662971,0.2517882949921135,0.43208999013653154,0.11824150752645873,0.1502924401239584,0.5822258238458827,0.0,5.0,0.885752688172043,0.003571230177342233,0.2424243571956824,0.14634608755885647,0.20667959705704586,0.233412399997178,,1
private_seed_audit,budget_18_neg_diag_extreme,spiral,1003,3,hard,smooth,connected,high,moment_preserving_perturbation,projected-gradient-blind,protocol_b,0.8568032555518432,0.03125,0.03851640513552068,7.937253933193772,2.5651986801012483,0.4284016277759216,0.6204016368840825,0.6600614560859335,0.0,0.0,0.9646464646464646,0.5315165346756479,0.6353317886096541,0.6009424565827173,1.9869076272284456,0.057473699998809025,,1
private_seed_audit,budget_18_neg_diag_extreme,spiral,1003,3,hard,smooth,connected,high,moment_preserving_perturbation,subset-affine-blind,protocol_b,0.6246824290268805,0.0625,0.04591104734576758,5.567764362830021,0.9181808208210027,0.31234121451344027,0.5286560863440036,0.6667515737918845,0.0,0.0,0.9611486486486487,0.31643682311030896,0.6087906015588695,0.585150345277715,1.75626330948908,1.1377312999975402,,1
private_seed_audit,budget_18_neg_diag_extreme,volatility-clustering,1000,0,hard,jagged,connected,high,moment_preserving_perturbation,ambiguity-set-sampler,protocol_b,0.3639331301084809,0.5,0.076103500761035,1.8168009675432262,1.1144183822881581,0.18196656505424044,0.4424834057252043,0.6585920158733994,0.0,4.0,0.9375,0.1295548462159661,0.5750170118319352,0.45521293016256453,1.5640078222340965,1.4268722999986494,,6
private_seed_audit,budget_18_neg_diag_extreme,volatility-clustering,1000,0,hard,jagged,connected,high,moment_preserving_perturbation,best-of-k-restart-blind,protocol_b,0.22697922178961996,0.859375,0.18230563002680966,0.40677981553810644,0.2538852104324567,0.11348961089480998,0.14463629615103465,0.5142575187105356,0.0,0.0,0.8733974358974359,0.0019881416642320675,0.06930266859028952,0.08009117323195708,0.09710344558156025,0.5237587000010535,0.9333333333333333,1
private_seed_audit,budget_18_neg_diag_extreme,volatility-clustering,1000,0,hard,jagged,connected,high,moment_preserving_perturbation,blind-sa,protocol_b,0.21216615650364473,0.84375,0.19710906701708278,0.39482625663361687,0.238927526162834,0.10608307825182237,0.1411142128181122,0.5254381224615903,0.0,1.0,0.8478964401294499,0.001229516631622182,0.09981421042866762,0.07556851427586796,0.04262953316156448,0.17800800000259187,0.016666666666666666,1
private_seed_audit,budget_18_neg_diag_extreme,volatility-clustering,1000,0,hard,jagged,connected,high,moment_preserving_perturbation,evolutionary-blind,protocol_b,0.21034158842584186,0.890625,0.1978021978021978,0.323481584074479,0.27757663508968533,0.10517079421292093,0.14508208292072153,0.5156730109235943,0.0,0.0,0.8280467445742905,0.001961724132999279,0.051191224696282345,0.10532413441156943,0.0936164394520067,0.22724810000363505,,1
private_seed_audit,budget_18_neg_diag_extreme,volatility-clustering,1000,0,hard,jagged,connected,high,moment_preserving_perturbation,projected-gradient-blind,protocol_b,0.7815944520716658,0.046875,0.029209621993127148,0.0,1.3172728577369994,0.3907972260358329,0.6370701501753331,0.693147179391022,0.0,5.0,0.9694501018329938,0.48739154769220777,0.5860867912789416,0.6527826865885002,1.8562644971336526,0.059433599999465514,,1
private_seed_audit,budget_18_neg_diag_extreme,volatility-clustering,1000,0,hard,jagged,connected,high,moment_preserving_perturbation,subset-affine-blind,protocol_b,0.6618928669012323,0.0625,0.00980392156862745,6.5100948228290125,1.3441954638521143,0.33094643345061614,0.6008793443420194,0.6931471793787514,0.0,5.0,0.9884169884169884,0.43578738252705906,0.5942842992216562,0.6354558017442867,1.9992429996812902,1.1565139000013005,,1
private_seed_audit,budget_18_neg_diag_extreme,volatility-clustering,1001,1,hard,jagged,connected,high,structured_dropout,ambiguity-set-sampler,protocol_b,0.35970803518691646,0.46875,0.08024691358024691,1.8738455679014383,1.3193373190553856,0.17985401759345823,0.36555825919908047,0.6423106448868152,0.0,1.0,0.9287054409005628,0.1067101690005488,0.5630383823944876,0.44969890757551656,1.5329395579930463,1.3758414999974775,,6
private_seed_audit,budget_18_neg_diag_extreme,volatility-clustering,1001,1,hard,jagged,connected,high,structured_dropout,best-of-k-restart-blind,protocol_b,0.6990169102156224,0.078125,0.03564727954971857,0.0,1.0346771228355902,0.3495084551078112,0.5325829680831602,0.6931471793812758,0.0,1.0,0.9679633867276888,0.48270285891530085,0.553253620051503,0.6231284204112142,1.7848548919751117,0.515324399995734,0.8,1
private_seed_audit,budget_18_neg_diag_extreme,volatility-clustering,1001,1,hard,jagged,connected,high,structured_dropout,blind-sa,protocol_b,0.20910163254731082,0.890625,0.1571994715984148,0.3816465816826556,0.4389557877634461,0.10455081627365541,0.13518084055636168,0.4918963112084262,0.0,1.0,0.8625827814569537,0.001069776951105733,0.10811525616441106,0.07743063725417831,0.03310022743673802,0.16989319999993313,0.425,1
private_seed_audit,budget_18_neg_diag_extreme,volatility-clustering,1001,1,hard,jagged,connected,high,structured_dropout,evolutionary-blind,protocol_b,0.21483437629240607,0.890625,0.16914749661705006,0.360625687359052,0.4707080357871529,0.10741718814620303,0.13789322630081483,0.48574522702424583,0.0,1.0,0.8745928338762214,0.000576459110420194,0.05223770998864521,0.07519600842885389,0.14869398225286856,0.22494170000572922,,1
private_seed_audit,budget_18_neg_diag_extreme,volatility-clustering,1001,1,hard,jagged,connected,high,structured_dropout,projected-gradient-blind,protocol_b,0.7093250009613787,0.09375,0.013223140495867768,7.937253933193772,1.7827965209275105,0.35466250048068937,0.6007809486215799,0.6330212259234997,0.0,1.0,0.9880478087649402,0.49581466397039786,0.5581781963091514,0.6125402680561789,2.029044784723678,0.0573588999977801,,1
private_seed_audit,budget_18_neg_diag_extreme,volatility-clustering,1001,1,hard,jagged,connected,high,structured_dropout,subset-affine-blind,protocol_b,0.5651851164165042,0.0625,0.026737967914438502,5.63076739259103,1.403718725397361,0.2825925582082521,0.5104967998331325,0.6931471793566335,0.0,1.0,0.9806451612903225,0.3107735795851102,0.5542536859110488,0.5952133832235003,1.8730471398728956,0.8572017999977106,,1
private_seed_audit,budget_18_neg_diag_extreme,volatility-clustering,1002,2,hard,jagged,connected,high,clustered_occlusion,ambiguity-set-sampler,protocol_b,0.3711185790893912,0.359375,0.028023598820058997,1.9321255806422406,1.1015725408947425,0.1855592895446956,0.3759831283208159,0.5924365730609954,0.0,4.0,0.9761904761904762,0.11934817605945594,0.505132017299323,0.49489390570267533,1.4506010467189678,1.389004999997269,,6
private_seed_audit,budget_18_neg_diag_extreme,volatility-clustering,1002,2,hard,jagged,connected,high,clustered_occlusion,best-of-k-restart-blind,protocol_b,0.19665574842913897,0.828125,0.2926829268292683,0.3750916710485244,0.2541692156270919,0.09832787421456948,0.13275684333963275,0.3001750597405616,0.0,2.0,0.7686832740213523,0.0018601503869971848,0.13584315224056837,0.09967408336336683,0.009945012717684332,0.5144012000018847,0.8333333333333334,1
private_seed_audit,budget_18_neg_diag_extreme,volatility-clustering,1002,2,hard,jagged,connected,high,clustered_occlusion,blind-sa,protocol_b,0.178037052940899,0.859375,0.3230293663060278,0.47169066799877757,0.264561422974622,0.0890185264704495,0.12127811568693947,0.3576560738849879,0.0,2.0,0.7390510948905109,0.002087822606694099,0.13929135972614415,0.06966859236255009,0.08589235516590676,0.1800370999990264,0.35833333333333334,1
private_seed_audit,budget_18_neg_diag_extreme,volatility-clustering,1002,2,hard,jagged,connected,high,clustered_occlusion,evolutionary-blind,protocol_b,0.19650337692596906,0.828125,0.35857805255023184,0.33907929172871304,0.2682841831170608,0.09825168846298453,0.13604189749838896,0.30325189067389935,0.0,0.0,0.7023593466424682,0.0025343649738757247,0.049084231756982,0.0969712609539143,0.16774296326835092,0.21784560000378406,,1
private_seed_audit,budget_18_neg_diag_extreme,volatility-clustering,1002,2,hard,jagged,connected,high,clustered_occlusion,projected-gradient-blind,protocol_b,0.7703169014292712,0.0625,0.007987220447284345,7.937253933193772,2.3876962167845903,0.3851584507146356,0.6213303449595312,0.6931471793827269,0.0,4.0,0.9944954128440366,0.5471637153651597,0.518968690205664,0.6656045097139738,2.0627750294468528,0.05623619999823859,,1
private_seed_audit,budget_18_neg_diag_extreme,volatility-clustering,1002,2,hard,jagged,connected,high,clustered_occlusion,subset-affine-blind,protocol_b,0.64106307117527,0.09375,0.02861952861952862,4.806675761723468,1.279361119038196,0.320531535587635,0.5362934173082905,0.6931471793212844,0.0,4.0,0.96875,0.38088586058795976,0.5041019174445818,0.6755742071207615,1.869093951168555,0.9008824000047753,,1
private_seed_audit,budget_18_neg_diag_extreme,volatility-clustering,1003,3,hard,jagged,connected,high,none,ambiguity-set-sampler,protocol_b,0.36357563954157457,0.375,0.05646359583952452,1.7889713844177173,1.2627957376244923,0.18178781977078728,0.3599121185136253,0.6142767754151559,0.0,5.0,0.95,0.0768980879052226,0.582129463493555,0.39552947630496904,1.6732202331954977,1.4293766999981017,,6
private_seed_audit,budget_18_neg_diag_extreme,volatility-clustering,1003,3,hard,jagged,connected,high,none,best-of-k-restart-blind,protocol_b,0.6260992570080289,0.046875,0.004746835443037975,0.0,1.5633746087011595,0.31304962850401447,0.5154330796392086,0.6931471793455868,0.0,5.0,0.9943820224719101,0.34571056055647753,0.5751476182264652,0.6527826865764221,1.9088481960616113,0.5274433000013232,0.525,1
private_seed_audit,budget_18_neg_diag_extreme,volatility-clustering,1003,3,hard,jagged,connected,high,none,blind-sa,protocol_b,0.14702683539461478,0.90625,0.3408408408408408,0.7129471711742812,0.2370625025748289,0.07351341769730739,0.09344578744489346,0.24201972101728794,0.0,2.0,0.7395264116575593,0.0006512275572699024,0.020138441501280798,0.08097114067850109,0.06830393147359626,0.17743569999583997,0.5083333333333333,1
private_seed_audit,budget_18_neg_diag_extreme,volatility-clustering,1003,3,hard,jagged,connected,high,none,evolutionary-blind,protocol_b,0.14586035170667125,0.921875,0.3937984496124031,0.7104545899281894,0.2243564603069368,0.07293017585333562,0.09187073941697439,0.2530228297413858,0.0,4.0,0.730909090909091,0.0006189656820410551,0.029842270927972654,0.08093215273547275,0.09012342262730666,0.22998469999583904,,1
private_seed_audit,budget_18_neg_diag_extreme,volatility-clustering,1003,3,hard,jagged,connected,high,none,projected-gradient-blind,protocol_b,0.7394215576137815,0.046875,0.023411371237458192,6.115946649320114,1.7524089294250655,0.36971077880689074,0.5999665470661104,0.6664862512686589,0.0,5.0,0.976,0.45569211017551015,0.575970098313117,0.6313679256317939,1.9654769080950538,0.0564617999989423,,1
private_seed_audit,budget_18_neg_diag_extreme,volatility-clustering,1003,3,hard,jagged,connected,high,none,subset-affine-blind,protocol_b,0.6102651615992699,0.078125,0.017094017094017096,6.204579589809664,1.701949471002543,0.30513258079963496,0.5387470687672153,0.6931471793212848,0.0,5.0,0.9878296146044625,0.2657840817738068,0.5743156107163936,0.609933670277677,1.763388425515579,1.155068799998844,,1
private_seed_audit,budget_22_broad_high_cond,barbell-bridge,1000,0,hard,jagged,connected,high,structured_dropout,ambiguity-set-sampler,protocol_b,0.2828881947546091,0.453125,0.045662100456621,1.9007570678500645,0.7866162089221527,0.14144409737730454,0.31358480418367496,0.675264343620161,0.0,0.0,0.962962962962963,0.08145405545578231,0.5530122918286711,0.4851283529062937,1.6477082782372654,1.4677213999966625,,6
private_seed_audit,budget_22_broad_high_cond,barbell-bridge,1000,0,hard,jagged,connected,high,structured_dropout,best-of-k-restart-blind,protocol_b,0.15452622914759043,0.921875,0.22189349112426035,0.3257777794906246,0.21591123790010094,0.07726311457379521,0.09740755330937861,0.38009027369787945,0.0,1.0,0.8061594202898551,0.0007584256460433418,0.04191550038933135,0.09560580518734774,0.08313544210450585,0.5016420999963884,0.45,1
private_seed_audit,budget_22_broad_high_cond,barbell-bridge,1000,0,hard,jagged,connected,high,structured_dropout,blind-sa,protocol_b,0.19084231710658306,0.9375,0.12323491655969192,0.35799561004002556,0.24887026648808241,0.09542115855329153,0.11754009880600295,0.5142575187105356,0.0,2.0,0.9110764430577223,0.0008901206975324121,0.07675116659282197,0.06868566673758295,0.07533803889685675,0.1728406999973231,0.2916666666666667,1
private_seed_audit,budget_22_broad_high_cond,barbell-bridge,1000,0,hard,jagged,connected,high,structured_dropout,evolutionary-blind,protocol_b,0.17257127416846793,0.921875,0.14285714285714285,0.27225307002258203,0.21899188254188912,0.08628563708423397,0.10420021083620716,0.5267651464106421,0.0,2.0,0.8702791461412152,0.0006104470768607105,0.06868518848771032,0.09401255641242579,0.030291577613266174,0.23351499999989755,,1
private_seed_audit,budget_22_broad_high_cond,barbell-bridge,1000,0,hard,jagged,connected,high,structured_dropout,projected-gradient-blind,protocol_b,0.6552256201991277,0.046875,0.029978586723768737,0.0,1.03574166961406,0.32761281009956383,0.5568052895765594,0.6568033774774895,0.0,2.0,0.9634464751958225,0.6274950963181816,0.5974436546002966,0.6931471803660418,2.323172860652854,0.05699270000332035,,1
private_seed_audit,budget_22_broad_high_cond,barbell-bridge,1000,0,hard,jagged,connected,high,structured_dropout,subset-affine-blind,protocol_b,0.6327882324191068,0.09375,0.008417508417508417,7.9372539331937695,0.9878394355266152,0.3163941162095534,0.5422475946576094,0.693147179391022,0.0,1.0,0.9901574803149606,0.4075640136339982,0.5913755337358452,0.6823167556815168,2.1339638801424803,0.9152800000010757,,1
private_seed_audit,budget_22_broad_high_cond,barbell-bridge,1001,1,hard,jagged,connected,high,clustered_occlusion,ambiguity-set-sampler,protocol_b,0.3533238334399501,0.40625,0.09715994020926756,2.359670495201944,0.7250003601520015,0.17666191671997505,0.3306023550208339,0.5395323363078586,0.0,4.0,0.9070567986230637,0.08148212505952318,0.5383856367892766,0.548223719623347,1.584976603593207,1.390147899997828,,6
private_seed_audit,budget_22_broad_high_cond,barbell-bridge,1001,1,hard,jagged,connected,high,clustered_occlusion,best-of-k-restart-blind,protocol_b,0.5396244610443053,0.09375,0.022091310751104567,0.0,0.9720278688649869,0.26981223052215264,0.4470270345148765,0.6651196138976716,0.0,4.0,0.9796264855687606,0.3872564878355391,0.5334586799635511,0.6931471803899355,1.6717365681337928,0.5091749999992317,0.43333333333333335,1
private_seed_audit,budget_22_broad_high_cond,barbell-bridge,1001,1,hard,jagged,connected,high,clustered_occlusion,blind-sa,protocol_b,0.2741851058934143,0.625,0.21691176470588236,0.49173896047268945,0.3385980704010455,0.13709255294670716,0.23352207528916905,0.3656704128995087,0.0,2.0,0.8447024673439768,0.0016765493513581997,0.126156930283051,0.07083611180856571,0.03283193246503169,0.17500710000604158,0.24166666666666667,1
private_seed_audit,budget_22_broad_high_cond,barbell-bridge,1001,1,hard,jagged,connected,high,clustered_occlusion,evolutionary-blind,protocol_b,0.27043232448559457,0.609375,0.2692778457772338,0.37699330655138436,0.29425218030097067,0.13521616224279728,0.2270000834181756,0.3140823153408243,0.0,0.0,0.7940340909090909,0.0015913710802819207,0.08252473167868271,0.03976564225935281,0.12863346250885233,0.2196512000009534,,1
private_seed_audit,budget_22_broad_high_cond,barbell-bridge,1001,1,hard,jagged,connected,high,clustered_occlusion,projected-gradient-blind,protocol_b,0.6858563944177745,0.0625,0.021739130434782608,6.940878123859444,1.9026434549318214,0.34292819720888723,0.5518768773261081,0.6931471793702292,0.0,4.0,0.9783001808318263,0.508666064779592,0.5535980211944682,0.6606559063255031,2.1268057923965307,0.05687059999763733,,1
private_seed_audit,budget_22_broad_high_cond,barbell-bridge,1001,1,hard,jagged,connected,high,clustered_occlusion,subset-affine-blind,protocol_b,0.7446446946623457,0.046875,0.027906976744186046,5.567764362830024,1.1417878388123512,0.37232234733117286,0.6311036292694644,0.6651196138976716,0.0,4.0,0.9730215827338129,0.4372508367443112,0.5535980211944682,0.6782288795710683,2.1268057923965307,0.8829622999983258,,1
private_seed_audit,budget_22_broad_high_cond,barbell-bridge,1002,2,hard,jagged,connected,high,none,ambiguity-set-sampler,protocol_b,0.32595774911906267,0.40625,0.07446808510638298,2.3120975512637245,0.6091306652127878,0.16297887455953133,0.2921647513403306,0.6203985488290672,0.0,0.0,0.9310344827586207,0.10606050287462787,0.6231358221381201,0.5038949311313743,1.493406532847428,1.418179300002521,,6
private_seed_audit,budget_22_broad_high_cond,barbell-bridge,1002,2,hard,jagged,connected,high,none,best-of-k-restart-blind,protocol_b,0.4513931852972219,0.203125,0.010752688172043012,0.0,0.7351809495489319,0.22569659264861094,0.4078261601536976,0.6392178031409881,0.0,2.0,0.9912126537785588,0.34693996138672123,0.6337358983898292,0.6931471804014786,1.9522736939400376,0.5198690999968676,0.8416666666666667,1
private_seed_audit,budget_22_broad_high_cond,barbell-bridge,1002,2,hard,jagged,connected,high,none,blind-sa,protocol_b,0.09890199701593842,0.96875,0.25068870523415976,0.31561635478394057,0.22505307212101222,0.04945099850796921,0.05470840082969945,0.36307709360753415,0.0,1.0,0.7945859872611465,0.0004043365797383098,0.058592315157640545,0.06878302419790344,0.12806826132531235,0.17584070000157226,0.8916666666666667,1
private_seed_audit,budget_22_broad_high_cond,barbell-bridge,1002,2,hard,jagged,connected,high,none,evolutionary-blind,protocol_b,0.16270627606616536,1.0,0.2713498622589532,0.2814924068834767,0.1708101177712145,0.08135313803308268,0.09737532273318147,0.3438386285131929,0.0,4.0,0.7825396825396825,0.0004581341237166871,0.07149264432442323,0.04583258857761911,0.11074914355549081,0.22931739999330603,,1
private_seed_audit,budget_22_broad_high_cond,barbell-bridge,1002,2,hard,jagged,connected,high,none,projected-gradient-blind,protocol_b,0.6548328529424254,0.078125,0.007961783439490446,7.937253933193771,1.1508166470608407,0.3274164264712127,0.5560292940559127,0.6931471793812761,0.0,2.0,0.9926605504587156,0.52960420641959,0.6355818152823549,0.6720271237482702,1.9968563721075239,0.058436599996639416,,1
private_seed_audit,budget_22_broad_high_cond,barbell-bridge,1002,2,hard,jagged,connected,high,none,subset-affine-blind,protocol_b,0.7322498816709652,0.0625,0.02773246329526917,7.937253933193773,1.1465992253759305,0.3661249408354826,0.6216650061261987,0.6630842026523879,0.0,2.0,0.9738317757009346,0.48209609066628406,0.6420743371825872,0.6931471803899437,2.105580515575313,1.1588249999986147,,1
private_seed_audit,budget_22_broad_high_cond,barbell-bridge,1003,3,hard,jagged,connected,high,moment_preserving_perturbation,ambiguity-set-sampler,protocol_b,0.3093944257566959,0.390625,0.03905160390516039,2.2173041262973405,0.56109687120542,0.15469721287834795,0.3163522293042839,0.6224301134179352,0.0,1.0,0.9580645161290322,0.09248789339507829,0.51632662796779,0.42463677880385103,1.6544899245261195,1.424050099994929,,6
private_seed_audit,budget_22_broad_high_cond,barbell-bridge,1003,3,hard,jagged,connected,high,moment_preserving_perturbation,best-of-k-restart-blind,protocol_b,0.5143679802044837,0.109375,0.01347305389221557,0.0,0.8981549547510138,0.25718399010224186,0.432634273153643,0.6931471793702291,0.0,1.0,0.9862068965517241,0.40482714072818893,0.5974436546002482,0.6527826865768702,2.3398041317671248,0.5199959000019589,0.8,1
private_seed_audit,budget_22_broad_high_cond,barbell-bridge,1003,3,hard,jagged,connected,high,moment_preserving_perturbation,blind-sa,protocol_b,0.22145211909899293,0.90625,0.1541095890410959,0.30951970101721243,0.30850803719072695,0.11072605954949646,0.13502873312103797,0.5600415528717866,0.0,1.0,0.8755074424898511,0.0011629885640193874,0.07835274146129798,0.06089983943310104,0.058464482219117375,0.1774513999989722,0.4583333333333333,1
private_seed_audit,budget_22_broad_high_cond,barbell-bridge,1003,3,hard,jagged,connected,high,moment_preserving_perturbation,evolutionary-blind,protocol_b,0.2149484465722167,0.875,0.15070093457943926,0.23866100464207482,0.3074070806660035,0.10747422328610835,0.13015601768748725,0.5415212333462489,0.0,1.0,0.8842398884239888,0.0014271295387396341,0.08766490574237513,0.05658750390467707,0.01912650523533177,0.22509829999762587,,1
private_seed_audit,budget_22_broad_high_cond,barbell-bridge,1003,3,hard,jagged,connected,high,moment_preserving_perturbation,projected-gradient-blind,protocol_b,0.6686558100981403,0.0625,0.023809523809523808,0.0,0.9938580782790721,0.3343279050490702,0.554533799502522,0.6931471793827271,0.0,1.0,0.9722735674676525,0.5945676055876555,0.535411969185156,0.6527826865768702,2.0656382164462426,0.05734900000243215,,1
private_seed_audit,budget_22_broad_high_cond,barbell-bridge,1003,3,hard,jagged,connected,high,moment_preserving_perturbation,subset-affine-blind,protocol_b,0.6379805235140656,0.0625,0.022590361445783132,0.0,0.9450363409876815,0.3189902617570328,0.5432250923919261,0.6931471793702294,0.0,1.0,0.9739130434782609,0.46706943183937594,0.5489693523216344,0.6527826865768702,2.200743333339186,1.1464436000023852,,1
private_seed_audit,budget_22_broad_high_cond,crescent,1000,0,hard,smooth,connected,high,none,ambiguity-set-sampler,protocol_b,0.2697136669379038,0.40625,0.1440107671601615,2.168320195513558,0.7962403545273241,0.1348568334689519,0.28407693149084756,0.5620918468806486,0.0,4.0,0.875,0.028350918129894938,0.6273526578002749,0.43082624330296104,1.7029243914925027,1.4418740999972215,,6
private_seed_audit,budget_22_broad_high_cond,crescent,1000,0,hard,smooth,connected,high,none,best-of-k-restart-blind,protocol_b,0.12412881063659988,0.953125,0.18478260869565216,0.5577917248236459,0.1871096518921327,0.06206440531829994,0.0818763254442015,0.34645867985749923,0.0,0.0,0.844950213371266,0.001314234400223207,0.06862179209987909,0.07794236193149026,0.001316854128369016,0.5319224999984726,0.5666666666666667,1
private_seed_audit,budget_22_broad_high_cond,crescent,1000,0,hard,smooth,connected,high,none,blind-sa,protocol_b,0.1152950826104865,0.9375,0.204,0.6989605894657961,0.19191903339055563,0.05764754130524325,0.07847569640988686,0.24286168579568618,0.0,2.0,0.8391167192429022,0.0012156149224250546,0.09939813044583413,0.09978165183293333,0.14182188263835505,0.17917949999537086,0.525,1
private_seed_audit,budget_22_broad_high_cond,crescent,1000,0,hard,smooth,connected,high,none,evolutionary-blind,protocol_b,0.1171733130625855,0.984375,0.20634920634920634,0.4815659157492944,0.16263640945805505,0.05858665653129275,0.07381096926296744,0.36088848829660825,0.0,1.0,0.8427128427128427,0.0006264776615840667,0.03307238822409046,0.0821027886142817,0.017352754159240202,0.22778459999972256,,1
private_seed_audit,budget_22_broad_high_cond,crescent,1000,0,hard,smooth,connected,high,none,projected-gradient-blind,protocol_b,0.8784812454333979,0.015625,0.025039123630672927,7.937253933193772,4.586655574745823,0.43924062271669895,0.7310773178691494,0.6931471794269626,0.0,4.0,0.9781818181818182,0.4916175473863898,0.642074337170939,0.6686199236274437,2.0812863968548316,0.057328899994899984,,1
private_seed_audit,budget_22_broad_high_cond,crescent,1000,0,hard,smooth,connected,high,none,subset-affine-blind,protocol_b,0.6303746309931276,0.078125,0.007518796992481203,4.600247044072402,1.050391596439457,0.3151873154965638,0.5491370369057689,0.667490598273589,0.0,4.0,0.9913194444444444,0.3642542656385581,0.6279191823997148,0.6268032801140011,1.7283723606384762,1.131825199998275,,1
private_seed_audit,budget_22_broad_high_cond,crescent,1001,1,hard,smooth,connected,high,moment_preserving_perturbation,ambiguity-set-sampler,protocol_b,0.31670016813978935,0.375,0.05,2.2865435319747642,0.6991553344413557,0.15835008406989468,0.34015564822653876,0.6294635045738892,0.0,2.0,0.9487179487179487,0.05999797460184936,0.5534193381083289,0.4877191814309451,1.6670430003908085,1.4322887000016635,,6
private_seed_audit,budget_22_broad_high_cond,crescent,1001,1,hard,smooth,connected,high,moment_preserving_perturbation,best-of-k-restart-blind,protocol_b,0.22930314398993787,0.828125,0.13318284424379231,0.3531949096489654,0.29076742435963693,0.11465157199496893,0.15530226517537898,0.5839882567626666,0.0,1.0,0.9048257372654156,0.0033087825951136638,0.19830223660436225,0.10407201973363703,0.1981120650543544,0.5396039999977802,0.8666666666666667,1
private_seed_audit,budget_22_broad_high_cond,crescent,1001,1,hard,smooth,connected,high,moment_preserving_perturbation,blind-sa,protocol_b,0.24251515966191792,0.6875,0.12053571428571429,0.44873925024929023,0.3542254165756288,0.12125757983095896,0.1684044100510751,0.5621564723763507,0.0,2.0,0.912,0.0026056140541027995,0.13160671812202263,0.0795223577959719,0.12035315292307658,0.17868430000089575,0.39166666666666666,1
private_seed_audit,budget_22_broad_high_cond,crescent,1001,1,hard,smooth,connected,high,moment_preserving_perturbation,evolutionary-blind,protocol_b,0.22817340176638037,0.828125,0.133032694475761,0.3372773878555291,0.32530003661797574,0.11408670088319019,0.15658006893702373,0.5621564723763508,0.0,0.0,0.9039242219215156,0.003077420305992225,0.17130999378016165,0.12161528351658546,0.14649181010159662,0.2302380999972229,,1
private_seed_audit,budget_22_broad_high_cond,crescent,1001,1,hard,smooth,connected,high,moment_preserving_perturbation,projected-gradient-blind,protocol_b,0.8398830355320116,0.03125,0.09017713365539452,7.937253933193771,4.908572472586303,0.4199415177660058,0.7441322303378056,0.6608617605338084,0.0,2.0,0.9029850746268657,0.4971656058780171,0.6057977194577528,0.6253620911575308,2.219400994063572,0.05891249999694992,,1
private_seed_audit,budget_22_broad_high_cond,crescent,1001,1,hard,smooth,connected,high,moment_preserving_perturbation,subset-affine-blind,protocol_b,0.5816827825147,0.125,0.037993920972644375,6.726283994514229,0.9200922262840654,0.29084139125735,0.4674698294990199,0.6692252643573103,0.0,2.0,0.9597902097902098,0.2180368857464976,0.5553258032557957,0.6246253770472482,1.6189958438748941,1.1257278000048245,,1
private_seed_audit,budget_22_broad_high_cond,crescent,1002,2,hard,smooth,connected,high,structured_dropout,ambiguity-set-sampler,protocol_b,0.2826483693650933,0.5625,0.056338028169014086,1.9215493357180105,0.7183846817296001,0.14132418468254665,0.3020538726487666,0.5471195321521798,0.0,4.0,0.9561933534743202,0.03791663848263289,0.5984711588603919,0.4263317219265343,1.6792296650420413,1.4283092999976361,,6
private_seed_audit,budget_22_broad_high_cond,crescent,1002,2,hard,smooth,connected,high,structured_dropout,best-of-k-restart-blind,protocol_b,0.12123372726214357,0.96875,0.2893081761006289,0.46465440032342437,0.19061736688865166,0.060616863631071785,0.08418797168275904,0.250967081985105,0.0,2.0,0.7857142857142857,0.00035416116482620604,0.07277216456395327,0.046353209172203036,0.11660112406622236,0.5092562999998336,0.675,1
private_seed_audit,budget_22_broad_high_cond,crescent,1002,2,hard,smooth,connected,high,structured_dropout,blind-sa,protocol_b,0.12123372726214357,0.96875,0.2893081761006289,0.46465440032342437,0.19061736688865166,0.060616863631071785,0.08418797168275904,0.250967081985105,0.0,2.0,0.7857142857142857,0.00035416116482620604,0.07277216456395327,0.046353209172203036,0.11660112406622236,0.17208879999816418,0.65,1
private_seed_audit,budget_22_broad_high_cond,crescent,1002,2,hard,smooth,connected,high,structured_dropout,evolutionary-blind,protocol_b,0.11795692268094539,1.0,0.31719745222929935,0.463628984091603,0.1466054712738844,0.058978461340472695,0.08071420070649706,0.28192525355311077,0.0,3.0,0.7713864306784661,0.00033952432606264597,0.07272944156731229,0.04166092152880861,0.0998950138696002,0.2205041999986861,,1
private_seed_audit,budget_22_broad_high_cond,crescent,1002,2,hard,smooth,connected,high,structured_dropout,projected-gradient-blind,protocol_b,0.8246426846578154,0.015625,0.04538341158059468,7.937253933193772,4.3669395248722065,0.4123213423289077,0.7112542347308963,0.6931471794491297,0.0,4.0,0.9530956848030019,0.4912076821262849,0.6379864610363307,0.6686199236272922,2.1034490220146904,0.06242250000650529,,1
private_seed_audit,budget_22_broad_high_cond,crescent,1002,2,hard,smooth,connected,high,structured_dropout,subset-affine-blind,protocol_b,0.5436759786431878,0.109375,0.040061633281972264,4.788887703689589,0.8845542579594468,0.2718379893215939,0.5119847137702114,0.5880782742474537,0.0,4.0,0.9653284671532847,0.35912203017803146,0.6075981211897037,0.6128248270004782,1.6586125395748483,0.9025613999983761,,1
private_seed_audit,budget_22_broad_high_cond,crescent,1003,3,hard,smooth,connected,high,clustered_occlusion,ambiguity-set-sampler,protocol_b,0.29517187324590993,0.484375,0.07063711911357341,2.275630922600209,0.8720376973666121,0.14758593662295497,0.35319302632242,0.5970845015585966,0.0,4.0,0.9346092503987241,0.09346545052074196,0.5747251086776621,0.4347256582566937,1.5450505165998896,1.397799500002293,,6
private_seed_audit,budget_22_broad_high_cond,crescent,1003,3,hard,smooth,connected,high,clustered_occlusion,best-of-k-restart-blind,protocol_b,0.24502459907043084,0.609375,0.12363636363636364,0.5014361866047449,0.4069361703624441,0.12251229953521542,0.18982663681619277,0.46540046095731713,0.0,2.0,0.9121813031161473,0.002359806157184477,0.1543345508348435,0.08704877089594905,0.05831006327504307,0.5058608999970602,0.4666666666666667,1
private_seed_audit,budget_22_broad_high_cond,crescent,1003,3,hard,smooth,connected,high,clustered_occlusion,blind-sa,protocol_b,0.24502459907043084,0.609375,0.12363636363636364,0.5014361866047449,0.4069361703624441,0.12251229953521542,0.18982663681619277,0.46540046095731713,0.0,2.0,0.9121813031161473,0.002359806157184477,0.1543345508348435,0.08704877089594905,0.05831006327504307,0.17130700000416255,0.4166666666666667,1
private_seed_audit,budget_22_broad_high_cond,crescent,1003,3,hard,smooth,connected,high,clustered_occlusion,evolutionary-blind,protocol_b,0.2443281377354872,0.640625,0.13580246913580246,0.4991271429208946,0.4390043950403809,0.1221640688677436,0.17413739550150653,0.49984464104265103,0.0,1.0,0.9066091954022989,0.0012357134145932437,0.04244968238592876,0.11356699917255347,0.09018867518897267,0.22441290000278968,,1
private_seed_audit,budget_22_broad_high_cond,crescent,1003,3,hard,smooth,connected,high,clustered_occlusion,projected-gradient-blind,protocol_b,0.8858711988403565,0.03125,0.019230769230769232,5.82544876802719,3.9841703615896495,0.44293559942017824,0.7333394666628106,0.6634346224335685,0.0,4.0,0.9828178694158075,0.458671475917906,0.6267392567586041,0.6037692483553689,2.038832548887299,0.05656509999971604,,1
private_seed_audit,budget_22_broad_high_cond,crescent,1003,3,hard,smooth,connected,high,clustered_occlusion,subset-affine-blind,protocol_b,0.6363556935012156,0.0625,0.037900874635568516,4.5896997271474245,1.0670630469639308,0.3181778467506078,0.5473069283978117,0.6694839843180477,0.0,4.0,0.961082910321489,0.31571576628241094,0.605956435346764,0.5979210795960113,1.8326867219540817,0.8944584999990184,,1
private_seed_audit,budget_22_broad_high_cond,cross-branch,1000,0,hard,jagged,connected,high,none,ambiguity-set-sampler,protocol_b,0.325873460811133,0.4375,0.06867671691792294,1.939280798649438,0.8358833165142393,0.1629367304055665,0.3692023954768538,0.6608263166325882,0.0,1.0,0.9368191721132898,0.07705944916276403,0.5544900112948261,0.32467222614766444,1.7420609617644074,1.4458184000031906,,6
private_seed_audit,budget_22_broad_high_cond,cross-branch,1000,0,hard,jagged,connected,high,none,best-of-k-restart-blind,protocol_b,0.5312044648284827,0.09375,0.016194331983805668,0.0,0.9814334694664184,0.26560223241424136,0.49776733509571097,0.6931471793323314,0.0,2.0,0.9822335025380711,0.19946270161078553,0.5784568225102433,0.6527826866138229,1.83039489077781,0.5298392000040621,0.5916666666666667,1
private_seed_audit,budget_22_broad_high_cond,cross-branch,1000,0,hard,jagged,connected,high,none,blind-sa,protocol_b,0.11257512263733145,0.984375,0.3983739837398374,0.40281715998698375,0.1670270693409718,0.056287561318665726,0.07074586058998064,0.2347424249341688,0.0,2.0,0.7435897435897436,0.0007162291301611671,0.055889442053182685,0.07818679558154196,0.008350961551867986,0.18358029999944847,0.45,1
private_seed_audit,budget_22_broad_high_cond,cross-branch,1000,0,hard,jagged,connected,high,none,evolutionary-blind,protocol_b,0.11357915686002466,1.0,0.48132780082987553,0.3262643757301555,0.17663925385415769,0.05678957843001233,0.06965106463893259,0.19101613780898252,0.0,1.0,0.6955380577427821,0.0004172110220464222,0.020790821312582947,0.05414983114735956,0.01946796020337116,0.22978389999479987,,1
private_seed_audit,budget_22_broad_high_cond,cross-branch,1000,0,hard,jagged,connected,high,none,projected-gradient-blind,protocol_b,0.648682387474223,0.015625,0.017077798861480076,5.582807865924823,1.0372707317949577,0.3243411937371115,0.5309796227046504,0.6931471793202788,0.0,2.0,0.9929906542056075,0.29604644137639424,0.5784568225102433,0.6530287750151746,1.83039489077781,0.060783200002333615,,1
private_seed_audit,budget_22_broad_high_cond,cross-branch,1000,0,hard,jagged,connected,high,none,subset-affine-blind,protocol_b,0.6525862548488299,0.015625,0.012195121951219513,5.754190410939121,1.1159558640997844,0.32629312742441496,0.5436112736580927,0.6931471793323314,0.0,2.0,0.989769820971867,0.32338171557987805,0.6009664674966932,0.6381104742193772,2.0637746376978052,1.1816134999971837,,1
private_seed_audit,budget_22_broad_high_cond,cross-branch,1001,1,hard,jagged,connected,high,moment_preserving_perturbation,ambiguity-set-sampler,protocol_b,0.5244564580325086,0.171875,0.00980392156862745,0.0,0.8983716663566376,0.2622282290162543,0.47947854056136363,0.6931471793433862,0.0,1.0,0.9896907216494846,0.1900655054591561,0.5835848726619197,0.693147180403296,1.6170663242844971,1.4262821000011172,,6
private_seed_audit,budget_22_broad_high_cond,cross-branch,1001,1,hard,jagged,connected,high,moment_preserving_perturbation,best-of-k-restart-blind,protocol_b,0.23919735734417075,0.84375,0.11796246648793565,0.30085119372572094,0.29023154706173687,0.11959867867208537,0.16287673776255987,0.5501067652920282,0.0,4.0,0.9359190556492412,0.0020208977865924663,0.15224946429087874,0.1320037105562551,0.06303908452136353,0.5219467999995686,0.6666666666666666,1
private_seed_audit,budget_22_broad_high_cond,cross-branch,1001,1,hard,jagged,connected,high,moment_preserving_perturbation,blind-sa,protocol_b,0.22827105523912683,0.90625,0.19508867667121418,0.2754672576824412,0.3452614103298566,0.11413552761956341,0.15843370694911887,0.5611098740161259,0.0,3.0,0.8804159445407279,0.001558422028690229,0.10237402838309065,0.13244421604217146,0.04490275813682976,0.17730329999903915,0.775,1
private_seed_audit,budget_22_broad_high_cond,cross-branch,1001,1,hard,jagged,connected,high,moment_preserving_perturbation,evolutionary-blind,protocol_b,0.23233386586669721,0.921875,0.16996047430830039,0.2778373450443552,0.3417583210971991,0.11616693293334861,0.1695872000039894,0.5611098740161259,0.0,4.0,0.8762541806020067,0.0022068351512626065,0.09407966226629265,0.08483072477712685,0.07054194144050285,0.2287822999933269,,1
private_seed_audit,budget_22_broad_high_cond,cross-branch,1001,1,hard,jagged,connected,high,moment_preserving_perturbation,projected-gradient-blind,protocol_b,0.6353190943227713,0.0625,0.014598540145985401,0.0,0.9432207269511856,0.31765954716138567,0.5225789652064632,0.6931471793433862,0.0,1.0,0.983451536643026,0.3238901622992133,0.5843768226655779,0.693147180403296,1.6266325155427583,0.059310299999197014,,1
private_seed_audit,budget_22_broad_high_cond,cross-branch,1001,1,hard,jagged,connected,high,moment_preserving_perturbation,subset-affine-blind,protocol_b,0.5829396340110986,0.09375,0.026422764227642278,7.93725393319377,0.9594350941618882,0.2914698170055493,0.5253949992308963,0.6931471793676885,0.0,1.0,0.9758064516129032,0.2929470522878793,0.5942189996078047,0.6755742071461958,1.765419874511951,1.142695199996524,,1
private_seed_audit,budget_22_broad_high_cond,cross-branch,1002,2,hard,jagged,connected,high,structured_dropout,ambiguity-set-sampler,protocol_b,0.2900027470165273,0.453125,0.0594059405940594,1.846266956408689,0.6716046535702402,0.14500137350826364,0.327805854122101,0.646514995125854,0.0,0.0,0.9555084745762712,0.06151094426805012,0.4821695717744139,0.3732271587223447,1.2504045141033127,1.3888824000023305,,6
private_seed_audit,budget_22_broad_high_cond,cross-branch,1002,2,hard,jagged,connected,high,structured_dropout,best-of-k-restart-blind,protocol_b,0.5611567831848557,0.109375,0.013944223107569721,0.0,0.8718000274343162,0.28057839159242787,0.4877036395934319,0.6667515737918845,0.0,1.0,0.9848866498740554,0.26700334811640214,0.5798225607393701,0.6931471804153828,1.7914903290739634,0.5058384000003571,0.7916666666666666,1
private_seed_audit,budget_22_broad_high_cond,cross-branch,1002,2,hard,jagged,connected,high,structured_dropout,blind-sa,protocol_b,0.10304459582059369,0.96875,0.32038834951456313,0.4100264971794213,0.2128370129389139,0.051522297910296846,0.06782261777651262,0.2736897133877271,0.0,1.0,0.8296296296296296,0.0004624736729647326,0.027099993825257115,0.05119242478486094,0.0018311077177108892,0.1728958000021521,0.7666666666666667,1
private_seed_audit,budget_22_broad_high_cond,cross-branch,1002,2,hard,jagged,connected,high,structured_dropout,evolutionary-blind,protocol_b,0.17083465623119645,0.984375,0.26972477064220185,0.3294989737644094,0.1775122374078394,0.08541732811559823,0.1182046835171672,0.3437494824294025,0.0,1.0,0.8111380145278451,0.0003826009854725682,0.03887024719209048,0.06841837212576557,0.07904975687640814,0.2238015999973868,,1
private_seed_audit,budget_22_broad_high_cond,cross-branch,1002,2,hard,jagged,connected,high,structured_dropout,projected-gradient-blind,protocol_b,0.654724570866666,0.015625,0.017964071856287425,5.675478831051825,1.0164678888794292,0.327362285433333,0.5092382840423746,0.693147179354449,0.0,1.0,0.9848484848484849,0.3459478761867788,0.5750170118316517,0.6823167557308578,1.6477848124313366,0.05717269999877317,,1
private_seed_audit,budget_22_broad_high_cond,cross-branch,1002,2,hard,jagged,connected,high,structured_dropout,subset-affine-blind,protocol_b,0.5844914446313025,0.046875,0.022540983606557378,7.93725393319377,0.9765919243520035,0.29224572231565127,0.5189399257023257,0.6931471793787513,0.0,1.0,0.9792207792207792,0.31617480269558546,0.5791221977870784,0.6823167557308578,1.7723027468544446,0.8743314000021201,,1
private_seed_audit,budget_22_broad_high_cond,cross-branch,1003,3,hard,jagged,connected,high,clustered_occlusion,ambiguity-set-sampler,protocol_b,0.30332461583489984,0.515625,0.12773722627737227,1.9573751537590398,0.7692557350923133,0.15166230791744992,0.3475823364072308,0.5914741106294381,0.0,2.0,0.9216152019002375,0.054956227202005964,0.4267218830106098,0.39339373385974324,1.4417538924847877,1.3882096000015736,,6
private_seed_audit,budget_22_broad_high_cond,cross-branch,1003,3,hard,jagged,connected,high,clustered_occlusion,best-of-k-restart-blind,protocol_b,0.5000353951263817,0.125,0.012121212121212121,0.0,0.9137201396997106,0.25001769756319087,0.47605007418806705,0.6435494588252577,0.0,3.0,0.9870801033591732,0.21896589620453644,0.5153086834436788,0.6527826865914568,1.7606222316312314,0.5024874000009731,0.7,1
private_seed_audit,budget_22_broad_high_cond,cross-branch,1003,3,hard,jagged,connected,high,clustered_occlusion,blind-sa,protocol_b,0.12637354747527432,0.890625,0.3682092555331992,0.3517373489460419,0.3011166686981439,0.06318677373763716,0.1195634694100794,0.22318735248198782,0.0,1.0,0.7409326424870466,0.0016321526214314102,0.07033078906653749,0.06317119696580134,0.059250356313874875,0.17359310000028927,0.36666666666666664,1
private_seed_audit,budget_22_broad_high_cond,cross-branch,1003,3,hard,jagged,connected,high,clustered_occlusion,evolutionary-blind,protocol_b,0.13984806784467005,0.875,0.4096638655462185,0.29039483169937985,0.3014307727310519,0.06992403392233502,0.13841845414742457,0.21916617702970814,0.0,1.0,0.7245989304812834,0.0011894593575243336,0.04541235001149406,0.04088478409514647,0.08808137660357529,0.2201243000017712,,1
private_seed_audit,budget_22_broad_high_cond,cross-branch,1003,3,hard,jagged,connected,high,clustered_occlusion,projected-gradient-blind,protocol_b,0.6046123467639359,0.046875,0.02321083172147002,6.799045141035544,0.9689061238599521,0.30230617338196797,0.5059361274976579,0.6931471793202788,0.0,3.0,0.980440097799511,0.26942685984089776,0.5150496333768251,0.596728739574403,1.7510560403729702,0.061163300000771414,,1
private_seed_audit,budget_22_broad_high_cond,cross-branch,1003,3,hard,jagged,connected,high,clustered_occlusion,subset-affine-blind,protocol_b,0.5729839683344262,0.0625,0.0288659793814433,5.745520915402087,1.0124477734821478,0.2864919841672131,0.520299269735609,0.6435494588252577,0.0,3.0,0.9708994708994709,0.31146290771447227,0.5300780473800869,0.6421983503198184,2.0589071592545016,0.9227214999991702,,1
private_seed_audit,budget_22_broad_high_cond,double-loop,1000,0,hard,smooth,connected,high,clustered_occlusion,ambiguity-set-sampler,protocol_b,0.4107029273474636,0.109375,0.07692307692307693,2.12707360718801,0.5850297508331316,0.2053514636737318,0.3661585808382764,0.5775416894629639,0.0,0.0,0.9276018099547512,0.10781537340509442,0.5008642176709996,0.3880970427407482,1.4864679763668636,1.3914246999993338,,6
private_seed_audit,budget_22_broad_high_cond,double-loop,1000,0,hard,smooth,connected,high,clustered_occlusion,best-of-k-restart-blind,protocol_b,0.5459021773582977,0.03125,0.04073319755600815,0.0,0.7602831555184636,0.27295108867914886,0.4350410491565246,0.6931471793455868,0.0,0.0,0.9575471698113207,0.25827660673126335,0.4969583827673094,0.6931471804016325,1.5187244393651815,0.5073158000013791,0.825,1
private_seed_audit,budget_22_broad_high_cond,double-loop,1000,0,hard,smooth,connected,high,clustered_occlusion,blind-sa,protocol_b,0.37431271221441664,0.359375,0.03863987635239567,0.5211433999220216,0.5746019275471662,0.18715635610720832,0.2754063795097501,0.5588149118874706,0.0,1.0,0.9663551401869159,0.010270454674134993,0.13924476246246265,0.06314418176137704,0.21768829147173374,0.18552600000111852,0.7583333333333333,1
private_seed_audit,budget_22_broad_high_cond,double-loop,1000,0,hard,smooth,connected,high,clustered_occlusion,evolutionary-blind,protocol_b,0.34154854720227656,0.453125,0.03172205438066465,0.41609443259815215,0.6022583926665074,0.17077427360113828,0.2504261923725521,0.5899380304894236,0.0,1.0,0.9626168224299065,0.008180221092281559,0.09404963256976549,0.06347099392581317,0.23492002958603964,0.23501380000379868,,1
private_seed_audit,budget_22_broad_high_cond,double-loop,1000,0,hard,smooth,connected,high,clustered_occlusion,projected-gradient-blind,protocol_b,0.9299650186059387,0.0,0.032520325203252036,5.567764362830021,1.9649971317291683,0.46498250930296936,0.6140766755098939,0.6337220654969076,0.0,0.0,0.966903073286052,0.5033621333398919,0.5279132554105113,0.6629747992060853,2.03272138517993,0.05716250000114087,,1
private_seed_audit,budget_22_broad_high_cond,double-loop,1000,0,hard,smooth,connected,high,clustered_occlusion,subset-affine-blind,protocol_b,0.693693689893988,0.046875,0.0440251572327044,4.140881965146699,1.0324260681219528,0.346846844946994,0.5953816465657936,0.6676333591803345,0.0,0.0,0.9536585365853658,0.4290768726824882,0.5180872899314084,0.608002116400103,1.9379905249300091,0.8820145999998203,,1
private_seed_audit,budget_22_broad_high_cond,double-loop,1001,1,hard,smooth,connected,high,none,ambiguity-set-sampler,protocol_b,0.2312211267624204,0.546875,0.185378590078329,1.4268642133308036,0.28395269584682004,0.1156105633812102,0.21519234335493198,0.42217723297865495,0.0,0.0,0.8434065934065934,0.04252450344053955,0.5548375255819537,0.30617975516836404,1.4884916669689636,1.4142241000008653,,6
private_seed_audit,budget_22_broad_high_cond,double-loop,1001,1,hard,smooth,connected,high,none,best-of-k-restart-blind,protocol_b,0.5722066178315643,0.0,0.06361323155216285,0.0,0.8232104394821999,0.2861033089157822,0.4232278724659943,0.6931471793689047,0.0,0.0,0.9327956989247312,0.4095350041994642,0.6231921733852996,0.693147180448311,1.992922421525451,0.5470753000045079,0.7166666666666667,1
private_seed_audit,budget_22_broad_high_cond,double-loop,1001,1,hard,smooth,connected,high,none,blind-sa,protocol_b,0.0921408987588095,0.96875,0.2720763723150358,0.4424873011108811,0.1249148293490719,0.04607044937940475,0.08204066233763,0.30342439599297877,0.0,2.0,0.7446236559139785,0.0010868054536865603,0.07771263051635571,0.056733089884391956,0.029334825869573145,0.179921100003412,0.31666666666666665,1
private_seed_audit,budget_22_broad_high_cond,double-loop,1001,1,hard,smooth,connected,high,none,evolutionary-blind,protocol_b,0.08647958448780553,1.0,0.33421052631578946,0.19240978952196758,0.1037643454565037,0.043239792243902765,0.0690065703567766,0.2970630765879827,0.0,1.0,0.7005988023952097,0.0008239037268872196,0.1557869212883612,0.053480431268030884,0.1589291633258907,0.23110930000257213,,1
private_seed_audit,budget_22_broad_high_cond,double-loop,1001,1,hard,smooth,connected,high,none,projected-gradient-blind,protocol_b,0.9152118016499589,0.0,0.0196078431372549,7.937253933193771,2.571471068372494,0.45760590082497943,0.6464116548997124,0.6931471793937738,0.0,0.0,0.9853372434017595,0.5249822770009389,0.6333577922099368,0.6931471804367761,2.0514983829108053,0.05705139999918174,,1
private_seed_audit,budget_22_broad_high_cond,double-loop,1001,1,hard,smooth,connected,high,none,subset-affine-blind,protocol_b,0.6740677034782531,0.015625,0.018957345971563982,5.632329448252334,0.9723599255297591,0.33703385173912653,0.4916207904834593,0.6495291357653952,0.0,0.0,0.98,0.3065332791109836,0.5541748920725903,0.6511719746472356,1.5108968454326912,1.1497384999966016,,1
private_seed_audit,budget_22_broad_high_cond,double-loop,1002,2,hard,smooth,connected,high,moment_preserving_perturbation,ambiguity-set-sampler,protocol_b,0.3056403990111002,0.265625,0.03597122302158273,1.664379707470848,0.3495566634378376,0.1528201995055501,0.27893230708347444,0.6161494975877919,0.0,3.0,0.9623762376237623,0.04423150740959704,0.5975279996551557,0.42869617179508845,1.4761697649493595,1.4430947000000742,,6
private_seed_audit,budget_22_broad_high_cond,double-loop,1002,2,hard,smooth,connected,high,moment_preserving_perturbation,best-of-k-restart-blind,protocol_b,0.4866786431527585,0.0625,0.04310344827586207,0.0,0.6822011594385224,0.24333932157637925,0.4250346835463118,0.6931471793555015,0.0,4.0,0.9528301886792453,0.24698333180814064,0.6075981212015118,0.6931471804014651,1.612411683589796,0.5381580999965081,0.7333333333333333,1
private_seed_audit,budget_22_broad_high_cond,double-loop,1002,2,hard,smooth,connected,high,moment_preserving_perturbation,blind-sa,protocol_b,0.25296949299798327,0.515625,0.0893854748603352,0.19145936487517884,0.3896979549252523,0.12648474649899163,0.17760552470225818,0.5611098740161259,0.0,2.0,0.9238249594813615,0.014348416325236663,0.15271414423265514,0.13780622071003296,0.08753459316695444,0.17983999999705702,0.7666666666666667,1
private_seed_audit,budget_22_broad_high_cond,double-loop,1002,2,hard,smooth,connected,high,moment_preserving_perturbation,evolutionary-blind,protocol_b,0.2532538384107997,0.484375,0.0535475234270415,0.18378302165570506,0.38226548427822055,0.12662691920539984,0.1748244072106561,0.5721129827402243,0.0,2.0,0.9601910828025477,0.012519000848972554,0.22946743014404117,0.1549565804091937,0.0008132905064841545,0.22405869999784045,,1
private_seed_audit,budget_22_broad_high_cond,double-loop,1002,2,hard,smooth,connected,high,moment_preserving_perturbation,projected-gradient-blind,protocol_b,0.9145651134008804,0.0,0.03178484107579462,7.937253933193771,2.542116508400466,0.4572825567004402,0.6389227382346258,0.6931471794048286,0.0,4.0,0.9706666666666667,0.5275112634660075,0.6379864610481392,0.6823167557169401,2.057248166029638,0.060647700003755745,,1
private_seed_audit,budget_22_broad_high_cond,double-loop,1002,2,hard,smooth,connected,high,moment_preserving_perturbation,subset-affine-blind,protocol_b,0.6185859197284618,0.015625,0.022675736961451247,4.553252586604448,0.955729116012827,0.3092929598642309,0.46883788686156924,0.6931471793433862,0.0,4.0,0.980246913580247,0.18700877266711996,0.6268652702981123,0.6511719746003897,1.948524022561849,1.1540950999988127,,1
private_seed_audit,budget_22_broad_high_cond,double-loop,1003,3,hard,smooth,connected,high,structured_dropout,ambiguity-set-sampler,protocol_b,0.2596492126803701,0.5,0.14784394250513347,1.5846061778950264,0.3591515452399976,0.12982460634018506,0.26718264454334195,0.5037927824235099,0.0,1.0,0.8662131519274376,0.05746391316738925,0.5331842407502714,0.3187940010201211,1.6927381533404746,1.428217799999402,,6
private_seed_audit,budget_22_broad_high_cond,double-loop,1003,3,hard,smooth,connected,high,structured_dropout,best-of-k-restart-blind,protocol_b,0.5794762912046154,0.03125,0.06827309236947791,0.0,0.8323738866242297,0.2897381456023077,0.45892009240213716,0.6931471794242603,0.0,2.0,0.9232505643340858,0.3747912566242235,0.5937801795247847,0.693147180402099,2.186520185627884,0.504838100001507,0.7333333333333333,1
private_seed_audit,budget_22_broad_high_cond,double-loop,1003,3,hard,smooth,connected,high,structured_dropout,blind-sa,protocol_b,0.15898575975235169,0.84375,0.30174081237911027,0.2900707229364984,0.16265277547226176,0.07949287987617584,0.11362550814218414,0.28868605735560454,0.0,2.0,0.7803203661327232,0.0005334342464090279,0.11365927839700954,0.08176710143514042,0.39117732905723157,0.17096440000022994,0.7666666666666667,1
private_seed_audit,budget_22_broad_high_cond,double-loop,1003,3,hard,smooth,connected,high,structured_dropout,evolutionary-blind,protocol_b,0.09205353120778927,1.0,0.44208037825059104,0.23119527993146127,0.09192541360275706,0.04602676560389463,0.0753892892876896,0.2771300253151443,0.0,2.0,0.6469002695417789,0.0004968652009001923,0.09074183471037199,0.03994862646210516,0.16315163449782544,0.22249010000086855,,1
private_seed_audit,budget_22_broad_high_cond,double-loop,1003,3,hard,smooth,connected,high,structured_dropout,projected-gradient-blind,protocol_b,0.9216768548510604,0.0,0.023809523809523808,7.937253933193773,2.6048945897437092,0.4608384274255302,0.6702828555508048,0.6931471794491297,0.0,2.0,0.9757281553398058,0.4874530991649365,0.603823723069385,0.6823167557175741,2.2450961470132382,0.05828769999789074,,1
private_seed_audit,budget_22_broad_high_cond,double-loop,1003,3,hard,smooth,connected,high,structured_dropout,subset-affine-blind,protocol_b,0.7215917083216099,0.03125,0.022684310018903593,5.747457589763189,0.955166440011797,0.36079585416080495,0.5168698810011442,0.6470694602552224,0.0,2.0,0.9768421052631578,0.30407182145883704,0.5351871208355814,0.6495151643759716,1.6329221642853533,0.9115821000013966,,1
private_seed_audit,budget_22_broad_high_cond,mean-reversion,1000,0,hard,jagged,connected,high,structured_dropout,ambiguity-set-sampler,protocol_b,0.32460439276440384,0.328125,0.04491017964071856,2.4345274088731697,0.45327393951165135,0.16230219638220192,0.3177014619046868,0.5630898644539162,0.0,3.0,0.9558303886925795,0.12143391302621777,0.5003979472079005,0.42258485450239924,1.7404495613001891,1.4125239000059082,,6
private_seed_audit,budget_22_broad_high_cond,mean-reversion,1000,0,hard,jagged,connected,high,structured_dropout,best-of-k-restart-blind,protocol_b,0.11382597126557818,1.0,0.28225806451612906,0.2709273640797746,0.15126474248232558,0.05691298563278909,0.0754100247689692,0.4332169866769995,0.0,2.0,0.7520391517128875,0.0010149061413465476,0.023711161313083012,0.050717602926437136,0.03874709648161412,0.5115170999997645,0.7833333333333333,1
private_seed_audit,budget_22_broad_high_cond,mean-reversion,1000,0,hard,jagged,connected,high,structured_dropout,blind-sa,protocol_b,0.11099252960355642,1.0,0.20588235294117646,0.3429625714034058,0.1364579380800487,0.05549626480177821,0.0851086802427533,0.376586305092667,0.0,1.0,0.8323262839879154,0.0006592310912493882,0.08815477117475232,0.04745984560083416,0.019074208691070016,0.18035379999491852,0.475,1
private_seed_audit,budget_22_broad_high_cond,mean-reversion,1000,0,hard,jagged,connected,high,structured_dropout,evolutionary-blind,protocol_b,0.1074284723372269,1.0,0.25394736842105264,0.23963024116089401,0.14595361531157622,0.05371423616861345,0.07535035157000788,0.37906486334237444,0.0,3.0,0.8015748031496063,0.0009220436697969119,0.042874829082046484,0.02758371346149978,0.023098828428246065,0.2251038000031258,,1
private_seed_audit,budget_22_broad_high_cond,mean-reversion,1000,0,hard,jagged,connected,high,structured_dropout,projected-gradient-blind,protocol_b,0.7517737050894715,0.046875,0.02459016393442623,5.567782298208153,1.5894529470498782,0.37588685254473575,0.6058714493016277,0.6931471793702291,0.0,3.0,0.974903474903475,0.5223286083091124,0.5454222689249769,0.5559304748290139,2.2342315935875985,0.0586671999990358,,1
private_seed_audit,budget_22_broad_high_cond,mean-reversion,1000,0,hard,jagged,connected,high,structured_dropout,subset-affine-blind,protocol_b,0.42431206418355594,0.171875,0.030612244897959183,7.081919135873479,0.7669781032468418,0.21215603209177797,0.3883855056258285,0.6686199226201106,0.0,3.0,0.967741935483871,0.20967569966442776,0.5003979472079005,0.5609256210388396,1.7404495613001891,0.8907661999983247,,1
private_seed_audit,budget_22_broad_high_cond,mean-reversion,1001,1,hard,jagged,connected,high,clustered_occlusion,ambiguity-set-sampler,protocol_b,0.4228729648945173,0.203125,0.05,2.6312791217073577,0.6334148708556215,0.21143648244725866,0.3282292249695939,0.6443756861140431,0.0,1.0,0.9519572953736655,0.08603101604984979,0.58471096818091,0.5358576291797741,2.0155472479718837,1.400985899999796,,6
private_seed_audit,budget_22_broad_high_cond,mean-reversion,1001,1,hard,jagged,connected,high,clustered_occlusion,best-of-k-restart-blind,protocol_b,0.24578235016147926,0.71875,0.13565426170468187,0.31401847260699084,0.582881075190709,0.12289117508073963,0.20014507498648487,0.49819953467854916,0.0,1.0,0.8880918220946915,0.003347333293923422,0.0719795900139316,0.06448532825929658,0.15084670519836552,0.507445800001733,0.5333333333333333,1
private_seed_audit,budget_22_broad_high_cond,mean-reversion,1001,1,hard,jagged,connected,high,clustered_occlusion,blind-sa,protocol_b,0.25966954385569807,0.71875,0.12663185378590078,0.396021076775938,0.5517255342336624,0.12983477192784904,0.19116137785280554,0.4730850042233432,0.0,1.0,0.9016393442622951,0.004006985158178229,0.06243607535609258,0.048122932802614274,0.1521462100273796,0.17616190000262577,0.725,1
private_seed_audit,budget_22_broad_high_cond,mean-reversion,1001,1,hard,jagged,connected,high,clustered_occlusion,evolutionary-blind,protocol_b,0.24415445821901371,0.734375,0.14570361145703611,0.2379265293650739,0.5846679835884806,0.12207722910950686,0.19703621877912453,0.4548778360108493,0.0,1.0,0.9094955489614244,0.0037141558929833394,0.08001203611045721,0.07386048842679048,0.1623883386895404,0.22345310000673635,,1
private_seed_audit,budget_22_broad_high_cond,mean-reversion,1001,1,hard,jagged,connected,high,clustered_occlusion,projected-gradient-blind,protocol_b,0.6494255726519262,0.078125,0.024263431542461005,6.80825486585608,2.414887828962562,0.3247127863259631,0.5907434036057535,0.6931471793702294,0.0,1.0,0.9784735812133072,0.5142044441132703,0.601955931758623,0.6334818053433439,2.282582870625165,0.05706270000518998,,1
private_seed_audit,budget_22_broad_high_cond,mean-reversion,1001,1,hard,jagged,connected,high,clustered_occlusion,subset-affine-blind,protocol_b,0.599035309732883,0.0625,0.038397328881469114,0.0,0.9516227805949341,0.2995176548664415,0.46485820777335485,0.6676333591803343,0.0,1.0,0.9680451127819549,0.2818320571226963,0.5834987716912665,0.6527826865875841,1.9882447957941638,0.9018633999949088,,1
private_seed_audit,budget_22_broad_high_cond,mean-reversion,1002,2,hard,jagged,connected,high,none,ambiguity-set-sampler,protocol_b,0.33907873988350334,0.328125,0.04216867469879518,2.750425219240891,0.5091561060275223,0.16953936994175167,0.3139669282133309,0.629105394071943,0.0,1.0,0.9609236234458259,0.0914354539240479,0.5755115374732511,0.4070299664361471,1.9921782036242475,1.4297197999985656,,6
private_seed_audit,budget_22_broad_high_cond,mean-reversion,1002,2,hard,jagged,connected,high,none,best-of-k-restart-blind,protocol_b,0.09821471699439653,1.0,0.2572944297082228,0.2895712118209528,0.12082432186347901,0.049107358497198265,0.06931674145670064,0.40072571267622414,0.0,0.0,0.8054226475279107,0.0009363982624987595,0.025551849758659102,0.06517023404626597,0.013809361738837733,0.5338899000053061,0.5166666666666667,1
private_seed_audit,budget_22_broad_high_cond,mean-reversion,1002,2,hard,jagged,connected,high,none,blind-sa,protocol_b,0.12117364829847048,0.984375,0.2351313969571231,0.29899826383001527,0.16429674683641074,0.06058682414923524,0.08459408471189638,0.42024987386529844,0.0,2.0,0.8123980424143556,0.0012118724282230904,0.07824252773456486,0.043800634126182444,0.10204224008703777,0.17999520000012126,0.35833333333333334,1
private_seed_audit,budget_22_broad_high_cond,mean-reversion,1002,2,hard,jagged,connected,high,none,evolutionary-blind,protocol_b,0.19810167723869918,0.9375,0.23863636363636365,0.24558356446884191,0.21449732438554941,0.09905083861934959,0.14263650030817202,0.3357431646746743,0.0,0.0,0.8188622754491017,0.0005460926124819772,0.06329660219286384,0.04622132034239896,0.07560123797497864,0.23467230000096606,,1
private_seed_audit,budget_22_broad_high_cond,mean-reversion,1002,2,hard,jagged,connected,high,none,projected-gradient-blind,protocol_b,0.7452898772102832,0.03125,0.026533996683250415,5.575099309661756,1.7142769116950445,0.3726449386051416,0.6001938234014242,0.6931471793702291,0.0,2.0,0.9766990291262136,0.5035412502514697,0.6267392567450012,0.5908989130391231,2.259213826277529,0.05711690000316594,,1
private_seed_audit,budget_22_broad_high_cond,mean-reversion,1002,2,hard,jagged,connected,high,none,subset-affine-blind,protocol_b,0.5183396477462607,0.109375,0.028192371475953566,5.717626361814439,0.7281270864853604,0.25916982387313037,0.4429630343606461,0.693147179285288,0.0,2.0,0.97265625,0.21535091093588002,0.5828366869551276,0.5894015373489759,1.7367113865826047,1.1451759999981732,,1
private_seed_audit,budget_22_broad_high_cond,mean-reversion,1003,3,hard,jagged,connected,high,moment_preserving_perturbation,ambiguity-set-sampler,protocol_b,0.33444588597064656,0.359375,0.04525547445255475,1.6007193620422582,0.5001495967192774,0.16722294298532328,0.31021548123137266,0.66205253665196,0.0,2.0,0.9550173010380623,0.05545648145036408,0.568835621205588,0.3853760501973882,1.7229567206035024,1.429562099998293,,6
private_seed_audit,budget_22_broad_high_cond,mean-reversion,1003,3,hard,jagged,connected,high,moment_preserving_perturbation,best-of-k-restart-blind,protocol_b,0.2427288176404747,0.765625,0.1822600243013366,0.2498581724954051,0.2979400148409684,0.12136440882023734,0.14482610004822288,0.529408795796877,0.0,1.0,0.8667621776504297,0.002490092735075209,0.12520011416293908,0.07820653361141194,0.057056844294528286,0.5287761999934446,0.8333333333333334,1
private_seed_audit,budget_22_broad_high_cond,mean-reversion,1003,3,hard,jagged,connected,high,moment_preserving_perturbation,blind-sa,protocol_b,0.2427288176404747,0.765625,0.1822600243013366,0.2498581724954051,0.2979400148409684,0.12136440882023734,0.14482610004822288,0.529408795796877,0.0,1.0,0.8667621776504297,0.002490092735075209,0.12520011416293908,0.07820653361141194,0.057056844294528286,0.1775411000053282,0.8666666666666667,1
private_seed_audit,budget_22_broad_high_cond,mean-reversion,1003,3,hard,jagged,connected,high,moment_preserving_perturbation,evolutionary-blind,protocol_b,0.23962127199529293,0.8125,0.14639905548996457,0.22068905527471772,0.32484460374862695,0.11981063599764646,0.15310803206850193,0.5740125073470239,0.0,1.0,0.8662790697674418,0.004058749743252038,0.15264765433489413,0.05954147483004403,0.10294861621089835,0.23036960000172257,,1
private_seed_audit,budget_22_broad_high_cond,mean-reversion,1003,3,hard,jagged,connected,high,moment_preserving_perturbation,projected-gradient-blind,protocol_b,0.7497841895057136,0.03125,0.0288135593220339,7.937253933193772,2.667821534346685,0.3748920947528568,0.6068939996182238,0.693147179382727,0.0,2.0,0.9700598802395209,0.5520287023895405,0.5639437846747984,0.6304765257116389,2.285963436545344,0.056830199995602015,,1
private_seed_audit,budget_22_broad_high_cond,mean-reversion,1003,3,hard,jagged,connected,high,moment_preserving_perturbation,subset-affine-blind,protocol_b,0.552815671086819,0.125,0.03471074380165289,4.0038513539949605,1.033465273904805,0.2764078355434095,0.4718112323816853,0.6931471793092321,0.0,2.0,0.9671179883945842,0.2818821871369801,0.5530104503868167,0.6051059063887596,1.861744079572695,1.1312596999996458,,1
private_seed_audit,budget_22_broad_high_cond,multi-hole,1000,0,hard,smooth,connected,high,structured_dropout,ambiguity-set-sampler,protocol_b,0.2948222110457647,0.34375,0.09641532756489493,1.25952104824737,0.49843814329616565,0.14741110552288236,0.24746698468198775,0.5705774127943436,0.0,0.0,0.9332425068119891,0.040309136372412846,0.21343726598604254,0.20251457226189767,0.24043626111534033,1.398335699996096,,6
private_seed_audit,budget_22_broad_high_cond,multi-hole,1000,0,hard,smooth,connected,high,structured_dropout,best-of-k-restart-blind,protocol_b,0.12401953256856797,0.9375,0.23781212841854935,0.42448631056710023,0.13644134722956683,0.062009766284283986,0.10160485596974282,0.23104054813615635,0.0,0.0,0.8154838709677419,0.0006499427119327618,0.05322968282534145,0.03782427374427452,0.08695860117108678,0.5197743000026094,0.85,1
private_seed_audit,budget_22_broad_high_cond,multi-hole,1000,0,hard,smooth,connected,high,structured_dropout,blind-sa,protocol_b,0.11792279794876857,0.96875,0.2625152625152625,0.48516514981792747,0.12737258128885684,0.05896139897438429,0.09439011459681812,0.25358233499480554,0.0,1.0,0.7694369973190349,0.000981681101187504,0.09313222428656734,0.01626479377786215,0.14843527378009824,0.18051820000255248,0.45,1
private_seed_audit,budget_22_broad_high_cond,multi-hole,1000,0,hard,smooth,connected,high,structured_dropout,evolutionary-blind,protocol_b,0.10383653569945743,1.0,0.26394052044609667,0.3793838993915602,0.1348206445665987,0.051918267849728715,0.08240496941975813,0.28279673068960587,0.0,0.0,0.7756497948016416,0.0007747300384566163,0.060768576385819735,0.024322011627546526,0.02603409986292826,0.23548960000334773,,1
private_seed_audit,budget_22_broad_high_cond,multi-hole,1000,0,hard,smooth,connected,high,structured_dropout,projected-gradient-blind,protocol_b,0.6190743026247723,0.109375,0.0343796711509716,2.6482094916343026,0.9997399981595905,0.3095371513123861,0.4678955927571282,0.6931471792015573,0.0,0.0,0.9656301145662848,0.12362012719659915,0.5647810542475271,0.4486774742816183,1.7208220806881718,0.05895990000135498,,1
private_seed_audit,budget_22_broad_high_cond,multi-hole,1000,0,hard,smooth,connected,high,structured_dropout,subset-affine-blind,protocol_b,0.5101201491018631,0.09375,0.03067484662576687,3.236167244524302,0.7615930133983231,0.25506007455093155,0.3878798159904002,0.6167079190423508,0.0,0.0,0.9696969696969697,0.1461658467950813,0.561459029938945,0.49044224628936195,1.705093881136095,0.8865986999953748,,1
private_seed_audit,budget_22_broad_high_cond,multi-hole,1001,1,hard,smooth,connected,high,clustered_occlusion,ambiguity-set-sampler,protocol_b,0.2623514770202363,0.453125,0.06955380577427822,1.3716046017017707,0.3591798559055544,0.13117573851011816,0.2532222862417032,0.5797065204296963,0.0,1.0,0.9321533923303835,0.05222682320911543,0.5974144862844408,0.22587802170800014,1.8295121348760603,1.3983329000038793,,6
private_seed_audit,budget_22_broad_high_cond,multi-hole,1001,1,hard,smooth,connected,high,clustered_occlusion,best-of-k-restart-blind,protocol_b,0.5932314653456394,0.0625,0.03856749311294766,0.0,0.932022167235581,0.2966157326728197,0.4528420546422813,0.6931471793212846,0.0,0.0,0.9589041095890412,0.33711297373036,0.5756003267092193,0.6231284203971599,1.6193321411559203,0.504524300005869,0.5416666666666666,1
private_seed_audit,budget_22_broad_high_cond,multi-hole,1001,1,hard,smooth,connected,high,clustered_occlusion,blind-sa,protocol_b,0.22300802918664625,0.609375,0.15494636471990464,0.41497992311222415,0.2971058538588904,0.11150401459332313,0.16089347495322592,0.34647303705690635,0.0,4.0,0.8571428571428572,0.0034100133408909825,0.12445618175043435,0.07848467026731146,0.04566605396871193,0.17335450000246055,0.3416666666666667,1
private_seed_audit,budget_22_broad_high_cond,multi-hole,1001,1,hard,smooth,connected,high,clustered_occlusion,evolutionary-blind,protocol_b,0.2595024044738335,0.5,0.13180169286577992,0.35488858465232026,0.2925491503911535,0.12975120223691675,0.19578434610754902,0.34104769953416897,0.0,5.0,0.8972602739726028,0.002951474204238973,0.19122444574554262,0.14144257486727096,0.13488462051420003,0.22237300000415416,,1
private_seed_audit,budget_22_broad_high_cond,multi-hole,1001,1,hard,smooth,connected,high,clustered_occlusion,projected-gradient-blind,protocol_b,0.6331721377256251,0.015625,0.031767955801104975,2.9212197845063734,1.041200871564008,0.31658606886281254,0.48481458728566673,0.6731486844848087,0.0,0.0,0.9678899082568807,0.1926327914924289,0.5751082955857414,0.5148274538410715,1.6353012330382863,0.056800500002282206,,1
private_seed_audit,budget_22_broad_high_cond,multi-hole,1001,1,hard,smooth,connected,high,clustered_occlusion,subset-affine-blind,protocol_b,0.5951448060015344,0.0625,0.050073637702503684,4.2182616017407915,0.8116361046590989,0.2975724030007672,0.43254782282593557,0.6068233858516885,0.0,0.0,0.9493464052287581,0.19354226411300884,0.5796656757983772,0.5313657382197974,1.599612788046447,0.8844303000005311,,1
private_seed_audit,budget_22_broad_high_cond,multi-hole,1002,2,hard,smooth,connected,high,none,ambiguity-set-sampler,protocol_b,0.306540898084915,0.375,0.06544202066590127,1.3760597884185612,0.34484692891645724,0.1532704490424575,0.27299378573325295,0.6393753583947519,0.0,0.0,0.9457364341085271,0.04266149813684757,0.12565419618812737,0.24493708816270304,0.008082666604451116,1.4360404000035487,,6
private_seed_audit,budget_22_broad_high_cond,multi-hole,1002,2,hard,smooth,connected,high,none,best-of-k-restart-blind,protocol_b,0.10705435542905742,0.984375,0.1877637130801688,0.36033711452306866,0.12363696214220557,0.05352717771452871,0.0850313839339998,0.26485322842413034,0.0,0.0,0.8432304038004751,0.00023216142886913095,0.046732780281089875,0.058906910868090814,0.03636960620891472,0.5389562999989721,0.525,1
private_seed_audit,budget_22_broad_high_cond,multi-hole,1002,2,hard,smooth,connected,high,none,blind-sa,protocol_b,0.10705435542905742,0.984375,0.1877637130801688,0.36033711452306866,0.12363696214220557,0.05352717771452871,0.0850313839339998,0.26485322842413034,0.0,0.0,0.8432304038004751,0.00023216142886913095,0.046732780281089875,0.058906910868090814,0.03636960620891472,0.19335429999773623,0.325,1
private_seed_audit,budget_22_broad_high_cond,multi-hole,1002,2,hard,smooth,connected,high,none,evolutionary-blind,protocol_b,0.10613623810951944,1.0,0.21794871794871795,0.3208009360413909,0.119404978195536,0.05306811905475972,0.08426467115457618,0.26485322842413034,0.0,0.0,0.8171912832929782,0.0002477842850668226,0.040890111950350305,0.042985394960385705,0.012025162700497916,0.23166349999519298,,1
private_seed_audit,budget_22_broad_high_cond,multi-hole,1002,2,hard,smooth,connected,high,none,projected-gradient-blind,protocol_b,0.6696770086796257,0.109375,0.038157894736842106,2.691928987245545,1.025158069907457,0.3348385043398128,0.4891866982215965,0.6352286233451898,0.0,1.0,0.9706744868035191,0.14452156639750677,0.5743113203168553,0.5347904384220857,1.5814429598616315,0.05624060000263853,,1
private_seed_audit,budget_22_broad_high_cond,multi-hole,1002,2,hard,smooth,connected,high,none,subset-affine-blind,protocol_b,0.5970898562044026,0.046875,0.028,5.353434426146323,0.8587335529426935,0.2985449281022013,0.45487645748509314,0.67146170043073,0.0,1.0,0.9698340874811463,0.23221045964245893,0.5748227142370792,0.5624133209338504,1.5986371972165125,1.1358843999987585,,1
private_seed_audit,budget_22_broad_high_cond,multi-hole,1003,3,hard,smooth,connected,high,moment_preserving_perturbation,ambiguity-set-sampler,protocol_b,0.31303382066414354,0.25,0.10624169986719788,1.949028166345893,0.3716281505960266,0.15651691033207177,0.27326384168305157,0.6473725106261639,0.0,2.0,0.8993993993993994,0.036860056068661586,0.535861662673654,0.35187059774434454,1.6947912702042693,1.4786571000004187,,6
private_seed_audit,budget_22_broad_high_cond,multi-hole,1003,3,hard,smooth,connected,high,moment_preserving_perturbation,best-of-k-restart-blind,protocol_b,0.2404030975739975,0.578125,0.11790878754171301,0.23249250674747166,0.527513393661423,0.12020154878699875,0.17386464880563704,0.6058200411489826,0.0,2.0,0.8966836734693877,0.007318056691958159,0.07398599262017228,0.0629621926667462,0.04283329572532546,0.5650155999974231,0.625,1
private_seed_audit,budget_22_broad_high_cond,multi-hole,1003,3,hard,smooth,connected,high,moment_preserving_perturbation,blind-sa,protocol_b,0.23797419402751524,0.546875,0.12013348164627363,0.21987763793855725,0.5241216805589842,0.11898709701375762,0.17563699198622884,0.5839882567626669,0.0,2.0,0.9065300896286812,0.008379026157240756,0.06870782833910291,0.0956592892342649,0.03356488720864581,0.18968719999975292,0.4583333333333333,1
private_seed_audit,budget_22_broad_high_cond,multi-hole,1003,3,hard,smooth,connected,high,moment_preserving_perturbation,evolutionary-blind,protocol_b,0.2541388361385945,0.53125,0.12351029252437704,0.23347816840907853,0.4485302700581466,0.12706941806929725,0.18010176725025168,0.5949041489558244,0.0,0.0,0.8985148514851485,0.007136183196068008,0.04124301618356244,0.10435153522894261,0.04611326704728702,0.2454375000015716,,1
private_seed_audit,budget_22_broad_high_cond,multi-hole,1003,3,hard,smooth,connected,high,moment_preserving_perturbation,projected-gradient-blind,protocol_b,0.5960016900721432,0.09375,0.03545051698670606,3.3899586784286,1.0125423511238618,0.2980008450360716,0.49832740642513984,0.650688199549257,0.0,3.0,0.9644012944983819,0.22799304689935324,0.5370162731908327,0.5528379031088257,1.7194409026541015,0.05809140000201296,,1
private_seed_audit,budget_22_broad_high_cond,multi-hole,1003,3,hard,smooth,connected,high,moment_preserving_perturbation,subset-affine-blind,protocol_b,0.5548329987417431,0.078125,0.047839506172839504,3.4388034512134107,0.9348849954409854,0.27741649937087154,0.42243239991832043,0.6482604822068888,0.0,3.0,0.9543918918918919,0.185037638407679,0.5449244917603243,0.5426014437604751,1.868787258514704,1.1465650999962236,,1
private_seed_audit,budget_22_broad_high_cond,nested-rings,1000,0,hard,smooth,connected,high,none,ambiguity-set-sampler,protocol_b,0.3349555562973535,0.328125,0.0627062706270627,1.2951987426636429,0.40314013647319213,0.16747777814867676,0.2895075270160725,0.5853865068946611,0.0,1.0,0.937037037037037,0.0563286860641152,0.27601120730781764,0.2596139004179562,0.5131762448571984,1.4697631000017282,,6
private_seed_audit,budget_22_broad_high_cond,nested-rings,1000,0,hard,smooth,connected,high,none,best-of-k-restart-blind,protocol_b,0.11152093406820973,1.0,0.14791288566243194,0.3291710196770805,0.1475537119665019,0.055760467034104866,0.09368757355821894,0.35205080825826673,0.0,2.0,0.8751279426816786,0.0017346018512698778,0.07319200436508691,0.036772562821059916,0.008878988685419031,0.5462334000039846,0.5583333333333333,1
private_seed_audit,budget_22_broad_high_cond,nested-rings,1000,0,hard,smooth,connected,high,none,blind-sa,protocol_b,0.11152093406820973,1.0,0.14791288566243194,0.3291710196770805,0.1475537119665019,0.055760467034104866,0.09368757355821894,0.35205080825826673,0.0,2.0,0.8751279426816786,0.0017346018512698778,0.07319200436508691,0.036772562821059916,0.008878988685419031,0.189605899999151,0.6166666666666667,1
private_seed_audit,budget_22_broad_high_cond,nested-rings,1000,0,hard,smooth,connected,high,none,evolutionary-blind,protocol_b,0.1110159871897003,0.984375,0.14298561151079137,0.3002178000837518,0.14811705766732464,0.05550799359485015,0.09441389012335814,0.3630539169823646,0.0,2.0,0.8761421319796954,0.001628758788909918,0.08209295600061958,0.02861775236502786,0.05264043208805713,0.231000399995537,,1
private_seed_audit,budget_22_broad_high_cond,nested-rings,1000,0,hard,smooth,connected,high,none,projected-gradient-blind,protocol_b,0.6391864605753692,0.046875,0.02729528535980149,2.0610973407978195,0.8978053567577324,0.3195932302876846,0.4396616793803053,0.6583458763148151,0.0,2.0,0.9739010989010989,0.19834645184919084,0.5390780885895152,0.5243221958463795,1.63242179163074,0.05686939999577589,,1
private_seed_audit,budget_22_broad_high_cond,nested-rings,1000,0,hard,smooth,connected,high,none,subset-affine-blind,protocol_b,0.6092103018163287,0.078125,0.03187250996015936,3.7962689302116104,0.8343920827033486,0.30460515090816437,0.42961075054621883,0.6523192948216897,0.0,2.0,0.9643916913946587,0.2145518118152124,0.5371434361033548,0.5410017375607801,1.6191401848118019,1.1315362000023015,,1
private_seed_audit,budget_22_broad_high_cond,nested-rings,1001,1,hard,smooth,connected,high,moment_preserving_perturbation,ambiguity-set-sampler,protocol_b,0.37721850207549007,0.234375,0.08493771234428087,1.615805704730816,0.4314902081445508,0.18860925103774503,0.30579794400036375,0.6784232922126511,0.0,2.0,0.916452442159383,0.06119433786790622,0.5590871695124655,0.39233822653713146,1.8895091593391142,1.5028425000054995,,6
private_seed_audit,budget_22_broad_high_cond,nested-rings,1001,1,hard,smooth,connected,high,moment_preserving_perturbation,best-of-k-restart-blind,protocol_b,0.23204121052865836,0.703125,0.1650197628458498,0.18279056996514756,0.387791784893713,0.11602060526432918,0.14993139489103305,0.5848429320139488,0.0,0.0,0.8527042577675489,0.005868720392588642,0.09388318351963808,0.11376958489262042,0.034079140749966985,0.5347008999960963,0.4166666666666667,1
private_seed_audit,budget_22_broad_high_cond,nested-rings,1001,1,hard,smooth,connected,high,moment_preserving_perturbation,blind-sa,protocol_b,0.2416303917453879,0.703125,0.15267175572519084,0.24247861348245733,0.37171979959237583,0.12081519587269395,0.1587391476438099,0.5848429320139492,0.0,0.0,0.8721311475409836,0.006949197540796204,0.09328135187890735,0.12007192118209191,0.04527994210432862,0.1851027000011527,0.5333333333333333,1
private_seed_audit,budget_22_broad_high_cond,nested-rings,1001,1,hard,smooth,connected,high,moment_preserving_perturbation,evolutionary-blind,protocol_b,0.24296507947179036,0.703125,0.1383587786259542,0.23451882430801235,0.33255264305484145,0.12148253973589518,0.15759019686692613,0.5740125073470238,0.0,0.0,0.8837471783295711,0.006102439775654239,0.08313176828940214,0.1217738748329343,0.03952888082879058,0.23258599999826401,,1
private_seed_audit,budget_22_broad_high_cond,nested-rings,1001,1,hard,smooth,connected,high,moment_preserving_perturbation,projected-gradient-blind,protocol_b,0.6841849831950536,0.0625,0.02877697841726619,2.923576355425577,0.931883704398835,0.3420924915975268,0.46987877115332444,0.6931471792379202,0.0,2.0,0.9718875502008032,0.23618062872617213,0.5539834624651916,0.596127440160261,1.6302492128275845,0.057074899996223394,,1
private_seed_audit,budget_22_broad_high_cond,nested-rings,1001,1,hard,smooth,connected,high,moment_preserving_perturbation,subset-affine-blind,protocol_b,0.5358977822172852,0.09375,0.04498714652956298,7.937253933193772,0.772237115981998,0.2679488911086426,0.41280945695216054,0.6487349021146128,0.0,2.0,0.9583333333333334,0.1517450832533645,0.5542634241499211,0.6707189442199399,1.6317152506303887,1.1587855999969179,,1
private_seed_audit,budget_22_broad_high_cond,nested-rings,1002,2,hard,smooth,connected,high,structured_dropout,ambiguity-set-sampler,protocol_b,0.30081354886633,0.390625,0.09436274509803921,1.3868112954670164,0.3544793165390489,0.150406774433165,0.27092217497992865,0.6163128859499887,0.0,0.0,0.920656634746922,0.04552759685923647,0.10921241093802342,0.20090035687427943,0.19310097531739867,1.3966337000019848,,6
private_seed_audit,budget_22_broad_high_cond,nested-rings,1002,2,hard,smooth,connected,high,structured_dropout,best-of-k-restart-blind,protocol_b,0.09828297227895996,1.0,0.18783351120597652,0.35638765337354883,0.11891410533521622,0.04914148613947998,0.06966851731785788,0.3080654127579076,0.0,0.0,0.8382526564344746,0.0002841336662341449,0.10142561086959069,0.05657930793040284,0.05389589063569078,0.5080046999937622,0.6166666666666667,1
private_seed_audit,budget_22_broad_high_cond,nested-rings,1002,2,hard,smooth,connected,high,structured_dropout,blind-sa,protocol_b,0.09828297227895996,1.0,0.18783351120597652,0.35638765337354883,0.11891410533521622,0.04914148613947998,0.06966851731785788,0.3080654127579076,0.0,0.0,0.8382526564344746,0.0002841336662341449,0.10142561086959069,0.05657930793040284,0.05389589063569078,0.1743142999985139,0.48333333333333334,1
private_seed_audit,budget_22_broad_high_cond,nested-rings,1002,2,hard,smooth,connected,high,structured_dropout,evolutionary-blind,protocol_b,0.10722867679443707,1.0,0.16650148662041625,0.3498408142812965,0.11981219333662782,0.05361433839721853,0.08299766625806926,0.2970630765879824,0.0,1.0,0.8625698324022346,0.0015602572535263599,0.08894737765808114,0.08003337783396687,0.03533262751808408,0.2236817000011797,,1
private_seed_audit,budget_22_broad_high_cond,nested-rings,1002,2,hard,smooth,connected,high,structured_dropout,projected-gradient-blind,protocol_b,0.6306508027141801,0.09375,0.02564102564102564,2.2099650627138923,0.8673514635533465,0.31532540135709003,0.43164288666765477,0.6762016677250666,0.0,0.0,0.975867269984917,0.16795428322477468,0.6242737908041398,0.4757321080603987,1.5694284038626494,0.058125999996264,,1
private_seed_audit,budget_22_broad_high_cond,nested-rings,1002,2,hard,smooth,connected,high,structured_dropout,subset-affine-blind,protocol_b,0.6044997694310903,0.078125,0.03328509406657019,3.854880185413315,0.8236966550486323,0.30224988471554515,0.4294211196625022,0.6724506219802512,0.0,0.0,0.9675324675324676,0.2286533662638101,0.6231358221264797,0.5316306457027138,1.4978559586128786,0.8761303999999654,,1
private_seed_audit,budget_22_broad_high_cond,nested-rings,1003,3,hard,smooth,connected,high,clustered_occlusion,ambiguity-set-sampler,protocol_b,0.2596266679736784,0.34375,0.08149010477299184,1.679930414139842,0.540505833844359,0.1298133339868392,0.2679640945159159,0.5716072019598728,0.0,1.0,0.9206349206349207,0.052178465650114074,0.4741939774818955,0.32331929801391945,1.4607359127951456,1.3985384000043268,,6
private_seed_audit,budget_22_broad_high_cond,nested-rings,1003,3,hard,smooth,connected,high,clustered_occlusion,best-of-k-restart-blind,protocol_b,0.6107905097085026,0.078125,0.0535475234270415,0.0,0.8176896218009946,0.3053952548542513,0.47507804356691546,0.6429923351913864,0.0,1.0,0.9445277361319341,0.29760922810932344,0.551415499555221,0.6527826865637201,1.6601798702515538,0.5035088999939035,0.7583333333333333,1
private_seed_audit,budget_22_broad_high_cond,nested-rings,1003,3,hard,smooth,connected,high,clustered_occlusion,blind-sa,protocol_b,0.2527111297284995,0.609375,0.1565040650406504,0.41283991611327414,0.4338046806523122,0.12635556486424976,0.15552558968765712,0.47723270684363733,0.0,1.0,0.8747152619589977,0.0026069423032359066,0.1803889342244702,0.07390602867563939,0.23687664395367136,0.17495770000095945,0.475,1
private_seed_audit,budget_22_broad_high_cond,nested-rings,1003,3,hard,smooth,connected,high,clustered_occlusion,evolutionary-blind,protocol_b,0.24396694948469677,0.640625,0.12088974854932302,0.3226642148151643,0.4500262973923338,0.12198347474234839,0.15191905868467714,0.5267888889757764,0.0,0.0,0.8939732142857143,0.0032303677492399726,0.24184415447435642,0.055004109513603884,0.12587941107611567,0.22266899999522138,,1
private_seed_audit,budget_22_broad_high_cond,nested-rings,1003,3,hard,smooth,connected,high,clustered_occlusion,projected-gradient-blind,protocol_b,0.587333446041537,0.0625,0.05988857938718663,4.0681467028309095,0.8370840530669873,0.2936667230207685,0.4605293441737822,0.6332990890513348,0.0,1.0,0.9442724458204335,0.20623686883228093,0.5181467375867088,0.5389850007946146,1.4853855452449778,0.05826740000338759,,1
private_seed_audit,budget_22_broad_high_cond,nested-rings,1003,3,hard,smooth,connected,high,clustered_occlusion,subset-affine-blind,protocol_b,0.6342258657797823,0.109375,0.026499302649930265,3.2375524105531706,0.8250403390983325,0.3171129328898912,0.48513373236336704,0.6731978158492913,0.0,1.0,0.9750778816199377,0.1990266704876615,0.4949348879565737,0.5415329869716159,1.4048325542759668,0.8897569000037038,,1
private_seed_audit,budget_22_broad_high_cond,pinwheel,1000,0,hard,jagged,connected,high,none,ambiguity-set-sampler,protocol_b,0.32912082152813743,0.453125,0.05298913043478261,1.5039783502541497,0.6067993522032347,0.16456041076406872,0.3060094390735563,0.6377603077577965,0.0,0.0,0.95016077170418,0.06624070498383416,0.3710459283801134,0.3808716237511501,0.7983891275729298,1.438869199999317,,6
private_seed_audit,budget_22_broad_high_cond,pinwheel,1000,0,hard,jagged,connected,high,none,best-of-k-restart-blind,protocol_b,0.2022082245649746,0.921875,0.1152542372881356,0.21255547235226788,0.22190075140774546,0.1011041122824873,0.12151147503302102,0.5415212333462489,0.0,2.0,0.9098250336473755,0.0011591408363406863,0.09148099638304494,0.03196374090217972,0.23037514556529137,0.5317003000018303,0.5166666666666667,1
private_seed_audit,budget_22_broad_high_cond,pinwheel,1000,0,hard,jagged,connected,high,none,blind-sa,protocol_b,0.1801698783357281,0.921875,0.17772511848341233,0.19731787495737702,0.2691798863351259,0.09008493916786404,0.11059761006592131,0.4440474113439241,0.0,0.0,0.8496551724137931,0.0004737394156388501,0.04084325772551903,0.029349033139962902,0.03945033292040412,0.17931640000460902,0.575,1
private_seed_audit,budget_22_broad_high_cond,pinwheel,1000,0,hard,jagged,connected,high,none,evolutionary-blind,protocol_b,0.1821759349071348,1.0,0.16554054054054054,0.20124898667343205,0.21559194531134748,0.0910879674535674,0.10851012361375281,0.530690808679324,0.0,2.0,0.8763297872340425,0.0009733338256963727,0.05691567002282957,0.02274875320648471,0.031244862393424278,0.23072240000328748,,1
private_seed_audit,budget_22_broad_high_cond,pinwheel,1000,0,hard,jagged,connected,high,none,projected-gradient-blind,protocol_b,0.565688839134848,0.203125,0.022388059701492536,2.398417811828072,0.9541132842809545,0.282844419567424,0.44922835459888955,0.6410494347585964,0.0,0.0,0.9775086505190311,0.20213908438723122,0.5786290089678904,0.5511450497170803,1.7039076099790769,0.06054690000019036,,1
private_seed_audit,budget_22_broad_high_cond,pinwheel,1000,0,hard,jagged,connected,high,none,subset-affine-blind,protocol_b,0.4550251797926559,0.21875,0.04700162074554295,4.959710099045257,0.6963573929560523,0.22751258989632794,0.41686829113118923,0.6931471792733864,0.0,0.0,0.9484732824427481,0.1367407898462844,0.5743698173705057,0.6471708091444224,1.8024364070588696,1.1436981000006199,,1
private_seed_audit,budget_22_broad_high_cond,pinwheel,1001,1,hard,jagged,connected,high,moment_preserving_perturbation,ambiguity-set-sampler,protocol_b,0.3166693383103193,0.53125,0.05721716514954486,1.8848626159866053,0.6168539860746216,0.15833466915515965,0.29911895959836576,0.5985026946807528,0.0,1.0,0.9494047619047619,0.05765877530346541,0.5847109681934053,0.44227266977503815,1.8102739398908592,1.4520240999991074,,6
private_seed_audit,budget_22_broad_high_cond,pinwheel,1001,1,hard,jagged,connected,high,moment_preserving_perturbation,best-of-k-restart-blind,protocol_b,0.22486794262458196,0.90625,0.15417558886509636,0.20239944954001496,0.2719765071997709,0.11243397131229098,0.13573266858253064,0.530690808679324,0.0,2.0,0.8731155778894473,0.0015067672924944367,0.05205243477921809,0.07819978604610375,0.0768562448332828,0.5384496999977273,0.8416666666666667,1
private_seed_audit,budget_22_broad_high_cond,pinwheel,1001,1,hard,jagged,connected,high,moment_preserving_perturbation,blind-sa,protocol_b,0.2165156700910979,0.9375,0.18655097613882862,0.22994301674063816,0.231118007007903,0.10825783504554895,0.14501525831033416,0.5848429320139488,0.0,2.0,0.8409090909090909,0.0008964310069231199,0.06309245755922531,0.06583238506196742,0.07972265217989571,0.17728540000098292,0.4083333333333333,1
private_seed_audit,budget_22_broad_high_cond,pinwheel,1001,1,hard,jagged,connected,high,moment_preserving_perturbation,evolutionary-blind,protocol_b,0.23251565080145767,0.96875,0.16052060737527116,0.20541279852919683,0.24301566741409156,0.11625782540072883,0.14140522401084085,0.5523516580131738,0.0,0.0,0.8746835443037975,0.00038651674399738025,0.061512674216259444,0.06236579134410315,0.07696589804300658,0.2291101000009803,,1
private_seed_audit,budget_22_broad_high_cond,pinwheel,1001,1,hard,jagged,connected,high,moment_preserving_perturbation,projected-gradient-blind,protocol_b,0.4772896430510741,0.234375,0.022222222222222223,3.929045806763158,0.9257594678921636,0.23864482152553704,0.41052467962478967,0.6511277580580208,0.0,1.0,0.9809825673534073,0.1767421215808535,0.5761392576036526,0.6316220186687378,1.5835275302567313,0.05514910000056261,,1
private_seed_audit,budget_22_broad_high_cond,pinwheel,1001,1,hard,jagged,connected,high,moment_preserving_perturbation,subset-affine-blind,protocol_b,0.5017610512848472,0.25,0.03372434017595308,6.260696390982105,0.8967778928988037,0.2508805256424236,0.41222953862748973,0.6458207893268639,0.0,1.0,0.9680672268907563,0.18362126571140175,0.5814612488038966,0.616018685736822,1.7337927958276078,1.162514600000577,,1
private_seed_audit,budget_22_broad_high_cond,pinwheel,1002,2,hard,jagged,connected,high,structured_dropout,ambiguity-set-sampler,protocol_b,0.2973523826059118,0.53125,0.06640625,1.3792463256349958,0.5685375197405248,0.1486761913029559,0.30110656443303496,0.652083678903285,0.0,1.0,0.9435975609756098,0.06446659805236854,0.3611683120165352,0.3810807620393766,0.5573874221088564,1.3942511999994167,,6
private_seed_audit,budget_22_broad_high_cond,pinwheel,1002,2,hard,jagged,connected,high,structured_dropout,best-of-k-restart-blind,protocol_b,0.1855946230725046,0.90625,0.18397291196388263,0.1992993918839954,0.2554018922740083,0.0927973115362523,0.12021447753977141,0.49819953467854916,0.0,2.0,0.8506056527590848,0.001273194200112529,0.15058061214398155,0.07579606878792132,0.13758845530018116,0.5088157000063802,0.7,1
private_seed_audit,budget_22_broad_high_cond,pinwheel,1002,2,hard,jagged,connected,high,structured_dropout,blind-sa,protocol_b,0.1982194395127543,0.90625,0.15942028985507245,0.21360361640705852,0.24787627362112305,0.09910971975637715,0.11969939301903385,0.476538685344699,0.0,0.0,0.8527851458885942,0.000842663965374657,0.071924782467809,0.06459649785401468,0.06609447474131347,0.1714365000007092,0.5416666666666666,1
private_seed_audit,budget_22_broad_high_cond,pinwheel,1002,2,hard,jagged,connected,high,structured_dropout,evolutionary-blind,protocol_b,0.18784087136405056,0.90625,0.17706013363028952,0.20418373809743834,0.2310484285644456,0.09392043568202528,0.1189467119425461,0.5090299593454741,0.0,2.0,0.8580814717477003,0.0013615357422656004,0.1586387300408393,0.06935923469202238,0.16465919100325666,0.22203340000123717,,1
private_seed_audit,budget_22_broad_high_cond,pinwheel,1002,2,hard,jagged,connected,high,structured_dropout,projected-gradient-blind,protocol_b,0.5255175782490892,0.1875,0.028089887640449437,2.301915843742532,0.9064242235284073,0.2627587891245446,0.44780330877359115,0.6260067750850455,0.0,1.0,0.9754500818330606,0.20589672189132502,0.5979506904657965,0.552014232202905,1.6351953857506714,0.05617590000474593,,1
private_seed_audit,budget_22_broad_high_cond,pinwheel,1002,2,hard,jagged,connected,high,structured_dropout,subset-affine-blind,protocol_b,0.4325682935411587,0.21875,0.041979010494752625,5.447090881346419,0.7051020645176357,0.21628414677057936,0.42118896621537444,0.6709410406999503,0.0,1.0,0.9630281690140845,0.17014949068503601,0.6033232562455991,0.6554258823172465,1.699423218470978,0.8739203000004636,,1
private_seed_audit,budget_22_broad_high_cond,pinwheel,1003,3,hard,jagged,connected,high,clustered_occlusion,ambiguity-set-sampler,protocol_b,0.3112356645469684,0.609375,0.07049608355091384,1.1263757037747624,0.5592627625636499,0.1556178322734842,0.29585431935465173,0.6145579026001833,0.0,2.0,0.9365558912386707,0.05836177016343291,0.3014577457891986,0.2432673156429128,0.45978440298992695,1.3957536999951117,,6
private_seed_audit,budget_22_broad_high_cond,pinwheel,1003,3,hard,jagged,connected,high,clustered_occlusion,best-of-k-restart-blind,protocol_b,0.2566091083988894,0.859375,0.1648616125150421,0.22428390049200708,0.32980356912123737,0.1283045541994447,0.16983566738585743,0.45487783601084897,0.0,1.0,0.8781869688385269,0.0011434054167287638,0.04878578613510984,0.09154413176767195,0.10504801887636717,0.5239116999946418,0.7916666666666666,1
private_seed_audit,budget_22_broad_high_cond,pinwheel,1003,3,hard,jagged,connected,high,clustered_occlusion,blind-sa,protocol_b,0.2614226868611073,0.84375,0.11583924349881797,0.2610611718498505,0.3370855131227255,0.13071134343055366,0.17368533008015113,0.5198603840123989,0.0,0.0,0.8947368421052632,0.0014600767643113632,0.04293284357805977,0.0805316989286407,0.02659184527694869,0.17541080000228249,0.5916666666666667,1
private_seed_audit,budget_22_broad_high_cond,pinwheel,1003,3,hard,jagged,connected,high,clustered_occlusion,evolutionary-blind,protocol_b,0.2331390842198255,0.796875,0.1338862559241706,0.20835836136866123,0.3531427923697192,0.11656954210991274,0.16436192362488666,0.5740125073470239,0.0,1.0,0.8969359331476323,0.0015830775107221898,0.049471175936299704,0.06759227810501026,0.0009229436918896106,0.22450609999941662,,1
private_seed_audit,budget_22_broad_high_cond,pinwheel,1003,3,hard,jagged,connected,high,clustered_occlusion,projected-gradient-blind,protocol_b,0.5456233924525017,0.21875,0.028700906344410877,2.4367266477106875,0.9948005685242008,0.27281169622625084,0.46978376586272536,0.6410494347585964,0.0,2.0,0.9673539518900344,0.1897419105764846,0.5148592630060012,0.4377886519541825,1.6800069627428496,0.05777709999529179,,1
private_seed_audit,budget_22_broad_high_cond,pinwheel,1003,3,hard,jagged,connected,high,clustered_occlusion,subset-affine-blind,protocol_b,0.47869237615553223,0.21875,0.027375201288244767,4.645251314634706,0.7609944150188658,0.23934618807776611,0.4698723157988535,0.6931471792972348,0.0,2.0,0.9780621572212066,0.27221584331987675,0.5189971716069278,0.5512846273830128,1.8281568808113737,0.8922812000018894,,1
private_seed_audit,budget_22_broad_high_cond,spiral,1000,0,hard,smooth,connected,high,structured_dropout,ambiguity-set-sampler,protocol_b,0.3676217354214558,0.375,0.03869407496977025,1.2391749902227158,0.4954034545572498,0.1838108677107279,0.26486303849321735,0.5962201543460863,0.0,0.0,0.9624664879356568,0.06359376457085943,0.5992343638171413,0.27039175747468985,1.711757999871153,1.395307099999627,,6
private_seed_audit,budget_22_broad_high_cond,spiral,1000,0,hard,smooth,connected,high,structured_dropout,best-of-k-restart-blind,protocol_b,0.10367143644477457,0.984375,0.18127490039840638,0.4073229253159812,0.13512342952573597,0.051835718222387285,0.08800203906581013,0.27076061667312445,0.0,2.0,0.8456375838926175,0.0010191155441018449,0.155714916198208,0.026611106764776293,0.11869738992831547,0.5052458999998635,0.6166666666666667,1
private_seed_audit,budget_22_broad_high_cond,spiral,1000,0,hard,smooth,connected,high,structured_dropout,blind-sa,protocol_b,0.12500335412278424,0.96875,0.19144602851323828,0.40301688203136027,0.17187093075561904,0.06250167706139212,0.09574178229233134,0.24201972101728791,0.0,0.0,0.8217592592592593,0.0006080762669783087,0.1998269442049105,0.014734093308631258,0.048569635342204265,0.17473099999915576,0.4583333333333333,1
private_seed_audit,budget_22_broad_high_cond,spiral,1000,0,hard,smooth,connected,high,structured_dropout,evolutionary-blind,protocol_b,0.10312499863994755,1.0,0.24807056229327454,0.2924127891290953,0.1318545989648727,0.051562499319973774,0.07567958709297769,0.2815910413400494,0.0,0.0,0.780517879161529,0.0006703459666656472,0.13913474378030893,0.04051973528038788,0.07143487410916993,0.2243153000017628,,1
private_seed_audit,budget_22_broad_high_cond,spiral,1000,0,hard,smooth,connected,high,structured_dropout,projected-gradient-blind,protocol_b,0.5764783134001411,0.078125,0.03748326639892905,3.687551599165726,0.97652421179146,0.28823915670007055,0.5112180049743243,0.6499852825625374,0.0,0.0,0.9646539027982327,0.27349430807846514,0.5743166457883061,0.5382824947839249,1.6006479714281474,0.05723059999581892,,1
private_seed_audit,budget_22_broad_high_cond,spiral,1000,0,hard,smooth,connected,high,structured_dropout,subset-affine-blind,protocol_b,0.5452601901350544,0.078125,0.040787623066104076,4.003357901380781,0.7840956638202985,0.2726300950675272,0.3899623641948348,0.6511277580580208,0.0,0.0,0.9595645412130638,0.19563474478486093,0.5743698174067143,0.5608402339371993,1.5510268504394162,0.9050806000013836,,1
private_seed_audit,budget_22_broad_high_cond,spiral,1001,1,hard,smooth,connected,high,clustered_occlusion,ambiguity-set-sampler,protocol_b,0.3841912673451209,0.34375,0.05520702634880803,1.6190043409354153,0.49661011169544683,0.19209563367256044,0.29434067459987767,0.5647960165392607,0.0,1.0,0.9481065918653576,0.05763824386073903,0.5755115375093777,0.3480778211675758,1.6838967339309978,1.4036822999987635,,6
private_seed_audit,budget_22_broad_high_cond,spiral,1001,1,hard,smooth,connected,high,clustered_occlusion,best-of-k-restart-blind,protocol_b,0.5857817563109119,0.078125,0.02830188679245283,0.0,0.8823021106840192,0.29289087815545595,0.4554215728690878,0.6931471793313335,0.0,1.0,0.9728915662650602,0.3126108364107032,0.5814607558473832,0.6231284203969711,1.4145285725966295,0.5224214999980177,0.7166666666666667,1
private_seed_audit,budget_22_broad_high_cond,spiral,1001,1,hard,smooth,connected,high,clustered_occlusion,blind-sa,protocol_b,0.2218842900616106,0.65625,0.13516483516483516,0.4692159495718865,0.3639436069181168,0.1109421450308053,0.1725002831584554,0.40904918939966906,0.0,0.0,0.8822784810126583,0.003926627808558466,0.049445059621504604,0.0846254381909152,0.184375240505124,0.17026479999913136,0.45,1
private_seed_audit,budget_22_broad_high_cond,spiral,1001,1,hard,smooth,connected,high,clustered_occlusion,evolutionary-blind,protocol_b,0.23195880995603496,0.609375,0.16497175141242937,0.3106107323786481,0.391646704897092,0.11597940497801748,0.17743835186102866,0.4024725553901045,0.0,1.0,0.8481338481338481,0.002011291917338508,0.10554604557778177,0.08119430322623056,0.09569384859059671,0.22830699999758508,,1
private_seed_audit,budget_22_broad_high_cond,spiral,1001,1,hard,smooth,connected,high,clustered_occlusion,projected-gradient-blind,protocol_b,0.6298740858808636,0.046875,0.03581267217630854,3.443676207700347,1.0686739794787858,0.3149370429404318,0.5514192536599452,0.6931471792954881,0.0,1.0,0.9645061728395061,0.30873137796764266,0.5928038650553218,0.5291549712026133,1.5646718355297915,0.0567869000005885,,1
private_seed_audit,budget_22_broad_high_cond,spiral,1001,1,hard,smooth,connected,high,clustered_occlusion,subset-affine-blind,protocol_b,0.5414070628708788,0.078125,0.018105849582172703,3.9743122340996067,0.7770608242010464,0.2707035314354394,0.40697036111116125,0.6731978158492917,0.0,1.0,0.9796238244514106,0.1890259817432397,0.5758860148449192,0.5041587733347574,1.4145285725966295,0.9012976000012713,,1
private_seed_audit,budget_22_broad_high_cond,spiral,1002,2,hard,smooth,connected,high,none,ambiguity-set-sampler,protocol_b,0.3600908113772203,0.375,0.08902439024390243,1.4807934436474546,0.5903036933859821,0.18004540568861016,0.29054887911310473,0.6093358879838242,0.0,2.0,0.9246861924686193,0.06974806573411084,0.5601622975799198,0.3063416102472204,1.6889056214131666,1.4342761000007158,,6
private_seed_audit,budget_22_broad_high_cond,spiral,1002,2,hard,smooth,connected,high,none,best-of-k-restart-blind,protocol_b,0.6428850089970101,0.046875,0.024203821656050957,0.0,0.9749562635071177,0.32144250449850503,0.4968701118961035,0.6435494588252579,0.0,2.0,0.9767103347889374,0.4011730981930641,0.5573099770057257,0.62312842039805,1.4419442982516995,0.5295494000019971,0.675,1
private_seed_audit,budget_22_broad_high_cond,spiral,1002,2,hard,smooth,connected,high,none,blind-sa,protocol_b,0.18520446621144704,0.734375,0.20915712799167535,0.32909424357474404,0.19076312934802525,0.09260223310572352,0.1304730862920192,0.2640560680782066,0.0,1.0,0.830568720379147,0.00035839745367756415,0.10780551079169519,0.017850402649244562,0.07021771027994639,0.17836130000068806,0.31666666666666665,1
private_seed_audit,budget_22_broad_high_cond,spiral,1002,2,hard,smooth,connected,high,none,evolutionary-blind,protocol_b,0.18570446310047156,0.765625,0.2356687898089172,0.30445506992588095,0.1885185941137528,0.09285223155023578,0.13036630897267734,0.25651149096792986,0.0,1.0,0.8378698224852071,0.0006039805934387982,0.04176766375632674,0.039204382516301234,0.05222075536158011,0.22987929999362677,,1
private_seed_audit,budget_22_broad_high_cond,spiral,1002,2,hard,smooth,connected,high,none,projected-gradient-blind,protocol_b,0.5867626529927357,0.0625,0.03137254901960784,3.841657569959478,0.8880696124310908,0.29338132649636783,0.5511177346090586,0.6931471792844333,0.0,2.0,0.9685157421289355,0.2972358855565259,0.5662931895367469,0.5145882886270917,1.5902978484791532,0.05991649999486981,,1
private_seed_audit,budget_22_broad_high_cond,spiral,1002,2,hard,smooth,connected,high,none,subset-affine-blind,protocol_b,0.5145985147328109,0.109375,0.03274215552523874,3.2754281653080572,0.8472272030160898,0.25729925736640546,0.4073972651112262,0.6395914512213254,0.0,2.0,0.9686520376175549,0.15059962151337258,0.3954759516878376,0.5197432791938466,0.20532924422267262,1.1453688999972655,,1
private_seed_audit,budget_22_broad_high_cond,spiral,1003,3,hard,smooth,connected,high,moment_preserving_perturbation,ambiguity-set-sampler,protocol_b,0.38248666299820566,0.3125,0.05486284289276808,1.7194262299159218,0.6257985355133799,0.19124333149910283,0.32965971523586074,0.6777476427775428,0.0,2.0,0.9518413597733711,0.07101210914722095,0.5751476182401656,0.3725567699838094,1.6511243360253518,1.4441717999943648,,6
private_seed_audit,budget_22_broad_high_cond,spiral,1003,3,hard,smooth,connected,high,moment_preserving_perturbation,best-of-k-restart-blind,protocol_b,0.254479935907889,0.6875,0.1518987341772152,0.22695931258629118,0.43762078564328,0.1272399679539445,0.16898013732145448,0.5831160914643218,0.0,1.0,0.8789346246973365,0.004231156622965846,0.07267246816949849,0.0699730137910676,0.09796666001800958,0.5320043000028818,0.6833333333333333,1
private_seed_audit,budget_22_broad_high_cond,spiral,1003,3,hard,smooth,connected,high,moment_preserving_perturbation,blind-sa,protocol_b,0.24684918346860193,0.640625,0.16041666666666668,0.2688972122294838,0.452180383957011,0.12342459173430097,0.16678686394819908,0.5391036565679306,0.0,1.0,0.8896969696969697,0.005254127910494529,0.12902815054837508,0.08744050894540795,0.09386782405281746,0.17948430000251392,0.5916666666666667,1
private_seed_audit,budget_22_broad_high_cond,spiral,1003,3,hard,smooth,connected,high,moment_preserving_perturbation,evolutionary-blind,protocol_b,0.2521770535535914,0.734375,0.14315569487983282,0.22337539610493584,0.4346428556716218,0.1260885267767957,0.16812979129387234,0.5831160914643218,0.0,2.0,0.8862275449101796,0.003961934723738597,0.09777980681810926,0.10496322417480952,0.09712405208851571,0.23176260000036564,,1
private_seed_audit,budget_22_broad_high_cond,spiral,1003,3,hard,smooth,connected,high,moment_preserving_perturbation,projected-gradient-blind,protocol_b,0.6623736204986552,0.046875,0.021828103683492497,4.367771044211852,1.0749094596624869,0.3311868102493276,0.5704120186227705,0.6931471793433863,0.0,2.0,0.9815384615384616,0.3243484826777444,0.5942189996210084,0.5961244539099049,1.579819015269058,0.05730100000073435,,1
private_seed_audit,budget_22_broad_high_cond,spiral,1003,3,hard,smooth,connected,high,moment_preserving_perturbation,subset-affine-blind,protocol_b,0.5195629061242928,0.125,0.04261363636363636,7.9372539331937695,0.7570262341327212,0.2597814530621464,0.4516042874007849,0.6931471793073893,0.0,2.0,0.9598070739549839,0.17296282237690896,0.5786290089935251,0.6333577921863528,1.391864389513822,1.1453450999979395,,1
private_seed_audit,budget_22_broad_high_cond,volatility-clustering,1000,0,hard,jagged,connected,high,moment_preserving_perturbation,ambiguity-set-sampler,protocol_b,0.48685925707142663,0.21875,0.015256588072122053,0.0,0.805810503595886,0.24342962853571332,0.4274660480142847,0.6931471793092318,0.0,2.0,0.9869706840390879,0.22057379004053213,0.5545798428117277,0.6231284204334799,1.711313257363316,1.4374585999976262,,6
private_seed_audit,budget_22_broad_high_cond,volatility-clustering,1000,0,hard,jagged,connected,high,moment_preserving_perturbation,best-of-k-restart-blind,protocol_b,0.23776746306528124,0.859375,0.1622198505869797,0.2671661376229621,0.352715135755877,0.11888373153264062,0.13971201768511446,0.5523516580131738,0.0,2.0,0.8541666666666666,0.0013199453624461407,0.03859688450110554,0.057382355965542066,0.022364085830740787,0.5285435999976471,0.3416666666666667,1
private_seed_audit,budget_22_broad_high_cond,volatility-clustering,1000,0,hard,jagged,connected,high,moment_preserving_perturbation,blind-sa,protocol_b,0.24790565206137777,0.84375,0.16167023554603854,0.2835286757547746,0.2909826574222734,0.12395282603068888,0.15160098612000977,0.5523516580131738,0.0,2.0,0.8503937007874016,0.0007924487149104818,0.03157279433158429,0.05306699184412873,0.17723478791190939,0.17985310000221943,0.2916666666666667,1
private_seed_audit,budget_22_broad_high_cond,volatility-clustering,1000,0,hard,jagged,connected,high,moment_preserving_perturbation,evolutionary-blind,protocol_b,0.24361344292601414,0.84375,0.1527777777777778,0.253861831512758,0.35395391640365464,0.12180672146300707,0.1445482255497018,0.5415212333462488,0.0,2.0,0.8675324675324676,0.0010533011364181016,0.02572367162241551,0.05520334639645713,0.017054740930948054,0.23049320000427542,,1
private_seed_audit,budget_22_broad_high_cond,volatility-clustering,1000,0,hard,jagged,connected,high,moment_preserving_perturbation,projected-gradient-blind,protocol_b,0.7392656067981234,0.03125,0.027616279069767442,7.937253933193772,1.0114542110694797,0.3696328033990617,0.592351337332051,0.6931471793702293,0.0,2.0,0.9724137931034482,0.4898638434116083,0.5830314923450378,0.6022506361097613,2.1258935312769607,0.057996299998194445,,1
private_seed_audit,budget_22_broad_high_cond,volatility-clustering,1000,0,hard,jagged,connected,high,moment_preserving_perturbation,subset-affine-blind,protocol_b,0.5606279932493142,0.140625,0.04454022988505747,5.252693503494658,0.8842130566161139,0.2803139966246571,0.4602182409649353,0.669483984318048,0.0,2.0,0.9646464646464646,0.2064604064006787,0.5676768120958464,0.5700288830940885,1.9174818814533714,1.1445063999999547,,1
private_seed_audit,budget_22_broad_high_cond,volatility-clustering,1001,1,hard,jagged,connected,high,structured_dropout,ambiguity-set-sampler,protocol_b,0.30633351413065,0.421875,0.06854838709677419,1.8336166602782407,0.6764334170443108,0.153166757065325,0.3094253812673231,0.6775998578638416,0.0,1.0,0.9455676516329704,0.08496192291438809,0.6022601131880739,0.39912130136747603,1.7052753701702181,1.3808318000010331,,6
private_seed_audit,budget_22_broad_high_cond,volatility-clustering,1001,1,hard,jagged,connected,high,structured_dropout,best-of-k-restart-blind,protocol_b,0.5270090215053582,0.234375,0.01447178002894356,0.0,0.8427390070854102,0.2635045107526791,0.42913648724474446,0.6931471793092316,0.0,2.0,0.9834437086092715,0.2875474003541718,0.5974450281480028,0.6527826865770576,1.7159240924392962,0.49662350000289734,0.7333333333333333,1
private_seed_audit,budget_22_broad_high_cond,volatility-clustering,1001,1,hard,jagged,connected,high,structured_dropout,blind-sa,protocol_b,0.22561141383529218,0.921875,0.1872093023255814,0.31463651890421673,0.30496247559552614,0.11280570691764609,0.14506093216788002,0.43321698667699904,0.0,5.0,0.8456189151599444,0.0007492737133846083,0.060566397174630984,0.08644597693335906,0.08680203932932695,0.17141369999444578,0.375,1
private_seed_audit,budget_22_broad_high_cond,volatility-clustering,1001,1,hard,jagged,connected,high,structured_dropout,evolutionary-blind,protocol_b,0.22045841047963408,0.921875,0.16419612314709237,0.283202051305249,0.3111721523268493,0.11022920523981704,0.1365112148854513,0.43321698667699904,0.0,3.0,0.8721399730820996,0.0008197505755576828,0.08645315158734157,0.04725901682106648,0.03560092248927971,0.22041589999571443,,1
private_seed_audit,budget_22_broad_high_cond,volatility-clustering,1001,1,hard,jagged,connected,high,structured_dropout,projected-gradient-blind,protocol_b,0.7314766292488347,0.046875,0.02694610778443114,4.351809104151577,1.399112727727124,0.36573831462441736,0.579989530537174,0.6931471793333999,0.0,2.0,0.9777777777777777,0.4320985415394283,0.6022135945301799,0.6099611692883111,2.037637768372694,0.05747469999914756,,1
private_seed_audit,budget_22_broad_high_cond,volatility-clustering,1001,1,hard,jagged,connected,high,structured_dropout,subset-affine-blind,protocol_b,0.5180532270959284,0.21875,0.01636904761904762,4.015667584479149,0.8676497910803884,0.2590266135479642,0.4296846684260009,0.6715662309179622,0.0,2.0,0.9864176570458404,0.1986048012241928,0.5978314406916976,0.5808674263134755,1.7864317785695412,0.8395412000027136,,1
private_seed_audit,budget_22_broad_high_cond,volatility-clustering,1002,2,hard,jagged,connected,high,clustered_occlusion,ambiguity-set-sampler,protocol_b,0.36248922751555535,0.34375,0.026277372262773723,2.2322664417815705,0.7511201126314169,0.18124461375777767,0.359189892058219,0.6615990176183646,0.0,5.0,0.9794520547945206,0.1296609996574785,0.5364077963971989,0.5626889285463744,1.733616503035956,1.4047685000041383,,6
private_seed_audit,budget_22_broad_high_cond,volatility-clustering,1002,2,hard,jagged,connected,high,clustered_occlusion,best-of-k-restart-blind,protocol_b,0.5071528948936032,0.140625,0.01278409090909091,0.0,0.9013276615725998,0.2535764474468016,0.4655806185503515,0.6664862512686592,0.0,5.0,0.9885057471264368,0.36460305158804573,0.5423078411541649,0.6931471803897553,1.849998683541421,0.5034468000012566,0.4583333333333333,1
private_seed_audit,budget_22_broad_high_cond,volatility-clustering,1002,2,hard,jagged,connected,high,clustered_occlusion,blind-sa,protocol_b,0.17154459725594315,0.90625,0.24341279799247176,0.3795986345251733,0.25322904613924846,0.08577229862797157,0.129297598837433,0.45299755044477175,0.0,2.0,0.8062130177514792,0.0037174387694196343,0.059206852598370704,0.032186899389693546,0.07514626199976737,0.17315480000252137,0.7666666666666667,1
private_seed_audit,budget_22_broad_high_cond,volatility-clustering,1002,2,hard,jagged,connected,high,clustered_occlusion,evolutionary-blind,protocol_b,0.1728903552200314,0.890625,0.26163522012578616,0.3701465020494294,0.2532794688955584,0.0864451776100157,0.12987258570642524,0.46570826067777427,0.0,0.0,0.7987804878048781,0.003166798426678123,0.05220095856467935,0.038707220945363226,0.13942557371317132,0.22017909999703988,,1
private_seed_audit,budget_22_broad_high_cond,volatility-clustering,1002,2,hard,jagged,connected,high,clustered_occlusion,projected-gradient-blind,protocol_b,0.6023107099639142,0.09375,0.02674591381872214,3.945352562590198,1.1065021828652566,0.3011553549819571,0.5368429544947404,0.6931471793212846,0.0,5.0,0.9705882352941176,0.43545422633800424,0.546462799632342,0.6428711981599191,1.9213040042977148,0.0582630999997491,,1
private_seed_audit,budget_22_broad_high_cond,volatility-clustering,1002,2,hard,jagged,connected,high,clustered_occlusion,subset-affine-blind,protocol_b,0.5594585921742737,0.15625,0.020989505247376312,5.567767286242948,0.8755393938338337,0.27972929608713687,0.45434831215236526,0.626528763529275,0.0,5.0,0.980836236933798,0.2741606185198783,0.5342301749223096,0.6931471803778819,1.6856760414316012,0.8848397000037949,,1
private_seed_audit,budget_22_broad_high_cond,volatility-clustering,1003,3,hard,jagged,connected,high,none,ambiguity-set-sampler,protocol_b,0.319538351168887,0.5625,0.05174488567990373,1.7877651923184676,0.7402297339486316,0.1597691755844435,0.32226126637935704,0.6036373743168224,0.0,11.0,0.9613180515759312,0.08484175201544245,0.46480366780090965,0.40731092408616254,0.7246589507219465,1.4326666000051773,,6
private_seed_audit,budget_22_broad_high_cond,volatility-clustering,1003,3,hard,jagged,connected,high,none,best-of-k-restart-blind,protocol_b,0.5416174263282384,0.171875,0.011464968152866241,0.0,1.0609604401626112,0.2708087131641192,0.47286012451119447,0.6651196138976716,0.0,11.0,0.9908814589665653,0.36745246877452203,0.6259916538307966,0.6231284204341958,1.691502229540158,0.5276693999985582,0.7583333333333333,1
private_seed_audit,budget_22_broad_high_cond,volatility-clustering,1003,3,hard,jagged,connected,high,none,blind-sa,protocol_b,0.14047230815044764,1.0,0.3696969696969697,0.4151721043064515,0.17956120060125058,0.07023615407522382,0.08982243689440832,0.2565114909679301,0.0,3.0,0.7113702623906706,0.0004908473037827445,0.0981164962480634,0.05408278663566181,0.052957385498451526,0.17732069999328814,0.8416666666666667,1
private_seed_audit,budget_22_broad_high_cond,volatility-clustering,1003,3,hard,jagged,connected,high,none,evolutionary-blind,protocol_b,0.15966025485012836,1.0,0.29073856975381007,0.36714839817044476,0.18551511286293326,0.07983012742506418,0.10121448364738272,0.3140823153408243,0.0,4.0,0.776685393258427,0.0008671792231000834,0.06508313847375738,0.05603700748716301,0.0009532847802633526,0.23234949999459786,,1
private_seed_audit,budget_22_broad_high_cond,volatility-clustering,1003,3,hard,jagged,connected,high,none,projected-gradient-blind,protocol_b,0.5972837580955278,0.125,0.02029769959404601,3.4726116470844013,1.093641473595639,0.2986418790477639,0.5514997225257093,0.6931471793092321,0.0,11.0,0.9788273615635179,0.391798925343678,0.6268482749080224,0.576969619871934,1.734245983878113,0.05984330000501359,,1
private_seed_audit,budget_22_broad_high_cond,volatility-clustering,1003,3,hard,jagged,connected,high,none,subset-affine-blind,protocol_b,0.5804010167656549,0.171875,0.03443526170798898,7.9372539331937695,0.8668640406224549,0.29020050838282746,0.4970095520927,0.6931471793333996,0.0,11.0,0.9685430463576159,0.38127769925222893,0.6237519132404535,0.5979735854800236,1.5637658047798972,1.16065549999621,,1
private_seed_audit,budget_23_small_high_cond,barbell-bridge,1000,0,hard,jagged,connected,high,structured_dropout,ambiguity-set-sampler,protocol_b,0.5580333027509939,0.15625,0.05283757338551859,0.0,1.1391910136836312,0.27901665137549697,0.4718700156040227,0.6425079271697471,0.0,7.0,0.9537712895377128,0.10960108542294883,0.5575755263257398,0.6231284203972391,1.5670970046943622,1.4291918000017176,,6
private_seed_audit,budget_23_small_high_cond,barbell-bridge,1000,0,hard,jagged,connected,high,structured_dropout,best-of-k-restart-blind,protocol_b,0.7857024045642425,0.046875,0.05894308943089431,0.0,1.5266166039364795,0.3928512022821212,0.645269001790712,0.6244013505888221,0.0,7.0,0.957286432160804,0.46579256021062276,0.6158082515533205,0.6231284203972391,2.0632022314249943,0.513721200004511,0.16666666666666666,1
private_seed_audit,budget_23_small_high_cond,barbell-bridge,1000,0,hard,jagged,connected,high,structured_dropout,blind-sa,protocol_b,0.1917613197360689,0.765625,0.19306930693069307,0.4963042316064618,0.24669746128455278,0.09588065986803446,0.13618647008273468,0.4134322198724659,0.0,4.0,0.8830645161290323,0.001593893939054829,0.0544942107791999,0.04551210080254556,0.0937672826410263,0.1737963000050513,0.08333333333333333,1
private_seed_audit,budget_23_small_high_cond,barbell-bridge,1000,0,hard,jagged,connected,high,structured_dropout,evolutionary-blind,protocol_b,0.2030421629870948,0.734375,0.2859744990892532,0.4870919986068867,0.2592714272958714,0.1015210814935474,0.1365701769673153,0.3492741351421162,0.0,4.0,0.8136363636363636,0.0006613687547315218,0.066678693942795,0.0321911808386052,0.08271018443401301,0.237920599996869,,1
private_seed_audit,budget_23_small_high_cond,barbell-bridge,1000,0,hard,jagged,connected,high,structured_dropout,projected-gradient-blind,protocol_b,0.7390944149077876,0.03125,0.05894308943089431,7.937253933193772,3.2863996812299576,0.3695472074538938,0.6325367942051693,0.6244013505888221,0.0,7.0,0.957286432160804,0.4696745797510764,0.6333577921862772,0.5927640602235381,2.171926374892783,0.057643000000098255,,1
private_seed_audit,budget_23_small_high_cond,barbell-bridge,1000,0,hard,jagged,connected,high,structured_dropout,subset-affine-blind,protocol_b,0.5013430021322817,0.15625,0.04225352112676056,4.81343056534129,1.2071158726249345,0.25067150106614083,0.5169225733339092,0.6406127268175706,0.0,7.0,0.9699248120300752,0.3344080483291839,0.5820794159003335,0.5759164402252748,1.747707017920134,0.895406899995578,,1
private_seed_audit,budget_23_small_high_cond,barbell-bridge,1001,1,hard,jagged,connected,high,clustered_occlusion,ambiguity-set-sampler,protocol_b,0.602195957537422,0.078125,0.07157894736842105,0.0,1.3866988429553617,0.301097978768711,0.5197525682462631,0.6051468207337267,0.0,5.0,0.9319371727748691,0.15985251610878934,0.5556269305728369,0.5530093529280459,1.6283437722621903,1.3936462999990908,,6
private_seed_audit,budget_23_small_high_cond,barbell-bridge,1001,1,hard,jagged,connected,high,clustered_occlusion,best-of-k-restart-blind,protocol_b,0.6472154654841502,0.078125,0.06198347107438017,0.0,1.4590847437822168,0.3236077327420751,0.5479526366818661,0.6313742457038646,0.0,6.0,0.9487179487179487,0.23357857736684112,0.5581781963084151,0.5530093529280459,2.10069802987468,0.5054858999938006,0.55,1
private_seed_audit,budget_23_small_high_cond,barbell-bridge,1001,1,hard,jagged,connected,high,clustered_occlusion,blind-sa,protocol_b,0.23465027629188442,0.53125,0.28114478114478114,0.7252362422447542,0.2525501445887198,0.11732513814594221,0.16268766413959634,0.31614006023220853,0.0,4.0,0.8137044967880086,0.0014958199732951186,0.16549727568340103,0.07596288655105018,0.15259966586500395,0.17415210000035586,0.2,1
private_seed_audit,budget_23_small_high_cond,barbell-bridge,1001,1,hard,jagged,connected,high,clustered_occlusion,evolutionary-blind,protocol_b,0.224408039236516,0.5625,0.2964824120603015,0.596015062519513,0.2604835488885178,0.112204019618258,0.1564114281922541,0.3137965943993017,0.0,2.0,0.7811860940695297,0.001259954303757139,0.09605278377429827,0.07004723359564047,0.07412804393067551,0.22711290000006557,,1
private_seed_audit,budget_23_small_high_cond,barbell-bridge,1001,1,hard,jagged,connected,high,clustered_occlusion,projected-gradient-blind,protocol_b,0.7970409940115261,0.015625,0.06708595387840671,7.937253933193772,3.3823469391143512,0.39852049700576303,0.643295623773286,0.6225568364450405,0.0,6.0,0.9424083769633508,0.49545532523382374,0.5639437846636995,0.523429122469673,2.209422173342469,0.05961550000210991,,1
private_seed_audit,budget_23_small_high_cond,barbell-bridge,1001,1,hard,jagged,connected,high,clustered_occlusion,subset-affine-blind,protocol_b,0.7202420218134696,0.0,0.03490759753593429,7.93725393319377,1.6307690839070204,0.3601210109067348,0.6319711531993196,0.6275409223671754,0.0,6.0,0.9695431472081218,0.5447177145351929,0.5639437846636995,0.5243775463280249,2.209422173342469,0.916383700001461,,1
private_seed_audit,budget_23_small_high_cond,barbell-bridge,1002,2,hard,jagged,connected,high,none,ambiguity-set-sampler,protocol_b,0.497960858954775,0.1875,0.03564356435643564,0.0,1.2531802543315682,0.2489804294773875,0.41702657441717056,0.669955702445477,0.0,6.0,0.9554455445544554,0.06557259867093489,0.5752442496001144,0.5742969524942302,1.473914786556243,1.4998219999979483,,6
private_seed_audit,budget_23_small_high_cond,barbell-bridge,1002,2,hard,jagged,connected,high,none,best-of-k-restart-blind,protocol_b,0.7206039185337029,0.046875,0.06609808102345416,0.0,1.5748019389698524,0.36030195926685143,0.5724222369298124,0.6619749582953378,0.0,6.0,0.9366754617414248,0.2970612863374479,0.6019559317717461,0.5742969524942302,1.9964172262511672,0.5500155999980052,0.2,1
private_seed_audit,budget_23_small_high_cond,barbell-bridge,1002,2,hard,jagged,connected,high,none,blind-sa,protocol_b,0.12605985973718045,0.90625,0.3426294820717131,0.6201042808059309,0.21230155259775685,0.06302992986859023,0.07995184041280039,0.2541539655496122,0.0,3.0,0.7202970297029703,0.0007727288516249718,0.06322047038504354,0.15418129198875405,0.06773659956184375,0.17949999999837019,0.20833333333333334,1
private_seed_audit,budget_23_small_high_cond,barbell-bridge,1002,2,hard,jagged,connected,high,none,evolutionary-blind,protocol_b,0.15910910817231766,1.0,0.3445544554455445,0.5028308633032416,0.21335589014356415,0.07955455408615883,0.09494792790680857,0.2577737222905422,0.0,2.0,0.7548076923076923,0.0013009184225244597,0.0868319039570751,0.06770831054880555,0.029079280753923964,0.2374069000070449,,1
private_seed_audit,budget_23_small_high_cond,barbell-bridge,1002,2,hard,jagged,connected,high,none,projected-gradient-blind,protocol_b,0.5375400012748446,0.078125,0.0076045627376425855,0.0,1.4626822355293974,0.2687700006374223,0.47087750450782606,0.6308027371762106,0.0,6.0,0.9976744186046511,0.43644299717380775,0.5876639901239866,0.5742969524942302,1.79027139931795,0.05656279999675462,,1
private_seed_audit,budget_23_small_high_cond,barbell-bridge,1002,2,hard,jagged,connected,high,none,subset-affine-blind,protocol_b,0.6002820138492043,0.09375,0.03434343434343434,5.571237054004961,1.3181393944784792,0.30014100692460216,0.5633926237194289,0.6652222038393083,0.0,6.0,0.9702233250620348,0.4257239659975843,0.5824225030986934,0.523712925868831,1.6766311822741926,1.1474000999951386,,1
private_seed_audit,budget_23_small_high_cond,barbell-bridge,1003,3,hard,jagged,connected,high,moment_preserving_perturbation,ambiguity-set-sampler,protocol_b,0.46242388345508034,0.140625,0.016100178890876567,0.0,1.082506939730184,0.23121194172754017,0.44490828185687603,0.6436127368144426,0.0,4.0,0.9870410367170627,0.10167471398348461,0.5761978879297591,0.6931471803774005,1.6529015631972797,1.4267266000024392,,6
private_seed_audit,budget_23_small_high_cond,barbell-bridge,1003,3,hard,jagged,connected,high,moment_preserving_perturbation,best-of-k-restart-blind,protocol_b,0.6910142382825077,0.109375,0.06862745098039216,0.0,1.7328810338699034,0.34550711914125387,0.6126182606097875,0.6607695347456368,0.0,4.0,0.9355608591885441,0.3730898504246771,0.5765450249824997,0.6931471803774005,1.9885849250673862,0.520218500001647,0.20833333333333334,1
private_seed_audit,budget_23_small_high_cond,barbell-bridge,1003,3,hard,jagged,connected,high,moment_preserving_perturbation,blind-sa,protocol_b,0.22513124814329563,0.640625,0.23397913561847988,0.39165965932746377,0.282279282476424,0.11256562407164782,0.15135682509940102,0.47349744625714235,0.0,1.0,0.8327205882352942,0.0007842076634815957,0.04829361649837474,0.07105605739533634,0.01041555009031736,0.17676760000176728,0.09166666666666666,1
private_seed_audit,budget_23_small_high_cond,barbell-bridge,1003,3,hard,jagged,connected,high,moment_preserving_perturbation,evolutionary-blind,protocol_b,0.2124675577642812,0.65625,0.22897196261682243,0.4789312622722119,0.2887185328850812,0.1062337788821406,0.135287044919929,0.4833523366866104,0.0,3.0,0.8190661478599222,0.0011070421282234307,0.1009055710320863,0.037446793207772874,0.0636674818772911,0.22991650000039954,,1
private_seed_audit,budget_23_small_high_cond,barbell-bridge,1003,3,hard,jagged,connected,high,moment_preserving_perturbation,projected-gradient-blind,protocol_b,0.6834282749641398,0.0625,0.05609284332688588,7.937253933193771,1.728812793247024,0.3417141374820699,0.6343951010524446,0.6016670740644507,0.0,4.0,0.9479905437352246,0.28097451114162075,0.577267582997456,0.6629747991933883,2.022662395646592,0.058115299994824454,,1
private_seed_audit,budget_23_small_high_cond,barbell-bridge,1003,3,hard,jagged,connected,high,moment_preserving_perturbation,subset-affine-blind,protocol_b,0.624441779756374,0.046875,0.033962264150943396,5.9096091855286526,1.4721428730310868,0.312220889878187,0.5717209971444444,0.6931471794108988,0.0,4.0,0.9700460829493087,0.3853178076361311,0.5765450249824997,0.6360839257829256,1.9885849250673862,1.1359759999977541,,1
private_seed_audit,budget_23_small_high_cond,crescent,1000,0,hard,smooth,connected,high,none,ambiguity-set-sampler,protocol_b,0.2981397948387503,0.296875,0.12535612535612536,2.009168605253335,0.7406663630003071,0.14906989741937515,0.2701712051687211,0.576759229296512,0.0,5.0,0.8862876254180602,0.060968101837149485,0.6022601132006402,0.398908339560282,1.4787514229144023,1.4545796000020346,,6
private_seed_audit,budget_23_small_high_cond,crescent,1000,0,hard,smooth,connected,high,none,best-of-k-restart-blind,protocol_b,0.102707027954489,0.921875,0.24617737003058104,0.4791470868387358,0.17099919977725658,0.0513535139772445,0.0761387717090298,0.30940660403545334,0.0,4.0,0.79491833030853,0.0011887469766613747,0.06557709599957019,0.06887277966664848,0.06270910125166962,0.5223527999987709,0.675,1
private_seed_audit,budget_23_small_high_cond,crescent,1000,0,hard,smooth,connected,high,none,blind-sa,protocol_b,0.10752491811561056,0.96875,0.2748735244519393,0.7079678307675245,0.13318298017250454,0.05376245905780528,0.07590018385659521,0.23501970916356002,0.0,3.0,0.7638888888888888,0.000806610587865617,0.10896891292202697,0.08227484410787247,0.12063291956865152,0.1779714999938733,0.7083333333333334,1
private_seed_audit,budget_23_small_high_cond,crescent,1000,0,hard,smooth,connected,high,none,evolutionary-blind,protocol_b,0.11998571865925695,0.859375,0.2779503105590062,0.41134304993242465,0.15928420586821784,0.05999285932962847,0.10073024961681946,0.34355253986109735,0.0,5.0,0.8373831775700935,0.0019122583373848657,0.0486386339455005,0.09481991642585343,0.12516837606339415,0.23197800000343705,,1
private_seed_audit,budget_23_small_high_cond,crescent,1000,0,hard,smooth,connected,high,none,projected-gradient-blind,protocol_b,0.7910925220171979,0.015625,0.014414414414414415,7.937253933193773,2.0367332021357876,0.39554626100859896,0.6294359212453695,0.6583199438294154,0.0,5.0,0.9872068230277186,0.5516920040369844,0.6125402680427651,0.6782288795573979,2.041758138856244,0.06212059999961639,,1
private_seed_audit,budget_23_small_high_cond,crescent,1000,0,hard,smooth,connected,high,none,subset-affine-blind,protocol_b,0.5594091089842879,0.0625,0.014311270125223614,5.193393365570882,1.113891769761091,0.27970455449214393,0.5271488455526505,0.6654614350583161,0.0,5.0,0.9830508474576272,0.3607533328262289,0.5987750504165794,0.6044832436235159,1.639665410754357,1.171193800000765,,1
private_seed_audit,budget_23_small_high_cond,crescent,1001,1,hard,smooth,connected,high,moment_preserving_perturbation,ambiguity-set-sampler,protocol_b,0.2679188921789903,0.40625,0.0891089108910891,1.3897685416102612,0.6476594293277694,0.13395944608949514,0.26076465054176984,0.6308715564957295,0.0,5.0,0.9155844155844156,0.043816956202083895,0.5092780835095921,0.3571879819262995,1.6303926091961964,1.4383712999988347,,6
private_seed_audit,budget_23_small_high_cond,crescent,1001,1,hard,smooth,connected,high,moment_preserving_perturbation,best-of-k-restart-blind,protocol_b,0.6950856343950774,0.03125,0.011041009463722398,0.0,0.9716114464435914,0.3475428171975387,0.5405447966967196,0.6611828264257856,0.0,5.0,0.9893992932862191,0.45804772626059986,0.5011130829535283,0.6931471803653064,1.966075971066303,0.5391949000040768,0.7416666666666667,1
private_seed_audit,budget_23_small_high_cond,crescent,1001,1,hard,smooth,connected,high,moment_preserving_perturbation,blind-sa,protocol_b,0.23915371691656148,0.578125,0.1677762982689747,0.28039734577835324,0.3487623152785558,0.11957685845828074,0.1711086196526322,0.554474794286184,0.0,0.0,0.8661417322834646,0.005532079921512883,0.12587050482174506,0.09660015183425161,0.14242866743594362,0.1784440000046743,0.5,1
private_seed_audit,budget_23_small_high_cond,crescent,1001,1,hard,smooth,connected,high,moment_preserving_perturbation,evolutionary-blind,protocol_b,0.23772607091968437,0.53125,0.19027777777777777,0.20059065386827182,0.37062066780461234,0.11886303545984218,0.16403356340375833,0.5429187622457239,0.0,1.0,0.8638573743922204,0.005928829094697851,0.119054494502879,0.07175999108845094,0.18788381884632344,0.23225660000025528,,1
private_seed_audit,budget_23_small_high_cond,crescent,1001,1,hard,smooth,connected,high,moment_preserving_perturbation,projected-gradient-blind,protocol_b,0.746802479322226,0.03125,0.023769100169779286,5.567764362830022,1.2788583247061824,0.373401239661113,0.6038123063650683,0.6611828264257859,0.0,5.0,0.9828897338403042,0.5491955905267344,0.5129423055019013,0.6586819099008473,2.17222179799952,0.05924370000138879,,1
private_seed_audit,budget_23_small_high_cond,crescent,1001,1,hard,smooth,connected,high,moment_preserving_perturbation,subset-affine-blind,protocol_b,0.5446030137447058,0.09375,0.01549053356282272,4.778345904590756,0.9477725972550969,0.2723015068723529,0.467378883661603,0.6171883010668038,0.0,5.0,0.9844660194174757,0.23075028462774422,0.4969662957342458,0.6495440609517343,1.7667736947255135,1.1562807000009343,,1
private_seed_audit,budget_23_small_high_cond,crescent,1002,2,hard,smooth,connected,high,structured_dropout,ambiguity-set-sampler,protocol_b,0.31452858312111254,0.203125,0.11094224924012158,1.6971154961136734,0.6193596761640504,0.15726429156055627,0.2685412943360176,0.5593626699404842,0.0,6.0,0.9050966608084359,0.06175810389899918,0.6233994028771517,0.3282550105514376,1.3968150931497605,1.444382499998028,,6
private_seed_audit,budget_23_small_high_cond,crescent,1002,2,hard,smooth,connected,high,structured_dropout,best-of-k-restart-blind,protocol_b,0.6942106934880254,0.0,0.02329450915141431,0.0,0.7607727008433588,0.3471053467440127,0.4730386720107153,0.6647606396789649,0.0,6.0,0.980544747081712,0.31379879976530844,0.6244909533245444,0.6231284203981287,1.4640864772998332,0.5221970000056899,0.6,1
private_seed_audit,budget_23_small_high_cond,crescent,1002,2,hard,smooth,connected,high,structured_dropout,blind-sa,protocol_b,0.10212772137511578,0.9375,0.3317972350230415,0.45841610459447757,0.1970253701949502,0.05106386068755789,0.07261027941038847,0.2268481676343172,0.0,2.0,0.7544483985765125,0.0008072121306022228,0.16523326212828776,0.061691777061976164,0.2730072225293325,0.17263290000119014,0.625,1
private_seed_audit,budget_23_small_high_cond,crescent,1002,2,hard,smooth,connected,high,structured_dropout,evolutionary-blind,protocol_b,0.11278240627559798,0.953125,0.3338533541341654,0.3635814752225086,0.10874402310666241,0.05639120313779899,0.08139564836673593,0.16086186539353228,0.0,1.0,0.7527675276752768,0.0005107518945774088,0.10741110790154516,0.054598095433842614,0.09901719097900452,0.22459649999655085,,1
private_seed_audit,budget_23_small_high_cond,crescent,1002,2,hard,smooth,connected,high,structured_dropout,projected-gradient-blind,protocol_b,0.7553243807979947,0.03125,0.019064124783362217,7.937253933193772,2.0254302846145196,0.37766219039899734,0.6065795924529749,0.6573698081393486,0.0,6.0,0.9814814814814815,0.5409038804584978,0.6420743371708617,0.6125402680430934,1.9917948385227646,0.056345700002566446,,1
private_seed_audit,budget_23_small_high_cond,crescent,1002,2,hard,smooth,connected,high,structured_dropout,subset-affine-blind,protocol_b,0.5831854747666246,0.046875,0.02058319039451115,7.937253933193772,0.9124477853316201,0.2915927373833123,0.4758795162131978,0.6931471794453055,0.0,6.0,0.9776876267748479,0.28933484662334386,0.63013207387614,0.608452391920286,1.727073050204193,0.8703737000032561,,1
private_seed_audit,budget_23_small_high_cond,crescent,1003,3,hard,smooth,connected,high,clustered_occlusion,ambiguity-set-sampler,protocol_b,0.3603139133530062,0.203125,0.08595988538681948,1.8275669392868752,0.7848348126169816,0.1801569566765031,0.34867238926742544,0.5389159120667343,0.0,7.0,0.9369527145359019,0.10798014586549276,0.5241119184886649,0.42468502861265117,1.6829179929935596,1.3853197999997064,,6
private_seed_audit,budget_23_small_high_cond,crescent,1003,3,hard,smooth,connected,high,clustered_occlusion,best-of-k-restart-blind,protocol_b,0.7646758334405398,0.0,0.02526002971768202,0.0,0.9677158322911993,0.3823379167202699,0.5332898890162391,0.6607695347456368,0.0,7.0,0.977818853974122,0.47276427438962415,0.518924948297893,0.6231284204095074,1.9816124141836509,0.5031930000041029,0.5833333333333334,1
private_seed_audit,budget_23_small_high_cond,crescent,1003,3,hard,smooth,connected,high,clustered_occlusion,blind-sa,protocol_b,0.2712904663998362,0.515625,0.19858156028368795,0.43927769191790966,0.5564856809940812,0.1356452331999181,0.21254905216198997,0.48270879911769504,0.0,1.0,0.8844133099824869,0.0030109975285653057,0.08971782422432534,0.10996703211976142,0.20746316932909892,0.17159479999827454,0.48333333333333334,1
private_seed_audit,budget_23_small_high_cond,crescent,1003,3,hard,smooth,connected,high,clustered_occlusion,evolutionary-blind,protocol_b,0.2792767613202501,0.484375,0.17354196301564723,0.26010083048038196,0.5539989943426842,0.13963838066012504,0.21181151763157724,0.4798320362622235,0.0,6.0,0.8875,0.0028624549490819237,0.08410819599416226,0.14746535725299387,0.13890918949065512,0.21967169999697944,,1
private_seed_audit,budget_23_small_high_cond,crescent,1003,3,hard,smooth,connected,high,clustered_occlusion,projected-gradient-blind,protocol_b,0.766758659271535,0.015625,0.01524390243902439,5.5677643628300215,1.369805534804847,0.3833793296357675,0.615908378082739,0.6607695347456368,0.0,7.0,0.9923954372623575,0.5839718070943996,0.5325419242365013,0.5891515106989595,2.2193217769812095,0.05763179999485146,,1
private_seed_audit,budget_23_small_high_cond,crescent,1003,3,hard,smooth,connected,high,clustered_occlusion,subset-affine-blind,protocol_b,0.6121165916512367,0.046875,0.013761467889908258,6.439203206945975,1.0541614278079134,0.30605829582561833,0.5243344854468583,0.6675250843851317,0.0,7.0,0.9826923076923076,0.3471912123808098,0.5147127189925269,0.5682021598261047,1.796047430824045,0.882616800001415,,1
private_seed_audit,budget_23_small_high_cond,cross-branch,1000,0,hard,jagged,connected,high,none,ambiguity-set-sampler,protocol_b,0.33739399311640966,0.46875,0.045454545454545456,1.395235972832172,0.8519311489595932,0.16869699655820483,0.3354212243296384,0.6196401527374894,0.0,0.0,0.9661016949152542,0.050413397745522386,0.5353739304887198,0.25886558198637183,1.6776767784987683,1.4338619000045583,,6
private_seed_audit,budget_23_small_high_cond,cross-branch,1000,0,hard,jagged,connected,high,none,best-of-k-restart-blind,protocol_b,0.10434401752040227,0.984375,0.5235849056603774,0.3651384109793033,0.1579940340135977,0.05217200876020114,0.07180028973733221,0.2426015125700846,0.0,0.0,0.5916398713826366,0.00017094392958251514,0.0879420567452728,0.0631593032575084,0.009666027826009227,0.5482732000018586,0.85,1
private_seed_audit,budget_23_small_high_cond,cross-branch,1000,0,hard,jagged,connected,high,none,blind-sa,protocol_b,0.10957679936435606,0.984375,0.4004329004329004,0.3968766881890544,0.16422681237536957,0.05478839968217803,0.07331757780757844,0.2772588715086679,0.0,3.0,0.7638483965014577,0.0002502795667665852,0.12207739449849235,0.05690581691159705,0.03945404177016654,0.18211999999766704,0.49166666666666664,1
private_seed_audit,budget_23_small_high_cond,cross-branch,1000,0,hard,jagged,connected,high,none,evolutionary-blind,protocol_b,0.1020284112383966,1.0,0.5647921760391198,0.3414142619068122,0.15180609205193368,0.0510142056191983,0.06971715310505869,0.21949660661102893,0.0,2.0,0.5723684210526316,0.00016527397398108205,0.10092175486727387,0.07178899620870086,0.04947736043882989,0.22880109999823617,,1
private_seed_audit,budget_23_small_high_cond,cross-branch,1000,0,hard,jagged,connected,high,none,projected-gradient-blind,protocol_b,0.50822490255358,0.21875,0.04225352112676056,2.387194842877244,1.0344525788647867,0.25411245127679,0.4945143656787515,0.6931471792236912,0.0,3.0,0.9690140845070423,0.20810944093371875,0.533181611695819,0.4813063779687862,1.6280211509588118,0.05831680000119377,,1
private_seed_audit,budget_23_small_high_cond,cross-branch,1000,0,hard,jagged,connected,high,none,subset-affine-blind,protocol_b,0.6460805251729764,0.046875,0.016736401673640166,5.706795669617053,1.1443041471066129,0.3230402625864882,0.5866417342658522,0.6931471793898223,0.0,5.0,0.9829545454545454,0.4300665152732768,0.5481897249749996,0.69314718039209,1.9150719104019742,1.1308640000061132,,1
private_seed_audit,budget_23_small_high_cond,cross-branch,1001,1,hard,jagged,connected,high,moment_preserving_perturbation,ambiguity-set-sampler,protocol_b,0.39187856399350846,0.25,0.031932773109243695,1.1934592702055133,0.9132713372208338,0.19593928199675423,0.38391650954992246,0.6484897157070663,0.0,1.0,0.9730290456431535,0.06219898913826534,0.5581504172389853,0.4308464913883183,1.8464231726597142,1.4478043999988586,,6
private_seed_audit,budget_23_small_high_cond,cross-branch,1001,1,hard,jagged,connected,high,moment_preserving_perturbation,best-of-k-restart-blind,protocol_b,0.22113912449270862,0.703125,0.15,0.2980659694037593,0.3253699895227474,0.11056956224635431,0.14832545292051671,0.5589507367904556,0.0,0.0,0.881578947368421,0.0013398902291613581,0.09396882276170096,0.11595459350169944,0.08752005541016006,0.5320486000055098,0.6916666666666667,1
private_seed_audit,budget_23_small_high_cond,cross-branch,1001,1,hard,jagged,connected,high,moment_preserving_perturbation,blind-sa,protocol_b,0.20983262131055916,0.78125,0.12921348314606743,0.2886721120853104,0.3280449788990112,0.10491631065527958,0.15192315466989587,0.5701337736185375,0.0,5.0,0.9197860962566845,0.002473743095717624,0.066037005824188,0.0903303515390568,0.027945434528469537,0.18253289999847766,0.6,1
private_seed_audit,budget_23_small_high_cond,cross-branch,1001,1,hard,jagged,connected,high,moment_preserving_perturbation,evolutionary-blind,protocol_b,0.22918317953433812,0.6875,0.16666666666666666,0.27384932970137743,0.34359732327871134,0.11459158976716906,0.15657577615621526,0.5254016263062112,0.0,7.0,0.8909426987060998,0.0018850230860844278,0.10480918523683172,0.10505859660075488,0.04510652067703402,0.2303230999968946,,1
private_seed_audit,budget_23_small_high_cond,cross-branch,1001,1,hard,jagged,connected,high,moment_preserving_perturbation,projected-gradient-blind,protocol_b,0.4377502549624381,0.234375,0.04430379746835443,2.8408489351326973,1.095042835612786,0.21887512748121904,0.45796152574918453,0.6727754915075166,0.0,1.0,0.96875,0.13307647758651625,0.5530122918287402,0.5859236250054006,1.629805432649039,0.06047229999967385,,1
private_seed_audit,budget_23_small_high_cond,cross-branch,1001,1,hard,jagged,connected,high,moment_preserving_perturbation,subset-affine-blind,protocol_b,0.4804539237961669,0.109375,0.046357615894039736,3.997314737180095,1.1239573741446567,0.24022696189808346,0.5434595049089485,0.6684086109767365,0.0,1.0,0.9558011049723757,0.35936876994912886,0.5708744018119212,0.6673984549227009,1.8718711418056877,1.1563307000033092,,1
private_seed_audit,budget_23_small_high_cond,cross-branch,1002,2,hard,jagged,connected,high,structured_dropout,ambiguity-set-sampler,protocol_b,0.384627084349258,0.453125,0.05027932960893855,1.3033279097451966,0.8070028065245789,0.192313542174629,0.3526375176692604,0.6346886990737485,0.0,5.0,0.9525,0.05725813919990204,0.4920791524167849,0.28608436635955903,1.731276807365398,1.4287623000054737,,6
private_seed_audit,budget_23_small_high_cond,cross-branch,1002,2,hard,jagged,connected,high,structured_dropout,best-of-k-restart-blind,protocol_b,0.16620445437190604,0.96875,0.3782608695652174,0.40493974331914273,0.18720324883032036,0.08310222718595302,0.11878358028361585,0.279494830132017,0.0,3.0,0.7486187845303867,0.00027428159830354465,0.040618317672601885,0.062089409976130897,0.0249507265317499,0.5274649999992107,0.8166666666666667,1
private_seed_audit,budget_23_small_high_cond,cross-branch,1002,2,hard,jagged,connected,high,structured_dropout,blind-sa,protocol_b,0.10993983457660421,0.984375,0.4309133489461358,0.5212020824042622,0.2421393007313862,0.054969917288302104,0.07345910716557559,0.30354317369817474,0.0,3.0,0.7002967359050445,0.00046166753179042726,0.07113590677519416,0.0386680742917358,0.11328753938854064,0.17659249999996973,0.4583333333333333,1
private_seed_audit,budget_23_small_high_cond,cross-branch,1002,2,hard,jagged,connected,high,structured_dropout,evolutionary-blind,protocol_b,0.17125558778645242,0.96875,0.34541577825159914,0.39557516504137763,0.18706786802393616,0.08562779389322621,0.117766732338002,0.2683150369267363,0.0,7.0,0.7566137566137566,0.00020929522068064452,0.06966528357269226,0.058797683347520044,0.045953460262714074,0.22594099999696482,,1
private_seed_audit,budget_23_small_high_cond,cross-branch,1002,2,hard,jagged,connected,high,structured_dropout,projected-gradient-blind,protocol_b,0.49569577491150696,0.25,0.045275590551181105,2.3746605683688635,1.0070301033368867,0.24784788745575348,0.47965840047768094,0.6740373641792314,0.0,4.0,0.9509043927648578,0.2210834102608816,0.4811973788703326,0.4742326643462778,1.7034445643768226,0.062258800004201476,,1
private_seed_audit,budget_23_small_high_cond,cross-branch,1002,2,hard,jagged,connected,high,structured_dropout,subset-affine-blind,protocol_b,0.5300559494215922,0.171875,0.047151277013752456,4.123561610263935,1.0624265700656914,0.2650279747107961,0.536961798163241,0.6205855713766502,0.0,5.0,0.966903073286052,0.359798457200948,0.4847659405011405,0.645737605509038,1.9254877092031717,0.9312530000024708,,1
private_seed_audit,budget_23_small_high_cond,cross-branch,1003,3,hard,jagged,connected,high,clustered_occlusion,ambiguity-set-sampler,protocol_b,0.3811280770936833,0.375,0.030927835051546393,1.4767489214986793,0.8059221938847426,0.19056403854684165,0.3767524828938246,0.6312301724800518,0.0,5.0,0.9766355140186916,0.0693261274617304,0.5974490666599376,0.3253758190323223,1.729424277893804,1.3998495999985607,,6
private_seed_audit,budget_23_small_high_cond,cross-branch,1003,3,hard,jagged,connected,high,clustered_occlusion,best-of-k-restart-blind,protocol_b,0.41041398776734495,0.359375,0.04070796460176991,1.1159684920021473,0.8440671845641045,0.20520699388367247,0.37885587515826635,0.6473242022000871,0.0,2.0,0.9545454545454546,0.07145938363549167,0.5974450281478954,0.208797833970165,1.7400730001628821,0.5049439999929746,0.75,1
private_seed_audit,budget_23_small_high_cond,cross-branch,1003,3,hard,jagged,connected,high,clustered_occlusion,blind-sa,protocol_b,0.12402083495437674,0.921875,0.4068522483940043,0.41728697183338337,0.2410711783404812,0.06201041747718837,0.11788783472807463,0.2504562357444209,0.0,4.0,0.6955307262569832,0.0018191595751758092,0.050963288079077754,0.053966320225659524,0.035472621839331975,0.1728348000033293,0.45,1
private_seed_audit,budget_23_small_high_cond,cross-branch,1003,3,hard,jagged,connected,high,clustered_occlusion,evolutionary-blind,protocol_b,0.12553557534128035,0.90625,0.4090909090909091,0.34194280061901755,0.2435151868094462,0.06276778767064017,0.09872559537261737,0.25415396554961245,0.0,4.0,0.7520891364902507,0.0007657272883892902,0.05952312520086631,0.061819015043569646,0.024762525436712757,0.2386320000005071,,1
private_seed_audit,budget_23_small_high_cond,cross-branch,1003,3,hard,jagged,connected,high,clustered_occlusion,projected-gradient-blind,protocol_b,0.4511269029736983,0.21875,0.0446927374301676,2.4187855329976156,0.9901287157166092,0.22556345148684914,0.4770155228853364,0.6541324356996535,0.0,5.0,0.9688995215311005,0.1931313136630436,0.5992232944886302,0.5039673010255362,1.6817230489105648,0.06262190000416012,,1
private_seed_audit,budget_23_small_high_cond,cross-branch,1003,3,hard,jagged,connected,high,clustered_occlusion,subset-affine-blind,protocol_b,0.6380798650286428,0.03125,0.01639344262295082,4.577420414946674,1.0658007688208673,0.3190399325143214,0.5589226754734019,0.6931471793776354,0.0,5.0,0.9897172236503856,0.3775948320617203,0.6147233380277384,0.6606559063734695,1.9961456696527329,0.8894875999976648,,1
private_seed_audit,budget_23_small_high_cond,double-loop,1000,0,hard,smooth,connected,high,clustered_occlusion,ambiguity-set-sampler,protocol_b,0.43065654417406307,0.265625,0.04195804195804196,2.152779197056991,0.8064592690701209,0.21532827208703154,0.4080567085606788,0.5679673302046069,0.0,1.0,0.9731903485254692,0.10741599953698996,0.504013332055512,0.4593984106084107,1.6033305474295065,1.3816015000047628,,6
private_seed_audit,budget_23_small_high_cond,double-loop,1000,0,hard,smooth,connected,high,clustered_occlusion,best-of-k-restart-blind,protocol_b,0.5748191561144279,0.03125,0.02857142857142857,0.0,0.812969281099315,0.28740957805721395,0.4838573408040198,0.6350923673506416,0.0,1.0,0.9785522788203753,0.3310658187107952,0.5445915362550113,0.6931471803798375,1.6844869558288296,0.4996194999985164,0.6916666666666667,1
private_seed_audit,budget_23_small_high_cond,double-loop,1000,0,hard,smooth,connected,high,clustered_occlusion,blind-sa,protocol_b,0.3026585651301329,0.515625,0.06262626262626263,0.6610666154658077,0.4895417868010757,0.15132928256506645,0.2474610435173683,0.5104890150846343,0.0,1.0,0.9400479616306955,0.0034234245424892553,0.09249073026353712,0.1299144238470222,0.07468706320649376,0.171813300003123,0.625,1
private_seed_audit,budget_23_small_high_cond,double-loop,1000,0,hard,smooth,connected,high,clustered_occlusion,evolutionary-blind,protocol_b,0.2882400828143009,0.5625,0.07839388145315487,0.43749012413333166,0.4766604715361898,0.14412004140715046,0.2317929332862416,0.465912187725231,0.0,6.0,0.9135514018691588,0.002267179627260206,0.112110391013121,0.1083086414488292,0.03532132703234403,0.2225310000067111,,1
private_seed_audit,budget_23_small_high_cond,double-loop,1000,0,hard,smooth,connected,high,clustered_occlusion,projected-gradient-blind,protocol_b,0.7111866365029234,0.03125,0.022082018927444796,0.0,1.0040923366894448,0.3555933182514617,0.5952523177669311,0.6204595755264204,0.0,2.0,0.9776951672862454,0.6000390657303769,0.5145504390530709,0.6931471803798375,2.2468221004139326,0.056357800000114366,,1
private_seed_audit,budget_23_small_high_cond,double-loop,1000,0,hard,smooth,connected,high,clustered_occlusion,subset-affine-blind,protocol_b,0.7079442589187388,0.03125,0.029925187032418952,0.0,0.9611272981625986,0.3539721294593694,0.5777640571255193,0.6623547831658674,0.0,1.0,0.9745042492917847,0.4763537608500462,0.5778672360828112,0.6931471803798375,1.9016154750527767,0.8847630000018398,,1
private_seed_audit,budget_23_small_high_cond,double-loop,1001,1,hard,smooth,connected,high,none,ambiguity-set-sampler,protocol_b,0.27667829637855373,0.5625,0.08139534883720931,1.9374056286983283,0.4956743052342465,0.13833914818927687,0.27316785506691,0.5566201141180275,0.0,1.0,0.9552941176470588,0.03585665287961483,0.2966249323173064,0.37449259071602037,0.5909961645405346,1.4308883999983664,,6
private_seed_audit,budget_23_small_high_cond,double-loop,1001,1,hard,smooth,connected,high,none,best-of-k-restart-blind,protocol_b,0.6443198943823896,0.03125,0.012048192771084338,0.0,0.953076697862242,0.3221599471911948,0.5197606469668553,0.6359280245845795,0.0,0.0,0.989041095890411,0.4911632364387249,0.5756003267324836,0.6931471804150546,1.6113727881951623,0.529715100004978,0.5166666666666667,1
private_seed_audit,budget_23_small_high_cond,double-loop,1001,1,hard,smooth,connected,high,none,blind-sa,protocol_b,0.10056994158640291,0.953125,0.4367816091954023,0.638698850288654,0.2119035030734345,0.050284970793201454,0.08514465994929897,0.2390740696803108,0.0,2.0,0.6153846153846154,0.0008523651573028577,0.11436884994820345,0.058266889521934914,0.06459272746268807,0.17688259999704314,0.25,1
private_seed_audit,budget_23_small_high_cond,double-loop,1001,1,hard,smooth,connected,high,none,evolutionary-blind,protocol_b,0.0953704507133045,1.0,0.335978835978836,0.41122519940403046,0.12854941409990756,0.04768522535665225,0.07794585368418333,0.25842685782506947,0.0,0.0,0.742671009771987,0.0009638286141640893,0.08496484140667468,0.04244201981222436,0.08899106071994867,0.22789609999745153,,1
private_seed_audit,budget_23_small_high_cond,double-loop,1001,1,hard,smooth,connected,high,none,projected-gradient-blind,protocol_b,0.8125594116799277,0.015625,0.02570694087403599,7.937253933193772,2.6868631196647805,0.40627970583996387,0.6287235262774653,0.658774265018976,0.0,0.0,0.9736070381231672,0.5181019587345982,0.586973878010399,0.6931471804035197,2.1999147872776312,0.059119900004589,,1
private_seed_audit,budget_23_small_high_cond,double-loop,1001,1,hard,smooth,connected,high,none,subset-affine-blind,protocol_b,0.49480720169274894,0.125,0.07297297297297298,4.672443133098319,0.8755299940518573,0.24740360084637447,0.5244981466248356,0.6143455005325125,0.0,0.0,0.9294478527607362,0.4266831710647949,0.5781850470465362,0.5987992570689256,2.0062337089993334,1.1536953000031644,,1
private_seed_audit,budget_23_small_high_cond,double-loop,1002,2,hard,smooth,connected,high,moment_preserving_perturbation,ambiguity-set-sampler,protocol_b,0.2811463272322404,0.46875,0.05745062836624776,1.7205281986128267,0.5665118769479724,0.1405731636161202,0.3096723187374309,0.589543797694351,0.0,0.0,0.9458333333333333,0.05408905067266096,0.1554965336292638,0.386635071092884,0.08838193358774182,1.4236321999997017,,6
private_seed_audit,budget_23_small_high_cond,double-loop,1002,2,hard,smooth,connected,high,moment_preserving_perturbation,best-of-k-restart-blind,protocol_b,0.6553442399884621,0.0625,0.02358490566037736,0.0,0.992008317997514,0.32767211999423107,0.5380466447521305,0.6931471793676885,0.0,0.0,0.9732620320855615,0.3870099824733158,0.5779176306922591,0.6527826866249717,1.6331269949979832,0.5389881000010064,0.6666666666666666,1
private_seed_audit,budget_23_small_high_cond,double-loop,1002,2,hard,smooth,connected,high,moment_preserving_perturbation,blind-sa,protocol_b,0.20640252729892886,0.890625,0.10339506172839506,0.2594636037962888,0.32146035850295435,0.10320126364946443,0.14285496887297286,0.473085004223343,0.0,3.0,0.9245283018867925,0.0038434914010208173,0.1844309798135336,0.12640074328457673,0.17428804482632332,0.186263700001291,0.45,1
private_seed_audit,budget_23_small_high_cond,double-loop,1002,2,hard,smooth,connected,high,moment_preserving_perturbation,evolutionary-blind,protocol_b,0.20928709124682657,0.921875,0.08553654743390357,0.24820930088182558,0.3188448489009516,0.10464354562341328,0.14334301911067987,0.473085004223343,0.0,3.0,0.9257884972170687,0.0031834570715755985,0.20173081622441413,0.1530303600621265,0.19510628631291116,0.23127679999743123,,1
private_seed_audit,budget_23_small_high_cond,double-loop,1002,2,hard,smooth,connected,high,moment_preserving_perturbation,projected-gradient-blind,protocol_b,0.7617614162717096,0.0,0.03880597014925373,0.0,0.9777384545571267,0.3808807081358548,0.5925358563242303,0.6213738641749162,0.0,1.0,0.9618055555555556,0.6003100084848748,0.6231284203863161,0.6527826866249717,2.2119856388029553,0.05762549999781186,,1
private_seed_audit,budget_23_small_high_cond,double-loop,1002,2,hard,smooth,connected,high,moment_preserving_perturbation,subset-affine-blind,protocol_b,0.6358044032307503,0.03125,0.03002309468822171,5.053088880786209,0.9423516343308633,0.31790220161537514,0.5514057464302593,0.6148649931778276,0.0,0.0,0.9713541666666666,0.4017060851532187,0.5860867912800382,0.6174555726903328,1.835215477577458,1.1203822000024957,,1
private_seed_audit,budget_23_small_high_cond,double-loop,1003,3,hard,smooth,connected,high,structured_dropout,ambiguity-set-sampler,protocol_b,0.2891246134326008,0.34375,0.1068840579710145,3.0238942996497173,0.46394318594422,0.1445623067163004,0.2776386820571559,0.5389159120667342,0.0,2.0,0.9117647058823529,0.04033988617042536,0.22308116416855414,0.5167538825467398,0.4168971605984024,1.4094422999987728,,6
private_seed_audit,budget_23_small_high_cond,double-loop,1003,3,hard,smooth,connected,high,structured_dropout,best-of-k-restart-blind,protocol_b,0.5829059690940488,0.046875,0.037549407114624504,0.0,0.832271625310438,0.2914529845470244,0.5047556659578403,0.6062480186641347,0.0,2.0,0.9573934837092732,0.46514458942625403,0.5828366869563315,0.6931471803918232,1.6415132649230704,0.5022553000017069,0.55,1
private_seed_audit,budget_23_small_high_cond,double-loop,1003,3,hard,smooth,connected,high,structured_dropout,blind-sa,protocol_b,0.1471258875498217,0.796875,0.3695198329853862,0.4730148313987088,0.17432003187656567,0.07356294377491085,0.11644444619025947,0.26375460004739437,0.0,1.0,0.7839335180055402,0.0027299608077291284,0.07933225399998295,0.03184304349509615,0.08050010487062753,0.1722587999975076,0.5916666666666667,1
private_seed_audit,budget_23_small_high_cond,double-loop,1003,3,hard,smooth,connected,high,structured_dropout,evolutionary-blind,protocol_b,0.09049731925668458,0.96875,0.25792811839323465,0.41557809740958873,0.17166865195475034,0.04524865962834229,0.0770179099759155,0.24320953643445514,0.0,2.0,0.8172043010752688,0.001056534775482067,0.07027996486541878,0.0782273252668351,0.023824020275811986,0.22168979999696603,,1
private_seed_audit,budget_23_small_high_cond,double-loop,1003,3,hard,smooth,connected,high,structured_dropout,projected-gradient-blind,protocol_b,0.8311861287468569,0.0,0.024,7.937253933193771,2.610041584056175,0.41559306437342847,0.6481688917813483,0.6583199438294157,0.0,2.0,0.9744245524296675,0.5135227807856446,0.6353317885747609,0.6931471803802882,2.222591666003349,0.05773100000078557,,1
private_seed_audit,budget_23_small_high_cond,double-loop,1003,3,hard,smooth,connected,high,structured_dropout,subset-affine-blind,protocol_b,0.6107867171558556,0.046875,0.053388090349075976,7.93725393319377,1.015721840618134,0.3053933585779278,0.5230547680525125,0.635214405583785,0.0,2.0,0.9451697127937336,0.42129961412353456,0.6206635144286261,0.675574207134723,2.1138675225355597,0.8791698999993969,,1
private_seed_audit,budget_23_small_high_cond,mean-reversion,1000,0,hard,jagged,connected,high,structured_dropout,ambiguity-set-sampler,protocol_b,0.3271509403119311,0.359375,0.06990014265335236,1.891144505393098,0.6154704968049369,0.16357547015596555,0.3255417280675724,0.6453844232049715,0.0,5.0,0.9335604770017036,0.06927523124122383,0.5349671255993347,0.4033507186217874,1.539871568894264,1.3816372999935993,,6
private_seed_audit,budget_23_small_high_cond,mean-reversion,1000,0,hard,jagged,connected,high,structured_dropout,best-of-k-restart-blind,protocol_b,0.1747123322744914,0.84375,0.2652482269503546,0.3239926643308302,0.19965926233009734,0.0873561661372457,0.10571985750301971,0.44717389620420733,0.0,0.0,0.8152542372881356,0.0012055805725339156,0.09170661087580699,0.07752341796567111,0.023069511004985,0.5061085999986972,0.5833333333333334,1
private_seed_audit,budget_23_small_high_cond,mean-reversion,1000,0,hard,jagged,connected,high,structured_dropout,blind-sa,protocol_b,0.16131686640009615,0.921875,0.2305593451568895,0.2845544159597449,0.1892906900448961,0.08065843320004808,0.1033093283842124,0.4620981191368616,0.0,0.0,0.823240589198036,0.0006547848289904395,0.13345434777058243,0.10442703422458623,0.13572762927741078,0.17645440000342205,0.5333333333333333,1
private_seed_audit,budget_23_small_high_cond,mean-reversion,1000,0,hard,jagged,connected,high,structured_dropout,evolutionary-blind,protocol_b,0.16363001009241776,0.890625,0.3028571428571429,0.27602918659261816,0.20824060739831177,0.08181500504620888,0.09598643650465036,0.3765863050926668,0.0,0.0,0.7735849056603774,0.0010581392827340222,0.08161266835537115,0.07556611812072464,0.12437598475810896,0.2216478000045754,,1
private_seed_audit,budget_23_small_high_cond,mean-reversion,1000,0,hard,jagged,connected,high,structured_dropout,projected-gradient-blind,protocol_b,0.7308973893416213,0.0,0.01775147928994083,0.0,1.0991745857604414,0.36544869467081065,0.5642815577904176,0.693147179406441,0.0,6.0,0.9780487804878049,0.6310396025179008,0.6527826865748332,0.5974436546362462,2.1609579434149624,0.057030500000109896,,1
private_seed_audit,budget_23_small_high_cond,mean-reversion,1000,0,hard,jagged,connected,high,structured_dropout,subset-affine-blind,protocol_b,0.5680981532202596,0.046875,0.019639934533551555,5.280689420586726,0.9397969583748403,0.2840490766101298,0.5082270497188032,0.6931471793444468,0.0,5.0,0.9844961240310077,0.4438157320094682,0.49857412295340686,0.5395501629432033,1.635636623932536,0.8808843000006163,,1
private_seed_audit,budget_23_small_high_cond,mean-reversion,1001,1,hard,jagged,connected,high,clustered_occlusion,ambiguity-set-sampler,protocol_b,0.3603348078463204,0.359375,0.09020217729393468,2.0531530542469496,0.7708932886728609,0.1801674039231602,0.30660048652387034,0.6281185217820178,0.0,3.0,0.9309701492537313,0.0688511244039006,0.5914904817683349,0.3534823085210092,1.7044685709990828,1.3889083999965806,,6
private_seed_audit,budget_23_small_high_cond,mean-reversion,1001,1,hard,jagged,connected,high,clustered_occlusion,best-of-k-restart-blind,protocol_b,0.6319112554754174,0.09375,0.05330882352941176,0.0,0.9979337029664501,0.3159556277377087,0.5112546783131275,0.6931471793578574,0.0,3.0,0.9456521739130435,0.4186466883241095,0.5744858104909217,0.5974436546247055,1.7442732786857946,0.5075113999992027,0.775,1
private_seed_audit,budget_23_small_high_cond,mean-reversion,1001,1,hard,jagged,connected,high,clustered_occlusion,blind-sa,protocol_b,0.21845625581367203,0.71875,0.1593172119487909,0.37758527446914397,0.48651307107502784,0.10922812790683602,0.14969400515083328,0.5501067652920282,0.0,1.0,0.8730703259005146,0.0018046699102837553,0.07734594638172484,0.10353977659239744,0.10416091304664832,0.17409390000102576,0.4166666666666667,1
private_seed_audit,budget_23_small_high_cond,mean-reversion,1001,1,hard,jagged,connected,high,clustered_occlusion,evolutionary-blind,protocol_b,0.21917135328871834,0.75,0.14209115281501342,0.35460929817521025,0.5094146432888376,0.10958567664435917,0.14524760479848747,0.5477676999623743,0.0,6.0,0.8876221498371335,0.0015968537912639715,0.11046374436606188,0.08314993536296116,0.05587936160913065,0.22286029999668244,,1
private_seed_audit,budget_23_small_high_cond,mean-reversion,1001,1,hard,jagged,connected,high,clustered_occlusion,projected-gradient-blind,protocol_b,0.658811138529144,0.046875,0.012244897959183673,0.0,1.0741022605575234,0.329405569264572,0.5572800938077734,0.693147179395394,0.0,4.0,0.9925925925925926,0.6337961610049114,0.652782686563104,0.5974436546247055,2.248977472701028,0.05879189999541268,,1
private_seed_audit,budget_23_small_high_cond,mean-reversion,1001,1,hard,jagged,connected,high,clustered_occlusion,subset-affine-blind,protocol_b,0.593714060038199,0.09375,0.034904013961605584,6.175327270009637,0.996292894468379,0.2968570300190995,0.528890107063318,0.6931471793455868,0.0,3.0,0.9692622950819673,0.43055786720674005,0.5759700983136136,0.5537067415136253,1.8722073114755309,0.8798489999971935,,1
private_seed_audit,budget_23_small_high_cond,mean-reversion,1002,2,hard,jagged,connected,high,none,ambiguity-set-sampler,protocol_b,0.3398892019417654,0.34375,0.0491283676703645,1.5826476356053698,0.6511496633249397,0.1699446009708827,0.343457705222952,0.6487457298923419,0.0,3.0,0.9550561797752809,0.06838906219311768,0.4216667339970017,0.38280699203720625,1.0415722551798923,1.4374784999963595,,6
private_seed_audit,budget_23_small_high_cond,mean-reversion,1002,2,hard,jagged,connected,high,none,best-of-k-restart-blind,protocol_b,0.6172661809857046,0.03125,0.03018867924528302,0.0,1.021273917462469,0.3086330904928523,0.5138250370138849,0.6931471793923307,0.0,3.0,0.9711111111111111,0.3666644532650555,0.5916613266277272,0.5742969524823056,2.0100864274222645,0.525659099999757,0.7166666666666667,1
private_seed_audit,budget_23_small_high_cond,mean-reversion,1002,2,hard,jagged,connected,high,none,blind-sa,protocol_b,0.16144119371243898,0.828125,0.25487256371814093,0.39852449710584165,0.23201157909100914,0.08072059685621949,0.10085307285463252,0.3775621627173762,0.0,2.0,0.808170515097691,0.0010416768031896297,0.02844050604451951,0.09275270682572648,0.07488306294548952,0.17788999999902444,0.6166666666666667,1
private_seed_audit,budget_23_small_high_cond,mean-reversion,1002,2,hard,jagged,connected,high,none,evolutionary-blind,protocol_b,0.20427243595772296,0.828125,0.23903818953323905,0.2912055164500106,0.2261349903552671,0.10213621797886148,0.12640784141089964,0.3850601344305601,0.0,3.0,0.7986463620981388,0.0019469721315208003,0.06378623024027312,0.09563152960557783,0.0016714598334135466,0.2308986999996705,,1
private_seed_audit,budget_23_small_high_cond,mean-reversion,1002,2,hard,jagged,connected,high,none,projected-gradient-blind,protocol_b,0.6887717984110616,0.03125,0.008281573498964804,0.0,1.1684957398981015,0.3443858992055308,0.5814101103726412,0.6931471794174958,0.0,4.0,0.9925187032418953,0.628279129091574,0.6231284204084151,0.5742969524823056,2.2842523427431467,0.05899479999789037,,1
private_seed_audit,budget_23_small_high_cond,mean-reversion,1002,2,hard,jagged,connected,high,none,subset-affine-blind,protocol_b,0.5970541595252521,0.078125,0.0446927374301676,5.571280155700868,0.9509881313700715,0.29852707976262605,0.5176336531702995,0.6931471793676884,0.0,3.0,0.9560439560439561,0.47077240333548753,0.5975772896049673,0.5278008019797137,2.095043362232773,1.1305713999972795,,1
private_seed_audit,budget_23_small_high_cond,mean-reversion,1003,3,hard,jagged,connected,high,moment_preserving_perturbation,ambiguity-set-sampler,protocol_b,0.3355935817861992,0.40625,0.05154639175257732,1.4538017044007512,0.6848481199474357,0.1677967908930996,0.3269185723937871,0.6171846933737646,0.0,3.0,0.9573378839590444,0.07297389323841783,0.5752442495997527,0.3192448364176388,1.5299642616260414,1.4552017000023625,,6
private_seed_audit,budget_23_small_high_cond,mean-reversion,1003,3,hard,jagged,connected,high,moment_preserving_perturbation,best-of-k-restart-blind,protocol_b,0.7638210594087179,0.03125,0.075,0.0,1.315966294676186,0.38191052970435896,0.664426638912025,0.6604670616936079,0.0,4.0,0.9164785553047404,0.4861431147980032,0.6231284203977192,0.6527826865641901,2.1915274997489043,0.5380634999964968,0.45,1
private_seed_audit,budget_23_small_high_cond,mean-reversion,1003,3,hard,jagged,connected,high,moment_preserving_perturbation,blind-sa,protocol_b,0.210993484864298,0.84375,0.21715076071922546,0.25897424371041855,0.19145183030948565,0.105496742432149,0.12924411541819694,0.5142704874429113,0.0,0.0,0.8462783171521036,0.0005407342718787954,0.0709521745642189,0.03910054788686108,0.12866930034785984,0.1823272999972687,0.225,1
private_seed_audit,budget_23_small_high_cond,mean-reversion,1003,3,hard,jagged,connected,high,moment_preserving_perturbation,evolutionary-blind,protocol_b,0.21951090279197094,0.84375,0.22784810126582278,0.2549808483823119,0.19250760407098305,0.10975545139598547,0.13059323350892157,0.5378794416251482,0.0,1.0,0.8346972176759411,0.0003666162466023559,0.06488698526625322,0.06952210836640398,0.09790526438925307,0.2322926999986521,,1
private_seed_audit,budget_23_small_high_cond,mean-reversion,1003,3,hard,jagged,connected,high,moment_preserving_perturbation,projected-gradient-blind,protocol_b,0.7164202710220704,0.015625,0.04189435336976321,7.937253933193771,2.49357924801648,0.3582101355110352,0.594740347814129,0.6931471794048284,0.0,4.0,0.9556962025316456,0.5373261205966772,0.6084523919198765,0.6333577921871001,2.11104266270632,0.06173100000160048,,1
private_seed_audit,budget_23_small_high_cond,mean-reversion,1003,3,hard,jagged,connected,high,moment_preserving_perturbation,subset-affine-blind,protocol_b,0.5261602127853171,0.125,0.027422303473491772,3.821359088030827,0.8544068047075811,0.26308010639265855,0.48062296943484034,0.644772774028211,0.0,4.0,0.9682875264270613,0.31629981973102334,0.5805988460427434,0.575195174050428,1.6868233057336708,1.2175073999969754,,1
private_seed_audit,budget_23_small_high_cond,multi-hole,1000,0,hard,smooth,connected,high,structured_dropout,ambiguity-set-sampler,protocol_b,0.3223229178027964,0.34375,0.10901749663526245,1.6490772307153279,0.44559500432381643,0.1611614589013982,0.2540869976238009,0.6068030793929722,0.0,0.0,0.9103343465045592,0.04731052059384135,0.5145514503390678,0.35318024114780777,1.9078828700905597,1.3960554000004777,,6
private_seed_audit,budget_23_small_high_cond,multi-hole,1000,0,hard,smooth,connected,high,structured_dropout,best-of-k-restart-blind,protocol_b,0.1029312973485134,0.984375,0.22793148880105402,0.43299946596623573,0.1609170550677216,0.0514656486742567,0.08186865442776052,0.18903054495316463,0.0,1.0,0.8135338345864662,0.0004979398381925477,0.07495466467978838,0.05468739608099689,0.014471809080418119,0.5138661000019056,0.775,1
private_seed_audit,budget_23_small_high_cond,multi-hole,1000,0,hard,smooth,connected,high,structured_dropout,blind-sa,protocol_b,0.1218693993567651,0.953125,0.3397058823529412,0.4451527088953861,0.20776921526096848,0.06093469967838255,0.09078269668734841,0.23485932984474975,0.0,3.0,0.7088815789473684,0.0007149700345226195,0.07219199300503022,0.07251883970753562,0.11878356526834599,0.17911150000145426,0.5166666666666667,1
private_seed_audit,budget_23_small_high_cond,multi-hole,1000,0,hard,smooth,connected,high,structured_dropout,evolutionary-blind,protocol_b,0.11427205150578916,0.953125,0.23086900129701687,0.39164499295453464,0.1645350879853911,0.05713602575289458,0.08056073608043318,0.1746860809895336,0.0,2.0,0.8017492711370262,0.0004170601961232419,0.08185616642944465,0.03302010957705753,0.06311739049637222,0.23778149999998277,,1
private_seed_audit,budget_23_small_high_cond,multi-hole,1000,0,hard,smooth,connected,high,structured_dropout,projected-gradient-blind,protocol_b,0.5684483944357929,0.078125,0.04582651391162029,3.3030398199215605,0.8957355332241761,0.28422419721789643,0.43957802119486167,0.6189300804268942,0.0,2.0,0.9542124542124543,0.22788996679426257,0.5297775638021206,0.5191806031765864,1.6213204714013103,0.05892929999390617,,1
private_seed_audit,budget_23_small_high_cond,multi-hole,1000,0,hard,smooth,connected,high,structured_dropout,subset-affine-blind,protocol_b,0.6315524774648011,0.03125,0.03691275167785235,4.701078450332863,0.9661887824231274,0.31577623873240057,0.45499754814354415,0.6537109633885987,0.0,2.0,0.9643527204502814,0.24028439972305576,0.5211911416933878,0.5968641291226502,1.652416053048917,0.8815790000007837,,1
private_seed_audit,budget_23_small_high_cond,multi-hole,1001,1,hard,smooth,connected,high,clustered_occlusion,ambiguity-set-sampler,protocol_b,0.3343070768110477,0.28125,0.09630606860158311,1.6353357507073005,0.46453012058611115,0.16715353840552385,0.291840584616556,0.590538090632778,0.0,2.0,0.9223880597014925,0.05714131912438429,0.523167562019576,0.2572413995770336,1.8983440935070504,1.3998808000033023,,6
private_seed_audit,budget_23_small_high_cond,multi-hole,1001,1,hard,smooth,connected,high,clustered_occlusion,best-of-k-restart-blind,protocol_b,0.22740372004475437,0.453125,0.24260355029585798,0.4114648415644762,0.2461532560642709,0.11370186002237719,0.18502562439539638,0.3555506081024678,0.0,1.0,0.802405498281787,0.001768882464374291,0.12670963333463314,0.13994775977987278,0.08803839877085773,0.5083863999971072,0.7083333333333334,1
private_seed_audit,budget_23_small_high_cond,multi-hole,1001,1,hard,smooth,connected,high,clustered_occlusion,blind-sa,protocol_b,0.20339322580126964,0.671875,0.21188630490956073,0.4852851876209331,0.2772381139544152,0.10169661290063482,0.16123398285322182,0.2795490262262662,0.0,1.0,0.8190045248868778,0.0021148952913744006,0.07991405415087782,0.0688875514236785,0.18277761367992928,0.1748347999964608,0.5916666666666667,1
private_seed_audit,budget_23_small_high_cond,multi-hole,1001,1,hard,smooth,connected,high,clustered_occlusion,evolutionary-blind,protocol_b,0.21070651377980004,0.625,0.21991701244813278,0.38706254121135414,0.27043705782957217,0.10535325688990002,0.17933312543417762,0.31398202923678975,0.0,4.0,0.8252730109204368,0.001949763685912037,0.09211784894849212,0.10360432690917372,0.19895900471202355,0.22305580000102054,,1
private_seed_audit,budget_23_small_high_cond,multi-hole,1001,1,hard,smooth,connected,high,clustered_occlusion,projected-gradient-blind,protocol_b,0.5965344908067076,0.03125,0.03125,1.9676060112778344,0.8979555068868413,0.2982672454033538,0.4338137721558416,0.639359520364003,0.0,2.0,0.9682274247491639,0.20998135585063177,0.5148592629944257,0.4129860694073175,1.6645321161414943,0.057207799996831454,,1
private_seed_audit,budget_23_small_high_cond,multi-hole,1001,1,hard,smooth,connected,high,clustered_occlusion,subset-affine-blind,protocol_b,0.5982806968378922,0.0625,0.03582554517133956,3.840510136072081,0.932576290326067,0.2991403484189461,0.44085145694015504,0.6340064778796347,0.0,2.0,0.9649737302977233,0.23797559566384405,0.5164521676809927,0.4422338399101632,1.7489977376464478,0.8946011000007275,,1
private_seed_audit,budget_23_small_high_cond,multi-hole,1002,2,hard,smooth,connected,high,none,ambiguity-set-sampler,protocol_b,0.36768365820253207,0.359375,0.11519607843137254,1.3751575003624887,0.4704955759368371,0.18384182910126604,0.3170293626137776,0.6386717273317408,0.0,4.0,0.9025069637883009,0.06591699694165637,0.34580054942828864,0.2608176116150246,0.8660478636969442,1.4522434000027715,,6
private_seed_audit,budget_23_small_high_cond,multi-hole,1002,2,hard,smooth,connected,high,none,best-of-k-restart-blind,protocol_b,0.1560399663610092,0.875,0.26540284360189575,0.373707522281016,0.22250743105297188,0.0780199831805046,0.11468267719671546,0.28739501528277933,0.0,6.0,0.8162162162162162,0.0010947863499255884,0.029176434983805517,0.0815112444873535,0.015898316417874536,0.5276630000007572,0.8166666666666667,1
private_seed_audit,budget_23_small_high_cond,multi-hole,1002,2,hard,smooth,connected,high,none,blind-sa,protocol_b,0.11900177516793642,0.921875,0.25547445255474455,0.43647734688866224,0.15723679166564,0.05950088758396821,0.09766217357578207,0.2648532284241306,0.0,6.0,0.7948717948717949,0.0010870121277470456,0.04551298840750265,0.08842173346573683,0.07522288896058837,0.1819961000001058,0.6666666666666666,1
private_seed_audit,budget_23_small_high_cond,multi-hole,1002,2,hard,smooth,connected,high,none,evolutionary-blind,protocol_b,0.15423144036245168,0.859375,0.24681344148319814,0.3637811112243701,0.22734140556218257,0.07711572018122584,0.11235150957595272,0.3018544165425782,0.0,5.0,0.7997382198952879,0.0009610235819963188,0.0637647038156805,0.04800238927310757,0.04352662637018678,0.23210809999727644,,1
private_seed_audit,budget_23_small_high_cond,multi-hole,1002,2,hard,smooth,connected,high,none,projected-gradient-blind,protocol_b,0.6571884318966716,0.078125,0.025034770514603615,2.2922165579520004,0.8703154470956677,0.3285942159483358,0.4957199634675051,0.6223211598759965,0.0,6.0,0.9764521193092621,0.2325451487387039,0.5743113202942896,0.5199919790810632,1.6403832083939476,0.05850040000223089,,1
private_seed_audit,budget_23_small_high_cond,multi-hole,1002,2,hard,smooth,connected,high,none,subset-affine-blind,protocol_b,0.45316251870299573,0.125,0.05572289156626506,4.857544688368998,0.7808459012251866,0.22658125935149787,0.495311852777425,0.6477742184860176,0.0,6.0,0.9399656946826758,0.25378095531661876,0.5743545033090781,0.5626426633229709,1.6418492461967515,1.1515818999978364,,1
private_seed_audit,budget_23_small_high_cond,multi-hole,1003,3,hard,smooth,connected,high,moment_preserving_perturbation,ambiguity-set-sampler,protocol_b,0.2857192221862216,0.453125,0.08636977058029689,1.2050605745923142,0.3614134356566332,0.1428596110931108,0.23467183616112877,0.6187180734773656,0.0,3.0,0.9275808936825886,0.033816076219418297,0.5530276044533757,0.2866929180403325,1.7727760582673804,1.4365022999991197,,6
private_seed_audit,budget_23_small_high_cond,multi-hole,1003,3,hard,smooth,connected,high,moment_preserving_perturbation,best-of-k-restart-blind,protocol_b,0.23237186351023226,0.625,0.11904761904761904,0.27224390491495964,0.38159916752401724,0.11618593175511613,0.1573123701363348,0.590871902583584,0.0,2.0,0.9102564102564102,0.00393702774751941,0.06739380203667457,0.10445706393328996,0.030539215270109832,0.5355777000004309,0.6166666666666667,1
private_seed_audit,budget_23_small_high_cond,multi-hole,1003,3,hard,smooth,connected,high,moment_preserving_perturbation,blind-sa,protocol_b,0.21906754626920466,0.8125,0.1288265306122449,0.32295522597224596,0.42846419978727224,0.10953377313460233,0.16128403676310044,0.581316810446619,0.0,2.0,0.8870728083209509,0.0039520205268656974,0.17168755983029765,0.07460839020002231,0.084619598126916,0.1798202999998466,0.75,1
private_seed_audit,budget_23_small_high_cond,multi-hole,1003,3,hard,smooth,connected,high,moment_preserving_perturbation,evolutionary-blind,protocol_b,0.232888693582151,0.671875,0.1706700379266751,0.21275581833649568,0.42494845447133245,0.1164443467910755,0.15855498590883063,0.6036828841027819,0.0,3.0,0.8652173913043478,0.005618256820627854,0.16628686274684323,0.10168222487048245,0.0181363263848211,0.23137750000023516,,1
private_seed_audit,budget_23_small_high_cond,multi-hole,1003,3,hard,smooth,connected,high,moment_preserving_perturbation,projected-gradient-blind,protocol_b,0.604778281153537,0.046875,0.024193548387096774,6.042928721588414,0.8812669509948646,0.3023891405767685,0.4436394785403745,0.6467642255614312,0.0,0.0,0.9731182795698925,0.22354370265025292,0.5677431162943631,0.6169904175285739,1.6022958791691646,0.06879260000278009,,1
private_seed_audit,budget_23_small_high_cond,multi-hole,1003,3,hard,smooth,connected,high,moment_preserving_perturbation,subset-affine-blind,protocol_b,0.4162593047038861,0.140625,0.06013745704467354,5.883141115868622,0.6536715872912198,0.20812965235194306,0.4501236402497662,0.621376823753407,0.0,0.0,0.9428571428571428,0.22233146218996586,0.5886631107533794,0.6124877621957359,1.821954750152912,1.1404037000029348,,1
private_seed_audit,budget_23_small_high_cond,nested-rings,1000,0,hard,smooth,connected,high,none,ambiguity-set-sampler,protocol_b,0.29113691347337556,0.375,0.15258215962441316,1.0772792381923177,0.3501143896185338,0.14556845673668778,0.21397203015308,0.6099641990097349,0.0,1.0,0.8680738786279684,0.02853184146054677,0.2478886993724086,0.29672938287166384,0.6184892841931313,1.466266600000381,,6
private_seed_audit,budget_23_small_high_cond,nested-rings,1000,0,hard,smooth,connected,high,none,best-of-k-restart-blind,protocol_b,0.14747147045545905,0.921875,0.24364896073903003,0.46233415793375787,0.14605637013836514,0.07373573522772953,0.10095881985230916,0.25045623574442105,0.0,5.0,0.7843915343915344,0.000731190078633512,0.09476623498239371,0.042696183660981615,0.31379024547624557,0.5396949999994831,0.875,1
private_seed_audit,budget_23_small_high_cond,nested-rings,1000,0,hard,smooth,connected,high,none,blind-sa,protocol_b,0.10891710700061132,0.984375,0.25524861878453037,0.3884088536811553,0.14340324621088538,0.05445855350030566,0.08488107134618048,0.27268215451173317,0.0,4.0,0.781012658227848,0.0011890532198776211,0.07820457436655377,0.05404402079829593,0.10379672084411018,0.18440040000132285,0.8083333333333333,1
private_seed_audit,budget_23_small_high_cond,nested-rings,1000,0,hard,smooth,connected,high,none,evolutionary-blind,protocol_b,0.09827378202646354,0.984375,0.22764227642276422,0.40967935585146903,0.15179564163160736,0.04913689101323177,0.07305717930885147,0.26479009783185337,0.0,5.0,0.7941952506596306,0.0008085639311448624,0.07239091364561505,0.044131073275141125,0.04090847951170229,0.235293300000194,,1
private_seed_audit,budget_23_small_high_cond,nested-rings,1000,0,hard,smooth,connected,high,none,projected-gradient-blind,protocol_b,0.40785224046776447,0.140625,0.04945054945054945,1.7945884155500473,0.46132364477086435,0.20392612023388224,0.36731208173247765,0.6157509208286351,0.0,5.0,0.953198127925117,0.10513814271057653,0.6242737907917395,0.4222832118817836,1.775228218986225,0.06181780000042636,,1
private_seed_audit,budget_23_small_high_cond,nested-rings,1000,0,hard,smooth,connected,high,none,subset-affine-blind,protocol_b,0.5778199702654198,0.0625,0.030837004405286344,3.434254478381311,0.8591797180700155,0.2889099851327099,0.45841431744030464,0.5935204223250881,0.0,5.0,0.9697986577181208,0.28436452711314025,0.6285596864253129,0.5559797926661803,1.9902181724257033,1.1839374000046519,,1
private_seed_audit,budget_23_small_high_cond,nested-rings,1001,1,hard,smooth,connected,high,moment_preserving_perturbation,ambiguity-set-sampler,protocol_b,0.27097602593464154,0.546875,0.10611735330836454,0.9737625678009953,0.42112268165209077,0.13548801296732077,0.2419452619110519,0.61214519189758,0.0,1.0,0.905367231638418,0.03144585424280684,0.5157039645280397,0.219321019513139,1.3128432561788062,1.4497708000053535,,6
private_seed_audit,budget_23_small_high_cond,nested-rings,1001,1,hard,smooth,connected,high,moment_preserving_perturbation,best-of-k-restart-blind,protocol_b,0.21065244125443341,0.859375,0.19843924191750278,0.277507123474826,0.31323902488555727,0.10532622062721671,0.14169674653442468,0.5294087957968772,0.0,9.0,0.8390804597701149,0.004141057790123684,0.1088945567033427,0.14235607095681463,0.12101724357861166,0.5401283000028343,0.9416666666666667,1
private_seed_audit,budget_23_small_high_cond,nested-rings,1001,1,hard,smooth,connected,high,moment_preserving_perturbation,blind-sa,protocol_b,0.21992764953423416,0.8125,0.1845102505694761,0.2787996501616974,0.33703401241038244,0.10996382476711708,0.14391845139377013,0.5831238170060395,0.0,3.0,0.848202396804261,0.0030476916724287663,0.08965415218415956,0.1388065544959843,0.04513623895774188,0.1842164000045159,0.7583333333333333,1
private_seed_audit,budget_23_small_high_cond,nested-rings,1001,1,hard,smooth,connected,high,moment_preserving_perturbation,evolutionary-blind,protocol_b,0.21607099126292342,0.78125,0.16129032258064516,0.23285842566520015,0.33996320722537576,0.10803549563146171,0.1344366663304002,0.5721214808361144,0.0,2.0,0.867515923566879,0.0037807790417313508,0.07298575389721972,0.10884368827544773,0.051073981237241384,0.23308430000179214,,1
private_seed_audit,budget_23_small_high_cond,nested-rings,1001,1,hard,smooth,connected,high,moment_preserving_perturbation,projected-gradient-blind,protocol_b,0.3907545056641765,0.21875,0.08673469387755102,1.8144775557773622,0.5550159275863206,0.19537725283208826,0.3810200319850639,0.6446658853940416,0.0,1.0,0.921090387374462,0.12454590811700295,0.5981094566690031,0.377889149597831,1.5483653853813368,0.058136599996942095,,1
private_seed_audit,budget_23_small_high_cond,nested-rings,1001,1,hard,smooth,connected,high,moment_preserving_perturbation,subset-affine-blind,protocol_b,0.5083547898845788,0.15625,0.06077348066298342,3.8931297964935867,0.7493035876424424,0.2541773949422894,0.46166621394542157,0.6005751143411914,0.0,0.0,0.9417322834645669,0.2738589844120888,0.6052242847748334,0.5193563950071823,1.6582529308108913,1.1230854999957955,,1
private_seed_audit,budget_23_small_high_cond,nested-rings,1002,2,hard,smooth,connected,high,structured_dropout,ambiguity-set-sampler,protocol_b,0.3013276854637193,0.390625,0.1473551637279597,1.167256719787914,0.366305172481647,0.15066384273185965,0.2119479271009586,0.6244471926179148,0.0,1.0,0.8870292887029289,0.03608279501391813,0.13433447254254854,0.24461184320223545,0.24208598198211573,1.4166122000024188,,6
private_seed_audit,budget_23_small_high_cond,nested-rings,1002,2,hard,smooth,connected,high,structured_dropout,best-of-k-restart-blind,protocol_b,0.10566763543773941,0.984375,0.21523579201934703,0.43405869312898915,0.19293491752668593,0.052833817718869705,0.07348570124307646,0.300333369868349,0.0,0.0,0.8108484005563282,0.0007824485445815073,0.044951014349914165,0.022516423331849493,0.17895624244419484,0.5178935000003548,0.85,1
private_seed_audit,budget_23_small_high_cond,nested-rings,1002,2,hard,smooth,connected,high,structured_dropout,blind-sa,protocol_b,0.10566763543773941,0.984375,0.21523579201934703,0.43405869312898915,0.19293491752668593,0.052833817718869705,0.07348570124307646,0.300333369868349,0.0,0.0,0.8108484005563282,0.0007824485445815073,0.044951014349914165,0.022516423331849493,0.17895624244419484,0.1760777000017697,0.875,1
private_seed_audit,budget_23_small_high_cond,nested-rings,1002,2,hard,smooth,connected,high,structured_dropout,evolutionary-blind,protocol_b,0.09459655974026475,1.0,0.15963511972633979,0.4218410324529952,0.11616894558207796,0.047298279870132375,0.07995884092347032,0.3552508872145402,0.0,0.0,0.8696219035202086,0.0006729234858898021,0.09107539108968515,0.03230583128047343,0.1821543121216731,0.22479220000241185,,1
private_seed_audit,budget_23_small_high_cond,nested-rings,1002,2,hard,smooth,connected,high,structured_dropout,projected-gradient-blind,protocol_b,0.39144638332707177,0.234375,0.08543417366946779,1.8177986547782783,0.48133124452469395,0.19572319166353588,0.3383968262293457,0.6011417003862756,0.0,0.0,0.9208860759493671,0.09632585185340128,0.4969872946473127,0.3136103649964807,1.8118087133949496,0.05825090000143973,,1
private_seed_audit,budget_23_small_high_cond,nested-rings,1002,2,hard,smooth,connected,high,structured_dropout,subset-affine-blind,protocol_b,0.5798780052184049,0.0625,0.03599374021909233,4.940501581886241,0.8658693723456159,0.28993900260920247,0.44411386112018275,0.6326733696123992,0.0,0.0,0.9642857142857143,0.22264775357083658,0.5031773598082617,0.5554534944535581,1.5850623037608218,0.8819233999965945,,1
private_seed_audit,budget_23_small_high_cond,nested-rings,1003,3,hard,smooth,connected,high,clustered_occlusion,ambiguity-set-sampler,protocol_b,0.3194460579611546,0.359375,0.10723514211886305,1.4720106460314024,0.42890923497944533,0.1597230289805773,0.2412582689083834,0.5998828111656647,0.0,1.0,0.9043348281016442,0.05923332293598191,0.4244542220705967,0.3156089797957637,0.9881384966895821,1.406841500000155,,6
private_seed_audit,budget_23_small_high_cond,nested-rings,1003,3,hard,smooth,connected,high,clustered_occlusion,best-of-k-restart-blind,protocol_b,0.25389469522606795,0.546875,0.2243211334120425,0.4419250419885164,0.48119300869679,0.12694734761303397,0.186795230210099,0.35233855534962,0.0,1.0,0.8241912798874824,0.002346567642511477,0.12401732010127364,0.042645008396967526,0.12089265177931674,0.5152765999955591,0.9,1
private_seed_audit,budget_23_small_high_cond,nested-rings,1003,3,hard,smooth,connected,high,clustered_occlusion,blind-sa,protocol_b,0.25389469522606795,0.546875,0.2243211334120425,0.4419250419885164,0.48119300869679,0.12694734761303397,0.186795230210099,0.35233855534962,0.0,1.0,0.8241912798874824,0.002346567642511477,0.12401732010127364,0.042645008396967526,0.12089265177931674,0.17952119999972638,0.6583333333333333,1
private_seed_audit,budget_23_small_high_cond,nested-rings,1003,3,hard,smooth,connected,high,clustered_occlusion,evolutionary-blind,protocol_b,0.25135309161833763,0.546875,0.21875,0.34069992393084375,0.5326690000142043,0.12567654580916882,0.17864379729247665,0.360888488296608,0.0,0.0,0.8538565629228687,0.0025058715308550316,0.14603400021536164,0.03995351565720685,0.07372154256463181,0.22431340000184719,,1
private_seed_audit,budget_23_small_high_cond,nested-rings,1003,3,hard,smooth,connected,high,clustered_occlusion,projected-gradient-blind,protocol_b,0.41432306953687337,0.203125,0.0893854748603352,1.9108862745113806,0.45950767343061805,0.20716153476843668,0.35951604917494645,0.5795742184755475,0.0,1.0,0.9114331723027376,0.10399422121550754,0.6237519132405487,0.369748003324322,1.588497989104681,0.06261559999984456,,1
private_seed_audit,budget_23_small_high_cond,nested-rings,1003,3,hard,smooth,connected,high,clustered_occlusion,subset-affine-blind,protocol_b,0.6048657891985018,0.046875,0.034482758620689655,5.567764362830022,0.91402343706864,0.3024328945992509,0.4735881401419525,0.6040177977808822,0.0,1.0,0.9615384615384616,0.30250405835339766,0.6231952896659764,0.5864968382371056,1.5528095441128413,0.9246177999957581,,1
private_seed_audit,budget_23_small_high_cond,pinwheel,1000,0,hard,jagged,connected,high,none,ambiguity-set-sampler,protocol_b,0.2767129981974204,0.640625,0.1043956043956044,1.0101104848668498,0.5654636723670228,0.1383564990987102,0.2410440053775612,0.6290077781898731,0.0,2.0,0.9083469721767594,0.04196315976427646,0.42329647723369723,0.2445607117623157,0.6696561006799833,1.5061892999947304,,6
private_seed_audit,budget_23_small_high_cond,pinwheel,1000,0,hard,jagged,connected,high,none,best-of-k-restart-blind,protocol_b,0.17896060635724156,0.953125,0.19973544973544974,0.2147332386618715,0.2046066290807511,0.08948030317862078,0.10259055714005855,0.4115561373431491,0.0,0.0,0.8346839546191248,0.0005643048098271963,0.08243353914324077,0.04804811132817832,0.023098828427841056,0.5713844999991124,0.9083333333333333,1
private_seed_audit,budget_23_small_high_cond,pinwheel,1000,0,hard,jagged,connected,high,none,blind-sa,protocol_b,0.17235922553149924,0.953125,0.26170798898071623,0.2510316822999906,0.208616819567146,0.08617961276574962,0.10390206888086627,0.4115561373431491,0.0,1.0,0.8080645161290323,0.0005721502945487179,0.09813750869332159,0.04494242294513923,0.0608374263857816,0.1911365999985719,0.7833333333333333,1
private_seed_audit,budget_23_small_high_cond,pinwheel,1000,0,hard,jagged,connected,high,none,evolutionary-blind,protocol_b,0.17896060635724156,0.953125,0.19973544973544974,0.2147332386618715,0.2046066290807511,0.08948030317862078,0.10259055714005855,0.4115561373431491,0.0,0.0,0.8346839546191248,0.0005643048098271963,0.08243353914324077,0.04804811132817832,0.023098828427841056,0.23848279999947408,,1
private_seed_audit,budget_23_small_high_cond,pinwheel,1000,0,hard,jagged,connected,high,none,projected-gradient-blind,protocol_b,0.40183321468585753,0.296875,0.01904761904761905,2.2976457689800163,0.7572619117174741,0.20091660734292877,0.3745721638292025,0.6601170392191487,0.0,3.0,0.9792843691148776,0.14497607076625496,0.5522692573484422,0.5391864967582181,1.6343430940250325,0.057923100001062267,,1
private_seed_audit,budget_23_small_high_cond,pinwheel,1000,0,hard,jagged,connected,high,none,subset-affine-blind,protocol_b,0.4558717332553386,0.171875,0.0288135593220339,4.201967212221043,0.9874820130831907,0.2279358666276693,0.4346126507417256,0.6721374686597739,0.0,3.0,0.9759036144578314,0.24759811411935528,0.5403937727894186,0.6229951706483091,1.6105921249068902,1.167262800001481,,1
private_seed_audit,budget_23_small_high_cond,pinwheel,1001,1,hard,jagged,connected,high,moment_preserving_perturbation,ambiguity-set-sampler,protocol_b,0.29597318952060575,0.515625,0.10972568578553615,1.2452083897818425,0.5931521454487421,0.14798659476030288,0.2694811977855947,0.6383958455503423,0.0,3.0,0.9102941176470588,0.06276538811098692,0.597445028159945,0.31790741595734756,1.6094788836009937,1.4445776000065962,,6
private_seed_audit,budget_23_small_high_cond,pinwheel,1001,1,hard,jagged,connected,high,moment_preserving_perturbation,best-of-k-restart-blind,protocol_b,0.22829970602807861,0.828125,0.213768115942029,0.2715628855877537,0.29085952626430156,0.11414985301403931,0.13005944573302758,0.4748293348310876,0.0,0.0,0.8375350140056023,0.0015321609505171037,0.0519776634287111,0.06686601399117698,0.08913145589897908,0.5373034000003827,0.7166666666666667,1
private_seed_audit,budget_23_small_high_cond,pinwheel,1001,1,hard,jagged,connected,high,moment_preserving_perturbation,blind-sa,protocol_b,0.20838704400716315,0.828125,0.19718309859154928,0.3240933770484326,0.2852579181771662,0.10419352200358158,0.13458165473399575,0.530690808679324,0.0,2.0,0.8345021037868163,0.002345458319729876,0.0405768171804837,0.04252444144751093,0.06752469092900082,0.17917730000044685,0.6,1
private_seed_audit,budget_23_small_high_cond,pinwheel,1001,1,hard,jagged,connected,high,moment_preserving_perturbation,evolutionary-blind,protocol_b,0.22750782303310818,0.8125,0.2112845138055222,0.27470979759910114,0.29035046232779826,0.11375391151655409,0.1299120481892773,0.4748293348310876,0.0,1.0,0.8305084745762712,0.0016456671924409028,0.04766690211866726,0.07660848501821756,0.05502259686756217,0.23428779999812832,,1
private_seed_audit,budget_23_small_high_cond,pinwheel,1001,1,hard,jagged,connected,high,moment_preserving_perturbation,projected-gradient-blind,protocol_b,0.44538581079236084,0.234375,0.033967391304347824,2.961276503525757,0.763938482580007,0.22269290539618042,0.4103005941889921,0.6931471792144479,0.0,6.0,0.9683544303797469,0.1718022797453396,0.5987126864440143,0.601162754288224,1.5491745337919591,0.05747850000625476,,1
private_seed_audit,budget_23_small_high_cond,pinwheel,1001,1,hard,jagged,connected,high,moment_preserving_perturbation,subset-affine-blind,protocol_b,0.5633990322244786,0.09375,0.0258751902587519,4.837205907217034,0.7672296817459718,0.2816995161122393,0.49620627929976924,0.644092665918936,0.0,6.0,0.9713261648745519,0.36275385312221325,0.6052242847857754,0.6931471803661484,1.6634630705113695,1.138408899998467,,1
private_seed_audit,budget_23_small_high_cond,pinwheel,1002,2,hard,jagged,connected,high,structured_dropout,ambiguity-set-sampler,protocol_b,0.2867146748285706,0.578125,0.10306406685236769,1.1302710404166032,0.5463236772326778,0.1433573374142853,0.252416860506275,0.6110201788444566,0.0,1.0,0.9118136439267887,0.04268622301223963,0.5847109681932678,0.2759316230882193,1.8235420149208659,1.3933195999998134,,6
private_seed_audit,budget_23_small_high_cond,pinwheel,1002,2,hard,jagged,connected,high,structured_dropout,best-of-k-restart-blind,protocol_b,0.189574140189805,0.859375,0.22606382978723405,0.2112112798568768,0.23674501423840497,0.0947870700949025,0.119421595404998,0.465708260677774,0.0,0.0,0.8217665615141956,0.0004108679538546877,0.03179466742535002,0.09114898883279474,0.0275981400059635,0.5049594999945839,0.875,1
private_seed_audit,budget_23_small_high_cond,pinwheel,1002,2,hard,jagged,connected,high,structured_dropout,blind-sa,protocol_b,0.18982657975808367,0.9375,0.206266318537859,0.23152403441836014,0.19426146697303678,0.09491328987904184,0.11918087776122283,0.4548778360108491,0.0,1.0,0.8213166144200628,0.0005485245829804959,0.04958849888176156,0.07007782087784373,0.06253898779167422,0.17117729999881703,0.825,1
private_seed_audit,budget_23_small_high_cond,pinwheel,1002,2,hard,jagged,connected,high,structured_dropout,evolutionary-blind,protocol_b,0.171089355937926,0.921875,0.19397116644823068,0.21129020990399766,0.20388990326693296,0.085544677968963,0.10374835104034737,0.4115561373431491,0.0,1.0,0.8519685039370078,0.00021879692510820212,0.08375193630517616,0.06262437492567145,0.022959456938053346,0.21892129999469034,,1
private_seed_audit,budget_23_small_high_cond,pinwheel,1002,2,hard,jagged,connected,high,structured_dropout,projected-gradient-blind,protocol_b,0.3627153106440858,0.3125,0.030816640986132512,2.8476871292416046,0.7875867965617175,0.1813576553220429,0.39579635374599814,0.6757812643570352,0.0,2.0,0.9696428571428571,0.15130663934865624,0.575505850913967,0.5207155064929929,1.576580691759399,0.05695220000052359,,1
private_seed_audit,budget_23_small_high_cond,pinwheel,1002,2,hard,jagged,connected,high,structured_dropout,subset-affine-blind,protocol_b,0.4582828565928237,0.203125,0.05902192242833052,5.984643978128639,0.7812737433505285,0.22914142829641185,0.4448038248076717,0.693147179285288,0.0,2.0,0.9412915851272016,0.2556718760280718,0.5744267416181947,0.617116431057043,1.5408922467675592,0.902150599999004,,1
private_seed_audit,budget_23_small_high_cond,pinwheel,1003,3,hard,jagged,connected,high,clustered_occlusion,ambiguity-set-sampler,protocol_b,0.28783333158263896,0.53125,0.08299319727891157,1.0990405269377623,0.5731306382326609,0.14391666579131948,0.219893045281172,0.6390120556289924,0.0,1.0,0.9275590551181102,0.02515628704051166,0.3807914465859591,0.21052083615953493,0.8800924814207169,1.4077421000038157,,6
private_seed_audit,budget_23_small_high_cond,pinwheel,1003,3,hard,jagged,connected,high,clustered_occlusion,best-of-k-restart-blind,protocol_b,0.24947997615098824,0.78125,0.1857707509881423,0.24916868116257476,0.3102066795799441,0.12473998807549412,0.15855958441515486,0.44912019800130565,0.0,5.0,0.8317307692307692,0.0019018066818853132,0.09123219085735573,0.07242212787170196,0.12791197946337185,0.5218900000036228,0.7666666666666667,1
private_seed_audit,budget_23_small_high_cond,pinwheel,1003,3,hard,jagged,connected,high,clustered_occlusion,blind-sa,protocol_b,0.2499348317197731,0.84375,0.14637305699481865,0.24901061703380953,0.358740271005048,0.12496741585988655,0.16858581930587033,0.5523516580131738,0.0,4.0,0.8846737481031867,0.002062051715247667,0.05002526577042421,0.09716608485367323,0.14725841394914152,0.17814089999592397,0.6916666666666667,1
private_seed_audit,budget_23_small_high_cond,pinwheel,1003,3,hard,jagged,connected,high,clustered_occlusion,evolutionary-blind,protocol_b,0.2467825254974632,0.78125,0.18421052631578946,0.24500139486361375,0.3092016450484629,0.1233912627487316,0.15735630566691708,0.45107878677514723,0.0,4.0,0.8327974276527331,0.0019955003480120466,0.09123219085735573,0.06146430812146295,0.13052833844489076,0.23047870000300463,,1
private_seed_audit,budget_23_small_high_cond,pinwheel,1003,3,hard,jagged,connected,high,clustered_occlusion,projected-gradient-blind,protocol_b,0.36827700846660183,0.3125,0.03636363636363636,2.453656684740787,0.7421729157658965,0.18413850423330091,0.39722684030933175,0.6595769771090956,0.0,1.0,0.9666080843585237,0.14642400211657441,0.5541536058159482,0.40330869377480627,1.7768518548178331,0.05693920000339858,,1
private_seed_audit,budget_23_small_high_cond,pinwheel,1003,3,hard,jagged,connected,high,clustered_occlusion,subset-affine-blind,protocol_b,0.4804573715086628,0.21875,0.034722222222222224,4.344499560045098,0.8264839614866714,0.2402286857543314,0.45300366214310467,0.6499852825625374,0.0,1.0,0.9642857142857143,0.29132505156856614,0.5331842407502357,0.5193332520951383,1.6487132181177186,0.8965450999967288,,1
private_seed_audit,budget_23_small_high_cond,spiral,1000,0,hard,smooth,connected,high,structured_dropout,ambiguity-set-sampler,protocol_b,0.32701655051427775,0.375,0.10765239948119326,1.40528975395103,0.5264388472517031,0.16350827525713887,0.2764054892930076,0.606537233976295,0.0,0.0,0.9002890173410405,0.04329409145361998,0.6106404118097113,0.3240788618741955,1.7296931251132466,1.409048300003633,,6
private_seed_audit,budget_23_small_high_cond,spiral,1000,0,hard,smooth,connected,high,structured_dropout,best-of-k-restart-blind,protocol_b,0.11380288819963734,0.984375,0.21670702179176757,0.390522550302969,0.15137762188843967,0.05690144409981867,0.09416481529589413,0.33539379615842047,0.0,2.0,0.8206896551724138,0.00033480445626997597,0.13312250288445932,0.06324882909049206,0.07896774202772416,0.5107277999995858,0.7,1
private_seed_audit,budget_23_small_high_cond,spiral,1000,0,hard,smooth,connected,high,structured_dropout,blind-sa,protocol_b,0.11066352481960735,1.0,0.2859007832898172,0.44822424756870133,0.16141478624251748,0.05533176240980368,0.07993615758509394,0.21241607090033282,0.0,0.0,0.7700296735905044,0.0006297102699493689,0.15709263540106627,0.042693756636405455,0.06499911569659833,0.17678020000312245,0.8416666666666667,1
private_seed_audit,budget_23_small_high_cond,spiral,1000,0,hard,smooth,connected,high,structured_dropout,evolutionary-blind,protocol_b,0.09632384530722703,0.984375,0.246558197747184,0.33539670971544683,0.15307752703808863,0.04816192265361351,0.07050576701787518,0.27170617804023456,0.0,1.0,0.7977369165487977,0.0005784145152216988,0.13205943850820417,0.03260590307724,0.030023173826356775,0.22447550000651972,,1
private_seed_audit,budget_23_small_high_cond,spiral,1000,0,hard,smooth,connected,high,structured_dropout,projected-gradient-blind,protocol_b,0.5578373336776171,0.078125,0.04461538461538461,3.8263036120419933,0.8743576725917204,0.27891866683880856,0.4661547102998024,0.6523192948216894,0.0,0.0,0.9568965517241379,0.20829475244163909,0.5974770175949289,0.520652171881858,1.5354822232754726,0.056534999996074475,,1
private_seed_audit,budget_23_small_high_cond,spiral,1000,0,hard,smooth,connected,high,structured_dropout,subset-affine-blind,protocol_b,0.6108076761660463,0.0625,0.03211009174311927,7.937253933193774,0.9755188600243041,0.3054038380830231,0.46804581276456936,0.6931471793313336,0.0,0.0,0.9672977624784853,0.30196577553420634,0.5984711588840615,0.6420743371597466,1.6838357735029263,0.9107564000005368,,1
private_seed_audit,budget_23_small_high_cond,spiral,1001,1,hard,smooth,connected,high,clustered_occlusion,ambiguity-set-sampler,protocol_b,0.3485940142931025,0.265625,0.08847184986595175,1.6595118590007552,0.5065978255325041,0.17429700714655125,0.2673278563550956,0.6314675794511959,0.0,2.0,0.9227272727272727,0.030885838224101424,0.5717778707909068,0.3346585260521452,1.0816529650065156,1.4135609000004479,,6
private_seed_audit,budget_23_small_high_cond,spiral,1001,1,hard,smooth,connected,high,clustered_occlusion,best-of-k-restart-blind,protocol_b,0.21528503372964927,0.78125,0.18940397350993377,0.46325544900184457,0.39041940881891735,0.10764251686482464,0.1449462268665986,0.40630389421622515,0.0,3.0,0.8412213740458016,0.0015616313973347965,0.104223675051583,0.09181120512474025,0.223829395409036,0.5038971999965725,0.7666666666666667,1
private_seed_audit,budget_23_small_high_cond,spiral,1001,1,hard,smooth,connected,high,clustered_occlusion,blind-sa,protocol_b,0.20971187564700333,0.78125,0.22281879194630871,0.5975899182918849,0.40891551138186977,0.10485593782350167,0.14492478592823888,0.34945299848748457,0.0,2.0,0.8538102643856921,0.001376469794012437,0.10476547925650226,0.08400733752280666,0.24182751537365377,0.17394259999855421,0.7583333333333333,1
private_seed_audit,budget_23_small_high_cond,spiral,1001,1,hard,smooth,connected,high,clustered_occlusion,evolutionary-blind,protocol_b,0.21936601168725436,0.75,0.20498614958448755,0.3457994598906612,0.37876545769949826,0.10968300584362718,0.14924341384865605,0.3289512034953762,0.0,0.0,0.8167202572347267,0.001422986579426255,0.13060467937033082,0.07106660310183113,0.1135669051281103,0.2237676000004285,,1
private_seed_audit,budget_23_small_high_cond,spiral,1001,1,hard,smooth,connected,high,clustered_occlusion,projected-gradient-blind,protocol_b,0.6493306861137705,0.078125,0.03877221324717286,3.5220179888760748,0.9837988246355631,0.32466534305688527,0.489720470517389,0.6488174404956714,0.0,2.0,0.9616087751371115,0.31061200290368296,0.5745762253786147,0.587000957945099,1.488201097294171,0.05618289999983972,,1
private_seed_audit,budget_23_small_high_cond,spiral,1001,1,hard,smooth,connected,high,clustered_occlusion,subset-affine-blind,protocol_b,0.5492536020807611,0.078125,0.01564945226917058,6.698678748667275,0.783230479829413,0.27462680104038056,0.4446193875724043,0.6475868936931987,0.0,2.0,0.982174688057041,0.25808161044267325,0.5747251086888743,0.5542830898326617,1.4764446410995216,0.9185260000012931,,1
private_seed_audit,budget_23_small_high_cond,spiral,1002,2,hard,smooth,connected,high,none,ambiguity-set-sampler,protocol_b,0.3467217989161842,0.359375,0.12219451371571072,1.4342967984637762,0.6610606677545146,0.1733608994580921,0.2740102211230231,0.5813987909836132,0.0,8.0,0.9058823529411765,0.03574028061640171,0.5033747523322406,0.2673064419701269,0.8674675961761347,1.4565433000025223,,6
private_seed_audit,budget_23_small_high_cond,spiral,1002,2,hard,smooth,connected,high,none,best-of-k-restart-blind,protocol_b,0.12944491424836627,0.984375,0.24203069657615112,0.4294416350967104,0.16479402004867316,0.06472245712418313,0.0938003357630907,0.2953205766605529,0.0,1.0,0.8255494505494505,0.0006016050832249939,0.0585522872667301,0.043927008097697576,0.14836971763589712,0.536558599997079,0.775,1
private_seed_audit,budget_23_small_high_cond,spiral,1002,2,hard,smooth,connected,high,none,blind-sa,protocol_b,0.15227534883027516,0.984375,0.2674846625766871,0.4068169288732208,0.15805327920398166,0.07613767441513758,0.10136031727281318,0.2571036324362781,0.0,6.0,0.8084179970972424,0.0004415595611917886,0.0648428906622753,0.038339678244355774,0.20326339102350666,0.1783692000026349,0.7666666666666667,1
private_seed_audit,budget_23_small_high_cond,spiral,1002,2,hard,smooth,connected,high,none,evolutionary-blind,protocol_b,0.08556278845114568,1.0,0.3059895833333333,0.33883590722703366,0.14734233983097217,0.04278139422557284,0.06287437805286851,0.22734396744274898,0.0,5.0,0.7526395173453997,0.0004396598057046921,0.08419267316017359,0.05599644268710645,0.01715332332438857,0.23619900000630878,,1
private_seed_audit,budget_23_small_high_cond,spiral,1002,2,hard,smooth,connected,high,none,projected-gradient-blind,protocol_b,0.5784028804011021,0.09375,0.03988183161004431,3.457668011203014,1.024460714347847,0.28920144020055105,0.4782921752226363,0.672943450341017,0.0,8.0,0.9617391304347827,0.22474003178948274,0.5758860148445493,0.5303010297562756,1.434514654163599,0.059523199997784104,,1
private_seed_audit,budget_23_small_high_cond,spiral,1002,2,hard,smooth,connected,high,none,subset-affine-blind,protocol_b,0.6133515748213667,0.09375,0.03363914373088685,4.420258595055058,0.9790392950473511,0.30667578741068335,0.4794480586883767,0.6931471793082816,0.0,8.0,0.969258589511754,0.25932888506097185,0.5781550160748905,0.6039860074551252,1.416832056054805,1.1348297000004095,,1
private_seed_audit,budget_23_small_high_cond,spiral,1003,3,hard,smooth,connected,high,moment_preserving_perturbation,ambiguity-set-sampler,protocol_b,0.3495040630942837,0.34375,0.06505102040816327,1.5400840349351055,0.6495726505142054,0.17475203154714186,0.2881944388238183,0.6181823413568983,0.0,4.0,0.9431486880466472,0.04052178043356455,0.6273526578013722,0.2843667452352593,1.6175978480535278,1.433510099996056,,6
private_seed_audit,budget_23_small_high_cond,spiral,1003,3,hard,smooth,connected,high,moment_preserving_perturbation,best-of-k-restart-blind,protocol_b,0.2242536978839428,0.84375,0.1543859649122807,0.19542888207476616,0.24389001790066733,0.1121268489419714,0.1451492572204181,0.5711510995732619,0.0,4.0,0.8770491803278688,0.0032152423780881876,0.2240727080436617,0.10528534067354962,0.09264450723127204,0.5283860999988974,0.7833333333333333,1
private_seed_audit,budget_23_small_high_cond,spiral,1003,3,hard,smooth,connected,high,moment_preserving_perturbation,blind-sa,protocol_b,0.22954457180441498,0.796875,0.16744730679156908,0.1997148571058109,0.30954108375036665,0.11477228590220749,0.14210331123556486,0.5267888889757765,0.0,3.0,0.8559782608695652,0.003933252760308245,0.12362180317438438,0.12296688977734008,0.1937256639176348,0.1836256999959005,0.75,1
private_seed_audit,budget_23_small_high_cond,spiral,1003,3,hard,smooth,connected,high,moment_preserving_perturbation,evolutionary-blind,protocol_b,0.22097566743192212,0.828125,0.13567251461988303,0.18438029998557143,0.24507511601290086,0.11048783371596106,0.14347894634769523,0.5711510995732619,0.0,0.0,0.8890392422192152,0.0032640869188642605,0.21047476978578367,0.09860661476262181,0.09626083772335425,0.23011189999670023,,1
private_seed_audit,budget_23_small_high_cond,spiral,1003,3,hard,smooth,connected,high,moment_preserving_perturbation,projected-gradient-blind,protocol_b,0.5759004448206858,0.03125,0.03074670571010249,7.937253933193771,0.9158815788129765,0.2879502224103429,0.4659413104794876,0.6447727740282112,0.0,4.0,0.9685430463576159,0.25675625317569584,0.6244909533257188,0.6125402680540949,1.4682514921929253,0.058482400003413204,,1
private_seed_audit,budget_23_small_high_cond,spiral,1003,3,hard,smooth,connected,high,moment_preserving_perturbation,subset-affine-blind,protocol_b,0.5255928642038883,0.09375,0.03582089552238806,5.716967736482177,0.9658176919223912,0.26279643210194414,0.44608692459836913,0.6179149131153865,0.0,4.0,0.9697986577181208,0.23090086457290546,0.6279191824008121,0.5824956728399013,1.6430458171995013,1.1394900000013877,,1
private_seed_audit,budget_23_small_high_cond,volatility-clustering,1000,0,hard,jagged,connected,high,moment_preserving_perturbation,ambiguity-set-sampler,protocol_b,0.35174676116253745,0.390625,0.08495821727019498,1.7345981228847114,0.9239074252719586,0.17587338058126872,0.3545398533671005,0.5749039786524184,0.0,4.0,0.9265442404006677,0.08322820530790771,0.5573099769919428,0.41290219265333605,1.7224744456170624,1.4704773999983445,,6
private_seed_audit,budget_23_small_high_cond,volatility-clustering,1000,0,hard,jagged,connected,high,moment_preserving_perturbation,best-of-k-restart-blind,protocol_b,0.5955452413787288,0.09375,0.012759170653907496,0.0,1.0817855904279308,0.2977726206893644,0.507874946304769,0.6397367967832912,0.0,5.0,0.9886148007590133,0.3402164592988604,0.5614034157137365,0.6931471803781717,1.9987620286342522,0.5345395000040298,0.8583333333333333,1
private_seed_audit,budget_23_small_high_cond,volatility-clustering,1000,0,hard,jagged,connected,high,moment_preserving_perturbation,blind-sa,protocol_b,0.21504172305254843,0.8125,0.18414322250639387,0.38143395301755656,0.3959461554070679,0.10752086152627421,0.136333390160668,0.5365846631342928,0.0,1.0,0.8604651162790697,0.000662160011384115,0.0629694845953915,0.03708545431571682,0.08448802525720378,0.1804913999949349,0.6583333333333333,1
private_seed_audit,budget_23_small_high_cond,volatility-clustering,1000,0,hard,jagged,connected,high,moment_preserving_perturbation,evolutionary-blind,protocol_b,0.2323293252818432,0.78125,0.16580310880829016,0.37659978880779804,0.35978708765003714,0.1161646626409216,0.14569109424799392,0.5578765216100723,0.0,3.0,0.8708661417322835,0.0007265086865205788,0.08448938531161362,0.09070302594019608,0.11585160182605048,0.22897840000223368,,1
private_seed_audit,budget_23_small_high_cond,volatility-clustering,1000,0,hard,jagged,connected,high,moment_preserving_perturbation,projected-gradient-blind,protocol_b,0.6981328499390209,0.078125,0.007692307692307693,0.0,1.2687171488339637,0.34906642496951046,0.5981320419984959,0.6563331637415215,0.0,6.0,0.9904761904761905,0.626640039208004,0.6231284203962679,0.6931471803781717,2.3755321898597495,0.05911529999866616,,1
private_seed_audit,budget_23_small_high_cond,volatility-clustering,1000,0,hard,jagged,connected,high,moment_preserving_perturbation,subset-affine-blind,protocol_b,0.485178532613557,0.09375,0.03420195439739414,4.768232803410394,1.0971682960813285,0.2425892663067785,0.5267480392491832,0.667490598273589,0.0,5.0,0.9709302325581395,0.3215665018471483,0.5573312162376195,0.6371077712476994,1.892954624715278,1.174529399999301,,1
private_seed_audit,budget_23_small_high_cond,volatility-clustering,1001,1,hard,jagged,connected,high,structured_dropout,ambiguity-set-sampler,protocol_b,0.31377407035331856,0.515625,0.0818452380952381,1.4557315284555883,0.9567043976871263,0.15688703517665928,0.2982446717794068,0.6191447637933465,0.0,2.0,0.9258010118043845,0.05107027499251426,0.5573099769923199,0.3363795245183396,1.6734947711995658,1.4022557999996934,,6
private_seed_audit,budget_23_small_high_cond,volatility-clustering,1001,1,hard,jagged,connected,high,structured_dropout,best-of-k-restart-blind,protocol_b,0.2268809033189086,0.765625,0.2763578274760383,0.657454805111979,0.39296528819610804,0.1134404516594543,0.13959407891825426,0.42483214180066575,0.0,6.0,0.764367816091954,0.0007759623964607423,0.03640623182063858,0.05380855705529021,0.10975930750781826,0.5038502000024891,0.5833333333333334,1
private_seed_audit,budget_23_small_high_cond,volatility-clustering,1001,1,hard,jagged,connected,high,structured_dropout,blind-sa,protocol_b,0.22718896046614492,0.828125,0.231496062992126,0.6443539091648831,0.44780879880608815,0.11359448023307246,0.1514716012204147,0.4066736456264678,0.0,6.0,0.8061420345489443,0.0016081919808872594,0.05512383742090096,0.05848252269769848,0.14506159393815787,0.17578389999835053,0.425,1
private_seed_audit,budget_23_small_high_cond,volatility-clustering,1001,1,hard,jagged,connected,high,structured_dropout,evolutionary-blind,protocol_b,0.22825728692472189,0.796875,0.22748091603053436,0.6230944235692507,0.39749987693468236,0.11412864346236094,0.14651269683113535,0.49351723102766226,0.0,3.0,0.8087121212121212,0.0017301076770728837,0.09128070414644798,0.03594318531285812,0.12695382078750495,0.23471969999809517,,1
private_seed_audit,budget_23_small_high_cond,volatility-clustering,1001,1,hard,jagged,connected,high,structured_dropout,projected-gradient-blind,protocol_b,0.7798499799059098,0.046875,0.026615969581749048,7.937253933193772,1.7765016634226598,0.3899249899529549,0.6336700902309669,0.6931471794048285,0.0,2.0,0.978494623655914,0.5792047725672416,0.5828860018755135,0.5802313294509214,2.2460676783996685,0.05874490000132937,,1
private_seed_audit,budget_23_small_high_cond,volatility-clustering,1001,1,hard,jagged,connected,high,structured_dropout,subset-affine-blind,protocol_b,0.5828046815301888,0.078125,0.019748653500897665,7.937253933193773,1.2226363687108515,0.2914023407650944,0.534361272494629,0.6658707879235006,0.0,2.0,0.9838056680161943,0.30559810608012744,0.5690841946636671,0.5869738780234967,2.092760856764393,0.8572274999969522,,1
private_seed_audit,budget_23_small_high_cond,volatility-clustering,1002,2,hard,jagged,connected,high,clustered_occlusion,ambiguity-set-sampler,protocol_b,0.3453609689907703,0.421875,0.04383116883116883,2.160729819707792,1.036437801385069,0.17268048449538514,0.3204560930013127,0.6269757859965146,0.0,10.0,0.970873786407767,0.05532391551026272,0.5433529640730258,0.5016750670071897,1.7099863501597972,1.4079125999996904,,6
private_seed_audit,budget_23_small_high_cond,volatility-clustering,1002,2,hard,jagged,connected,high,clustered_occlusion,best-of-k-restart-blind,protocol_b,0.4792869252948907,0.15625,0.038461538461538464,0.0,1.2528962436211828,0.23964346264744535,0.4705659986151333,0.6412315778113451,0.0,11.0,0.9622641509433962,0.21603137211734547,0.5332243575136754,0.6527826865764143,1.7217428063544467,0.5191200999979628,0.6833333333333333,1
private_seed_audit,budget_23_small_high_cond,volatility-clustering,1002,2,hard,jagged,connected,high,clustered_occlusion,blind-sa,protocol_b,0.16976180474457658,0.875,0.3298791018998273,0.5683563978891873,0.2333802013974449,0.08488090237228829,0.11647427908938751,0.30545468895999217,0.0,6.0,0.7540650406504065,0.0012902057418281822,0.02562858094605382,0.08569111176809911,0.04692284872765473,0.18341510000027483,0.4083333333333333,1
private_seed_audit,budget_23_small_high_cond,volatility-clustering,1002,2,hard,jagged,connected,high,clustered_occlusion,evolutionary-blind,protocol_b,0.17285622782681787,0.875,0.3304498269896194,0.5597090578292505,0.23912069034965586,0.08642811391340893,0.11563170478669317,0.31188671718903527,0.0,4.0,0.7555555555555555,0.0012040823936002474,0.0234054722283707,0.08303020475679565,0.0780778246082976,0.22264970000105677,,1
private_seed_audit,budget_23_small_high_cond,volatility-clustering,1002,2,hard,jagged,connected,high,clustered_occlusion,projected-gradient-blind,protocol_b,0.5103835398275895,0.09375,0.020761245674740483,4.9851877960261355,1.348957553277691,0.2551917699137948,0.5029699843974421,0.668949900833553,0.0,11.0,0.9814432989690721,0.31005995865225394,0.5333148260933149,0.5963628517639024,1.7346359826096294,0.05641109999851324,,1
private_seed_audit,budget_23_small_high_cond,volatility-clustering,1002,2,hard,jagged,connected,high,clustered_occlusion,subset-affine-blind,protocol_b,0.6007834950387437,0.09375,0.0216998191681736,4.053094106305211,1.3100365775606782,0.30039174751937187,0.5569219708658222,0.6671893785939722,0.0,11.0,0.9783080260303688,0.41887798242502405,0.5363934875095043,0.601244624315066,1.8839823384702319,0.8834881000002497,,1
private_seed_audit,budget_23_small_high_cond,volatility-clustering,1003,3,hard,jagged,connected,high,none,ambiguity-set-sampler,protocol_b,0.34524775946562336,0.46875,0.08459214501510574,1.9401232427620576,1.0678427960552632,0.17262387973281168,0.32289309665289084,0.5716072019598734,0.0,14.0,0.9240282685512368,0.057704745235444374,0.55449001130707,0.297478720855742,1.6201967786236875,1.4319929000048432,,6
private_seed_audit,budget_23_small_high_cond,volatility-clustering,1003,3,hard,jagged,connected,high,none,best-of-k-restart-blind,protocol_b,0.152550379433713,0.953125,0.3654485049833887,0.5858363399714207,0.18936690711082907,0.0762751897168565,0.09451237672574632,0.26485322842413034,0.0,7.0,0.6927710843373494,0.0007087878117524636,0.0654749245868388,0.08175401401674484,0.1291110167238938,0.5285204999963753,0.625,1
private_seed_audit,budget_23_small_high_cond,volatility-clustering,1003,3,hard,jagged,connected,high,none,blind-sa,protocol_b,0.13251817716027645,0.921875,0.34444444444444444,0.6385416052817963,0.23289417521592895,0.06625908858013822,0.08154056246730694,0.2499543153637438,0.0,5.0,0.7272727272727273,0.001053402752712789,0.0688830186106858,0.0668858502587564,0.005633609492837532,0.17725380000047153,0.49166666666666664,1
private_seed_audit,budget_23_small_high_cond,volatility-clustering,1003,3,hard,jagged,connected,high,none,evolutionary-blind,protocol_b,0.14920180635547953,0.96875,0.35973597359735976,0.5694165273701185,0.1829429364523896,0.07460090317773976,0.08975189134450824,0.27949483013201687,0.0,8.0,0.69921875,0.0006778550371272334,0.0768841984825445,0.10616753569215268,0.0721587297695625,0.2293751000033808,,1
private_seed_audit,budget_23_small_high_cond,volatility-clustering,1003,3,hard,jagged,connected,high,none,projected-gradient-blind,protocol_b,0.5462889584557663,0.109375,0.031746031746031744,6.383206795506725,1.3087427951086894,0.27314447922788315,0.5271146928241408,0.6931471793313333,0.0,14.0,0.9738430583501007,0.2975083148370542,0.5752887574066892,0.5468554726362584,1.6741809655340634,0.05981890000111889,,1
private_seed_audit,budget_23_small_high_cond,volatility-clustering,1003,3,hard,jagged,connected,high,none,subset-affine-blind,protocol_b,0.6967773804382095,0.0625,0.009933774834437087,5.108257693403059,1.3109034388998997,0.34838869021910474,0.5678933609035863,0.6670531172962768,0.0,14.0,0.9943396226415094,0.40486711687638655,0.5973497439996055,0.5473477716270897,1.9078329839778796,1.1575335999950767,,1
private_seed_audit,budget_24_rotated_slender,barbell-bridge,1000,0,hard,jagged,connected,high,structured_dropout,ambiguity-set-sampler,protocol_b,0.36253093916691,0.328125,0.09572649572649573,2.371960283359324,1.04689464870437,0.181265469583455,0.32568318937085283,0.5587804175730187,0.0,1.0,0.938,0.03497522208827643,0.2790358368138459,0.33377539490049957,0.39710344061805936,1.4707006000026013,,6
private_seed_audit,budget_24_rotated_slender,barbell-bridge,1000,0,hard,jagged,connected,high,structured_dropout,best-of-k-restart-blind,protocol_b,0.7259755289967804,0.046875,0.07184466019417475,0.0,1.4942672988564332,0.3629877644983902,0.6388431430035496,0.659215581130115,0.0,2.0,0.9395348837209302,0.4726130420566184,0.6231284203857284,0.5145504390536728,2.2766587020275164,0.5100673999986611,0.26666666666666666,1
private_seed_audit,budget_24_rotated_slender,barbell-bridge,1000,0,hard,jagged,connected,high,structured_dropout,blind-sa,protocol_b,0.19707408320043335,0.75,0.1568627450980392,0.4814826673273347,0.2964415201704318,0.09853704160021667,0.13703585548301442,0.5198469689613859,0.0,2.0,0.8758741258741258,0.0011559649892019838,0.03537126237249478,0.10041685651058188,0.12081410386985203,0.1788352000003215,0.15833333333333333,1
private_seed_audit,budget_24_rotated_slender,barbell-bridge,1000,0,hard,jagged,connected,high,structured_dropout,evolutionary-blind,protocol_b,0.2037399879840991,0.765625,0.19756838905775076,0.49710174222553893,0.3160924421385023,0.10186999399204955,0.13979143372598668,0.43897353771658265,0.0,5.0,0.8493647912885662,0.0011492660339059392,0.0242449075788981,0.08184458373305513,0.0676755340941777,0.23955949999799486,,1
private_seed_audit,budget_24_rotated_slender,barbell-bridge,1000,0,hard,jagged,connected,high,structured_dropout,projected-gradient-blind,protocol_b,0.6919993164000265,0.0625,0.03272727272727273,0.0,1.967963828411787,0.34599965820001327,0.5750327488359528,0.6615844652138122,0.0,2.0,0.9692982456140351,0.30353582177675925,0.6313679255959996,0.5145504390536728,2.137597903599578,0.0577874000009615,,1
private_seed_audit,budget_24_rotated_slender,barbell-bridge,1000,0,hard,jagged,connected,high,structured_dropout,subset-affine-blind,protocol_b,0.5613633370578627,0.125,0.019197207678883072,5.5677643628300215,1.2481494540483462,0.28068166852893134,0.5032540694816118,0.6412315778113451,0.0,2.0,0.9852941176470589,0.31279442451959005,0.6164352418106948,0.498623848523283,1.9314520766663605,0.9422445000018342,,1
private_seed_audit,budget_24_rotated_slender,barbell-bridge,1001,1,hard,jagged,connected,high,clustered_occlusion,ambiguity-set-sampler,protocol_b,0.5285773315818675,0.125,0.04797047970479705,0.0,1.2157280787243097,0.26428866579093374,0.4821684091759716,0.641231577811345,0.0,4.0,0.9725738396624473,0.1235119064155452,0.5347404426432267,0.6527826865651267,1.7581299173127338,1.3893118999985745,,6
private_seed_audit,budget_24_rotated_slender,barbell-bridge,1001,1,hard,jagged,connected,high,clustered_occlusion,best-of-k-restart-blind,protocol_b,0.8223420946704983,0.078125,0.029038112522686024,0.0,1.6068672268690962,0.4111710473352492,0.7187792924967434,0.6300217510020805,0.0,4.0,0.9665271966527197,0.4764725980611537,0.5338082637075763,0.6527826865651267,2.0070533146422544,0.505280599994876,0.35833333333333334,1
private_seed_audit,budget_24_rotated_slender,barbell-bridge,1001,1,hard,jagged,connected,high,clustered_occlusion,blind-sa,protocol_b,0.517974602798953,0.125,0.04044117647058824,0.0,1.1693051953549058,0.2589873013994765,0.45436327373215046,0.6931471793525497,0.0,4.0,0.9545454545454546,0.08169378309355889,0.5436594854197245,0.6527826865651267,1.6591127594790278,0.17123960000026273,0.20833333333333334,1
private_seed_audit,budget_24_rotated_slender,barbell-bridge,1001,1,hard,jagged,connected,high,clustered_occlusion,evolutionary-blind,protocol_b,0.2102496705174825,0.71875,0.22344827586206897,0.6641453786740696,0.26879163353164287,0.10512483525874125,0.15160062829371995,0.3722968216503699,0.0,4.0,0.8352180936995154,0.001356954868753307,0.12360663262962857,0.042116026973270895,0.01348509714560997,0.22277279999980237,,1
private_seed_audit,budget_24_rotated_slender,barbell-bridge,1001,1,hard,jagged,connected,high,clustered_occlusion,projected-gradient-blind,protocol_b,0.7214705652652433,0.03125,0.034482758620689655,6.346347607575369,4.266511762169115,0.36073528263262167,0.6669347362485858,0.6336671165037673,0.0,3.0,0.9621052631578947,0.4054859918320096,0.5372404751033126,0.5763459614093691,2.163050959493037,0.05967889999737963,,1
private_seed_audit,budget_24_rotated_slender,barbell-bridge,1001,1,hard,jagged,connected,high,clustered_occlusion,subset-affine-blind,protocol_b,0.7763385014129492,0.015625,0.020146520146520148,7.93725393319377,1.573490953766296,0.3881692507064746,0.6319516845266514,0.6615844652138123,0.0,4.0,0.9810924369747899,0.5426277670279867,0.5334916308972792,0.6420743371606386,1.975489778777913,0.9127749999970547,,1
private_seed_audit,budget_24_rotated_slender,barbell-bridge,1002,2,hard,jagged,connected,high,none,ambiguity-set-sampler,protocol_b,0.5422649639766812,0.15625,0.029465930018416207,0.0,1.1214660720595664,0.2711324819883406,0.4395986437213229,0.6931471793202786,0.0,1.0,0.9732142857142857,0.08141597648530673,0.5219627841838476,0.6527826865763464,1.6024394117961103,1.4475869000016246,,6
private_seed_audit,budget_24_rotated_slender,barbell-bridge,1002,2,hard,jagged,connected,high,none,best-of-k-restart-blind,protocol_b,0.9146377337627257,0.078125,0.04595588235294118,0.0,2.1843127221577534,0.45731886688136286,0.728361129162607,0.6630842026523878,0.0,1.0,0.9624724061810155,0.3575028326643797,0.4969957326073531,0.6527826865763464,1.9381227736662168,0.5234354999993229,0.26666666666666666,1
private_seed_audit,budget_24_rotated_slender,barbell-bridge,1002,2,hard,jagged,connected,high,none,blind-sa,protocol_b,0.1333412412637103,0.921875,0.27732463295269166,0.6790497547166361,0.1975910283960115,0.06667062063185515,0.08432018152290062,0.24952507274149174,0.0,0.0,0.7566462167689162,0.0005358790298513371,0.09884994790910726,0.10255175849933423,0.13726419070713503,0.181993500002136,0.24166666666666667,1
private_seed_audit,budget_24_rotated_slender,barbell-bridge,1002,2,hard,jagged,connected,high,none,evolutionary-blind,protocol_b,0.15597770971865613,0.9375,0.3176470588235294,0.5626828557717283,0.21848409305226707,0.07798885485932806,0.09445299637619856,0.2892591675474038,0.0,1.0,0.7494866529774127,0.0010540204936420818,0.07036050733593856,0.0449300573199524,0.18757192321173521,0.23657779999484774,,1
private_seed_audit,budget_24_rotated_slender,barbell-bridge,1002,2,hard,jagged,connected,high,none,projected-gradient-blind,protocol_b,0.9326877856925705,0.03125,0.054820415879017016,0.0,2.0345066523872344,0.46634389284628525,0.7471646088283387,0.6285763416738427,0.0,1.0,0.95662100456621,0.47231138615916957,0.4976432741855477,0.6527826865763464,2.0091634837064904,0.0579617999974289,,1
private_seed_audit,budget_24_rotated_slender,barbell-bridge,1002,2,hard,jagged,connected,high,none,subset-affine-blind,protocol_b,0.6704662448028196,0.015625,0.012259194395796848,5.570463678292056,1.6339111369622497,0.3352331224014098,0.5584515999881567,0.6661824912488108,0.0,1.0,0.9916142557651991,0.41079207590822386,0.4973982501600363,0.6313679256317181,1.8244825566224594,1.1464558000006946,,1
private_seed_audit,budget_24_rotated_slender,barbell-bridge,1003,3,hard,jagged,connected,high,moment_preserving_perturbation,ambiguity-set-sampler,protocol_b,0.6027437448138117,0.09375,0.023008849557522124,0.0,0.9988294091036695,0.3013718724069058,0.5031130449806527,0.6931471793433864,0.0,1.0,0.9812889812889813,0.11863190400248323,0.538981346500126,0.6527826865879431,1.6383743135766364,1.4368647000010242,,6
private_seed_audit,budget_24_rotated_slender,barbell-bridge,1003,3,hard,jagged,connected,high,moment_preserving_perturbation,best-of-k-restart-blind,protocol_b,0.7197774305684024,0.03125,0.03642987249544627,0.0,1.219923988180358,0.3598887152842012,0.5709130102509076,0.6627243898036252,0.0,1.0,0.9653679653679653,0.29464547310762557,0.5358868572132223,0.6527826865879431,2.080047237314365,0.5287069999976666,0.35833333333333334,1
private_seed_audit,budget_24_rotated_slender,barbell-bridge,1003,3,hard,jagged,connected,high,moment_preserving_perturbation,blind-sa,protocol_b,0.24212853187432,0.6875,0.1811320754716981,0.3519135330567613,0.32678897283246144,0.12106426593716,0.15559816364470258,0.5030906942376305,0.0,1.0,0.877643504531722,0.0019196536856384136,0.0647006701085609,0.07333347275995723,0.05670045071224683,0.17929390000062995,0.225,1
private_seed_audit,budget_24_rotated_slender,barbell-bridge,1003,3,hard,jagged,connected,high,moment_preserving_perturbation,evolutionary-blind,protocol_b,0.23408242630164824,0.734375,0.15637319316688567,0.3734095505195552,0.30620279092252817,0.11704121315082412,0.1508419587447936,0.5353546707279209,0.0,1.0,0.8881889763779528,0.0011933841145835497,0.02987460367934168,0.05106203174155309,0.007373933438241664,0.23076039999432396,,1
private_seed_audit,budget_24_rotated_slender,barbell-bridge,1003,3,hard,jagged,connected,high,moment_preserving_perturbation,projected-gradient-blind,protocol_b,0.5607602854406336,0.09375,0.021848739495798318,7.93725393319377,1.2277981428123723,0.2803801427203168,0.5115561097975304,0.6658707879235009,0.0,1.0,0.9762376237623762,0.29578871840236864,0.5331989133127686,0.6333577922108531,1.8804400227332851,0.056769499999063555,,1
private_seed_audit,budget_24_rotated_slender,barbell-bridge,1003,3,hard,jagged,connected,high,moment_preserving_perturbation,subset-affine-blind,protocol_b,0.6979828445159814,0.0625,0.037037037037037035,5.567764362830021,1.3909817219523546,0.3489914222579907,0.5632923151859242,0.665870787923501,0.0,1.0,0.9752066115702479,0.38398203874419246,0.5338082637076454,0.6246253770707395,1.968632270631069,1.1648741000026348,,1
private_seed_audit,budget_24_rotated_slender,crescent,1000,0,hard,smooth,connected,high,none,ambiguity-set-sampler,protocol_b,0.27297358543804945,0.296875,0.09844559585492228,1.6900873338842224,0.6552789037878383,0.13648679271902472,0.24403946436438032,0.5702210198303498,0.0,0.0,0.9284649776453056,0.04676717252540172,0.6027734278074575,0.31316381348419176,1.5154450939139468,1.4381710000016028,,6
private_seed_audit,budget_24_rotated_slender,crescent,1000,0,hard,smooth,connected,high,none,best-of-k-restart-blind,protocol_b,0.6831073250645889,0.015625,0.016200294550810016,0.0,0.8130458074032904,0.34155366253229447,0.49492321146183693,0.6630357939674616,0.0,2.0,0.9829059829059829,0.3845791120949308,0.5980043300805806,0.6527826865524492,1.6037790229273494,0.5325059999959194,0.7416666666666667,1
private_seed_audit,budget_24_rotated_slender,crescent,1000,0,hard,smooth,connected,high,none,blind-sa,protocol_b,0.10327262281117515,0.984375,0.24114441416893734,0.6116718780102326,0.11332248236676729,0.051636311405587575,0.07397610752160597,0.23501204317328706,0.0,4.0,0.8424336973478939,0.0003417749761098741,0.06241955341388441,0.05363356298678948,0.11978302705844968,0.1838151000047219,0.6583333333333333,1
private_seed_audit,budget_24_rotated_slender,crescent,1000,0,hard,smooth,connected,high,none,evolutionary-blind,protocol_b,0.10714555982074014,0.984375,0.2125,0.27704240085477394,0.13487649302081048,0.05357277991037007,0.07842510297236502,0.33149755231054534,0.0,7.0,0.8509406657018813,0.00035548936063095485,0.06337861698326822,0.08025928741481866,0.11964802896913307,0.23089639999670908,,1
private_seed_audit,budget_24_rotated_slender,crescent,1000,0,hard,smooth,connected,high,none,projected-gradient-blind,protocol_b,0.7867998781719048,0.03125,0.019261637239165328,7.937253933193772,2.2734228815233135,0.3933999390859524,0.6213495346444339,0.6931471794491296,0.0,2.0,0.9829867674858223,0.5369402563656278,0.6125402680430934,0.6353317885753857,2.0678030875867104,0.05695739999646321,,1
private_seed_audit,budget_24_rotated_slender,crescent,1000,0,hard,smooth,connected,high,none,subset-affine-blind,protocol_b,0.5264391838222997,0.09375,0.009302325581395349,5.459788230779328,0.9098697022701567,0.26321959191114985,0.4610881413007054,0.6219775723993681,0.0,2.0,0.9891107078039928,0.2835628670445016,0.5987126864449666,0.5880092640835017,1.4551407441049122,1.150039399995876,,1
private_seed_audit,budget_24_rotated_slender,crescent,1001,1,hard,smooth,connected,high,moment_preserving_perturbation,ambiguity-set-sampler,protocol_b,0.3013762692646014,0.21875,0.08719346049046321,1.80809057475509,0.5351261135354409,0.1506881346323007,0.25597094820069666,0.6282483444661706,0.0,2.0,0.9187116564417178,0.042485336118344846,0.5531371289287549,0.42507183115736713,1.6612664688126473,1.458631499997864,,6
private_seed_audit,budget_24_rotated_slender,crescent,1001,1,hard,smooth,connected,high,moment_preserving_perturbation,best-of-k-restart-blind,protocol_b,0.5312414857310027,0.015625,0.022189349112426034,0.0,0.7877360801057111,0.26562074286550136,0.44240573374702086,0.665550809241803,0.0,3.0,0.9785478547854786,0.3177420373408692,0.5609105193795914,0.6231284203980914,1.7201941903646578,0.5412855000031414,0.7333333333333333,1
private_seed_audit,budget_24_rotated_slender,crescent,1001,1,hard,smooth,connected,high,moment_preserving_perturbation,blind-sa,protocol_b,0.2573713966816992,0.46875,0.12456344586728754,0.22204731280814913,0.41092380342192,0.1286856983408496,0.17772122057432663,0.5711336883588345,0.0,1.0,0.8969359331476323,0.007288198035684,0.10759860892146574,0.11894430454451152,0.08506233816677522,0.19249850000051083,0.25833333333333336,1
private_seed_audit,budget_24_rotated_slender,crescent,1001,1,hard,smooth,connected,high,moment_preserving_perturbation,evolutionary-blind,protocol_b,0.25182564572262617,0.5,0.14285714285714285,0.15236556593902795,0.4213755669390332,0.12591282286131308,0.17177741334710792,0.5378572818976902,0.0,2.0,0.8777777777777778,0.007465597824306839,0.12066547930225578,0.115287998046931,0.21806905119416342,0.23534790000121575,,1
private_seed_audit,budget_24_rotated_slender,crescent,1001,1,hard,smooth,connected,high,moment_preserving_perturbation,projected-gradient-blind,protocol_b,0.7435485196409592,0.03125,0.03225806451612903,5.567764362830022,1.4665086878272233,0.3717742598204796,0.5923897650715527,0.6931471794033939,0.0,3.0,0.969258589511754,0.5284745771906874,0.5973272629094206,0.5937801795373379,2.1752634146273957,0.05767270000069402,,1
private_seed_audit,budget_24_rotated_slender,crescent,1001,1,hard,smooth,connected,high,moment_preserving_perturbation,subset-affine-blind,protocol_b,0.4960299291654901,0.078125,0.03486529318541997,7.937253933193771,1.0245746991933575,0.24801496458274505,0.41740352972126327,0.6677839511456306,0.0,3.0,0.9642857142857143,0.17572827308740313,0.5609105193795914,0.6084523919202487,1.7201941903646578,1.1413279000043985,,1
private_seed_audit,budget_24_rotated_slender,crescent,1002,2,hard,smooth,connected,high,structured_dropout,ambiguity-set-sampler,protocol_b,0.2859343388223542,0.171875,0.062340966921119595,1.6900583071997528,0.5443907589968355,0.1429671694111771,0.24538725910898182,0.6154268724857278,0.0,6.0,0.9536903039073806,0.059199345366959116,0.5752442495879098,0.36437853938719345,1.584486761739596,1.3948200000013458,,6
private_seed_audit,budget_24_rotated_slender,crescent,1002,2,hard,smooth,connected,high,structured_dropout,best-of-k-restart-blind,protocol_b,0.5307864525466083,0.046875,0.02695035460992908,0.0,0.778272725313808,0.26539322627330414,0.42971256243554545,0.665550809241803,0.0,6.0,0.9755301794453507,0.34312524390786275,0.5774010132560754,0.5974436546138728,1.6519199771717823,0.4990195999998832,0.725,1
private_seed_audit,budget_24_rotated_slender,crescent,1002,2,hard,smooth,connected,high,structured_dropout,blind-sa,protocol_b,0.10660322766174733,0.90625,0.23190184049079754,0.37887095956214667,0.175892607686356,0.053301613830873666,0.07358278318468643,0.2541199805856045,0.0,1.0,0.8078541374474053,0.000794974627548968,0.041950312726134406,0.064610536544552,0.005589111544991088,0.182414200004132,0.5166666666666667,1
private_seed_audit,budget_24_rotated_slender,crescent,1002,2,hard,smooth,connected,high,structured_dropout,evolutionary-blind,protocol_b,0.1135030243999519,0.90625,0.36693548387096775,0.2640604705002545,0.12318958318848784,0.05675151219997595,0.08071041064683111,0.18479989666148736,0.0,3.0,0.6866141732283464,0.000345053467640956,0.12006732996853835,0.055416730895585825,0.02352397725882449,0.22554849999869475,,1
private_seed_audit,budget_24_rotated_slender,crescent,1002,2,hard,smooth,connected,high,structured_dropout,projected-gradient-blind,protocol_b,0.7287539877495404,0.03125,0.024390243902439025,7.93725393319377,2.2520947250497643,0.3643769938747702,0.59380779751093,0.6931471794158914,0.0,6.0,0.9731182795698925,0.5292726102347735,0.6084523919080336,0.586973878000421,2.1655651628198744,0.05442699999548495,,1
private_seed_audit,budget_24_rotated_slender,crescent,1002,2,hard,smooth,connected,high,structured_dropout,subset-affine-blind,protocol_b,0.44513921379293325,0.09375,0.042042042042042045,3.5878436352143814,0.8907470379497118,0.22256960689646663,0.41431638133754806,0.6086003405828713,0.0,6.0,0.9618717504332756,0.17250965353657724,0.574426741606755,0.49786564482491147,1.557303810627932,0.8903044999970007,,1
private_seed_audit,budget_24_rotated_slender,crescent,1003,3,hard,smooth,connected,high,clustered_occlusion,ambiguity-set-sampler,protocol_b,0.35627314890626316,0.15625,0.052845528455284556,2.048401814346495,0.706405742527086,0.17813657445313158,0.36285958537602425,0.5901616044728575,0.0,4.0,0.94679186228482,0.10375005903151278,0.5753409800967755,0.3563875380740418,1.5841139094526904,1.3824124000020674,,6
private_seed_audit,budget_24_rotated_slender,crescent,1003,3,hard,smooth,connected,high,clustered_occlusion,best-of-k-restart-blind,protocol_b,0.6592364054988501,0.03125,0.02888583218707015,0.0,0.8764700869765342,0.32961820274942505,0.49822488340724397,0.6619749582953378,0.0,4.0,0.9763779527559056,0.42520502194161247,0.6120653800140861,0.5530093528933998,1.971511232254671,0.49742549999791663,0.7833333333333333,1
private_seed_audit,budget_24_rotated_slender,crescent,1003,3,hard,smooth,connected,high,clustered_occlusion,blind-sa,protocol_b,0.283936544663538,0.453125,0.14671814671814673,0.42784504018451736,0.5667517655686531,0.141968272331769,0.21637699071716185,0.46191949322181114,0.0,3.0,0.910948905109489,0.004110111695682532,0.07263444708149433,0.09145232477526333,0.020189844106831778,0.17150219999894034,0.3333333333333333,1
private_seed_audit,budget_24_rotated_slender,crescent,1003,3,hard,smooth,connected,high,clustered_occlusion,evolutionary-blind,protocol_b,0.28735629371367066,0.46875,0.1445012787723785,0.21335027761689426,0.5934022622032411,0.14367814685683533,0.22247324874363136,0.477961213945221,0.0,2.0,0.908695652173913,0.004280715600916448,0.049492865317082864,0.16569781877407047,0.06341193680896229,0.2195577000020421,,1
private_seed_audit,budget_24_rotated_slender,crescent,1003,3,hard,smooth,connected,high,clustered_occlusion,projected-gradient-blind,protocol_b,0.7764657162925117,0.015625,0.03007518796992481,5.5677643628300215,1.6634855941143785,0.38823285814625585,0.6157001805131052,0.6931471794144648,0.0,4.0,0.9773123909249564,0.49445711917566143,0.6267392567578648,0.5325419242727101,2.1066163491476146,0.06276420000358485,,1
private_seed_audit,budget_24_rotated_slender,crescent,1003,3,hard,smooth,connected,high,clustered_occlusion,subset-affine-blind,protocol_b,0.5364482481872006,0.0625,0.0169971671388102,3.0002372657656697,0.7979240104844795,0.2682241240936003,0.4386010090223956,0.693147179270404,0.0,4.0,0.9819672131147541,0.1764864002326973,0.578155016051997,0.44000411495172276,1.5525299670511707,0.9520875999951386,,1
private_seed_audit,budget_24_rotated_slender,cross-branch,1000,0,hard,jagged,connected,high,none,ambiguity-set-sampler,protocol_b,0.41512249285446523,0.265625,0.04084967320261438,2.032767237334547,0.8497239188095258,0.20756124642723262,0.37021630133623734,0.6437348490144381,0.0,0.0,0.9743589743589743,0.05675603540848608,0.5541748920604288,0.4001413719301636,1.650119279460541,1.444669000004069,,6
private_seed_audit,budget_24_rotated_slender,cross-branch,1000,0,hard,jagged,connected,high,none,best-of-k-restart-blind,protocol_b,0.10475286832341162,1.0,0.5011709601873536,0.3194478662741664,0.12876027063279036,0.05237643416170581,0.07610487539392075,0.3018260474404968,0.0,4.0,0.6344410876132931,0.0007851692714762296,0.09288044245199031,0.040971966457775566,0.10719294322465256,0.5357223000028171,0.6666666666666666,1
private_seed_audit,budget_24_rotated_slender,cross-branch,1000,0,hard,jagged,connected,high,none,blind-sa,protocol_b,0.10700002760796169,0.984375,0.4261241970021413,0.3656677264421816,0.15624508252300356,0.053500013803980846,0.0750521197353164,0.23862443858590293,0.0,1.0,0.7165775401069518,0.00047233273249541524,0.12999172976266526,0.03085705865333855,0.0612245443477617,0.18586360000335844,0.2833333333333333,1
private_seed_audit,budget_24_rotated_slender,cross-branch,1000,0,hard,jagged,connected,high,none,evolutionary-blind,protocol_b,0.10148624306530957,1.0,0.48394495412844035,0.28721778400462417,0.13085507219929535,0.050743121532654784,0.07433305039222932,0.31300665119155147,0.0,2.0,0.6517857142857143,0.0008092834894084457,0.10994753152111542,0.02926364863196624,0.07218676903540944,0.2516756000040914,,1
private_seed_audit,budget_24_rotated_slender,cross-branch,1000,0,hard,jagged,connected,high,none,projected-gradient-blind,protocol_b,0.7335969819419178,0.0,0.023454157782515993,5.7793828720785,1.0488918615262361,0.3667984909709589,0.5508535177298551,0.6931471793665643,0.0,5.0,0.9808219178082191,0.44967972272917467,0.6009664675204558,0.6606559063506887,1.9600764991992896,0.05873109999811277,,1
private_seed_audit,budget_24_rotated_slender,cross-branch,1000,0,hard,jagged,connected,high,none,subset-affine-blind,protocol_b,0.6098181611615988,0.0625,0.02702702702702703,4.553679608796428,1.0375532756023167,0.3049090805807994,0.5407176264532345,0.6931471793665642,0.0,5.0,0.9788359788359788,0.3553594835103231,0.6158082515648189,0.6782288795959156,2.081996673470866,1.1468792000014219,,1
private_seed_audit,budget_24_rotated_slender,cross-branch,1001,1,hard,jagged,connected,high,moment_preserving_perturbation,ambiguity-set-sampler,protocol_b,0.38224058034464203,0.28125,0.050434782608695654,1.7973283303564185,0.8475750790625814,0.19112029017232102,0.40142483029925935,0.6285054541554944,0.0,2.0,0.9617021276595745,0.056582797446894255,0.546462799632889,0.45465538637750824,1.8349872820314976,1.445444299999508,,6
private_seed_audit,budget_24_rotated_slender,cross-branch,1001,1,hard,jagged,connected,high,moment_preserving_perturbation,best-of-k-restart-blind,protocol_b,0.21540759002011114,0.703125,0.14859437751004015,0.24414788689475644,0.29337110006034334,0.10770379501005557,0.16040811970408567,0.551240580183193,0.0,0.0,0.9148580968280468,0.002347149792133382,0.10895208837015741,0.08889716761870109,0.04227354046113829,0.5349100000021281,0.2833333333333333,1
private_seed_audit,budget_24_rotated_slender,cross-branch,1001,1,hard,jagged,connected,high,moment_preserving_perturbation,blind-sa,protocol_b,0.21540759002011114,0.703125,0.14859437751004015,0.24414788689475644,0.29337110006034334,0.10770379501005557,0.16040811970408567,0.551240580183193,0.0,0.0,0.9148580968280468,0.002347149792133382,0.10895208837015741,0.08889716761870109,0.04227354046113829,0.18042620000051102,0.24166666666666667,1
private_seed_audit,budget_24_rotated_slender,cross-branch,1001,1,hard,jagged,connected,high,moment_preserving_perturbation,evolutionary-blind,protocol_b,0.22934627419672077,0.71875,0.13568521031207598,0.2979862022693433,0.31473477015576345,0.11467313709836038,0.1533243661677426,0.5839882567626664,0.0,0.0,0.8849407783417935,0.0010538976840581001,0.10819896151855132,0.1110372897266486,0.09107429672293987,0.23230530000000726,,1
private_seed_audit,budget_24_rotated_slender,cross-branch,1001,1,hard,jagged,connected,high,moment_preserving_perturbation,projected-gradient-blind,protocol_b,0.6946021849719815,0.03125,0.018,7.937253933193771,1.089191741124503,0.3473010924859907,0.5411161107462922,0.6931471793444466,0.0,2.0,0.9903147699757869,0.3486024199948283,0.5384396969454086,0.6529047618940631,1.6895275114854653,0.059350900002755225,,1
private_seed_audit,budget_24_rotated_slender,cross-branch,1001,1,hard,jagged,connected,high,moment_preserving_perturbation,subset-affine-blind,protocol_b,0.53864263279862,0.078125,0.053388090349075976,4.520793239240305,1.0605002203490028,0.26932131639931,0.5222779808568805,0.6415467074546508,0.0,2.0,0.9422110552763819,0.3057629188818054,0.5660514160338408,0.5956251038673617,2.079177174780064,1.135380100000475,,1
private_seed_audit,budget_24_rotated_slender,cross-branch,1002,2,hard,jagged,connected,high,structured_dropout,ambiguity-set-sampler,protocol_b,0.37238857844078277,0.359375,0.08843537414965986,1.574340990547201,0.8076345154122478,0.18619428922039138,0.35810292350621403,0.5877699778015777,0.0,1.0,0.9311111111111111,0.05304949341233396,0.5627686981715017,0.38183221459091754,1.8644059964846031,1.390839199993934,,6
private_seed_audit,budget_24_rotated_slender,cross-branch,1002,2,hard,jagged,connected,high,structured_dropout,best-of-k-restart-blind,protocol_b,0.1581315377480348,0.96875,0.31773879142300193,0.37871161560156963,0.18551566961096136,0.0790657688740174,0.11142478356926332,0.27946483993838744,0.0,1.0,0.8025641025641026,0.0005206748790639001,0.07901417387353103,0.10048960104961815,0.10045338211379828,0.5021011999997427,0.7833333333333333,1
private_seed_audit,budget_24_rotated_slender,cross-branch,1002,2,hard,jagged,connected,high,structured_dropout,blind-sa,protocol_b,0.11257947802290597,0.96875,0.4272930648769575,0.4848702937469566,0.2214880452245603,0.05628973901145298,0.07095201782698975,0.3130066511915517,0.0,1.0,0.7005813953488372,0.0004468369005771987,0.04855763005323032,0.07591470766128589,0.06388271611592877,0.17117890000372427,0.5083333333333333,1
private_seed_audit,budget_24_rotated_slender,cross-branch,1002,2,hard,jagged,connected,high,structured_dropout,evolutionary-blind,protocol_b,0.16331728060043918,0.96875,0.3103448275862069,0.3662043342066026,0.18532087858799584,0.08165864030021959,0.11111165805452869,0.2938872833389773,0.0,4.0,0.8029925187032418,0.0003034414778243183,0.06899012387278097,0.07848862321513145,0.12465575142806662,0.2230753999974695,,1
private_seed_audit,budget_24_rotated_slender,cross-branch,1002,2,hard,jagged,connected,high,structured_dropout,projected-gradient-blind,protocol_b,0.7296318631757336,0.0,0.02586206896551724,7.937253933193771,1.033623698688165,0.3648159315878668,0.5305240458002042,0.6931471793689042,0.0,1.0,0.9783783783783784,0.45491396750290963,0.5381335944403862,0.6231922049524811,1.8644059964846031,0.05940279999776976,,1
private_seed_audit,budget_24_rotated_slender,cross-branch,1002,2,hard,jagged,connected,high,structured_dropout,subset-affine-blind,protocol_b,0.5853537336854282,0.0625,0.03305785123966942,5.187212318957672,1.022238556976554,0.2926768668427141,0.520784159114828,0.6931471793323314,0.0,1.0,0.9686684073107049,0.3221258544818585,0.5440418034557459,0.6098330898412345,1.996336502244941,0.8652665999979945,,1
private_seed_audit,budget_24_rotated_slender,cross-branch,1003,3,hard,jagged,connected,high,clustered_occlusion,ambiguity-set-sampler,protocol_b,0.40602395445716694,0.28125,0.03423423423423423,2.338070401072022,0.792877802226709,0.20301197722858347,0.38177366538897445,0.6285054541554942,0.0,2.0,0.9732142857142857,0.06488017175469886,0.600060208111515,0.4640131310667476,1.863747880824204,1.3916509999980917,,6
private_seed_audit,budget_24_rotated_slender,cross-branch,1003,3,hard,jagged,connected,high,clustered_occlusion,best-of-k-restart-blind,protocol_b,0.12873497693005667,0.921875,0.351129363449692,0.41747170609842965,0.27598160158415985,0.06436748846502834,0.11774745024972039,0.22712173058815166,0.0,0.0,0.7672634271099744,0.0022045950421555145,0.059225274567302116,0.05411529227749519,0.04916085867071773,0.5041993000049843,0.5333333333333333,1
private_seed_audit,budget_24_rotated_slender,cross-branch,1003,3,hard,jagged,connected,high,clustered_occlusion,blind-sa,protocol_b,0.12873497693005667,0.921875,0.351129363449692,0.41747170609842965,0.27598160158415985,0.06436748846502834,0.11774745024972039,0.22712173058815166,0.0,0.0,0.7672634271099744,0.0022045950421555145,0.059225274567302116,0.05411529227749519,0.04916085867071773,0.1752686000036192,0.39166666666666666,1
private_seed_audit,budget_24_rotated_slender,cross-branch,1003,3,hard,jagged,connected,high,clustered_occlusion,evolutionary-blind,protocol_b,0.12300802719157221,0.90625,0.40652173913043477,0.3000819553119404,0.2902148157070133,0.061504013595786104,0.11786896622038855,0.2461122220565566,0.0,1.0,0.7068062827225131,0.0019397672522036159,0.03377330529454735,0.03389986637417952,0.14478182729208378,0.22074869999778457,,1
private_seed_audit,budget_24_rotated_slender,cross-branch,1003,3,hard,jagged,connected,high,clustered_occlusion,projected-gradient-blind,protocol_b,0.7117920699734943,0.015625,0.02536997885835095,5.882521293048539,0.9804621806667738,0.35589603498674716,0.5325350901735385,0.6931471793566336,0.0,2.0,0.9765013054830287,0.3938882507081473,0.5984902755988103,0.66474378247402,1.577185482134955,0.0585748000012245,,1
private_seed_audit,budget_24_rotated_slender,cross-branch,1003,3,hard,jagged,connected,high,clustered_occlusion,subset-affine-blind,protocol_b,0.6447918673057366,0.015625,0.01026694045174538,4.539805032402498,1.00180442500145,0.3223959336528683,0.5375682753417851,0.6931471793444468,0.0,2.0,0.9899749373433584,0.3642101844693202,0.6268652702854791,0.6460926843668795,2.080635321395051,0.8899013999980525,,1
private_seed_audit,budget_24_rotated_slender,double-loop,1000,0,hard,smooth,connected,high,clustered_occlusion,ambiguity-set-sampler,protocol_b,0.3974781714697476,0.21875,0.06818181818181818,1.9209254701389724,0.6680856374898608,0.1987390857348738,0.3586896479979763,0.5771764645093058,0.0,0.0,0.9495412844036697,0.0681508742110073,0.5765154606393377,0.42182670049220067,1.7187011897021347,1.3811799000031897,,6
private_seed_audit,budget_24_rotated_slender,double-loop,1000,0,hard,smooth,connected,high,clustered_occlusion,best-of-k-restart-blind,protocol_b,0.28914403612137746,0.578125,0.041254125412541254,0.5682273090398421,0.5240267556574179,0.14457201806068873,0.2275114558877399,0.5167961730513484,0.0,3.0,0.9654471544715447,0.002636603088413914,0.11843627709155011,0.0848517683061123,0.11721295390186048,0.5022847000000183,0.6916666666666667,1
private_seed_audit,budget_24_rotated_slender,double-loop,1000,0,hard,smooth,connected,high,clustered_occlusion,blind-sa,protocol_b,0.3095024606284615,0.53125,0.06197654941373534,0.6414180569367057,0.5050312710647555,0.15475123031423074,0.22678325850468786,0.5482426299424656,0.0,2.0,0.9531568228105907,0.002190638603251765,0.050055706576859496,0.12342769051955813,0.02095211622532167,0.17284769999969285,0.6166666666666667,1
private_seed_audit,budget_24_rotated_slender,double-loop,1000,0,hard,smooth,connected,high,clustered_occlusion,evolutionary-blind,protocol_b,0.3081453295537502,0.515625,0.09328968903436989,0.4248864774166007,0.4940929528315043,0.1540726647768751,0.2292494302351291,0.5113244655656211,0.0,2.0,0.9326530612244898,0.00216109558937892,0.04661050446218977,0.09246364557452941,0.07899567243047345,0.22416589999920689,,1
private_seed_audit,budget_24_rotated_slender,double-loop,1000,0,hard,smooth,connected,high,clustered_occlusion,projected-gradient-blind,protocol_b,0.7142152965858479,0.0,0.023809523809523808,0.0,0.9370954271533048,0.35710764829292396,0.5730030575281128,0.6213738641749158,0.0,1.0,0.9805825242718447,0.6090739304816504,0.6231284203853086,0.6931471804022648,2.339787564222833,0.05647339999995893,,1
private_seed_audit,budget_24_rotated_slender,double-loop,1000,0,hard,smooth,connected,high,clustered_occlusion,subset-affine-blind,protocol_b,0.6728169428650096,0.046875,0.053418803418803416,7.22042344338139,1.0338934416214471,0.3364084714325048,0.5472819016975639,0.6357765857048949,0.0,0.0,0.9545454545454546,0.49766724412094065,0.5847109681812604,0.6606559063374937,1.933691143141613,0.8948831000016071,,1
private_seed_audit,budget_24_rotated_slender,double-loop,1001,1,hard,smooth,connected,high,none,ambiguity-set-sampler,protocol_b,0.25253491383882987,0.5625,0.11382113821138211,1.7708118583261498,0.5475291730794832,0.12626745691941493,0.24307839936509668,0.48324563350535243,0.0,0.0,0.9295774647887324,0.043517922457913985,0.21944678756938035,0.3321849427828164,0.3122702515679614,1.4353407999951742,,6
private_seed_audit,budget_24_rotated_slender,double-loop,1001,1,hard,smooth,connected,high,none,best-of-k-restart-blind,protocol_b,0.546554726886961,0.078125,0.033860045146726865,0.0,0.9266452858468068,0.2732773634434805,0.42153271828984057,0.6113180050351253,0.0,0.0,0.962962962962963,0.46557607097888276,0.6259916538423842,0.6527826866032185,1.7258793835191104,0.5334490000022925,0.5333333333333333,1
private_seed_audit,budget_24_rotated_slender,double-loop,1001,1,hard,smooth,connected,high,none,blind-sa,protocol_b,0.10559603891030037,0.953125,0.39577836411609496,0.607367014613851,0.2303930112044095,0.05279801945515018,0.08479338875062091,0.3341463204842624,0.0,0.0,0.65814696485623,0.0006241378623594231,0.054702326292125035,0.0349735446344931,0.04032636795733069,0.18191319999459665,0.38333333333333336,1
private_seed_audit,budget_24_rotated_slender,double-loop,1001,1,hard,smooth,connected,high,none,evolutionary-blind,protocol_b,0.10112230468583484,1.0,0.3274336283185841,0.4009308243723523,0.13888476368419458,0.05056115234291742,0.0848193564649584,0.29703526463777724,0.0,3.0,0.7780748663101604,0.0012088324973748524,0.08094800238068757,0.030065109139103922,0.15102191450394642,0.23228309999831254,,1
private_seed_audit,budget_24_rotated_slender,double-loop,1001,1,hard,smooth,connected,high,none,projected-gradient-blind,protocol_b,0.8155403675427187,0.015625,0.01639344262295082,7.937253933193773,3.6457188997389336,0.4077701837713594,0.6302509589587064,0.6931471794048282,0.0,0.0,0.9806094182825484,0.48764435303365306,0.6420743371706836,0.6529047618717201,2.1707158659589525,0.058039499999722466,,1
private_seed_audit,budget_24_rotated_slender,double-loop,1001,1,hard,smooth,connected,high,none,subset-affine-blind,protocol_b,0.5075038557111581,0.125,0.013215859030837005,4.938485101475958,0.7987608171129006,0.25375192785557904,0.5089411860464322,0.6670531172962766,0.0,0.0,0.9845360824742269,0.436965402556056,0.6337358983779257,0.6207915939986584,2.017409044323677,1.1596615000016754,,1
private_seed_audit,budget_24_rotated_slender,double-loop,1002,2,hard,smooth,connected,high,moment_preserving_perturbation,ambiguity-set-sampler,protocol_b,0.5216865718096476,0.1875,0.015555555555555555,0.0,0.9389490085716086,0.2608432859048238,0.4219450794511906,0.6931471793295232,0.0,1.0,0.9874055415617129,0.14241448726148806,0.6027734278059841,0.6931471804037768,1.7097363017953555,1.4662908999962383,,6
private_seed_audit,budget_24_rotated_slender,double-loop,1002,2,hard,smooth,connected,high,moment_preserving_perturbation,best-of-k-restart-blind,protocol_b,0.2019323403984365,0.8125,0.05722070844686648,0.2876196167985532,0.260261949387675,0.10096617019921825,0.14272545656482422,0.5466039668493717,0.0,1.0,0.9682539682539683,0.0014908919243428397,0.06846401886183105,0.2047761505354202,0.19853553489487563,0.5526878999953624,0.44166666666666665,1
private_seed_audit,budget_24_rotated_slender,double-loop,1002,2,hard,smooth,connected,high,moment_preserving_perturbation,blind-sa,protocol_b,0.20875888829117045,0.875,0.06582633053221289,0.2750702872016834,0.2614241948379034,0.10437944414558523,0.14400239301519627,0.5015137478065688,0.0,0.0,0.9444444444444444,0.0013049490847810586,0.06148748644166033,0.16737787711617258,0.12725733074318812,0.1796673999997438,0.48333333333333334,1
private_seed_audit,budget_24_rotated_slender,double-loop,1002,2,hard,smooth,connected,high,moment_preserving_perturbation,evolutionary-blind,protocol_b,0.23166041243977936,0.78125,0.07671232876712329,0.317257415399346,0.29021070953396133,0.11583020621988968,0.1577491360707407,0.5701337736185375,0.0,1.0,0.9360655737704918,0.0010759226973389153,0.07610765305398384,0.20491919632269948,0.14888846187753257,0.2334506000042893,,1
private_seed_audit,budget_24_rotated_slender,double-loop,1002,2,hard,smooth,connected,high,moment_preserving_perturbation,projected-gradient-blind,protocol_b,0.8288166526768291,0.0,0.024070021881838075,7.937253933193772,3.7972713802535654,0.41440832633841457,0.6382530162555509,0.6596444651274541,0.0,1.0,0.9775561097256857,0.49246016995165093,0.6125402680416201,0.6644444429014147,2.262094295468119,0.05917510000290349,,1
private_seed_audit,budget_24_rotated_slender,double-loop,1002,2,hard,smooth,connected,high,moment_preserving_perturbation,subset-affine-blind,protocol_b,0.6238121467911624,0.0625,0.040268456375838924,5.567764362830022,0.9065189019108477,0.3119060733955812,0.4903894517975289,0.6674905982735895,0.0,1.0,0.9646464646464646,0.30775402695316834,0.6006534738895141,0.682316755707717,1.9658089712852063,1.1579149999961373,,1
private_seed_audit,budget_24_rotated_slender,double-loop,1003,3,hard,smooth,connected,high,structured_dropout,ambiguity-set-sampler,protocol_b,0.24720362841833993,0.53125,0.11498257839721254,2.324970787112462,0.5727135764478014,0.12360181420916996,0.24410081644279352,0.4682059118593792,0.0,3.0,0.93158953722334,0.04719308677364782,0.14637783132082471,0.41281514588621293,0.3935452685316001,1.3885045000060927,,6
private_seed_audit,budget_24_rotated_slender,double-loop,1003,3,hard,smooth,connected,high,structured_dropout,best-of-k-restart-blind,protocol_b,0.5427646262610547,0.09375,0.028622540250447227,0.0,0.8977489078013274,0.27138231313052735,0.4310137422331265,0.6083594399557305,0.0,3.0,0.967948717948718,0.4395484433047185,0.6051110965327987,0.6231284204476224,2.0040853177582725,0.5098465999981272,0.5166666666666667,1
private_seed_audit,budget_24_rotated_slender,double-loop,1003,3,hard,smooth,connected,high,structured_dropout,blind-sa,protocol_b,0.14353732989105986,0.953125,0.2909090909090909,0.4677505421754883,0.17477015785727407,0.07176866494552993,0.10919630295810923,0.3258309401607937,0.0,2.0,0.7926565874730022,0.0017902732014428088,0.08855382615337173,0.07311073727302508,0.01813979330092952,0.17336320000322303,0.5666666666666667,1
private_seed_audit,budget_24_rotated_slender,double-loop,1003,3,hard,smooth,connected,high,structured_dropout,evolutionary-blind,protocol_b,0.13278648721357428,0.984375,0.305,0.46550527425861876,0.17522095688230982,0.06639324360678714,0.10448364768267346,0.3493789389996381,0.0,4.0,0.7541322314049587,0.0021690424263732487,0.07605903634331193,0.05459315999339373,0.07370636201526581,0.23453370000061113,,1
private_seed_audit,budget_24_rotated_slender,double-loop,1003,3,hard,smooth,connected,high,structured_dropout,projected-gradient-blind,protocol_b,0.8100822206105083,0.015625,0.020484171322160148,7.937253933193772,3.5154630409618925,0.40504111030525414,0.6334241711642381,0.6931471794380417,0.0,3.0,0.9797752808988764,0.4967362208304224,0.6333577921744503,0.6233706927655771,2.1977663960365703,0.0566294000018388,,1
private_seed_audit,budget_24_rotated_slender,double-loop,1003,3,hard,smooth,connected,high,structured_dropout,subset-affine-blind,protocol_b,0.5793497265216226,0.046875,0.03853211009174312,7.016378908245447,0.936740507067542,0.2896748632608113,0.4999662664345278,0.6391008532205634,0.0,3.0,0.9625550660792952,0.34064851220623726,0.5862847220391649,0.6127863565054736,1.8194043906742414,0.8657318000041414,,1
private_seed_audit,budget_24_rotated_slender,mean-reversion,1000,0,hard,jagged,connected,high,structured_dropout,ambiguity-set-sampler,protocol_b,0.30947803181336436,0.453125,0.05314685314685315,2.070621740138255,0.6366284098149156,0.15473901590668218,0.31847378917251395,0.6608263166325885,0.0,5.0,0.9511400651465798,0.06719086090883042,0.48587349062299273,0.4224614637081968,0.6730592442685026,1.396264799994242,,6
private_seed_audit,budget_24_rotated_slender,mean-reversion,1000,0,hard,jagged,connected,high,structured_dropout,best-of-k-restart-blind,protocol_b,0.1618087676975822,0.953125,0.2566137566137566,0.32734133240273167,0.22192455659650243,0.0809043838487911,0.09454678718373931,0.38508176594738464,0.0,2.0,0.7939778129952456,0.0007144346442543817,0.07333551766870136,0.07929876569030661,0.12435711534512439,0.49719229999755044,0.7,1
private_seed_audit,budget_24_rotated_slender,mean-reversion,1000,0,hard,jagged,connected,high,structured_dropout,blind-sa,protocol_b,0.17460272622161324,0.890625,0.22894736842105262,0.31943228849735245,0.2194824303799771,0.08730136311080662,0.10865464079864452,0.4400934467970111,0.0,0.0,0.8136363636363636,0.0007076613265591162,0.07548566599789097,0.1430705259250628,0.13645282117242985,0.17432559999724617,0.7,1
private_seed_audit,budget_24_rotated_slender,mean-reversion,1000,0,hard,jagged,connected,high,structured_dropout,evolutionary-blind,protocol_b,0.1739934590066614,0.921875,0.2902338376891334,0.3267896836814823,0.2119927696453409,0.0869967295033307,0.10305804510753469,0.38508176594738486,0.0,5.0,0.7539936102236422,0.0011987364886331525,0.07565325963746056,0.04407044195528553,0.09610387497658968,0.22290549999888754,,1
private_seed_audit,budget_24_rotated_slender,mean-reversion,1000,0,hard,jagged,connected,high,structured_dropout,projected-gradient-blind,protocol_b,0.786352895769691,0.0,0.007575757575757576,0.0,1.3271672022869307,0.3931764478848455,0.6074053818136815,0.6931471794064408,0.0,6.0,0.9932432432432432,0.6347420977466263,0.6231284204206329,0.6231284204094367,2.1236043280222012,0.05675379999593133,,1
private_seed_audit,budget_24_rotated_slender,mean-reversion,1000,0,hard,jagged,connected,high,structured_dropout,subset-affine-blind,protocol_b,0.5962911213147892,0.0625,0.033444816053511704,7.937253933193772,0.9512615629077261,0.2981455606573946,0.4973540167250177,0.6931471793689045,0.0,5.0,0.962962962962963,0.4147893650063159,0.4823624439054115,0.608452391931594,1.746834166796704,0.8923777999953018,,1
private_seed_audit,budget_24_rotated_slender,mean-reversion,1001,1,hard,jagged,connected,high,clustered_occlusion,ambiguity-set-sampler,protocol_b,0.33929632105237983,0.40625,0.03762662807525326,1.8348897088044753,0.7567634073043225,0.16964816052618992,0.3380504528136374,0.6443756861140431,0.0,2.0,0.9597315436241611,0.08326529419411187,0.580204457116579,0.4514538577799671,1.743819745960364,1.4004475000037928,,6
private_seed_audit,budget_24_rotated_slender,mean-reversion,1001,1,hard,jagged,connected,high,clustered_occlusion,best-of-k-restart-blind,protocol_b,0.20857917950852742,0.859375,0.12291169451073986,0.30924056627174445,0.33948160258970206,0.10428958975426371,0.13973195068587818,0.5075770114105614,0.0,2.0,0.914651493598862,0.0013063008441961724,0.08768307553756144,0.06043412607866002,0.15149334913713952,0.5049909000008483,0.7166666666666667,1
private_seed_audit,budget_24_rotated_slender,mean-reversion,1001,1,hard,jagged,connected,high,clustered_occlusion,blind-sa,protocol_b,0.21546894972521108,0.828125,0.12158808933002481,0.40185836059151087,0.40117359554095633,0.10773447486260554,0.1442858315350644,0.49509122167153896,0.0,0.0,0.9062957540263543,0.0010243910277431966,0.04005225155414144,0.04820693478835646,0.06365091435671477,0.17658079999819165,0.725,1
private_seed_audit,budget_24_rotated_slender,mean-reversion,1001,1,hard,jagged,connected,high,clustered_occlusion,evolutionary-blind,protocol_b,0.2245431293114711,0.78125,0.14035087719298245,0.3117060815623605,0.4180378083365474,0.11227156465573555,0.14305922811362332,0.5391036565679306,0.0,4.0,0.9014705882352941,0.00161343354039659,0.07435368134138094,0.036873775985460586,0.06405792544488342,0.22405759999674046,,1
private_seed_audit,budget_24_rotated_slender,mean-reversion,1001,1,hard,jagged,connected,high,clustered_occlusion,projected-gradient-blind,protocol_b,0.714829327668028,0.046875,0.0076045627376425855,0.0,1.3266667197170805,0.357414663834014,0.6012985159346246,0.693147179395394,0.0,3.0,0.9910714285714286,0.6328716408632972,0.6527826865749162,0.6527826865646107,2.2691410654427906,0.05902549999882467,,1
private_seed_audit,budget_24_rotated_slender,mean-reversion,1001,1,hard,jagged,connected,high,clustered_occlusion,subset-affine-blind,protocol_b,0.6201784181208511,0.0625,0.04159733777038269,5.567764362830021,1.0385530446015279,0.31008920906042553,0.5254916874265442,0.693147179345587,0.0,2.0,0.9580952380952381,0.40783745842257413,0.5556396149269875,0.6267392567589916,1.9949751501219084,0.9018982999987202,,1
private_seed_audit,budget_24_rotated_slender,mean-reversion,1002,2,hard,jagged,connected,high,none,ambiguity-set-sampler,protocol_b,0.34807918572886803,0.375,0.0621301775147929,2.0460397297583075,0.7520012635320985,0.17403959286443402,0.3525276794159649,0.6318291888301728,0.0,3.0,0.9439728353140917,0.08473408622591047,0.3084048398669763,0.42368439262597457,0.3146261142222313,1.4349752000052831,,6
private_seed_audit,budget_24_rotated_slender,mean-reversion,1002,2,hard,jagged,connected,high,none,best-of-k-restart-blind,protocol_b,0.15914135738697993,0.90625,0.2050955414012739,0.3163751428684607,0.2206077910627006,0.07957067869348997,0.09507304622051298,0.44208165825161416,0.0,1.0,0.8395245170876672,0.0006355031342949664,0.05399359655335652,0.04594794770440569,0.10030191611796058,0.5301968999992823,0.5166666666666667,1
private_seed_audit,budget_24_rotated_slender,mean-reversion,1002,2,hard,jagged,connected,high,none,blind-sa,protocol_b,0.1653538703390053,0.828125,0.23553719008264462,0.3796392273429718,0.2292352563721399,0.08267693516950265,0.10580351860347738,0.40475165605311336,0.0,1.0,0.8126984126984127,0.000789578720158525,0.03272615188511664,0.047158909415854655,0.04374516857715216,0.1800615000029211,0.5333333333333333,1
private_seed_audit,budget_24_rotated_slender,mean-reversion,1002,2,hard,jagged,connected,high,none,evolutionary-blind,protocol_b,0.1989069666102149,0.859375,0.2729693741677763,0.28033263111964946,0.22660514163468962,0.09945348330510745,0.12038221196319177,0.3984180894789824,0.0,1.0,0.7791411042944785,0.0009619542911076292,0.04234831930649413,0.0526855821068435,0.005792874108933255,0.235788699996192,,1
private_seed_audit,budget_24_rotated_slender,mean-reversion,1002,2,hard,jagged,connected,high,none,projected-gradient-blind,protocol_b,0.7110804526996448,0.03125,0.009505703422053232,0.0,1.3936145485657936,0.3555402263498224,0.613755121872908,0.693147179395394,0.0,4.0,0.9888143176733781,0.6356826457858724,0.6231284204086178,0.6527826865525175,2.239205881459387,0.057737299997825176,,1
private_seed_audit,budget_24_rotated_slender,mean-reversion,1002,2,hard,jagged,connected,high,none,subset-affine-blind,protocol_b,0.5527202454936585,0.0625,0.03454231433506045,5.806563084388226,0.9025613447232905,0.27636012274682925,0.4985362641046256,0.6931471793333999,0.0,3.0,0.9640718562874252,0.4476177833882192,0.5541822353189677,0.6267392567468983,1.6450758587687104,1.161251399993489,,1
private_seed_audit,budget_24_rotated_slender,mean-reversion,1003,3,hard,jagged,connected,high,moment_preserving_perturbation,ambiguity-set-sampler,protocol_b,0.3074524349690472,0.453125,0.04564315352697095,1.5067645128416884,0.6419185429091455,0.1537262174845236,0.3073165422288529,0.635001923871972,0.0,4.0,0.9590163934426229,0.06390108386315699,0.6033232562695927,0.3372684522988424,1.4923987376010275,1.4621507999981986,,6
private_seed_audit,budget_24_rotated_slender,mean-reversion,1003,3,hard,jagged,connected,high,moment_preserving_perturbation,best-of-k-restart-blind,protocol_b,0.21509916652755665,0.875,0.16467780429594273,0.30748320242944727,0.2225117974336285,0.10754958326377832,0.13329509059716982,0.5631820826800988,0.0,2.0,0.8695652173913043,0.0006139267019590012,0.05986990147522632,0.07163149921560442,0.0934108890349421,0.529734699994151,0.7083333333333334,1
private_seed_audit,budget_24_rotated_slender,mean-reversion,1003,3,hard,jagged,connected,high,moment_preserving_perturbation,blind-sa,protocol_b,0.21509916652755665,0.875,0.16467780429594273,0.30748320242944727,0.2225117974336285,0.10754958326377832,0.13329509059716982,0.5631820826800988,0.0,2.0,0.8695652173913043,0.0006139267019590012,0.05986990147522632,0.07163149921560442,0.0934108890349421,0.18320470000617206,0.7583333333333333,1
private_seed_audit,budget_24_rotated_slender,mean-reversion,1003,3,hard,jagged,connected,high,moment_preserving_perturbation,evolutionary-blind,protocol_b,0.2219862847676735,0.84375,0.17401668653158522,0.29406521472596625,0.20193074057350205,0.11099314238383674,0.13579695407664555,0.5415212333462489,0.0,3.0,0.8604992657856094,0.0006253251709070805,0.04095440861092438,0.07666749484502786,0.07245327608149443,0.23434280000219587,,1
private_seed_audit,budget_24_rotated_slender,mean-reversion,1003,3,hard,jagged,connected,high,moment_preserving_perturbation,projected-gradient-blind,protocol_b,0.7467487687856912,0.046875,0.02576489533011272,7.937253933193774,3.4551139501376684,0.3733743843928456,0.6372167866191408,0.6931471793827266,0.0,4.0,0.9715909090909091,0.5115383073966974,0.6125402680544874,0.5941467354022882,2.0330002750791416,0.056953300001623575,,1
private_seed_audit,budget_24_rotated_slender,mean-reversion,1003,3,hard,jagged,connected,high,moment_preserving_perturbation,subset-affine-blind,protocol_b,0.5643087002308135,0.09375,0.022764227642276424,4.683086074533033,0.9081961443705184,0.28215435011540674,0.4876302915008997,0.669483984318048,0.0,4.0,0.9752851711026616,0.25626557335547284,0.5974450281722914,0.5721925107657961,1.480642281406378,1.2153906999956234,,1
private_seed_audit,budget_24_rotated_slender,multi-hole,1000,0,hard,smooth,connected,high,structured_dropout,ambiguity-set-sampler,protocol_b,0.2917116385951488,0.4375,0.08513341804320203,1.5190622745992617,0.38913415244302296,0.1458558192975744,0.26982142610714854,0.6110201788444567,0.0,2.0,0.925561797752809,0.048345982168263885,0.1932237839666931,0.34946971582692177,0.11609433893670573,1.4191609999979846,,6
private_seed_audit,budget_24_rotated_slender,multi-hole,1000,0,hard,smooth,connected,high,structured_dropout,best-of-k-restart-blind,protocol_b,0.10509782417557442,0.984375,0.24393203883495146,0.3786805703320948,0.1393811112259405,0.05254891208778721,0.07455499787755285,0.26819177926033555,0.0,0.0,0.7917241379310345,0.0007035734379226741,0.1399517152822604,0.026951878350996397,0.1353803348035898,0.5139877000037814,0.48333333333333334,1
private_seed_audit,budget_24_rotated_slender,multi-hole,1000,0,hard,smooth,connected,high,structured_dropout,blind-sa,protocol_b,0.12077648206870208,0.984375,0.2459016393442623,0.40568512905621285,0.21933137849300993,0.06038824103435104,0.08660624973789864,0.16918435342266674,0.0,2.0,0.786723163841808,0.001254678086841255,0.08827149488094757,0.04237143462271448,0.16871174119127375,0.17691219999687746,0.6666666666666666,1
private_seed_audit,budget_24_rotated_slender,multi-hole,1000,0,hard,smooth,connected,high,structured_dropout,evolutionary-blind,protocol_b,0.0901663086861674,1.0,0.20265379975874548,0.3615086003078977,0.13728753615862527,0.0450831543430837,0.058716382784331854,0.20509321728624805,0.0,0.0,0.8353253652058433,0.0008120439246049685,0.12585009241127784,0.07786738273012384,0.19233083388009575,0.23802989999967394,,1
private_seed_audit,budget_24_rotated_slender,multi-hole,1000,0,hard,smooth,connected,high,structured_dropout,projected-gradient-blind,protocol_b,0.47983789245747765,0.09375,0.056296296296296296,3.3189633027600935,0.6527121348591202,0.23991894622873883,0.4291870671768066,0.6236835199593769,0.0,0.0,0.9408866995073891,0.1431141158830562,0.5975133073706524,0.5026138257370277,1.5275031974314188,0.057250899997598026,,1
private_seed_audit,budget_24_rotated_slender,multi-hole,1000,0,hard,smooth,connected,high,structured_dropout,subset-affine-blind,protocol_b,0.6083620283194634,0.078125,0.045307443365695796,4.597291539223689,0.8080093347296154,0.3041810141597317,0.43898711462964546,0.6721374686597736,0.0,0.0,0.9554367201426025,0.19989705743140104,0.6017807465835412,0.6352204855364074,1.4826386514542473,0.8850322999933269,,1
private_seed_audit,budget_24_rotated_slender,multi-hole,1001,1,hard,smooth,connected,high,clustered_occlusion,ambiguity-set-sampler,protocol_b,0.2961317562489043,0.28125,0.0951188986232791,1.808543469003903,0.4125759659310208,0.14806587812445215,0.28005814209039087,0.5636310295805159,0.0,2.0,0.9220246238030095,0.05635261588659711,0.498524423272273,0.28541771609666355,1.9282395293281875,1.3988294000009773,,6
private_seed_audit,budget_24_rotated_slender,multi-hole,1001,1,hard,smooth,connected,high,clustered_occlusion,best-of-k-restart-blind,protocol_b,0.20794923798998483,0.53125,0.2187120291616039,0.4755387681920329,0.3484652661160595,0.10397461899499241,0.16078291803500874,0.27722667522697675,0.0,1.0,0.8240866035182679,0.0028746394300041608,0.15153069424883975,0.06505509165449896,0.10783612027134426,0.5087129999956232,0.7583333333333333,1
private_seed_audit,budget_24_rotated_slender,multi-hole,1001,1,hard,smooth,connected,high,clustered_occlusion,blind-sa,protocol_b,0.20794923798998483,0.53125,0.2187120291616039,0.4755387681920329,0.3484652661160595,0.10397461899499241,0.16078291803500874,0.27722667522697675,0.0,1.0,0.8240866035182679,0.0028746394300041608,0.15153069424883975,0.06505509165449896,0.10783612027134426,0.17143819999910193,0.6333333333333333,1
private_seed_audit,budget_24_rotated_slender,multi-hole,1001,1,hard,smooth,connected,high,clustered_occlusion,evolutionary-blind,protocol_b,0.18954385490013045,0.6875,0.2032828282828283,0.39154708338983507,0.3529216339464273,0.09477192745006523,0.15517328202822356,0.29383030118263265,0.0,0.0,0.8282967032967032,0.002668619186126251,0.09848825203235895,0.08819219772236653,0.09134091263189115,0.2236849999972037,,1
private_seed_audit,budget_24_rotated_slender,multi-hole,1001,1,hard,smooth,connected,high,clustered_occlusion,projected-gradient-blind,protocol_b,0.5756510552228139,0.09375,0.028208744710860368,1.6666757131380086,0.9111925325906156,0.28782552761140695,0.4334046493151308,0.6262364723150334,0.0,0.0,0.9738863287250384,0.17493045676916977,0.5005317528961635,0.4205723211972182,1.680748415355865,0.060277999997197185,,1
private_seed_audit,budget_24_rotated_slender,multi-hole,1001,1,hard,smooth,connected,high,clustered_occlusion,subset-affine-blind,protocol_b,0.5922465572626131,0.046875,0.03074670571010249,4.368291272378893,0.8759444451812557,0.29612327863130655,0.4158493210398978,0.651888517997085,0.0,0.0,0.9712918660287081,0.1827965336796893,0.5051320172862617,0.5530653910840067,1.6689795828166578,0.8935452000005171,,1
private_seed_audit,budget_24_rotated_slender,multi-hole,1002,2,hard,smooth,connected,high,none,ambiguity-set-sampler,protocol_b,0.32758414937729574,0.4375,0.08960573476702509,1.1678717744615938,0.4400189361018569,0.16379207468864787,0.3201529300294214,0.6119444939680738,0.0,1.0,0.9224598930481284,0.05078357322744037,0.25003414796526546,0.2793002324864612,0.45872724756833216,1.5246177000008174,,6
private_seed_audit,budget_24_rotated_slender,multi-hole,1002,2,hard,smooth,connected,high,none,best-of-k-restart-blind,protocol_b,0.15745427307021606,0.90625,0.21797520661157024,0.36629384852437147,0.20900236540944958,0.07872713653510803,0.11397028907781119,0.2815910413400494,0.0,1.0,0.8172293364377183,0.001633106898476767,0.07779124274772954,0.04499311200952663,0.09764105921266086,0.5313680999970529,0.4583333333333333,1
private_seed_audit,budget_24_rotated_slender,multi-hole,1002,2,hard,smooth,connected,high,none,blind-sa,protocol_b,0.12372923063279749,0.9375,0.25254813137032844,0.4507206944032356,0.18676337678135219,0.061864615316398745,0.10414449603647474,0.26466372262848537,0.0,3.0,0.8142681426814268,0.0020848992385041655,0.057354218443972774,0.05486032688088634,0.04207040075116186,0.1816155000051367,0.375,1
private_seed_audit,budget_24_rotated_slender,multi-hole,1002,2,hard,smooth,connected,high,none,evolutionary-blind,protocol_b,0.10942934070882344,1.0,0.21248630887185105,0.3316971056321376,0.13975681028401413,0.05471467035441172,0.09576258055043968,0.19101613780898252,0.0,0.0,0.8375757575757576,0.0012399748322241915,0.05609258176284243,0.07620004519731463,0.04255290620133145,0.23536310000054073,,1
private_seed_audit,budget_24_rotated_slender,multi-hole,1002,2,hard,smooth,connected,high,none,projected-gradient-blind,protocol_b,0.6718662893851945,0.078125,0.031088082901554404,1.7600692933736508,0.9165333614978487,0.3359331446925973,0.5013296957376402,0.6300508561495588,0.0,0.0,0.9696969696969697,0.21732243837906332,0.5744573016029979,0.4460848044344061,1.6372449717622855,0.06290199999784818,,1
private_seed_audit,budget_24_rotated_slender,multi-hole,1002,2,hard,smooth,connected,high,none,subset-affine-blind,protocol_b,0.6256884501570403,0.078125,0.027434842249657063,5.163108151798088,0.8235371960285758,0.31284422507852017,0.4901907569344004,0.672662821845267,0.0,0.0,0.9723502304147466,0.23244435156776058,0.5769003254552301,0.5962546682490137,1.5566919807932746,1.1666999999943073,,1
private_seed_audit,budget_24_rotated_slender,multi-hole,1003,3,hard,smooth,connected,high,moment_preserving_perturbation,ambiguity-set-sampler,protocol_b,0.30648570339010434,0.34375,0.075,1.4074120145990072,0.34418237559369813,0.15324285169505217,0.25238269696124355,0.5604089014285601,0.0,0.0,0.9361069836552749,0.036093823720611894,0.5824225030973385,0.3316560517564646,1.9409625558280825,1.4606271000011475,,6
private_seed_audit,budget_24_rotated_slender,multi-hole,1003,3,hard,smooth,connected,high,moment_preserving_perturbation,best-of-k-restart-blind,protocol_b,0.5667531461235197,0.078125,0.05909090909090909,0.0,0.9126813485188706,0.28337657306175984,0.42388359893921546,0.6221772254453671,0.0,0.0,0.9490662139219015,0.2019428313620128,0.5748227142257074,0.5974436546129629,1.7243448158174073,0.5315949999931036,0.7416666666666667,1
private_seed_audit,budget_24_rotated_slender,multi-hole,1003,3,hard,smooth,connected,high,moment_preserving_perturbation,blind-sa,protocol_b,0.22911807427307923,0.640625,0.09592061742006615,0.25900020481257247,0.3919122370849676,0.11455903713653962,0.16143362601118372,0.5822258238458825,0.0,1.0,0.9180977542932629,0.004644637814144457,0.21561718913985245,0.10406266945815394,0.21150424777088617,0.17844630000035977,0.7083333333333334,1
private_seed_audit,budget_24_rotated_slender,multi-hole,1003,3,hard,smooth,connected,high,moment_preserving_perturbation,evolutionary-blind,protocol_b,0.22767879782009398,0.578125,0.10154525386313466,0.24235251180816578,0.31217997845776985,0.11383939891004699,0.15668682744468612,0.5600415528717864,0.0,5.0,0.9299363057324841,0.00380367499939641,0.136909859507481,0.06902791912747437,0.24860826644124057,0.23128349999751663,,1
private_seed_audit,budget_24_rotated_slender,multi-hole,1003,3,hard,smooth,connected,high,moment_preserving_perturbation,projected-gradient-blind,protocol_b,0.6155202329654389,0.03125,0.04017857142857143,5.9958327735794645,0.9764004200376739,0.30776011648271945,0.48031123482765575,0.6197692012238801,0.0,0.0,0.9614093959731543,0.3366379566955724,0.5748227142257074,0.5511331152390588,1.7243448158174073,0.057771100000536535,,1
private_seed_audit,budget_24_rotated_slender,multi-hole,1003,3,hard,smooth,connected,high,moment_preserving_perturbation,subset-affine-blind,protocol_b,0.6096808001215067,0.046875,0.04574132492113565,3.6850024099873946,0.8714171673790269,0.30484040006075336,0.44174942882057583,0.6702114067369926,0.0,0.0,0.9553571428571429,0.20306024594763658,0.5784894842037023,0.5081486956492396,1.8374742536478927,1.1415587999945274,,1
private_seed_audit,budget_24_rotated_slender,nested-rings,1000,0,hard,smooth,connected,high,none,ambiguity-set-sampler,protocol_b,0.29527253299845124,0.375,0.10662177328843996,1.4940675901409806,0.36846411041928856,0.14763626649922562,0.2558364071220538,0.5958806180858878,0.0,2.0,0.913151364764268,0.04109401372864721,0.09119564742720565,0.2963031434009748,0.006519853810467602,1.440388000002713,,6
private_seed_audit,budget_24_rotated_slender,nested-rings,1000,0,hard,smooth,connected,high,none,best-of-k-restart-blind,protocol_b,0.1097485590384546,0.984375,0.21290944123314065,0.3904574156044272,0.13501839876784583,0.0548742795192273,0.08282593313612259,0.27946483993838744,0.0,2.0,0.8188720173535792,0.0012577544354317916,0.10194002949196167,0.04240528867738274,0.022364085853891602,0.5318580000021029,0.8333333333333334,1
private_seed_audit,budget_24_rotated_slender,nested-rings,1000,0,hard,smooth,connected,high,none,blind-sa,protocol_b,0.1097485590384546,0.984375,0.21290944123314065,0.3904574156044272,0.13501839876784583,0.0548742795192273,0.08282593313612259,0.27946483993838744,0.0,2.0,0.8188720173535792,0.0012577544354317916,0.10194002949196167,0.04240528867738274,0.022364085853891602,0.17825949999678414,0.6833333333333333,1
private_seed_audit,budget_24_rotated_slender,nested-rings,1000,0,hard,smooth,connected,high,none,evolutionary-blind,protocol_b,0.11165614254789248,0.96875,0.1758130081300813,0.37932649714796896,0.14631902046754322,0.05582807127394624,0.08168654228034193,0.2459230286852236,0.0,2.0,0.846938775510204,0.00030788065157190164,0.0802474964316913,0.05399521517546978,0.0331414173919673,0.22709240000403952,,1
private_seed_audit,budget_24_rotated_slender,nested-rings,1000,0,hard,smooth,connected,high,none,projected-gradient-blind,protocol_b,0.6254994558862477,0.109375,0.03324808184143223,2.1284780605440385,0.8879364261449851,0.31274972794312383,0.43957387843596274,0.6272640723086507,0.0,2.0,0.9673295454545454,0.21511948569119269,0.44935262262186326,0.5675898947220681,1.8525470794696732,0.06208599999808939,,1
private_seed_audit,budget_24_rotated_slender,nested-rings,1000,0,hard,smooth,connected,high,none,subset-affine-blind,protocol_b,0.614205060756878,0.0625,0.03956343792633015,3.9617086406051496,0.8177749096564528,0.307102530378439,0.4492750431385484,0.6497762215667685,0.0,2.0,0.9588414634146342,0.32054108496878814,0.45214639546009494,0.6411089366315887,1.6375571260301949,1.226585000003979,,1
private_seed_audit,budget_24_rotated_slender,nested-rings,1001,1,hard,smooth,connected,high,moment_preserving_perturbation,ambiguity-set-sampler,protocol_b,0.33837200791282107,0.390625,0.08144796380090498,1.1801787941203725,0.38392013038519357,0.16918600395641054,0.28038776359041345,0.6250528644242614,0.0,2.0,0.9197452229299363,0.04525608697019476,0.14536171645154433,0.29941644621023056,0.23374524962774723,1.444506799998635,,6
private_seed_audit,budget_24_rotated_slender,nested-rings,1001,1,hard,smooth,connected,high,moment_preserving_perturbation,best-of-k-restart-blind,protocol_b,0.226275530990175,0.859375,0.14088669950738916,0.19286629887829904,0.3388641115230253,0.1131377654950875,0.15044438246545608,0.5941192001884197,0.0,1.0,0.8777142857142857,0.005405232953609632,0.0934744766764985,0.15666758451641322,0.14390516944886267,0.5370936000035726,0.5666666666666667,1
private_seed_audit,budget_24_rotated_slender,nested-rings,1001,1,hard,smooth,connected,high,moment_preserving_perturbation,blind-sa,protocol_b,0.226275530990175,0.859375,0.14088669950738916,0.19286629887829904,0.3388641115230253,0.1131377654950875,0.15044438246545608,0.5941192001884197,0.0,1.0,0.8777142857142857,0.005405232953609632,0.0934744766764985,0.15666758451641322,0.14390516944886267,0.19405960000585765,0.39166666666666666,1
private_seed_audit,budget_24_rotated_slender,nested-rings,1001,1,hard,smooth,connected,high,moment_preserving_perturbation,evolutionary-blind,protocol_b,0.2290401703740336,0.734375,0.1670061099796334,0.17318364564629332,0.33133594979496644,0.1145200851870168,0.1461723150403384,0.5831160914643219,0.0,3.0,0.854630715123095,0.0045251445715862645,0.07237873058710978,0.1153529108554677,0.1020885259117863,0.24845420000201557,,1
private_seed_audit,budget_24_rotated_slender,nested-rings,1001,1,hard,smooth,connected,high,moment_preserving_perturbation,projected-gradient-blind,protocol_b,0.6653311544249341,0.0625,0.03964194373401535,4.097491992354256,0.8804041414381092,0.33266557721246703,0.47272572203866897,0.6094914204873437,0.0,2.0,0.9660056657223796,0.24940594969823188,0.5189971715846812,0.5923881960180761,1.7371105144919532,0.05869209999946179,,1
private_seed_audit,budget_24_rotated_slender,nested-rings,1001,1,hard,smooth,connected,high,moment_preserving_perturbation,subset-affine-blind,protocol_b,0.6110898195584307,0.09375,0.051490514905149054,7.937253933193773,0.845757476257945,0.30554490977921533,0.4723043293420439,0.6179149131153867,0.0,2.0,0.9452054794520548,0.2924605637470993,0.5198327290064614,0.633357792198096,1.6381278632094725,1.1378694000013638,,1
private_seed_audit,budget_24_rotated_slender,nested-rings,1002,2,hard,smooth,connected,high,structured_dropout,ambiguity-set-sampler,protocol_b,0.30686141995141686,0.34375,0.09725400457665904,1.160772019117626,0.3554606933929967,0.15343070997570843,0.2585985155584801,0.6155250915479925,0.0,0.0,0.9139240506329114,0.04324674947965054,0.10421695335916106,0.17893997753137442,0.059984659958734365,1.4082658999977866,,6
private_seed_audit,budget_24_rotated_slender,nested-rings,1002,2,hard,smooth,connected,high,structured_dropout,best-of-k-restart-blind,protocol_b,0.11416050980264532,0.96875,0.2508513053348468,0.4011924949129409,0.15678968041594,0.05708025490132266,0.08025785762991668,0.2938872833389778,0.0,0.0,0.7957920792079208,0.00046646680554159384,0.03234208992875762,0.019372654301762292,0.052998575478627075,0.5108297000042512,0.7,1
private_seed_audit,budget_24_rotated_slender,nested-rings,1002,2,hard,smooth,connected,high,structured_dropout,blind-sa,protocol_b,0.11416050980264532,0.96875,0.2508513053348468,0.4011924949129409,0.15678968041594,0.05708025490132266,0.08025785762991668,0.2938872833389778,0.0,0.0,0.7957920792079208,0.00046646680554159384,0.03234208992875762,0.019372654301762292,0.052998575478627075,0.17523220000293804,0.75,1
private_seed_audit,budget_24_rotated_slender,nested-rings,1002,2,hard,smooth,connected,high,structured_dropout,evolutionary-blind,protocol_b,0.11254013614756515,0.96875,0.19873150105708245,0.3349331704632286,0.1491613784684086,0.05627006807378258,0.090093581140989,0.2750584042481321,0.0,0.0,0.8325471698113207,0.0015217192024708243,0.09506065739876002,0.02015579414477172,0.33003540475038173,0.22165400000085356,,1
private_seed_audit,budget_24_rotated_slender,nested-rings,1002,2,hard,smooth,connected,high,structured_dropout,projected-gradient-blind,protocol_b,0.5414312183073742,0.09375,0.04219409282700422,3.6584288524046067,0.8620889784568381,0.2707156091536871,0.4145405241940721,0.6446658853940415,0.0,0.0,0.958139534883721,0.1946010904918164,0.48041702433668243,0.45162076815428587,1.6946254777741976,0.05927040000096895,,1
private_seed_audit,budget_24_rotated_slender,nested-rings,1002,2,hard,smooth,connected,high,structured_dropout,subset-affine-blind,protocol_b,0.5765865896906062,0.0625,0.026392961876832845,3.8123401880601673,0.8747724857772425,0.2882932948453031,0.42352954868702564,0.6553110222071372,0.0,0.0,0.9757281553398058,0.21991915103950618,0.4988658078412438,0.5270011034065714,1.4095291168877524,0.8741781999997329,,1
private_seed_audit,budget_24_rotated_slender,nested-rings,1003,3,hard,smooth,connected,high,clustered_occlusion,ambiguity-set-sampler,protocol_b,0.2883990766140057,0.421875,0.08234019501625135,1.314924469042962,0.4332215118847262,0.14419953830700286,0.23935616246470728,0.596967198075992,0.0,4.0,0.9262394195888755,0.038252248666636735,0.12193596140819503,0.2033902694276842,0.3259533286869516,1.4181202999970992,,6
private_seed_audit,budget_24_rotated_slender,nested-rings,1003,3,hard,smooth,connected,high,clustered_occlusion,best-of-k-restart-blind,protocol_b,0.2551703090359513,0.578125,0.17468619246861924,0.3684002742444597,0.4279171046873676,0.12758515451797564,0.17752932009078548,0.46772931015197317,0.0,1.0,0.8525943396226415,0.002011324204499348,0.12053313185654672,0.04860915139973993,0.0049772816865543135,0.5208026000036625,0.8,1
private_seed_audit,budget_24_rotated_slender,nested-rings,1003,3,hard,smooth,connected,high,clustered_occlusion,blind-sa,protocol_b,0.25937112516711314,0.5,0.17008196721311475,0.4090437937079155,0.4172654563459121,0.12968556258355657,0.1813398584207496,0.4181744694110894,0.0,4.0,0.8487690504103165,0.0016159589979317624,0.05694569973100315,0.03846921621709039,0.015630021447371245,0.17463010000210488,0.6083333333333333,1
private_seed_audit,budget_24_rotated_slender,nested-rings,1003,3,hard,smooth,connected,high,clustered_occlusion,evolutionary-blind,protocol_b,0.2613777108104154,0.546875,0.16390041493775934,0.31218803204658796,0.4099288575682313,0.1306888554052077,0.18242793441072463,0.41817446941108927,0.0,2.0,0.8473372781065089,0.0018002586003212624,0.0980668080541564,0.06002419865285123,0.17062352749815668,0.22567420000268612,,1
private_seed_audit,budget_24_rotated_slender,nested-rings,1003,3,hard,smooth,connected,high,clustered_occlusion,projected-gradient-blind,protocol_b,0.6002864379455637,0.09375,0.032388663967611336,2.3395726903815364,0.931632794261537,0.30014321897278184,0.43879463077416886,0.6421583273121236,0.0,5.0,0.9672131147540983,0.2294733288789404,0.4975839547087607,0.44026037711120714,1.7976353781952208,0.05740249999507796,,1
private_seed_audit,budget_24_rotated_slender,nested-rings,1003,3,hard,smooth,connected,high,clustered_occlusion,subset-affine-blind,protocol_b,0.5997890230274002,0.046875,0.047619047619047616,5.228112799624686,0.9647056697128031,0.2998945115137001,0.4648291020486985,0.626300143162299,0.0,5.0,0.9567233384853169,0.2617827358684922,0.5070883325551596,0.48964334974544155,1.5914667541051655,0.8969584999940707,,1
private_seed_audit,budget_24_rotated_slender,pinwheel,1000,0,hard,jagged,connected,high,none,ambiguity-set-sampler,protocol_b,0.29820358696439836,0.59375,0.09431524547803617,1.271287412085776,0.5789611373910722,0.14910179348219918,0.2648593735669097,0.6396099346301123,0.0,3.0,0.9220588235294118,0.05010001430470774,0.20687724425844703,0.3595357493162762,0.04608354871861575,1.463226299994858,,6
private_seed_audit,budget_24_rotated_slender,pinwheel,1000,0,hard,jagged,connected,high,none,best-of-k-restart-blind,protocol_b,0.17986862922896166,0.984375,0.21287128712871287,0.20099355004595895,0.2236873447317935,0.08993431461448083,0.10501857084535099,0.4223865620100741,0.0,2.0,0.8136826783114992,0.0006843958916809166,0.0409617563705677,0.06735647441193496,0.0944705190797519,0.5373824000052991,0.6166666666666667,1
private_seed_audit,budget_24_rotated_slender,pinwheel,1000,0,hard,jagged,connected,high,none,blind-sa,protocol_b,0.17545212501998256,0.953125,0.1692126909518214,0.2546246304503927,0.23139138488894964,0.08772606250999128,0.10178846792013835,0.4115561373431491,0.0,1.0,0.8598382749326146,0.0008757863070776967,0.038009548953886266,0.04386255663617755,0.04371151949765695,0.17853779999859398,0.425,1
private_seed_audit,budget_24_rotated_slender,pinwheel,1000,0,hard,jagged,connected,high,none,evolutionary-blind,protocol_b,0.17986862922896166,0.984375,0.21287128712871287,0.20099355004595895,0.2236873447317935,0.08993431461448083,0.10501857084535099,0.4223865620100741,0.0,2.0,0.8136826783114992,0.0006843958916809166,0.0409617563705677,0.06735647441193496,0.0944705190797519,0.23048310000012862,,1
private_seed_audit,budget_24_rotated_slender,pinwheel,1000,0,hard,jagged,connected,high,none,projected-gradient-blind,protocol_b,0.47894318404494846,0.25,0.01903367496339678,3.514155287220817,0.7893334320582062,0.23947159202247423,0.4146985339107431,0.6427918760970703,0.0,3.0,0.9832214765100671,0.20008251132033417,0.6033232562576698,0.4713798399473197,1.576478072683527,0.05876729999727104,,1
private_seed_audit,budget_24_rotated_slender,pinwheel,1000,0,hard,jagged,connected,high,none,subset-affine-blind,protocol_b,0.43601084024024334,0.203125,0.03333333333333333,4.411299502982407,0.7766352025554748,0.21800542012012167,0.4245419169725052,0.6715662309179617,0.0,3.0,0.9690909090909091,0.22415662479913345,0.597465995186359,0.5728024228323594,1.576478072683527,1.1590587999962736,,1
private_seed_audit,budget_24_rotated_slender,pinwheel,1001,1,hard,jagged,connected,high,moment_preserving_perturbation,ambiguity-set-sampler,protocol_b,0.33406422085888454,0.484375,0.06424242424242424,1.545700580370251,0.6861462592468238,0.16703211042944227,0.3141200663578405,0.6185556751042658,0.0,4.0,0.938375350140056,0.0732714237087961,0.5995592204062894,0.4260567052513966,1.906313851905033,1.487314600002719,,6
private_seed_audit,budget_24_rotated_slender,pinwheel,1001,1,hard,jagged,connected,high,moment_preserving_perturbation,best-of-k-restart-blind,protocol_b,0.2163076403164075,0.875,0.16858638743455498,0.26169859537561735,0.24804318669603043,0.10815382015820375,0.13597060372779576,0.6281646306816486,0.0,3.0,0.8445273631840796,0.0021848656292603606,0.08836350071200352,0.05081958489742658,0.12249604746001319,0.5710065000021132,0.375,1
private_seed_audit,budget_24_rotated_slender,pinwheel,1001,1,hard,jagged,connected,high,moment_preserving_perturbation,blind-sa,protocol_b,0.2215213595455789,0.890625,0.164021164021164,0.27660110923798864,0.265489410493429,0.11076067977278944,0.1358986263952619,0.6281646306816489,0.0,2.0,0.865265760197775,0.0012330861153487674,0.10161282610946709,0.06657497608730989,0.017638017532838557,0.17668829999456648,0.6416666666666667,1
private_seed_audit,budget_24_rotated_slender,pinwheel,1001,1,hard,jagged,connected,high,moment_preserving_perturbation,evolutionary-blind,protocol_b,0.23675935157873423,0.859375,0.12513144058885384,0.2858216644265516,0.2139169444122715,0.11837967578936712,0.13886135421906018,0.6065037813477989,0.0,2.0,0.8916256157635468,0.0007059245034084418,0.05468825683940612,0.10539529046706986,0.09519749880491135,0.23084080000262475,,1
private_seed_audit,budget_24_rotated_slender,pinwheel,1001,1,hard,jagged,connected,high,moment_preserving_perturbation,projected-gradient-blind,protocol_b,0.5945003242158464,0.109375,0.020134228187919462,7.937253933193772,0.9597448129891125,0.2972501621079232,0.48145406050764017,0.6931471793092321,0.0,4.0,0.9816232771822359,0.3245486759009041,0.6022601131884182,0.6931471803887175,1.6962211721795468,0.09545510000316426,,1
private_seed_audit,budget_24_rotated_slender,pinwheel,1001,1,hard,jagged,connected,high,moment_preserving_perturbation,subset-affine-blind,protocol_b,0.4900586660181757,0.1875,0.021613832853025938,3.313483536312758,0.7639737556200623,0.24502933300908786,0.45734874189269736,0.693147179285288,0.0,4.0,0.9818780889621087,0.2808907062557163,0.6147233380281902,0.6273972454841339,1.9629425639384757,1.153039999997418,,1
private_seed_audit,budget_24_rotated_slender,pinwheel,1002,2,hard,jagged,connected,high,structured_dropout,ambiguity-set-sampler,protocol_b,0.31396606934126065,0.515625,0.06675567423230974,1.4348811057284354,0.5721476213703036,0.15698303467063032,0.2904928303445993,0.6651257719114795,0.0,1.0,0.9489953632148377,0.058904454806286755,0.33119632851083014,0.348717391164588,0.38097197351595846,1.4549962999954005,,6
private_seed_audit,budget_24_rotated_slender,pinwheel,1002,2,hard,jagged,connected,high,structured_dropout,best-of-k-restart-blind,protocol_b,0.19296155430625345,0.9375,0.18492343934040048,0.18802652124042915,0.23691368705013202,0.09648077715312672,0.12322759990243103,0.4115561373431491,0.0,2.0,0.8537604456824512,0.0006728232082510188,0.054417905865284194,0.06897242444083772,0.04203697359713576,0.5251162999993539,0.5,1
private_seed_audit,budget_24_rotated_slender,pinwheel,1002,2,hard,jagged,connected,high,structured_dropout,blind-sa,protocol_b,0.20226025262685163,0.9375,0.1606936416184971,0.2448993547990281,0.23134824282168703,0.10113012631342581,0.12035941924403123,0.47653868534469923,0.0,1.0,0.8801597869507324,0.0010082016189021388,0.053367001520376635,0.05659981513352573,0.014990152392681644,0.1812692999956198,0.44166666666666665,1
private_seed_audit,budget_24_rotated_slender,pinwheel,1002,2,hard,jagged,connected,high,structured_dropout,evolutionary-blind,protocol_b,0.17316496810146473,0.9375,0.1764018691588785,0.18723275189310923,0.20969448558760076,0.08658248405073236,0.10465142798744308,0.4115561373431491,0.0,2.0,0.8591160220994475,0.0012759041454548283,0.11831012737817978,0.040663709558810573,0.050339238663187125,0.22759880000376143,,1
private_seed_audit,budget_24_rotated_slender,pinwheel,1002,2,hard,jagged,connected,high,structured_dropout,projected-gradient-blind,protocol_b,0.46927513532402926,0.21875,0.02346041055718475,4.7308585703001445,0.8087653854464582,0.23463756766201463,0.419145058309265,0.6556855739775436,0.0,2.0,0.9761904761904762,0.190580677430506,0.6242737908033453,0.5799862941679543,1.61892132574667,0.06623889999900712,,1
private_seed_audit,budget_24_rotated_slender,pinwheel,1002,2,hard,jagged,connected,high,structured_dropout,subset-affine-blind,protocol_b,0.46186626147789867,0.25,0.03736920777279522,4.178193632306452,0.7715148952772988,0.23093313073894933,0.40719369141392975,0.6345062703222315,0.0,2.0,0.9618055555555556,0.17240998114412556,0.6233156006768819,0.5423973245411677,1.559117713036106,0.8826965999978711,,1
private_seed_audit,budget_24_rotated_slender,pinwheel,1003,3,hard,jagged,connected,high,clustered_occlusion,ambiguity-set-sampler,protocol_b,0.29489842616625916,0.515625,0.0738255033557047,1.2651073885458426,0.5844176584285973,0.14744921308312958,0.2538556056458257,0.5984107131376146,0.0,0.0,0.9342507645259939,0.03262256557898642,0.23241640070535197,0.30425022015824643,0.43780815761355907,1.4335265999980038,,6
private_seed_audit,budget_24_rotated_slender,pinwheel,1003,3,hard,jagged,connected,high,clustered_occlusion,best-of-k-restart-blind,protocol_b,0.2609912723086781,0.765625,0.1349009900990099,0.26666109765085944,0.3408713147883298,0.13049563615433904,0.17488715986386935,0.5090299593454739,0.0,5.0,0.8698224852071006,0.0014840386433452846,0.0969705285279155,0.08324608740956914,0.09917583274059494,0.5352704000033555,0.7416666666666667,1
private_seed_audit,budget_24_rotated_slender,pinwheel,1003,3,hard,jagged,connected,high,clustered_occlusion,blind-sa,protocol_b,0.2609912723086781,0.765625,0.1349009900990099,0.26666109765085944,0.3408713147883298,0.13049563615433904,0.17488715986386935,0.5090299593454739,0.0,5.0,0.8698224852071006,0.0014840386433452846,0.0969705285279155,0.08324608740956914,0.09917583274059494,0.17541190000338247,0.5333333333333333,1
private_seed_audit,budget_24_rotated_slender,pinwheel,1003,3,hard,jagged,connected,high,clustered_occlusion,evolutionary-blind,protocol_b,0.22883942125113413,0.765625,0.1141439205955335,0.2380654879111936,0.3000050734600608,0.11441971062556706,0.16899616555768124,0.5415212333462491,0.0,2.0,0.903179190751445,0.001021121000800311,0.06821517587396879,0.09052915600845274,0.07092029045511561,0.22841630000039004,,1
private_seed_audit,budget_24_rotated_slender,pinwheel,1003,3,hard,jagged,connected,high,clustered_occlusion,projected-gradient-blind,protocol_b,0.5183579494939191,0.203125,0.014263074484944533,3.000766361699114,0.882092216286435,0.25917897474695956,0.4365675669143819,0.6571272977653894,0.0,0.0,0.9857142857142858,0.20449390597510447,0.570874401810938,0.561953081015764,1.9821799179114383,0.06935779999912484,,1
private_seed_audit,budget_24_rotated_slender,pinwheel,1003,3,hard,jagged,connected,high,clustered_occlusion,subset-affine-blind,protocol_b,0.4824658719637327,0.171875,0.024630541871921183,4.619648164669709,0.781124464108138,0.24123293598186635,0.43105364799748513,0.6736002095915229,0.0,0.0,0.9721706864564007,0.19846430424896916,0.5545798428115494,0.5759394179132564,1.7268326019358515,0.9160474000018439,,1
private_seed_audit,budget_24_rotated_slender,spiral,1000,0,hard,smooth,connected,high,structured_dropout,ambiguity-set-sampler,protocol_b,0.33131433483346423,0.453125,0.07923169267707082,1.5345687624571898,0.5461238677959932,0.16565716741673212,0.2933826301694623,0.5823734365421829,0.0,2.0,0.9457579972183588,0.05332662109970661,0.5995592204066666,0.27045072834499945,1.8213621905885526,1.44953710000118,,6
private_seed_audit,budget_24_rotated_slender,spiral,1000,0,hard,smooth,connected,high,structured_dropout,best-of-k-restart-blind,protocol_b,0.10760040591475382,1.0,0.19444444444444445,0.42533372821139726,0.14356460479929392,0.05380020295737691,0.07599020200337459,0.330044590810071,0.0,3.0,0.8535108958837773,0.0006609507368950573,0.07576940078478794,0.022485993679026102,0.046124738746077476,0.5311683999971137,0.725,1
private_seed_audit,budget_24_rotated_slender,spiral,1000,0,hard,smooth,connected,high,structured_dropout,blind-sa,protocol_b,0.10760040591475382,1.0,0.19444444444444445,0.42533372821139726,0.14356460479929392,0.05380020295737691,0.07599020200337459,0.330044590810071,0.0,3.0,0.8535108958837773,0.0006609507368950573,0.07576940078478794,0.022485993679026102,0.046124738746077476,0.17941419999988284,0.44166666666666665,1
private_seed_audit,budget_24_rotated_slender,spiral,1000,0,hard,smooth,connected,high,structured_dropout,evolutionary-blind,protocol_b,0.10554036432844194,1.0,0.1735966735966736,0.365971590576028,0.1457137224755564,0.05277018216422097,0.07364992959859269,0.30325189067389935,0.0,2.0,0.861244019138756,0.0004329986651347435,0.06911536754309683,0.05453999354298784,0.08846343446902294,0.2263701999982004,,1
private_seed_audit,budget_24_rotated_slender,spiral,1000,0,hard,smooth,connected,high,structured_dropout,projected-gradient-blind,protocol_b,0.5491570082508687,0.078125,0.04048582995951417,5.275408665842458,0.8214560247699979,0.27457850412543433,0.43640127207294316,0.6487349021146127,0.0,3.0,0.9624413145539906,0.14238747102111055,0.6075981211781285,0.5283746181075566,1.729439744365066,0.06301550000353018,,1
private_seed_audit,budget_24_rotated_slender,spiral,1000,0,hard,smooth,connected,high,structured_dropout,subset-affine-blind,protocol_b,0.5916912797784804,0.0625,0.03943661971830986,3.732268586431005,0.9348741814700237,0.2958456398892402,0.45610116508682574,0.6487349021146125,0.0,3.0,0.9578606158833063,0.25118755619672695,0.6027734277952843,0.554804019671564,1.6219182331321444,0.9070089999950142,,1
private_seed_audit,budget_24_rotated_slender,spiral,1001,1,hard,smooth,connected,high,clustered_occlusion,ambiguity-set-sampler,protocol_b,0.3260157641254234,0.375,0.06490384615384616,1.5294093602084435,0.4579978190219302,0.1630078820627117,0.28379889400775377,0.6233044364839294,0.0,1.0,0.9460188933873145,0.044442563863187595,0.3101780612237121,0.28598012739692735,0.0203278793371493,1.4166705000025104,,6
private_seed_audit,budget_24_rotated_slender,spiral,1001,1,hard,smooth,connected,high,clustered_occlusion,best-of-k-restart-blind,protocol_b,0.21980982280792702,0.75,0.1537598204264871,0.5054316643424381,0.41605759706467693,0.10990491140396351,0.15017875061807018,0.45642352876376585,0.0,0.0,0.8649681528662421,0.0018880489063488749,0.07773736664792856,0.056757066050091745,0.23736117923765931,0.5166559999997844,0.65,1
private_seed_audit,budget_24_rotated_slender,spiral,1001,1,hard,smooth,connected,high,clustered_occlusion,blind-sa,protocol_b,0.21597425434363635,0.71875,0.18801410105757932,0.590579736392213,0.3982546478403896,0.10798712717181817,0.1480346915536334,0.46964364660769503,0.0,0.0,0.8656914893617021,0.0014695448668200954,0.08802699860563651,0.062335399428859475,0.1881480239990192,0.180348399997456,0.6166666666666667,1
private_seed_audit,budget_24_rotated_slender,spiral,1001,1,hard,smooth,connected,high,clustered_occlusion,evolutionary-blind,protocol_b,0.2243392993603046,0.703125,0.19388954171562867,0.338279960575927,0.3954365087637896,0.1121696496801523,0.15044023922402835,0.469535103706317,0.0,1.0,0.8373655913978495,0.002185036356277952,0.11008505853177958,0.05245505977901674,0.051852056710403716,0.23251679999521002,,1
private_seed_audit,budget_24_rotated_slender,spiral,1001,1,hard,smooth,connected,high,clustered_occlusion,projected-gradient-blind,protocol_b,0.6271137283632748,0.078125,0.02545968882602546,3.385576186327613,0.9449167149855363,0.3135568641816374,0.47568350474625953,0.6931471792963346,0.0,1.0,0.9745627980922098,0.23031167657409218,0.623616865852208,0.5170535870303077,1.4450308469159503,0.07795720000285655,,1
private_seed_audit,budget_24_rotated_slender,spiral,1001,1,hard,smooth,connected,high,clustered_occlusion,subset-affine-blind,protocol_b,0.64006064584336,0.078125,0.02676056338028169,4.342657306642721,0.9093917604078792,0.32003032292168,0.46712550216509546,0.6931471792844333,0.0,1.0,0.971473851030111,0.2631476775051679,0.6231580694406155,0.5319642517503973,1.4154013030711479,0.9003002000026754,,1
private_seed_audit,budget_24_rotated_slender,spiral,1002,2,hard,smooth,connected,high,none,ambiguity-set-sampler,protocol_b,0.3357898305655758,0.375,0.10012062726176116,1.4594991824236738,0.6099839945397857,0.1678949152827879,0.2886267490105796,0.6375662870422186,0.0,0.0,0.9175824175824175,0.04708822746209607,0.4255427832838682,0.2719642465662001,0.4051541371824743,1.460872499999823,,6
private_seed_audit,budget_24_rotated_slender,spiral,1002,2,hard,smooth,connected,high,none,best-of-k-restart-blind,protocol_b,0.13429895695603178,0.984375,0.1683366733466934,0.4191539916496722,0.1867969212338004,0.06714947847801589,0.09342026967660153,0.30182604744049685,0.0,1.0,0.8641114982578397,0.0004557463186701848,0.051321984704494394,0.03727334279744045,0.22547422300412423,0.5400758999967366,0.6833333333333333,1
private_seed_audit,budget_24_rotated_slender,spiral,1002,2,hard,smooth,connected,high,none,blind-sa,protocol_b,0.14534220166417924,1.0,0.18010471204188483,0.3999637236657847,0.15861905196976545,0.07267110083208962,0.10075136275249066,0.33819884313082493,0.0,5.0,0.8478527607361963,0.0005550525768605989,0.11227560846934106,0.06464719311337458,0.23480818764021238,0.1858462000018335,0.6916666666666667,1
private_seed_audit,budget_24_rotated_slender,spiral,1002,2,hard,smooth,connected,high,none,evolutionary-blind,protocol_b,0.09093368428973231,1.0,0.29411764705882354,0.3597262841414085,0.14707056628864948,0.045466842144866154,0.06179244010738675,0.3018260474404968,0.0,1.0,0.7610966057441253,0.0006811582308751387,0.0951772578069185,0.042558385054750604,0.06703387713803766,0.23986349999904633,,1
private_seed_audit,budget_24_rotated_slender,spiral,1002,2,hard,smooth,connected,high,none,projected-gradient-blind,protocol_b,0.5580298705552853,0.140625,0.038461538461538464,3.0117031585363154,0.9729804341263553,0.27901493527764265,0.44633906842320376,0.6537109633885987,0.0,0.0,0.9618441971383148,0.12414613480593525,0.6231284204310366,0.5082392709497225,1.428782379649108,0.06920930000342196,,1
private_seed_audit,budget_24_rotated_slender,spiral,1002,2,hard,smooth,connected,high,none,subset-affine-blind,protocol_b,0.5883986612157187,0.078125,0.0339943342776204,4.794348828038545,0.9232636810595058,0.29419933060785936,0.4578931237686835,0.6720104696078706,0.0,0.0,0.9655172413793104,0.2330363650460133,0.624273790815711,0.5588130649292429,1.500843185652792,1.1597527999983868,,1
private_seed_audit,budget_24_rotated_slender,spiral,1003,3,hard,smooth,connected,high,moment_preserving_perturbation,ambiguity-set-sampler,protocol_b,0.3266887144370794,0.390625,0.07897934386391252,1.484901245824249,0.5776601381820925,0.1633443572185397,0.26796843621802063,0.6323771905117281,0.0,1.0,0.9253731343283582,0.04642750774400228,0.24378343203671934,0.4060656707994943,0.1572577033980549,1.464513299993996,,6
private_seed_audit,budget_24_rotated_slender,spiral,1003,3,hard,smooth,connected,high,moment_preserving_perturbation,best-of-k-restart-blind,protocol_b,0.23707378537741702,0.8125,0.14450261780104712,0.21555956445067628,0.3319039136708573,0.11853689268870851,0.1473894426532419,0.5501067652920284,0.0,0.0,0.8854041013268998,0.0028421835358073628,0.1519669492702889,0.10887638944977254,0.07183992617930546,0.550120899999456,0.65,1
private_seed_audit,budget_24_rotated_slender,spiral,1003,3,hard,smooth,connected,high,moment_preserving_perturbation,blind-sa,protocol_b,0.23707378537741702,0.8125,0.14450261780104712,0.21555956445067628,0.3319039136708573,0.11853689268870851,0.1473894426532419,0.5501067652920284,0.0,0.0,0.8854041013268998,0.0028421835358073628,0.1519669492702889,0.10887638944977254,0.07183992617930546,0.18683710000186693,0.45,1
private_seed_audit,budget_24_rotated_slender,spiral,1003,3,hard,smooth,connected,high,moment_preserving_perturbation,evolutionary-blind,protocol_b,0.23794639959926664,0.796875,0.15553235908141963,0.21705815184082838,0.3325245530830464,0.11897319979963332,0.14763424776840067,0.5391036565679306,0.0,0.0,0.8762019230769231,0.003090240012643194,0.14593658901426224,0.11030503723568919,0.07456593834648162,0.24259580000216374,,1
private_seed_audit,budget_24_rotated_slender,spiral,1003,3,hard,smooth,connected,high,moment_preserving_perturbation,projected-gradient-blind,protocol_b,0.5702535029964003,0.078125,0.037241379310344824,6.534776017904001,0.8823747288427412,0.28512675149820016,0.4425178760813818,0.6689599766797725,0.0,1.0,0.9632465543644717,0.14474074668212764,0.6242737907925954,0.6333340938013123,1.6003003051053581,0.06695240000408376,,1
private_seed_audit,budget_24_rotated_slender,spiral,1003,3,hard,smooth,connected,high,moment_preserving_perturbation,subset-affine-blind,protocol_b,0.520444387713043,0.09375,0.045133991537376586,6.649261319879097,0.9092494625078267,0.2602221938565215,0.42770674744475246,0.6447727740282112,0.0,1.0,0.9528301886792453,0.24846240949361673,0.6273526577887383,0.6647437824232041,1.7625398372211434,1.1547108000013395,,1
private_seed_audit,budget_24_rotated_slender,volatility-clustering,1000,0,hard,jagged,connected,high,moment_preserving_perturbation,ambiguity-set-sampler,protocol_b,0.3419692986453233,0.390625,0.07631578947368421,1.8187074773681955,0.9060861348945755,0.17098464932266166,0.3718259139147545,0.6443756861140432,0.0,3.0,0.925,0.10370530107690462,0.574725108664329,0.44420246637784355,1.7524296031992093,1.468188500002725,,6
private_seed_audit,budget_24_rotated_slender,volatility-clustering,1000,0,hard,jagged,connected,high,moment_preserving_perturbation,best-of-k-restart-blind,protocol_b,0.24065493292115608,0.78125,0.16059225512528474,0.40873032876273246,0.3820047626095067,0.12032746646057804,0.15050914278224342,0.6065037813477989,0.0,1.0,0.8753424657534247,0.001050341075662297,0.03930070346326871,0.061488073864093135,0.008658658601040425,0.5451691999987816,0.9083333333333333,1
private_seed_audit,budget_24_rotated_slender,volatility-clustering,1000,0,hard,jagged,connected,high,moment_preserving_perturbation,blind-sa,protocol_b,0.21268039770152758,0.828125,0.14827201783723523,0.46176451760650433,0.3917688999429664,0.10634019885076379,0.13832197185380546,0.5403246879900352,0.0,5.0,0.8785425101214575,0.0008616835017457101,0.036242702546841386,0.05124470869729009,0.13240624602742201,0.18455370000447147,0.09166666666666666,1
private_seed_audit,budget_24_rotated_slender,volatility-clustering,1000,0,hard,jagged,connected,high,moment_preserving_perturbation,evolutionary-blind,protocol_b,0.2423279908918414,0.765625,0.15100671140939598,0.4119586042509047,0.37801381720752125,0.1211639954459207,0.1511537670171146,0.5740125073470239,0.0,0.0,0.8881401617250674,0.0008753343171623092,0.0368458455817725,0.061460013440174766,0.06272797066518843,0.2358195999986492,,1
private_seed_audit,budget_24_rotated_slender,volatility-clustering,1000,0,hard,jagged,connected,high,moment_preserving_perturbation,projected-gradient-blind,protocol_b,0.7100166671884158,0.078125,0.00865051903114187,0.0,1.3950555008560905,0.3550083335942079,0.6065589824038301,0.693147179395394,0.0,5.0,0.989451476793249,0.6301545647798324,0.5974436545999218,0.6931471803892474,2.3852724339145572,0.0649316999988514,,1
private_seed_audit,budget_24_rotated_slender,volatility-clustering,1000,0,hard,jagged,connected,high,moment_preserving_perturbation,subset-affine-blind,protocol_b,0.4930499892241941,0.15625,0.04029850746268657,3.9266470401486746,1.0737773262766868,0.24652499461209704,0.5114227118268073,0.6244601904261,0.0,4.0,0.9610619469026549,0.25857739424894105,0.5791322153177579,0.6382276701805281,1.694079651946892,1.1557804999974906,,1
private_seed_audit,budget_24_rotated_slender,volatility-clustering,1001,1,hard,jagged,connected,high,structured_dropout,ambiguity-set-sampler,protocol_b,0.34267353357744235,0.53125,0.04619565217391304,1.8127482038032328,1.0022336991959486,0.17133676678872117,0.36164735115685215,0.6309578942281973,0.0,1.0,0.9571428571428572,0.07912276654396233,0.5353739304881484,0.4089965730037403,1.7050704425836976,1.443129700004647,,6
private_seed_audit,budget_24_rotated_slender,volatility-clustering,1001,1,hard,jagged,connected,high,structured_dropout,best-of-k-restart-blind,protocol_b,0.5761007110026299,0.125,0.00927357032457496,0.0,1.1800249006501151,0.28805035550131497,0.5171948274753588,0.6686199226201103,0.0,1.0,0.9909584086799277,0.29515242947434694,0.5370162731908812,0.6231284204222114,1.7403687973026079,0.5253847999993013,0.65,1
private_seed_audit,budget_24_rotated_slender,volatility-clustering,1001,1,hard,jagged,connected,high,structured_dropout,blind-sa,protocol_b,0.23503393771819353,0.890625,0.18463611859838275,0.6018828455978593,0.4082237835636036,0.11751696885909677,0.15186379947954676,0.43321698667699904,0.0,3.0,0.8651315789473684,0.0006937396288048561,0.0477952958690475,0.09007193593578314,0.09689153692526675,0.17791530000249622,0.35,1
private_seed_audit,budget_24_rotated_slender,volatility-clustering,1001,1,hard,jagged,connected,high,structured_dropout,evolutionary-blind,protocol_b,0.23944407176512492,0.859375,0.21515561569688768,0.5919066422459951,0.4221583400720719,0.11972203588256246,0.14961289117294307,0.4440474113439243,0.0,3.0,0.8411669367909238,0.0005297494449584151,0.0355096189556351,0.056571924454384304,0.12702268487540014,0.2296767000007094,,1
private_seed_audit,budget_24_rotated_slender,volatility-clustering,1001,1,hard,jagged,connected,high,structured_dropout,projected-gradient-blind,protocol_b,0.7956410309710381,0.046875,0.027777777777777776,7.937253933193773,2.3849832907583264,0.39782051548551906,0.6421743384163916,0.693147179382727,0.0,1.0,0.9734151329243353,0.5401614578116812,0.5802313294252555,0.5964798193527732,2.2680771585255393,0.06507369999599177,,1
private_seed_audit,budget_24_rotated_slender,volatility-clustering,1001,1,hard,jagged,connected,high,structured_dropout,subset-affine-blind,protocol_b,0.6106552539752573,0.09375,0.033816425120772944,5.5677643628300215,1.3148236933951722,0.30532762698762866,0.5506483025125914,0.693147179345587,0.0,1.0,0.9640831758034026,0.38096302979655294,0.5718810699261898,0.5943928238389273,2.209501197140185,0.8537099000022863,,1
private_seed_audit,budget_24_rotated_slender,volatility-clustering,1002,2,hard,jagged,connected,high,clustered_occlusion,ambiguity-set-sampler,protocol_b,0.33990071672689154,0.484375,0.04122137404580153,2.462775044185907,1.063348636932453,0.16995035836344577,0.343643798340941,0.6248739156616536,0.0,3.0,0.9609665427509294,0.0623141216502771,0.5834987716920084,0.49214465614056885,1.840763971840933,1.4098222000029637,,6
private_seed_audit,budget_24_rotated_slender,volatility-clustering,1002,2,hard,jagged,connected,high,clustered_occlusion,best-of-k-restart-blind,protocol_b,0.5440679648472934,0.140625,0.02768729641693811,0.0,1.3213890848992214,0.2720339824236467,0.5016180213040025,0.6664862512686591,0.0,3.0,0.9682539682539683,0.2918897683645634,0.5860867912794219,0.6527826865758641,1.8973926838743755,0.5224910999968415,0.85,1
private_seed_audit,budget_24_rotated_slender,volatility-clustering,1002,2,hard,jagged,connected,high,clustered_occlusion,blind-sa,protocol_b,0.17933697547215985,0.875,0.25644699140401145,0.5721320662927735,0.24048835722842127,0.08966848773607992,0.11721639480766861,0.4180694606028537,0.0,1.0,0.7969018932874354,0.0011971324408049087,0.03475807721047981,0.055046608303311054,0.03823206111371791,0.1756636999998591,0.85,1
private_seed_audit,budget_24_rotated_slender,volatility-clustering,1002,2,hard,jagged,connected,high,clustered_occlusion,evolutionary-blind,protocol_b,0.19242111546242466,0.921875,0.26367461430575034,0.552022613352433,0.2757042894444012,0.09621055773121233,0.1197522587555876,0.31904148208597327,0.0,0.0,0.8218487394957983,0.0014068140303943474,0.0610734513553106,0.04928686237415886,0.029745817865565183,0.22610529999656137,,1
private_seed_audit,budget_24_rotated_slender,volatility-clustering,1002,2,hard,jagged,connected,high,clustered_occlusion,projected-gradient-blind,protocol_b,0.5207194465715291,0.125,0.043689320388349516,5.5679930763138845,1.2063827679754897,0.26035972328576457,0.4935165211078545,0.6931471793092318,0.0,3.0,0.9549902152641878,0.29902180819553437,0.5805988460307243,0.6122824277974277,1.7694586510846393,0.059007200004998595,,1
private_seed_audit,budget_24_rotated_slender,volatility-clustering,1002,2,hard,jagged,connected,high,clustered_occlusion,subset-affine-blind,protocol_b,0.6160186074158526,0.09375,0.031932773109243695,5.596185116996063,1.3096282809420567,0.3080093037079263,0.5769944488030823,0.6931471793578577,0.0,3.0,0.9693877551020408,0.5046441705889354,0.6019559317593652,0.6185635045358264,2.135102046671934,0.900242800002161,,1
private_seed_audit,budget_24_rotated_slender,volatility-clustering,1003,3,hard,jagged,connected,high,none,ambiguity-set-sampler,protocol_b,0.35693131555977076,0.4375,0.041237113402061855,1.673935262448466,1.042161945858093,0.17846565777988538,0.3557250465741416,0.6458611235157973,0.0,8.0,0.9572784810126582,0.06630526456019795,0.5802044570930878,0.4146870800182949,1.7985844958667832,1.4823193999982323,,6
private_seed_audit,budget_24_rotated_slender,volatility-clustering,1003,3,hard,jagged,connected,high,none,best-of-k-restart-blind,protocol_b,0.5776567886676128,0.09375,0.010494752623688156,0.0,1.29299747410586,0.2888283943338064,0.5111198838330075,0.693147179354449,0.0,8.0,0.9888888888888889,0.22231732938586585,0.5614590299275808,0.6527826865651731,1.6327130333815445,0.545745800001896,0.8333333333333334,1
private_seed_audit,budget_24_rotated_slender,volatility-clustering,1003,3,hard,jagged,connected,high,none,blind-sa,protocol_b,0.13413541153808856,0.859375,0.36416184971098264,0.7105618878517631,0.2752025718337748,0.06706770576904428,0.08467701732965527,0.26828423618733255,0.0,1.0,0.7160493827160495,0.0010541323927573494,0.03739690466474181,0.05117246622269615,0.1033660753088328,0.1901027999992948,0.5833333333333334,1
private_seed_audit,budget_24_rotated_slender,volatility-clustering,1003,3,hard,jagged,connected,high,none,evolutionary-blind,protocol_b,0.15599395415617193,0.890625,0.2849083215796897,0.608003390753032,0.18499285806136073,0.07799697707808596,0.09951840691335642,0.35772906619577016,0.0,3.0,0.779109589041096,0.0006324675160268441,0.030700898901340798,0.06556728557867524,0.13511579946613939,0.23976730000140378,,1
private_seed_audit,budget_24_rotated_slender,volatility-clustering,1003,3,hard,jagged,connected,high,none,projected-gradient-blind,protocol_b,0.6328252167509678,0.046875,0.03265940902021773,5.2829585367436405,1.1613583498160804,0.3164126083754839,0.5416122056209878,0.6677839511456309,0.0,8.0,0.9674329501915708,0.3270465638331044,0.5541748920369887,0.6187762287559864,1.7028194408285113,0.06195149999985006,,1
private_seed_audit,budget_24_rotated_slender,volatility-clustering,1003,3,hard,jagged,connected,high,none,subset-affine-blind,protocol_b,0.7195357037470382,0.015625,0.017964071856287425,5.567764362830022,1.6412781378696215,0.3597678518735191,0.5738945722521889,0.6931471793787514,0.0,8.0,0.9797047970479705,0.42278418215079017,0.5538089735805809,0.627631667694398,1.9471356541237126,1.1794765000013285,,1
